{
  "dataset_revision": "c22ab2a51041ffd869aaddef7af8d8215647e41a",
  "task_name": "ArguAna",
  "mteb_version": "2.13.1",
  "scores": {
    "test": [
      {
        "ndcg_at_1": 0.08393,
        "ndcg_at_3": 0.14098,
        "ndcg_at_5": 0.16568,
        "ndcg_at_10": 0.20697,
        "ndcg_at_20": 0.23781,
        "ndcg_at_100": 0.28156,
        "ndcg_at_1000": 0.3056,
        "map_at_1": 0.08393,
        "map_at_3": 0.12636,
        "map_at_5": 0.14013,
        "map_at_10": 0.15697,
        "map_at_20": 0.16549,
        "map_at_100": 0.17171,
        "map_at_1000": 0.17257,
        "recall_at_1": 0.08393,
        "recall_at_3": 0.1835,
        "recall_at_5": 0.24324,
        "recall_at_10": 0.37198,
        "recall_at_20": 0.4936,
        "recall_at_100": 0.72688,
        "recall_at_1000": 0.91892,
        "accuracy": 0.08393,
        "precision_at_1": 0.08393,
        "precision_at_3": 0.06117,
        "precision_at_5": 0.04865,
        "precision_at_10": 0.0372,
        "precision_at_20": 0.02468,
        "precision_at_100": 0.00727,
        "precision_at_1000": 0.00092,
        "mrr_at_1": 0.083926,
        "mrr_at_3": 0.126245,
        "mrr_at_5": 0.140114,
        "mrr_at_10": 0.157067,
        "mrr_at_20": 0.165619,
        "mrr_at_100": 0.171805,
        "mrr_at_1000": 0.172663,
        "nauc_ndcg_at_1_max": 0.098851,
        "nauc_ndcg_at_1_std": 0.137689,
        "nauc_ndcg_at_1_diff1": 0.131058,
        "nauc_ndcg_at_3_max": 0.067471,
        "nauc_ndcg_at_3_std": 0.148428,
        "nauc_ndcg_at_3_diff1": 0.045319,
        "nauc_ndcg_at_5_max": 0.044437,
        "nauc_ndcg_at_5_std": 0.149375,
        "nauc_ndcg_at_5_diff1": 0.027328,
        "nauc_ndcg_at_10_max": 0.070315,
        "nauc_ndcg_at_10_std": 0.181822,
        "nauc_ndcg_at_10_diff1": 0.01191,
        "nauc_ndcg_at_20_max": 0.102941,
        "nauc_ndcg_at_20_std": 0.210792,
        "nauc_ndcg_at_20_diff1": 0.013971,
        "nauc_ndcg_at_100_max": 0.131107,
        "nauc_ndcg_at_100_std": 0.255064,
        "nauc_ndcg_at_100_diff1": 0.035666,
        "nauc_ndcg_at_1000_max": 0.117264,
        "nauc_ndcg_at_1000_std": 0.230861,
        "nauc_ndcg_at_1000_diff1": 0.031092,
        "nauc_map_at_1_max": 0.098851,
        "nauc_map_at_1_std": 0.137689,
        "nauc_map_at_1_diff1": 0.131058,
        "nauc_map_at_3_max": 0.071651,
        "nauc_map_at_3_std": 0.146379,
        "nauc_map_at_3_diff1": 0.059308,
        "nauc_map_at_5_max": 0.057263,
        "nauc_map_at_5_std": 0.147182,
        "nauc_map_at_5_diff1": 0.047072,
        "nauc_map_at_10_max": 0.069418,
        "nauc_map_at_10_std": 0.162725,
        "nauc_map_at_10_diff1": 0.038976,
        "nauc_map_at_20_max": 0.079461,
        "nauc_map_at_20_std": 0.17176,
        "nauc_map_at_20_diff1": 0.039595,
        "nauc_map_at_100_max": 0.083882,
        "nauc_map_at_100_std": 0.178408,
        "nauc_map_at_100_diff1": 0.043984,
        "nauc_map_at_1000_max": 0.083303,
        "nauc_map_at_1000_std": 0.177454,
        "nauc_map_at_1000_diff1": 0.043636,
        "nauc_recall_at_1_max": 0.098851,
        "nauc_recall_at_1_std": 0.137689,
        "nauc_recall_at_1_diff1": 0.131058,
        "nauc_recall_at_3_max": 0.058974,
        "nauc_recall_at_3_std": 0.152842,
        "nauc_recall_at_3_diff1": 0.015841,
        "nauc_recall_at_5_max": 0.017591,
        "nauc_recall_at_5_std": 0.153651,
        "nauc_recall_at_5_diff1": -0.011995,
        "nauc_recall_at_10_max": 0.076543,
        "nauc_recall_at_10_std": 0.22352,
        "nauc_recall_at_10_diff1": -0.040104,
        "nauc_recall_at_20_max": 0.169542,
        "nauc_recall_at_20_std": 0.306113,
        "nauc_recall_at_20_diff1": -0.034899,
        "nauc_recall_at_100_max": 0.337967,
        "nauc_recall_at_100_std": 0.571128,
        "nauc_recall_at_100_diff1": 0.043744,
        "nauc_recall_at_1000_max": 0.449035,
        "nauc_recall_at_1000_std": 0.666863,
        "nauc_recall_at_1000_diff1": -0.003823,
        "nauc_precision_at_1_max": 0.098851,
        "nauc_precision_at_1_std": 0.137689,
        "nauc_precision_at_1_diff1": 0.131058,
        "nauc_precision_at_3_max": 0.058974,
        "nauc_precision_at_3_std": 0.152842,
        "nauc_precision_at_3_diff1": 0.015841,
        "nauc_precision_at_5_max": 0.017591,
        "nauc_precision_at_5_std": 0.153651,
        "nauc_precision_at_5_diff1": -0.011995,
        "nauc_precision_at_10_max": 0.076543,
        "nauc_precision_at_10_std": 0.22352,
        "nauc_precision_at_10_diff1": -0.040104,
        "nauc_precision_at_20_max": 0.169542,
        "nauc_precision_at_20_std": 0.306113,
        "nauc_precision_at_20_diff1": -0.034899,
        "nauc_precision_at_100_max": 0.337967,
        "nauc_precision_at_100_std": 0.571128,
        "nauc_precision_at_100_diff1": 0.043744,
        "nauc_precision_at_1000_max": 0.449035,
        "nauc_precision_at_1000_std": 0.666863,
        "nauc_precision_at_1000_diff1": -0.003823,
        "nauc_mrr_at_1_max": 0.098851,
        "nauc_mrr_at_1_std": 0.137689,
        "nauc_mrr_at_1_diff1": 0.131058,
        "nauc_mrr_at_3_max": 0.070667,
        "nauc_mrr_at_3_std": 0.145912,
        "nauc_mrr_at_3_diff1": 0.058316,
        "nauc_mrr_at_5_max": 0.058853,
        "nauc_mrr_at_5_std": 0.147961,
        "nauc_mrr_at_5_diff1": 0.048636,
        "nauc_mrr_at_10_max": 0.069671,
        "nauc_mrr_at_10_std": 0.162603,
        "nauc_mrr_at_10_diff1": 0.039917,
        "nauc_mrr_at_20_max": 0.079601,
        "nauc_mrr_at_20_std": 0.171502,
        "nauc_mrr_at_20_diff1": 0.040774,
        "nauc_mrr_at_100_max": 0.084112,
        "nauc_mrr_at_100_std": 0.178289,
        "nauc_mrr_at_100_diff1": 0.044954,
        "nauc_mrr_at_1000_max": 0.083533,
        "nauc_mrr_at_1000_std": 0.177335,
        "nauc_mrr_at_1000_diff1": 0.044609,
        "hit_rate_at_1": 0.08393,
        "hit_rate_at_3": 0.1835,
        "hit_rate_at_5": 0.24324,
        "hit_rate_at_10": 0.37198,
        "hit_rate_at_20": 0.4936,
        "hit_rate_at_100": 0.72688,
        "hit_rate_at_1000": 0.91892,
        "main_score": 0.20697,
        "hf_subset": "default",
        "languages": [
          "eng-Latn"
        ],
        "mteb_version": "2.13.1"
      }
    ]
  },
  "evaluation_time": 21.71527409553528,
  "kg_co2_emissions": null,
  "date": null
}