{
  "dataset_revision": "c5691e3c48741d5f83b5cc8e630653d7a8cfc048",
  "task_name": "AskUbuntuDupQuestions",
  "mteb_version": "2.13.1",
  "scores": {
    "test": [
      {
        "ndcg_at_1": 0.55402,
        "ndcg_at_3": 0.50498,
        "ndcg_at_5": 0.50724,
        "ndcg_at_10": 0.57328,
        "ndcg_at_20": 0.70827,
        "ndcg_at_100": 0.70827,
        "ndcg_at_1000": 0.70827,
        "map_at_1": 0.13929,
        "map_at_3": 0.24729,
        "map_at_5": 0.30913,
        "map_at_10": 0.41168,
        "map_at_20": 0.52873,
        "map_at_100": 0.52873,
        "map_at_1000": 0.52873,
        "recall_at_1": 0.13929,
        "recall_at_3": 0.29541,
        "recall_at_5": 0.41173,
        "recall_at_10": 0.64955,
        "recall_at_20": 1.0,
        "recall_at_100": 1.0,
        "recall_at_1000": 1.0,
        "accuracy": 0.13929,
        "precision_at_1": 0.55402,
        "precision_at_3": 0.44414,
        "precision_at_5": 0.39391,
        "precision_at_10": 0.3374,
        "precision_at_20": 0.27355,
        "precision_at_100": 0.05471,
        "precision_at_1000": 0.00547,
        "mrr_at_1": 0.554017,
        "mrr_at_3": 0.644506,
        "mrr_at_5": 0.664728,
        "mrr_at_10": 0.677051,
        "mrr_at_20": 0.681631,
        "mrr_at_100": 0.681631,
        "mrr_at_1000": 0.681631,
        "nauc_ndcg_at_1_max": 0.271987,
        "nauc_ndcg_at_1_std": 0.203839,
        "nauc_ndcg_at_1_diff1": 0.186752,
        "nauc_ndcg_at_3_max": 0.235127,
        "nauc_ndcg_at_3_std": 0.1939,
        "nauc_ndcg_at_3_diff1": 0.15449,
        "nauc_ndcg_at_5_max": 0.187929,
        "nauc_ndcg_at_5_std": 0.181287,
        "nauc_ndcg_at_5_diff1": 0.166968,
        "nauc_ndcg_at_10_max": 0.170095,
        "nauc_ndcg_at_10_std": 0.191968,
        "nauc_ndcg_at_10_diff1": 0.137239,
        "nauc_ndcg_at_20_max": 0.245683,
        "nauc_ndcg_at_20_std": 0.187755,
        "nauc_ndcg_at_20_diff1": 0.157377,
        "nauc_ndcg_at_100_max": 0.245683,
        "nauc_ndcg_at_100_std": 0.187755,
        "nauc_ndcg_at_100_diff1": 0.157377,
        "nauc_ndcg_at_1000_max": 0.245683,
        "nauc_ndcg_at_1000_std": 0.187755,
        "nauc_ndcg_at_1000_diff1": 0.157377,
        "nauc_map_at_1_max": 0.052399,
        "nauc_map_at_1_std": 0.014919,
        "nauc_map_at_1_diff1": 0.188849,
        "nauc_map_at_3_max": 0.090253,
        "nauc_map_at_3_std": 0.104804,
        "nauc_map_at_3_diff1": 0.172785,
        "nauc_map_at_5_max": 0.091229,
        "nauc_map_at_5_std": 0.123518,
        "nauc_map_at_5_diff1": 0.176478,
        "nauc_map_at_10_max": 0.139305,
        "nauc_map_at_10_std": 0.164465,
        "nauc_map_at_10_diff1": 0.13975,
        "nauc_map_at_20_max": 0.197869,
        "nauc_map_at_20_std": 0.164898,
        "nauc_map_at_20_diff1": 0.133331,
        "nauc_map_at_100_max": 0.197869,
        "nauc_map_at_100_std": 0.164898,
        "nauc_map_at_100_diff1": 0.133331,
        "nauc_map_at_1000_max": 0.197869,
        "nauc_map_at_1000_std": 0.164898,
        "nauc_map_at_1000_diff1": 0.133331,
        "nauc_recall_at_1_max": 0.052399,
        "nauc_recall_at_1_std": 0.014919,
        "nauc_recall_at_1_diff1": 0.188849,
        "nauc_recall_at_3_max": 0.054598,
        "nauc_recall_at_3_std": 0.096248,
        "nauc_recall_at_3_diff1": 0.153002,
        "nauc_recall_at_5_max": 0.035474,
        "nauc_recall_at_5_std": 0.111865,
        "nauc_recall_at_5_diff1": 0.161565,
        "nauc_recall_at_10_max": 0.013312,
        "nauc_recall_at_10_std": 0.124619,
        "nauc_recall_at_10_diff1": 0.062288,
        "nauc_recall_at_20_max": NaN,
        "nauc_recall_at_20_std": NaN,
        "nauc_recall_at_20_diff1": NaN,
        "nauc_recall_at_100_max": NaN,
        "nauc_recall_at_100_std": NaN,
        "nauc_recall_at_100_diff1": NaN,
        "nauc_recall_at_1000_max": NaN,
        "nauc_recall_at_1000_std": NaN,
        "nauc_recall_at_1000_diff1": NaN,
        "nauc_precision_at_1_max": 0.271987,
        "nauc_precision_at_1_std": 0.203839,
        "nauc_precision_at_1_diff1": 0.186752,
        "nauc_precision_at_3_max": 0.24792,
        "nauc_precision_at_3_std": 0.231068,
        "nauc_precision_at_3_diff1": 0.100121,
        "nauc_precision_at_5_max": 0.198321,
        "nauc_precision_at_5_std": 0.1895,
        "nauc_precision_at_5_diff1": 0.061067,
        "nauc_precision_at_10_max": 0.200267,
        "nauc_precision_at_10_std": 0.13442,
        "nauc_precision_at_10_diff1": -0.012449,
        "nauc_precision_at_20_max": 0.191362,
        "nauc_precision_at_20_std": 0.070318,
        "nauc_precision_at_20_diff1": -0.00559,
        "nauc_precision_at_100_max": 0.191362,
        "nauc_precision_at_100_std": 0.070318,
        "nauc_precision_at_100_diff1": -0.00559,
        "nauc_precision_at_1000_max": 0.191362,
        "nauc_precision_at_1000_std": 0.070318,
        "nauc_precision_at_1000_diff1": -0.00559,
        "nauc_mrr_at_1_max": 0.271987,
        "nauc_mrr_at_1_std": 0.203839,
        "nauc_mrr_at_1_diff1": 0.186752,
        "nauc_mrr_at_3_max": 0.264331,
        "nauc_mrr_at_3_std": 0.21646,
        "nauc_mrr_at_3_diff1": 0.199319,
        "nauc_mrr_at_5_max": 0.277504,
        "nauc_mrr_at_5_std": 0.223706,
        "nauc_mrr_at_5_diff1": 0.210338,
        "nauc_mrr_at_10_max": 0.276735,
        "nauc_mrr_at_10_std": 0.216847,
        "nauc_mrr_at_10_diff1": 0.203928,
        "nauc_mrr_at_20_max": 0.272888,
        "nauc_mrr_at_20_std": 0.216327,
        "nauc_mrr_at_20_diff1": 0.2021,
        "nauc_mrr_at_100_max": 0.272888,
        "nauc_mrr_at_100_std": 0.216327,
        "nauc_mrr_at_100_diff1": 0.2021,
        "nauc_mrr_at_1000_max": 0.272888,
        "nauc_mrr_at_1000_std": 0.216327,
        "nauc_mrr_at_1000_diff1": 0.2021,
        "hit_rate_at_1": 0.55402,
        "hit_rate_at_3": 0.759,
        "hit_rate_at_5": 0.84765,
        "hit_rate_at_10": 0.93629,
        "hit_rate_at_20": 1.0,
        "hit_rate_at_100": 1.0,
        "hit_rate_at_1000": 1.0,
        "main_score": 0.52873,
        "hf_subset": "default",
        "languages": [
          "eng-Latn"
        ],
        "mteb_version": "2.13.1"
      }
    ]
  },
  "evaluation_time": 8.677693605422974,
  "kg_co2_emissions": null,
  "date": null
}