{
  "dataset_revision": "bb0713ed1ed136b2974fce68df7e26388040b650",
  "task_name": "CIRRIT2IRetrieval",
  "mteb_version": "2.13.1",
  "scores": {
    "test": [
      {
        "ndcg_at_1": 0.00815,
        "ndcg_at_3": 0.08885,
        "ndcg_at_5": 0.11898,
        "ndcg_at_10": 0.14977,
        "ndcg_at_20": 0.17151,
        "ndcg_at_100": 0.21781,
        "ndcg_at_1000": 0.25435,
        "map_at_1": 0.00396,
        "map_at_3": 0.06878,
        "map_at_5": 0.08554,
        "map_at_10": 0.09838,
        "map_at_20": 0.10435,
        "map_at_100": 0.11052,
        "map_at_1000": 0.1119,
        "recall_at_1": 0.00396,
        "recall_at_3": 0.1464,
        "recall_at_5": 0.21954,
        "recall_at_10": 0.31403,
        "recall_at_20": 0.39988,
        "recall_at_100": 0.65312,
        "recall_at_1000": 0.94005,
        "accuracy": 0.00396,
        "precision_at_1": 0.00815,
        "precision_at_3": 0.05204,
        "precision_at_5": 0.0459,
        "precision_at_10": 0.0324,
        "precision_at_20": 0.0205,
        "precision_at_100": 0.00664,
        "precision_at_1000": 0.00095,
        "mrr_at_1": 0.008153,
        "mrr_at_3": 0.069185,
        "mrr_at_5": 0.085827,
        "mrr_at_10": 0.098665,
        "mrr_at_20": 0.104659,
        "mrr_at_100": 0.110814,
        "mrr_at_1000": 0.112193,
        "nauc_ndcg_at_1_max": 0.14088,
        "nauc_ndcg_at_1_std": 0.090271,
        "nauc_ndcg_at_1_diff1": -0.553378,
        "nauc_ndcg_at_3_max": 0.155575,
        "nauc_ndcg_at_3_std": 0.039348,
        "nauc_ndcg_at_3_diff1": -0.14422,
        "nauc_ndcg_at_5_max": 0.164686,
        "nauc_ndcg_at_5_std": 0.040841,
        "nauc_ndcg_at_5_diff1": -0.13087,
        "nauc_ndcg_at_10_max": 0.188451,
        "nauc_ndcg_at_10_std": 0.057833,
        "nauc_ndcg_at_10_diff1": -0.135572,
        "nauc_ndcg_at_20_max": 0.195044,
        "nauc_ndcg_at_20_std": 0.071729,
        "nauc_ndcg_at_20_diff1": -0.127469,
        "nauc_ndcg_at_100_max": 0.211209,
        "nauc_ndcg_at_100_std": 0.101526,
        "nauc_ndcg_at_100_diff1": -0.130764,
        "nauc_ndcg_at_1000_max": 0.204951,
        "nauc_ndcg_at_1000_std": 0.10499,
        "nauc_ndcg_at_1000_diff1": -0.140377,
        "nauc_map_at_1_max": 0.123952,
        "nauc_map_at_1_std": 0.104609,
        "nauc_map_at_1_diff1": -0.558545,
        "nauc_map_at_3_max": 0.151041,
        "nauc_map_at_3_std": 0.037323,
        "nauc_map_at_3_diff1": -0.154291,
        "nauc_map_at_5_max": 0.158799,
        "nauc_map_at_5_std": 0.039436,
        "nauc_map_at_5_diff1": -0.143139,
        "nauc_map_at_10_max": 0.172965,
        "nauc_map_at_10_std": 0.049693,
        "nauc_map_at_10_diff1": -0.14527,
        "nauc_map_at_20_max": 0.175288,
        "nauc_map_at_20_std": 0.05508,
        "nauc_map_at_20_diff1": -0.141989,
        "nauc_map_at_100_max": 0.178542,
        "nauc_map_at_100_std": 0.060119,
        "nauc_map_at_100_diff1": -0.1432,
        "nauc_map_at_1000_max": 0.178319,
        "nauc_map_at_1000_std": 0.060801,
        "nauc_map_at_1000_diff1": -0.143783,
        "nauc_recall_at_1_max": 0.123952,
        "nauc_recall_at_1_std": 0.104609,
        "nauc_recall_at_1_diff1": -0.558545,
        "nauc_recall_at_3_max": 0.161314,
        "nauc_recall_at_3_std": 0.04071,
        "nauc_recall_at_3_diff1": -0.12858,
        "nauc_recall_at_5_max": 0.172523,
        "nauc_recall_at_5_std": 0.041835,
        "nauc_recall_at_5_diff1": -0.114,
        "nauc_recall_at_10_max": 0.210484,
        "nauc_recall_at_10_std": 0.069076,
        "nauc_recall_at_10_diff1": -0.123961,
        "nauc_recall_at_20_max": 0.22429,
        "nauc_recall_at_20_std": 0.09784,
        "nauc_recall_at_20_diff1": -0.107527,
        "nauc_recall_at_100_max": 0.282554,
        "nauc_recall_at_100_std": 0.206417,
        "nauc_recall_at_100_diff1": -0.110573,
        "nauc_recall_at_1000_max": 0.394556,
        "nauc_recall_at_1000_std": 0.563531,
        "nauc_recall_at_1000_diff1": -0.212336,
        "nauc_precision_at_1_max": 0.14088,
        "nauc_precision_at_1_std": 0.090271,
        "nauc_precision_at_1_diff1": -0.553378,
        "nauc_precision_at_3_max": 0.161942,
        "nauc_precision_at_3_std": 0.042462,
        "nauc_precision_at_3_diff1": -0.156583,
        "nauc_precision_at_5_max": 0.173466,
        "nauc_precision_at_5_std": 0.044374,
        "nauc_precision_at_5_diff1": -0.136889,
        "nauc_precision_at_10_max": 0.209546,
        "nauc_precision_at_10_std": 0.07001,
        "nauc_precision_at_10_diff1": -0.143406,
        "nauc_precision_at_20_max": 0.222474,
        "nauc_precision_at_20_std": 0.096937,
        "nauc_precision_at_20_diff1": -0.127452,
        "nauc_precision_at_100_max": 0.276139,
        "nauc_precision_at_100_std": 0.198578,
        "nauc_precision_at_100_diff1": -0.135604,
        "nauc_precision_at_1000_max": 0.339004,
        "nauc_precision_at_1000_std": 0.442815,
        "nauc_precision_at_1000_diff1": -0.285753,
        "nauc_mrr_at_1_max": 0.14088,
        "nauc_mrr_at_1_std": 0.090271,
        "nauc_mrr_at_1_diff1": -0.553378,
        "nauc_mrr_at_3_max": 0.153586,
        "nauc_mrr_at_3_std": 0.040463,
        "nauc_mrr_at_3_diff1": -0.156922,
        "nauc_mrr_at_5_max": 0.159741,
        "nauc_mrr_at_5_std": 0.040745,
        "nauc_mrr_at_5_diff1": -0.144854,
        "nauc_mrr_at_10_max": 0.1738,
        "nauc_mrr_at_10_std": 0.050983,
        "nauc_mrr_at_10_diff1": -0.146846,
        "nauc_mrr_at_20_max": 0.176044,
        "nauc_mrr_at_20_std": 0.056236,
        "nauc_mrr_at_20_diff1": -0.143665,
        "nauc_mrr_at_100_max": 0.179318,
        "nauc_mrr_at_100_std": 0.061282,
        "nauc_mrr_at_100_diff1": -0.144829,
        "nauc_mrr_at_1000_max": 0.179108,
        "nauc_mrr_at_1000_std": 0.061989,
        "nauc_mrr_at_1000_diff1": -0.145403,
        "hit_rate_at_1": 0.00815,
        "hit_rate_at_3": 0.14676,
        "hit_rate_at_5": 0.21966,
        "hit_rate_at_10": 0.31415,
        "hit_rate_at_20": 0.40024,
        "hit_rate_at_100": 0.65324,
        "hit_rate_at_1000": 0.94005,
        "main_score": 0.14977,
        "hf_subset": "default",
        "languages": [
          "eng-Latn"
        ],
        "mteb_version": "2.13.1"
      }
    ]
  },
  "evaluation_time": 1320.237711906433,
  "kg_co2_emissions": null,
  "date": null
}