{
  "dataset_revision": "3a309e201f3c2c4b13bd4a367a8f37eee2ec1d21",
  "task_name": "ClimateFEVERHardNegatives",
  "mteb_version": "2.13.1",
  "scores": {
    "test": [
      {
        "ndcg_at_1": 0.166,
        "ndcg_at_3": 0.16275,
        "ndcg_at_5": 0.18248,
        "ndcg_at_10": 0.21494,
        "ndcg_at_20": 0.24187,
        "ndcg_at_100": 0.28889,
        "ndcg_at_1000": 0.33217,
        "map_at_1": 0.08,
        "map_at_3": 0.11671,
        "map_at_5": 0.13004,
        "map_at_10": 0.14432,
        "map_at_20": 0.15318,
        "map_at_100": 0.16154,
        "map_at_1000": 0.1639,
        "recall_at_1": 0.08,
        "recall_at_3": 0.15743,
        "recall_at_5": 0.2061,
        "recall_at_10": 0.27745,
        "recall_at_20": 0.35402,
        "recall_at_100": 0.53593,
        "recall_at_1000": 0.77822,
        "accuracy": 0.08,
        "precision_at_1": 0.166,
        "precision_at_3": 0.12133,
        "precision_at_5": 0.0984,
        "precision_at_10": 0.0708,
        "precision_at_20": 0.047,
        "precision_at_100": 0.01505,
        "precision_at_1000": 0.00231,
        "mrr_at_1": 0.166,
        "mrr_at_3": 0.242167,
        "mrr_at_5": 0.264117,
        "mrr_at_10": 0.280328,
        "mrr_at_20": 0.286967,
        "mrr_at_100": 0.291551,
        "mrr_at_1000": 0.292065,
        "nauc_ndcg_at_1_max": 0.293674,
        "nauc_ndcg_at_1_std": 0.143008,
        "nauc_ndcg_at_1_diff1": 0.221177,
        "nauc_ndcg_at_3_max": 0.303709,
        "nauc_ndcg_at_3_std": 0.21814,
        "nauc_ndcg_at_3_diff1": 0.180606,
        "nauc_ndcg_at_5_max": 0.302974,
        "nauc_ndcg_at_5_std": 0.225551,
        "nauc_ndcg_at_5_diff1": 0.185686,
        "nauc_ndcg_at_10_max": 0.313202,
        "nauc_ndcg_at_10_std": 0.244624,
        "nauc_ndcg_at_10_diff1": 0.179127,
        "nauc_ndcg_at_20_max": 0.329555,
        "nauc_ndcg_at_20_std": 0.277304,
        "nauc_ndcg_at_20_diff1": 0.176714,
        "nauc_ndcg_at_100_max": 0.342918,
        "nauc_ndcg_at_100_std": 0.288057,
        "nauc_ndcg_at_100_diff1": 0.175928,
        "nauc_ndcg_at_1000_max": 0.346776,
        "nauc_ndcg_at_1000_std": 0.284474,
        "nauc_ndcg_at_1000_diff1": 0.172172,
        "nauc_map_at_1_max": 0.309221,
        "nauc_map_at_1_std": 0.131997,
        "nauc_map_at_1_diff1": 0.277572,
        "nauc_map_at_3_max": 0.297783,
        "nauc_map_at_3_std": 0.1956,
        "nauc_map_at_3_diff1": 0.204283,
        "nauc_map_at_5_max": 0.298312,
        "nauc_map_at_5_std": 0.206918,
        "nauc_map_at_5_diff1": 0.203362,
        "nauc_map_at_10_max": 0.306781,
        "nauc_map_at_10_std": 0.219536,
        "nauc_map_at_10_diff1": 0.19737,
        "nauc_map_at_20_max": 0.31445,
        "nauc_map_at_20_std": 0.234273,
        "nauc_map_at_20_diff1": 0.195652,
        "nauc_map_at_100_max": 0.318734,
        "nauc_map_at_100_std": 0.239935,
        "nauc_map_at_100_diff1": 0.195262,
        "nauc_map_at_1000_max": 0.318949,
        "nauc_map_at_1000_std": 0.239708,
        "nauc_map_at_1000_diff1": 0.195249,
        "nauc_recall_at_1_max": 0.309221,
        "nauc_recall_at_1_std": 0.131997,
        "nauc_recall_at_1_diff1": 0.277572,
        "nauc_recall_at_3_max": 0.283334,
        "nauc_recall_at_3_std": 0.235464,
        "nauc_recall_at_3_diff1": 0.15483,
        "nauc_recall_at_5_max": 0.261174,
        "nauc_recall_at_5_std": 0.234128,
        "nauc_recall_at_5_diff1": 0.159591,
        "nauc_recall_at_10_max": 0.267191,
        "nauc_recall_at_10_std": 0.257875,
        "nauc_recall_at_10_diff1": 0.140757,
        "nauc_recall_at_20_max": 0.291006,
        "nauc_recall_at_20_std": 0.322795,
        "nauc_recall_at_20_diff1": 0.12928,
        "nauc_recall_at_100_max": 0.301914,
        "nauc_recall_at_100_std": 0.333717,
        "nauc_recall_at_100_diff1": 0.114722,
        "nauc_recall_at_1000_max": 0.307573,
        "nauc_recall_at_1000_std": 0.345978,
        "nauc_recall_at_1000_diff1": 0.061436,
        "nauc_precision_at_1_max": 0.293674,
        "nauc_precision_at_1_std": 0.143008,
        "nauc_precision_at_1_diff1": 0.221177,
        "nauc_precision_at_3_max": 0.308654,
        "nauc_precision_at_3_std": 0.271535,
        "nauc_precision_at_3_diff1": 0.117301,
        "nauc_precision_at_5_max": 0.2965,
        "nauc_precision_at_5_std": 0.266574,
        "nauc_precision_at_5_diff1": 0.125133,
        "nauc_precision_at_10_max": 0.287233,
        "nauc_precision_at_10_std": 0.267854,
        "nauc_precision_at_10_diff1": 0.098834,
        "nauc_precision_at_20_max": 0.299501,
        "nauc_precision_at_20_std": 0.312122,
        "nauc_precision_at_20_diff1": 0.08232,
        "nauc_precision_at_100_max": 0.259031,
        "nauc_precision_at_100_std": 0.248994,
        "nauc_precision_at_100_diff1": 0.055245,
        "nauc_precision_at_1000_max": 0.161807,
        "nauc_precision_at_1000_std": 0.129848,
        "nauc_precision_at_1000_diff1": -0.021976,
        "nauc_mrr_at_1_max": 0.293674,
        "nauc_mrr_at_1_std": 0.143008,
        "nauc_mrr_at_1_diff1": 0.221177,
        "nauc_mrr_at_3_max": 0.313304,
        "nauc_mrr_at_3_std": 0.21203,
        "nauc_mrr_at_3_diff1": 0.170848,
        "nauc_mrr_at_5_max": 0.315857,
        "nauc_mrr_at_5_std": 0.209948,
        "nauc_mrr_at_5_diff1": 0.177226,
        "nauc_mrr_at_10_max": 0.317367,
        "nauc_mrr_at_10_std": 0.216345,
        "nauc_mrr_at_10_diff1": 0.178003,
        "nauc_mrr_at_20_max": 0.320116,
        "nauc_mrr_at_20_std": 0.222215,
        "nauc_mrr_at_20_diff1": 0.179347,
        "nauc_mrr_at_100_max": 0.320492,
        "nauc_mrr_at_100_std": 0.221031,
        "nauc_mrr_at_100_diff1": 0.179175,
        "nauc_mrr_at_1000_max": 0.320396,
        "nauc_mrr_at_1000_std": 0.220693,
        "nauc_mrr_at_1000_diff1": 0.179283,
        "hit_rate_at_1": 0.166,
        "hit_rate_at_3": 0.341,
        "hit_rate_at_5": 0.438,
        "hit_rate_at_10": 0.556,
        "hit_rate_at_20": 0.652,
        "hit_rate_at_100": 0.831,
        "hit_rate_at_1000": 0.942,
        "main_score": 0.21494,
        "hf_subset": "default",
        "languages": [
          "eng-Latn"
        ],
        "mteb_version": "2.13.1"
      }
    ]
  },
  "evaluation_time": 85.20345115661621,
  "kg_co2_emissions": null,
  "date": null
}