{
  "dataset_revision": "c44521cd4067f134e5f5bace4290b59ed773b451",
  "task_name": "ClothoT2ARetrieval",
  "mteb_version": "2.13.1",
  "scores": {
    "test": [
      {
        "ndcg_at_1": 0.09902,
        "ndcg_at_3": 0.15493,
        "ndcg_at_5": 0.17872,
        "ndcg_at_10": 0.20846,
        "ndcg_at_20": 0.23648,
        "ndcg_at_100": 0.28454,
        "ndcg_at_1000": 0.31816,
        "map_at_1": 0.09902,
        "map_at_3": 0.14082,
        "map_at_5": 0.15397,
        "map_at_10": 0.1662,
        "map_at_20": 0.17384,
        "map_at_100": 0.18042,
        "map_at_1000": 0.18151,
        "recall_at_1": 0.09902,
        "recall_at_3": 0.19588,
        "recall_at_5": 0.25389,
        "recall_at_10": 0.34611,
        "recall_at_20": 0.4573,
        "recall_at_100": 0.71746,
        "recall_at_1000": 0.9932,
        "accuracy": 0.09902,
        "precision_at_1": 0.09902,
        "precision_at_3": 0.06529,
        "precision_at_5": 0.05078,
        "precision_at_10": 0.03461,
        "precision_at_20": 0.02286,
        "precision_at_100": 0.00717,
        "precision_at_1000": 0.00099,
        "mrr_at_1": 0.099015,
        "mrr_at_3": 0.140824,
        "mrr_at_5": 0.153966,
        "mrr_at_10": 0.1662,
        "mrr_at_20": 0.173844,
        "mrr_at_100": 0.180424,
        "mrr_at_1000": 0.181513,
        "nauc_ndcg_at_1_max": 0.121759,
        "nauc_ndcg_at_1_std": 0.030502,
        "nauc_ndcg_at_1_diff1": 0.28875,
        "nauc_ndcg_at_3_max": 0.141486,
        "nauc_ndcg_at_3_std": 0.07017,
        "nauc_ndcg_at_3_diff1": 0.207797,
        "nauc_ndcg_at_5_max": 0.163677,
        "nauc_ndcg_at_5_std": 0.076107,
        "nauc_ndcg_at_5_diff1": 0.18829,
        "nauc_ndcg_at_10_max": 0.182093,
        "nauc_ndcg_at_10_std": 0.105919,
        "nauc_ndcg_at_10_diff1": 0.173194,
        "nauc_ndcg_at_20_max": 0.200364,
        "nauc_ndcg_at_20_std": 0.138487,
        "nauc_ndcg_at_20_diff1": 0.159427,
        "nauc_ndcg_at_100_max": 0.233085,
        "nauc_ndcg_at_100_std": 0.191579,
        "nauc_ndcg_at_100_diff1": 0.145944,
        "nauc_ndcg_at_1000_max": 0.203226,
        "nauc_ndcg_at_1000_std": 0.144036,
        "nauc_ndcg_at_1000_diff1": 0.166972,
        "nauc_map_at_1_max": 0.121759,
        "nauc_map_at_1_std": 0.030502,
        "nauc_map_at_1_diff1": 0.28875,
        "nauc_map_at_3_max": 0.13799,
        "nauc_map_at_3_std": 0.062226,
        "nauc_map_at_3_diff1": 0.22327,
        "nauc_map_at_5_max": 0.151536,
        "nauc_map_at_5_std": 0.065837,
        "nauc_map_at_5_diff1": 0.210939,
        "nauc_map_at_10_max": 0.160285,
        "nauc_map_at_10_std": 0.079733,
        "nauc_map_at_10_diff1": 0.203167,
        "nauc_map_at_20_max": 0.165837,
        "nauc_map_at_20_std": 0.089778,
        "nauc_map_at_20_diff1": 0.198772,
        "nauc_map_at_100_max": 0.170184,
        "nauc_map_at_100_std": 0.09754,
        "nauc_map_at_100_diff1": 0.196569,
        "nauc_map_at_1000_max": 0.169634,
        "nauc_map_at_1000_std": 0.096417,
        "nauc_map_at_1000_diff1": 0.197112,
        "nauc_recall_at_1_max": 0.121759,
        "nauc_recall_at_1_std": 0.030502,
        "nauc_recall_at_1_diff1": 0.28875,
        "nauc_recall_at_3_max": 0.149245,
        "nauc_recall_at_3_std": 0.088113,
        "nauc_recall_at_3_diff1": 0.173071,
        "nauc_recall_at_5_max": 0.191137,
        "nauc_recall_at_5_std": 0.098343,
        "nauc_recall_at_5_diff1": 0.139284,
        "nauc_recall_at_10_max": 0.231023,
        "nauc_recall_at_10_std": 0.165353,
        "nauc_recall_at_10_diff1": 0.110273,
        "nauc_recall_at_20_max": 0.284914,
        "nauc_recall_at_20_std": 0.260775,
        "nauc_recall_at_20_diff1": 0.07078,
        "nauc_recall_at_100_max": 0.497355,
        "nauc_recall_at_100_std": 0.591176,
        "nauc_recall_at_100_diff1": -0.03206,
        "nauc_recall_at_1000_max": 0.800076,
        "nauc_recall_at_1000_std": 0.91462,
        "nauc_recall_at_1000_diff1": -0.229641,
        "nauc_precision_at_1_max": 0.121759,
        "nauc_precision_at_1_std": 0.030502,
        "nauc_precision_at_1_diff1": 0.28875,
        "nauc_precision_at_3_max": 0.149245,
        "nauc_precision_at_3_std": 0.088113,
        "nauc_precision_at_3_diff1": 0.173071,
        "nauc_precision_at_5_max": 0.191137,
        "nauc_precision_at_5_std": 0.098343,
        "nauc_precision_at_5_diff1": 0.139284,
        "nauc_precision_at_10_max": 0.231023,
        "nauc_precision_at_10_std": 0.165353,
        "nauc_precision_at_10_diff1": 0.110273,
        "nauc_precision_at_20_max": 0.284914,
        "nauc_precision_at_20_std": 0.260775,
        "nauc_precision_at_20_diff1": 0.07078,
        "nauc_precision_at_100_max": 0.497355,
        "nauc_precision_at_100_std": 0.591176,
        "nauc_precision_at_100_diff1": -0.03206,
        "nauc_precision_at_1000_max": 0.800076,
        "nauc_precision_at_1000_std": 0.91462,
        "nauc_precision_at_1000_diff1": -0.229641,
        "nauc_mrr_at_1_max": 0.121759,
        "nauc_mrr_at_1_std": 0.030502,
        "nauc_mrr_at_1_diff1": 0.28875,
        "nauc_mrr_at_3_max": 0.13799,
        "nauc_mrr_at_3_std": 0.062226,
        "nauc_mrr_at_3_diff1": 0.22327,
        "nauc_mrr_at_5_max": 0.151536,
        "nauc_mrr_at_5_std": 0.065837,
        "nauc_mrr_at_5_diff1": 0.210939,
        "nauc_mrr_at_10_max": 0.160285,
        "nauc_mrr_at_10_std": 0.079733,
        "nauc_mrr_at_10_diff1": 0.203167,
        "nauc_mrr_at_20_max": 0.165837,
        "nauc_mrr_at_20_std": 0.089778,
        "nauc_mrr_at_20_diff1": 0.198772,
        "nauc_mrr_at_100_max": 0.170184,
        "nauc_mrr_at_100_std": 0.09754,
        "nauc_mrr_at_100_diff1": 0.196569,
        "nauc_mrr_at_1000_max": 0.169634,
        "nauc_mrr_at_1000_std": 0.096417,
        "nauc_mrr_at_1000_diff1": 0.197112,
        "hit_rate_at_1": 0.09902,
        "hit_rate_at_3": 0.19588,
        "hit_rate_at_5": 0.25389,
        "hit_rate_at_10": 0.34611,
        "hit_rate_at_20": 0.4573,
        "hit_rate_at_100": 0.71746,
        "hit_rate_at_1000": 0.9932,
        "main_score": 0.25389,
        "hf_subset": "default",
        "languages": [
          "eng-Latn"
        ],
        "mteb_version": "2.13.1"
      }
    ]
  },
  "evaluation_time": 510.78557801246643,
  "kg_co2_emissions": null,
  "date": null
}