{
  "dataset_revision": "4885aa143210c98657558c04aaf3dc47cfb54340",
  "task_name": "CQADupstackGamingRetrieval",
  "mteb_version": "2.13.1",
  "scores": {
    "test": [
      {
        "ndcg_at_1": 0.27774,
        "ndcg_at_3": 0.32333,
        "ndcg_at_5": 0.33928,
        "ndcg_at_10": 0.35695,
        "ndcg_at_20": 0.37259,
        "ndcg_at_100": 0.39686,
        "ndcg_at_1000": 0.41756,
        "map_at_1": 0.23699,
        "map_at_3": 0.29582,
        "map_at_5": 0.30672,
        "map_at_10": 0.31503,
        "map_at_20": 0.32,
        "map_at_100": 0.32377,
        "map_at_1000": 0.32456,
        "recall_at_1": 0.23699,
        "recall_at_3": 0.35644,
        "recall_at_5": 0.39661,
        "recall_at_10": 0.44845,
        "recall_at_20": 0.5075,
        "recall_at_100": 0.62768,
        "recall_at_1000": 0.78275,
        "accuracy": 0.23699,
        "precision_at_1": 0.27774,
        "precision_at_3": 0.14629,
        "precision_at_5": 0.09969,
        "precision_at_10": 0.05787,
        "precision_at_20": 0.0331,
        "precision_at_100": 0.00846,
        "precision_at_1000": 0.00109,
        "mrr_at_1": 0.277743,
        "mrr_at_3": 0.332497,
        "mrr_at_5": 0.341964,
        "mrr_at_10": 0.349159,
        "mrr_at_20": 0.353065,
        "mrr_at_100": 0.356038,
        "mrr_at_1000": 0.356594,
        "nauc_ndcg_at_1_max": 0.332815,
        "nauc_ndcg_at_1_std": 0.018579,
        "nauc_ndcg_at_1_diff1": 0.537632,
        "nauc_ndcg_at_3_max": 0.302251,
        "nauc_ndcg_at_3_std": 0.023398,
        "nauc_ndcg_at_3_diff1": 0.486439,
        "nauc_ndcg_at_5_max": 0.302409,
        "nauc_ndcg_at_5_std": 0.031404,
        "nauc_ndcg_at_5_diff1": 0.480078,
        "nauc_ndcg_at_10_max": 0.304509,
        "nauc_ndcg_at_10_std": 0.035882,
        "nauc_ndcg_at_10_diff1": 0.472991,
        "nauc_ndcg_at_20_max": 0.303303,
        "nauc_ndcg_at_20_std": 0.035706,
        "nauc_ndcg_at_20_diff1": 0.469736,
        "nauc_ndcg_at_100_max": 0.312313,
        "nauc_ndcg_at_100_std": 0.051766,
        "nauc_ndcg_at_100_diff1": 0.462238,
        "nauc_ndcg_at_1000_max": 0.319414,
        "nauc_ndcg_at_1000_std": 0.05974,
        "nauc_ndcg_at_1000_diff1": 0.460515,
        "nauc_map_at_1_max": 0.296776,
        "nauc_map_at_1_std": 0.018443,
        "nauc_map_at_1_diff1": 0.554504,
        "nauc_map_at_3_max": 0.296252,
        "nauc_map_at_3_std": 0.02317,
        "nauc_map_at_3_diff1": 0.503261,
        "nauc_map_at_5_max": 0.297679,
        "nauc_map_at_5_std": 0.026716,
        "nauc_map_at_5_diff1": 0.498071,
        "nauc_map_at_10_max": 0.300545,
        "nauc_map_at_10_std": 0.029206,
        "nauc_map_at_10_diff1": 0.495471,
        "nauc_map_at_20_max": 0.300457,
        "nauc_map_at_20_std": 0.028588,
        "nauc_map_at_20_diff1": 0.494734,
        "nauc_map_at_100_max": 0.302495,
        "nauc_map_at_100_std": 0.031194,
        "nauc_map_at_100_diff1": 0.493566,
        "nauc_map_at_1000_max": 0.302861,
        "nauc_map_at_1000_std": 0.031427,
        "nauc_map_at_1000_diff1": 0.493489,
        "nauc_recall_at_1_max": 0.296776,
        "nauc_recall_at_1_std": 0.018443,
        "nauc_recall_at_1_diff1": 0.554504,
        "nauc_recall_at_3_max": 0.274681,
        "nauc_recall_at_3_std": 0.0303,
        "nauc_recall_at_3_diff1": 0.442711,
        "nauc_recall_at_5_max": 0.273968,
        "nauc_recall_at_5_std": 0.045504,
        "nauc_recall_at_5_diff1": 0.423247,
        "nauc_recall_at_10_max": 0.279811,
        "nauc_recall_at_10_std": 0.059117,
        "nauc_recall_at_10_diff1": 0.399825,
        "nauc_recall_at_20_max": 0.278252,
        "nauc_recall_at_20_std": 0.061788,
        "nauc_recall_at_20_diff1": 0.383151,
        "nauc_recall_at_100_max": 0.310338,
        "nauc_recall_at_100_std": 0.145832,
        "nauc_recall_at_100_diff1": 0.328093,
        "nauc_recall_at_1000_max": 0.387581,
        "nauc_recall_at_1000_std": 0.281641,
        "nauc_recall_at_1000_diff1": 0.268198,
        "nauc_precision_at_1_max": 0.332815,
        "nauc_precision_at_1_std": 0.018579,
        "nauc_precision_at_1_diff1": 0.537632,
        "nauc_precision_at_3_max": 0.308118,
        "nauc_precision_at_3_std": 0.025232,
        "nauc_precision_at_3_diff1": 0.382849,
        "nauc_precision_at_5_max": 0.305402,
        "nauc_precision_at_5_std": 0.042042,
        "nauc_precision_at_5_diff1": 0.343906,
        "nauc_precision_at_10_max": 0.304418,
        "nauc_precision_at_10_std": 0.04877,
        "nauc_precision_at_10_diff1": 0.296578,
        "nauc_precision_at_20_max": 0.281655,
        "nauc_precision_at_20_std": 0.038038,
        "nauc_precision_at_20_diff1": 0.256793,
        "nauc_precision_at_100_max": 0.284854,
        "nauc_precision_at_100_std": 0.105298,
        "nauc_precision_at_100_diff1": 0.152034,
        "nauc_precision_at_1000_max": 0.278119,
        "nauc_precision_at_1000_std": 0.143617,
        "nauc_precision_at_1000_diff1": 0.038812,
        "nauc_mrr_at_1_max": 0.332815,
        "nauc_mrr_at_1_std": 0.018579,
        "nauc_mrr_at_1_diff1": 0.537632,
        "nauc_mrr_at_3_max": 0.320165,
        "nauc_mrr_at_3_std": 0.019639,
        "nauc_mrr_at_3_diff1": 0.493344,
        "nauc_mrr_at_5_max": 0.320879,
        "nauc_mrr_at_5_std": 0.02466,
        "nauc_mrr_at_5_diff1": 0.489518,
        "nauc_mrr_at_10_max": 0.320813,
        "nauc_mrr_at_10_std": 0.026029,
        "nauc_mrr_at_10_diff1": 0.48683,
        "nauc_mrr_at_20_max": 0.321386,
        "nauc_mrr_at_20_std": 0.026356,
        "nauc_mrr_at_20_diff1": 0.486308,
        "nauc_mrr_at_100_max": 0.322315,
        "nauc_mrr_at_100_std": 0.028182,
        "nauc_mrr_at_100_diff1": 0.485339,
        "nauc_mrr_at_1000_max": 0.322402,
        "nauc_mrr_at_1000_std": 0.028334,
        "nauc_mrr_at_1000_diff1": 0.485298,
        "hit_rate_at_1": 0.27774,
        "hit_rate_at_3": 0.40125,
        "hit_rate_at_5": 0.44263,
        "hit_rate_at_10": 0.49655,
        "hit_rate_at_20": 0.55235,
        "hit_rate_at_100": 0.67147,
        "hit_rate_at_1000": 0.81317,
        "main_score": 0.35695,
        "hf_subset": "default",
        "languages": [
          "eng-Latn"
        ],
        "mteb_version": "2.13.1"
      }
    ]
  },
  "evaluation_time": 65.86757349967957,
  "kg_co2_emissions": null,
  "date": null
}