{
  "dataset_revision": "6c6430d3a6d36f8d2a829195bc5dc94d7e063e53",
  "task_name": "CQADupstackUnixRetrieval",
  "mteb_version": "2.13.1",
  "scores": {
    "test": [
      {
        "ndcg_at_1": 0.20896,
        "ndcg_at_3": 0.22902,
        "ndcg_at_5": 0.23981,
        "ndcg_at_10": 0.25507,
        "ndcg_at_20": 0.26979,
        "ndcg_at_100": 0.29835,
        "ndcg_at_1000": 0.32613,
        "map_at_1": 0.17877,
        "map_at_3": 0.21076,
        "map_at_5": 0.21793,
        "map_at_10": 0.22457,
        "map_at_20": 0.22891,
        "map_at_100": 0.23295,
        "map_at_1000": 0.23394,
        "recall_at_1": 0.17877,
        "recall_at_3": 0.24489,
        "recall_at_5": 0.27265,
        "recall_at_10": 0.3187,
        "recall_at_20": 0.37123,
        "recall_at_100": 0.51397,
        "recall_at_1000": 0.71868,
        "accuracy": 0.17877,
        "precision_at_1": 0.20896,
        "precision_at_3": 0.10075,
        "precision_at_5": 0.06884,
        "precision_at_10": 0.0403,
        "precision_at_20": 0.02411,
        "precision_at_100": 0.00697,
        "precision_at_1000": 0.00104,
        "mrr_at_1": 0.208955,
        "mrr_at_3": 0.242382,
        "mrr_at_5": 0.249705,
        "mrr_at_10": 0.256197,
        "mrr_at_20": 0.260339,
        "mrr_at_100": 0.264055,
        "mrr_at_1000": 0.264825,
        "nauc_ndcg_at_1_max": 0.358477,
        "nauc_ndcg_at_1_std": 0.05947,
        "nauc_ndcg_at_1_diff1": 0.540854,
        "nauc_ndcg_at_3_max": 0.344855,
        "nauc_ndcg_at_3_std": 0.074713,
        "nauc_ndcg_at_3_diff1": 0.505102,
        "nauc_ndcg_at_5_max": 0.336809,
        "nauc_ndcg_at_5_std": 0.067955,
        "nauc_ndcg_at_5_diff1": 0.487783,
        "nauc_ndcg_at_10_max": 0.332378,
        "nauc_ndcg_at_10_std": 0.071139,
        "nauc_ndcg_at_10_diff1": 0.474118,
        "nauc_ndcg_at_20_max": 0.322414,
        "nauc_ndcg_at_20_std": 0.066646,
        "nauc_ndcg_at_20_diff1": 0.460362,
        "nauc_ndcg_at_100_max": 0.31816,
        "nauc_ndcg_at_100_std": 0.080579,
        "nauc_ndcg_at_100_diff1": 0.445849,
        "nauc_ndcg_at_1000_max": 0.322692,
        "nauc_ndcg_at_1000_std": 0.099226,
        "nauc_ndcg_at_1000_diff1": 0.447771,
        "nauc_map_at_1_max": 0.357055,
        "nauc_map_at_1_std": 0.070207,
        "nauc_map_at_1_diff1": 0.573574,
        "nauc_map_at_3_max": 0.350816,
        "nauc_map_at_3_std": 0.075437,
        "nauc_map_at_3_diff1": 0.526739,
        "nauc_map_at_5_max": 0.345615,
        "nauc_map_at_5_std": 0.070054,
        "nauc_map_at_5_diff1": 0.515656,
        "nauc_map_at_10_max": 0.34399,
        "nauc_map_at_10_std": 0.071796,
        "nauc_map_at_10_diff1": 0.508073,
        "nauc_map_at_20_max": 0.340561,
        "nauc_map_at_20_std": 0.070136,
        "nauc_map_at_20_diff1": 0.50363,
        "nauc_map_at_100_max": 0.340264,
        "nauc_map_at_100_std": 0.072159,
        "nauc_map_at_100_diff1": 0.500754,
        "nauc_map_at_1000_max": 0.340434,
        "nauc_map_at_1000_std": 0.072972,
        "nauc_map_at_1000_diff1": 0.500675,
        "nauc_recall_at_1_max": 0.357055,
        "nauc_recall_at_1_std": 0.070207,
        "nauc_recall_at_1_diff1": 0.573574,
        "nauc_recall_at_3_max": 0.327754,
        "nauc_recall_at_3_std": 0.084528,
        "nauc_recall_at_3_diff1": 0.473666,
        "nauc_recall_at_5_max": 0.308455,
        "nauc_recall_at_5_std": 0.068523,
        "nauc_recall_at_5_diff1": 0.433744,
        "nauc_recall_at_10_max": 0.289494,
        "nauc_recall_at_10_std": 0.078373,
        "nauc_recall_at_10_diff1": 0.391529,
        "nauc_recall_at_20_max": 0.260783,
        "nauc_recall_at_20_std": 0.064474,
        "nauc_recall_at_20_diff1": 0.348661,
        "nauc_recall_at_100_max": 0.23294,
        "nauc_recall_at_100_std": 0.125571,
        "nauc_recall_at_100_diff1": 0.28341,
        "nauc_recall_at_1000_max": 0.242688,
        "nauc_recall_at_1000_std": 0.314409,
        "nauc_recall_at_1000_diff1": 0.248493,
        "nauc_precision_at_1_max": 0.358477,
        "nauc_precision_at_1_std": 0.05947,
        "nauc_precision_at_1_diff1": 0.540854,
        "nauc_precision_at_3_max": 0.328654,
        "nauc_precision_at_3_std": 0.059453,
        "nauc_precision_at_3_diff1": 0.430486,
        "nauc_precision_at_5_max": 0.307926,
        "nauc_precision_at_5_std": 0.039461,
        "nauc_precision_at_5_diff1": 0.368084,
        "nauc_precision_at_10_max": 0.293453,
        "nauc_precision_at_10_std": 0.044975,
        "nauc_precision_at_10_diff1": 0.32059,
        "nauc_precision_at_20_max": 0.239993,
        "nauc_precision_at_20_std": 0.028166,
        "nauc_precision_at_20_diff1": 0.263037,
        "nauc_precision_at_100_max": 0.168959,
        "nauc_precision_at_100_std": 0.077469,
        "nauc_precision_at_100_diff1": 0.135026,
        "nauc_precision_at_1000_max": 0.079274,
        "nauc_precision_at_1000_std": 0.112868,
        "nauc_precision_at_1000_diff1": 0.0182,
        "nauc_mrr_at_1_max": 0.358477,
        "nauc_mrr_at_1_std": 0.05947,
        "nauc_mrr_at_1_diff1": 0.540854,
        "nauc_mrr_at_3_max": 0.34223,
        "nauc_mrr_at_3_std": 0.063166,
        "nauc_mrr_at_3_diff1": 0.493258,
        "nauc_mrr_at_5_max": 0.339059,
        "nauc_mrr_at_5_std": 0.060762,
        "nauc_mrr_at_5_diff1": 0.481606,
        "nauc_mrr_at_10_max": 0.33539,
        "nauc_mrr_at_10_std": 0.060642,
        "nauc_mrr_at_10_diff1": 0.476404,
        "nauc_mrr_at_20_max": 0.332274,
        "nauc_mrr_at_20_std": 0.059588,
        "nauc_mrr_at_20_diff1": 0.47233,
        "nauc_mrr_at_100_max": 0.33182,
        "nauc_mrr_at_100_std": 0.061503,
        "nauc_mrr_at_100_diff1": 0.470323,
        "nauc_mrr_at_1000_max": 0.332156,
        "nauc_mrr_at_1000_std": 0.062149,
        "nauc_mrr_at_1000_diff1": 0.470537,
        "hit_rate_at_1": 0.20896,
        "hit_rate_at_3": 0.28451,
        "hit_rate_at_5": 0.31623,
        "hit_rate_at_10": 0.36567,
        "hit_rate_at_20": 0.42257,
        "hit_rate_at_100": 0.57556,
        "hit_rate_at_1000": 0.77239,
        "main_score": 0.25507,
        "hf_subset": "default",
        "languages": [
          "eng-Latn"
        ],
        "mteb_version": "2.13.1"
      }
    ]
  },
  "evaluation_time": 80.38536047935486,
  "kg_co2_emissions": null,
  "date": null
}