{
  "dataset_revision": "ad08c1307b15a226bf1b64e62656a17f1f85f7ec",
  "task_name": "CUB200I2IRetrieval",
  "mteb_version": "2.13.1",
  "scores": {
    "test": [
      {
        "ndcg_at_1": 0.83673,
        "ndcg_at_3": 0.81243,
        "ndcg_at_5": 0.79592,
        "ndcg_at_10": 0.75768,
        "ndcg_at_20": 0.68414,
        "ndcg_at_100": 0.7628,
        "ndcg_at_1000": 0.83311,
        "map_at_1": 0.02997,
        "map_at_3": 0.0832,
        "map_at_5": 0.13208,
        "map_at_10": 0.23898,
        "map_at_20": 0.39453,
        "map_at_100": 0.5652,
        "map_at_1000": 0.58535,
        "recall_at_1": 0.02997,
        "recall_at_3": 0.08631,
        "recall_at_5": 0.1398,
        "recall_at_10": 0.26161,
        "recall_at_20": 0.45291,
        "recall_at_100": 0.81273,
        "recall_at_1000": 0.98216,
        "accuracy": 0.02997,
        "precision_at_1": 0.83673,
        "precision_at_3": 0.80555,
        "precision_at_5": 0.78419,
        "precision_at_10": 0.7346,
        "precision_at_20": 0.63813,
        "precision_at_100": 0.22966,
        "precision_at_1000": 0.02776,
        "mrr_at_1": 0.836728,
        "mrr_at_3": 0.880422,
        "mrr_at_5": 0.88623,
        "mrr_at_10": 0.888835,
        "mrr_at_20": 0.889661,
        "mrr_at_100": 0.889841,
        "mrr_at_1000": 0.889862,
        "nauc_ndcg_at_1_max": 0.344836,
        "nauc_ndcg_at_1_std": -0.222734,
        "nauc_ndcg_at_1_diff1": 0.078389,
        "nauc_ndcg_at_3_max": 0.341648,
        "nauc_ndcg_at_3_std": -0.225577,
        "nauc_ndcg_at_3_diff1": -0.007008,
        "nauc_ndcg_at_5_max": 0.346414,
        "nauc_ndcg_at_5_std": -0.209776,
        "nauc_ndcg_at_5_diff1": -0.034822,
        "nauc_ndcg_at_10_max": 0.32847,
        "nauc_ndcg_at_10_std": -0.193953,
        "nauc_ndcg_at_10_diff1": -0.04722,
        "nauc_ndcg_at_20_max": 0.29323,
        "nauc_ndcg_at_20_std": -0.156064,
        "nauc_ndcg_at_20_diff1": -0.048698,
        "nauc_ndcg_at_100_max": 0.292584,
        "nauc_ndcg_at_100_std": -0.02897,
        "nauc_ndcg_at_100_diff1": -0.032898,
        "nauc_ndcg_at_1000_max": 0.310934,
        "nauc_ndcg_at_1000_std": -0.056893,
        "nauc_ndcg_at_1000_diff1": -0.038166,
        "nauc_map_at_1_max": 0.213179,
        "nauc_map_at_1_std": -0.161708,
        "nauc_map_at_1_diff1": 0.105938,
        "nauc_map_at_3_max": 0.262893,
        "nauc_map_at_3_std": -0.199576,
        "nauc_map_at_3_diff1": 0.016107,
        "nauc_map_at_5_max": 0.283986,
        "nauc_map_at_5_std": -0.198217,
        "nauc_map_at_5_diff1": -0.013714,
        "nauc_map_at_10_max": 0.285828,
        "nauc_map_at_10_std": -0.191007,
        "nauc_map_at_10_diff1": -0.031851,
        "nauc_map_at_20_max": 0.268717,
        "nauc_map_at_20_std": -0.155993,
        "nauc_map_at_20_diff1": -0.044874,
        "nauc_map_at_100_max": 0.26566,
        "nauc_map_at_100_std": -0.087524,
        "nauc_map_at_100_diff1": -0.046801,
        "nauc_map_at_1000_max": 0.269854,
        "nauc_map_at_1000_std": -0.083241,
        "nauc_map_at_1000_diff1": -0.048687,
        "nauc_recall_at_1_max": 0.213179,
        "nauc_recall_at_1_std": -0.161708,
        "nauc_recall_at_1_diff1": 0.105938,
        "nauc_recall_at_3_max": 0.251875,
        "nauc_recall_at_3_std": -0.192538,
        "nauc_recall_at_3_diff1": 0.0147,
        "nauc_recall_at_5_max": 0.273796,
        "nauc_recall_at_5_std": -0.180174,
        "nauc_recall_at_5_diff1": -0.014753,
        "nauc_recall_at_10_max": 0.267064,
        "nauc_recall_at_10_std": -0.173457,
        "nauc_recall_at_10_diff1": -0.02656,
        "nauc_recall_at_20_max": 0.250491,
        "nauc_recall_at_20_std": -0.131276,
        "nauc_recall_at_20_diff1": -0.035858,
        "nauc_recall_at_100_max": 0.244167,
        "nauc_recall_at_100_std": 0.133221,
        "nauc_recall_at_100_diff1": -0.02472,
        "nauc_recall_at_1000_max": 0.270364,
        "nauc_recall_at_1000_std": 0.53807,
        "nauc_recall_at_1000_diff1": -0.036728,
        "nauc_precision_at_1_max": 0.344836,
        "nauc_precision_at_1_std": -0.222734,
        "nauc_precision_at_1_diff1": 0.078389,
        "nauc_precision_at_3_max": 0.341058,
        "nauc_precision_at_3_std": -0.228606,
        "nauc_precision_at_3_diff1": -0.029044,
        "nauc_precision_at_5_max": 0.344884,
        "nauc_precision_at_5_std": -0.202869,
        "nauc_precision_at_5_diff1": -0.05781,
        "nauc_precision_at_10_max": 0.316616,
        "nauc_precision_at_10_std": -0.183048,
        "nauc_precision_at_10_diff1": -0.062514,
        "nauc_precision_at_20_max": 0.273954,
        "nauc_precision_at_20_std": -0.131689,
        "nauc_precision_at_20_diff1": -0.060692,
        "nauc_precision_at_100_max": 0.26557,
        "nauc_precision_at_100_std": 0.116793,
        "nauc_precision_at_100_diff1": -0.061425,
        "nauc_precision_at_1000_max": 0.283094,
        "nauc_precision_at_1000_std": 0.191011,
        "nauc_precision_at_1000_diff1": -0.164492,
        "nauc_mrr_at_1_max": 0.344836,
        "nauc_mrr_at_1_std": -0.222734,
        "nauc_mrr_at_1_diff1": 0.078389,
        "nauc_mrr_at_3_max": 0.343491,
        "nauc_mrr_at_3_std": -0.202402,
        "nauc_mrr_at_3_diff1": 0.081677,
        "nauc_mrr_at_5_max": 0.34322,
        "nauc_mrr_at_5_std": -0.196398,
        "nauc_mrr_at_5_diff1": 0.075749,
        "nauc_mrr_at_10_max": 0.343238,
        "nauc_mrr_at_10_std": -0.196938,
        "nauc_mrr_at_10_diff1": 0.076234,
        "nauc_mrr_at_20_max": 0.34412,
        "nauc_mrr_at_20_std": -0.198283,
        "nauc_mrr_at_20_diff1": 0.077179,
        "nauc_mrr_at_100_max": 0.344084,
        "nauc_mrr_at_100_std": -0.198662,
        "nauc_mrr_at_100_diff1": 0.077257,
        "nauc_mrr_at_1000_max": 0.344091,
        "nauc_mrr_at_1000_std": -0.198764,
        "nauc_mrr_at_1000_diff1": 0.077248,
        "hit_rate_at_1": 0.83673,
        "hit_rate_at_3": 0.93441,
        "hit_rate_at_5": 0.9591,
        "hit_rate_at_10": 0.97825,
        "hit_rate_at_20": 0.98999,
        "hit_rate_at_100": 0.99638,
        "hit_rate_at_1000": 1.0,
        "main_score": 0.83673,
        "hf_subset": "default",
        "languages": [
          "eng-Latn"
        ],
        "mteb_version": "2.13.1"
      }
    ]
  },
  "evaluation_time": 629.5107800960541,
  "kg_co2_emissions": null,
  "date": null
}