{
  "dataset_revision": "9926abb226c15b55dd8cce8c91cac1abf2326a61",
  "task_name": "CVBenchCount",
  "mteb_version": "2.13.1",
  "scores": {
    "test": [
      {
        "ndcg_at_1": 0.30584,
        "ndcg_at_3": 0.59316,
        "ndcg_at_5": 0.66822,
        "ndcg_at_10": 0.67274,
        "ndcg_at_20": 0.67274,
        "ndcg_at_100": 0.67274,
        "ndcg_at_1000": 0.67274,
        "map_at_1": 0.30584,
        "map_at_3": 0.51925,
        "map_at_5": 0.5617,
        "map_at_10": 0.56381,
        "map_at_20": 0.56381,
        "map_at_100": 0.56381,
        "map_at_1000": 0.56381,
        "recall_at_1": 0.30584,
        "recall_at_3": 0.80838,
        "recall_at_5": 0.98731,
        "recall_at_10": 1.0,
        "recall_at_20": 1.0,
        "recall_at_100": 1.0,
        "recall_at_1000": 1.0,
        "accuracy": 0.30584,
        "precision_at_1": 0.30584,
        "precision_at_3": 0.26946,
        "precision_at_5": 0.19746,
        "precision_at_10": 0.1,
        "precision_at_20": 0.05,
        "precision_at_100": 0.01,
        "precision_at_1000": 0.001,
        "mrr_at_1": 0.305838,
        "mrr_at_3": 0.519247,
        "mrr_at_5": 0.561696,
        "mrr_at_10": 0.563811,
        "mrr_at_20": 0.563811,
        "mrr_at_100": 0.563811,
        "mrr_at_1000": 0.563811,
        "nauc_ndcg_at_1_max": -0.031687,
        "nauc_ndcg_at_1_std": 0.055099,
        "nauc_ndcg_at_1_diff1": 0.007561,
        "nauc_ndcg_at_3_max": -0.072241,
        "nauc_ndcg_at_3_std": 0.1676,
        "nauc_ndcg_at_3_diff1": -0.01644,
        "nauc_ndcg_at_5_max": -0.05577,
        "nauc_ndcg_at_5_std": 0.096242,
        "nauc_ndcg_at_5_diff1": -0.014215,
        "nauc_ndcg_at_10_max": -0.055315,
        "nauc_ndcg_at_10_std": 0.093741,
        "nauc_ndcg_at_10_diff1": -0.003183,
        "nauc_ndcg_at_20_max": -0.055315,
        "nauc_ndcg_at_20_std": 0.093741,
        "nauc_ndcg_at_20_diff1": -0.003183,
        "nauc_ndcg_at_100_max": -0.055315,
        "nauc_ndcg_at_100_std": 0.093741,
        "nauc_ndcg_at_100_diff1": -0.003183,
        "nauc_ndcg_at_1000_max": -0.055315,
        "nauc_ndcg_at_1000_std": 0.093741,
        "nauc_ndcg_at_1000_diff1": -0.003183,
        "nauc_map_at_1_max": -0.031687,
        "nauc_map_at_1_std": 0.055099,
        "nauc_map_at_1_diff1": 0.007561,
        "nauc_map_at_3_max": -0.064348,
        "nauc_map_at_3_std": 0.130071,
        "nauc_map_at_3_diff1": -0.007923,
        "nauc_map_at_5_max": -0.05455,
        "nauc_map_at_5_std": 0.092029,
        "nauc_map_at_5_diff1": -0.006092,
        "nauc_map_at_10_max": -0.054378,
        "nauc_map_at_10_std": 0.091108,
        "nauc_map_at_10_diff1": -0.002119,
        "nauc_map_at_20_max": -0.054378,
        "nauc_map_at_20_std": 0.091108,
        "nauc_map_at_20_diff1": -0.002119,
        "nauc_map_at_100_max": -0.054378,
        "nauc_map_at_100_std": 0.091108,
        "nauc_map_at_100_diff1": -0.002119,
        "nauc_map_at_1000_max": -0.054378,
        "nauc_map_at_1000_std": 0.091108,
        "nauc_map_at_1000_diff1": -0.002119,
        "nauc_recall_at_1_max": -0.031687,
        "nauc_recall_at_1_std": 0.055099,
        "nauc_recall_at_1_diff1": 0.007561,
        "nauc_recall_at_3_max": -0.105995,
        "nauc_recall_at_3_std": 0.343539,
        "nauc_recall_at_3_diff1": -0.05666,
        "nauc_recall_at_5_max": -0.074438,
        "nauc_recall_at_5_std": 0.198795,
        "nauc_recall_at_5_diff1": -0.466602,
        "nauc_recall_at_10_max": NaN,
        "nauc_recall_at_10_std": NaN,
        "nauc_recall_at_10_diff1": NaN,
        "nauc_recall_at_20_max": NaN,
        "nauc_recall_at_20_std": NaN,
        "nauc_recall_at_20_diff1": NaN,
        "nauc_recall_at_100_max": NaN,
        "nauc_recall_at_100_std": NaN,
        "nauc_recall_at_100_diff1": NaN,
        "nauc_recall_at_1000_max": NaN,
        "nauc_recall_at_1000_std": NaN,
        "nauc_recall_at_1000_diff1": NaN,
        "nauc_precision_at_1_max": -0.031687,
        "nauc_precision_at_1_std": 0.055099,
        "nauc_precision_at_1_diff1": 0.007561,
        "nauc_precision_at_3_max": -0.105995,
        "nauc_precision_at_3_std": 0.343539,
        "nauc_precision_at_3_diff1": -0.05666,
        "nauc_precision_at_5_max": -0.074438,
        "nauc_precision_at_5_std": 0.198795,
        "nauc_precision_at_5_diff1": -0.466602,
        "nauc_precision_at_10_max": NaN,
        "nauc_precision_at_10_std": NaN,
        "nauc_precision_at_10_diff1": NaN,
        "nauc_precision_at_20_max": NaN,
        "nauc_precision_at_20_std": NaN,
        "nauc_precision_at_20_diff1": NaN,
        "nauc_precision_at_100_max": NaN,
        "nauc_precision_at_100_std": NaN,
        "nauc_precision_at_100_diff1": NaN,
        "nauc_precision_at_1000_max": 1.0,
        "nauc_precision_at_1000_std": 1.0,
        "nauc_precision_at_1000_diff1": 1.0,
        "nauc_mrr_at_1_max": -0.031687,
        "nauc_mrr_at_1_std": 0.055099,
        "nauc_mrr_at_1_diff1": 0.007561,
        "nauc_mrr_at_3_max": -0.064348,
        "nauc_mrr_at_3_std": 0.130071,
        "nauc_mrr_at_3_diff1": -0.007923,
        "nauc_mrr_at_5_max": -0.05455,
        "nauc_mrr_at_5_std": 0.092029,
        "nauc_mrr_at_5_diff1": -0.006092,
        "nauc_mrr_at_10_max": -0.054378,
        "nauc_mrr_at_10_std": 0.091108,
        "nauc_mrr_at_10_diff1": -0.002119,
        "nauc_mrr_at_20_max": -0.054378,
        "nauc_mrr_at_20_std": 0.091108,
        "nauc_mrr_at_20_diff1": -0.002119,
        "nauc_mrr_at_100_max": -0.054378,
        "nauc_mrr_at_100_std": 0.091108,
        "nauc_mrr_at_100_diff1": -0.002119,
        "nauc_mrr_at_1000_max": -0.054378,
        "nauc_mrr_at_1000_std": 0.091108,
        "nauc_mrr_at_1000_diff1": -0.002119,
        "hit_rate_at_1": 0.30584,
        "hit_rate_at_3": 0.80838,
        "hit_rate_at_5": 0.98731,
        "hit_rate_at_10": 1.0,
        "hit_rate_at_20": 1.0,
        "hit_rate_at_100": 1.0,
        "hit_rate_at_1000": 1.0,
        "main_score": 0.30584,
        "hf_subset": "default",
        "languages": [
          "eng-Latn"
        ],
        "mteb_version": "2.13.1"
      }
    ]
  },
  "evaluation_time": 56.46132135391235,
  "kg_co2_emissions": null,
  "date": null
}