{
  "dataset_revision": "74e9e63bf8f802f8cfb4ba6e01f48efc4f49032c",
  "task_name": "Fashion200kI2TRetrieval",
  "mteb_version": "2.13.1",
  "scores": {
    "test": [
      {
        "ndcg_at_1": 0.07384,
        "ndcg_at_3": 0.11504,
        "ndcg_at_5": 0.12936,
        "ndcg_at_10": 0.14973,
        "ndcg_at_20": 0.16847,
        "ndcg_at_100": 0.20759,
        "ndcg_at_1000": 0.24711,
        "map_at_1": 0.07384,
        "map_at_3": 0.10459,
        "map_at_5": 0.11248,
        "map_at_10": 0.12077,
        "map_at_20": 0.1259,
        "map_at_100": 0.13112,
        "map_at_1000": 0.1324,
        "recall_at_1": 0.07384,
        "recall_at_3": 0.14543,
        "recall_at_5": 0.1804,
        "recall_at_10": 0.24402,
        "recall_at_20": 0.31827,
        "recall_at_100": 0.53201,
        "recall_at_1000": 0.85498,
        "accuracy": 0.07384,
        "precision_at_1": 0.07384,
        "precision_at_3": 0.04848,
        "precision_at_5": 0.03608,
        "precision_at_10": 0.0244,
        "precision_at_20": 0.01591,
        "precision_at_100": 0.00532,
        "precision_at_1000": 0.00085,
        "mrr_at_1": 0.073839,
        "mrr_at_3": 0.104589,
        "mrr_at_5": 0.112484,
        "mrr_at_10": 0.120769,
        "mrr_at_20": 0.125894,
        "mrr_at_100": 0.131115,
        "mrr_at_1000": 0.132393,
        "nauc_ndcg_at_1_max": 0.337139,
        "nauc_ndcg_at_1_std": 0.13283,
        "nauc_ndcg_at_1_diff1": 0.397397,
        "nauc_ndcg_at_3_max": 0.322674,
        "nauc_ndcg_at_3_std": 0.155741,
        "nauc_ndcg_at_3_diff1": 0.301716,
        "nauc_ndcg_at_5_max": 0.311589,
        "nauc_ndcg_at_5_std": 0.158949,
        "nauc_ndcg_at_5_diff1": 0.280037,
        "nauc_ndcg_at_10_max": 0.303686,
        "nauc_ndcg_at_10_std": 0.165917,
        "nauc_ndcg_at_10_diff1": 0.262534,
        "nauc_ndcg_at_20_max": 0.297996,
        "nauc_ndcg_at_20_std": 0.175147,
        "nauc_ndcg_at_20_diff1": 0.247779,
        "nauc_ndcg_at_100_max": 0.29709,
        "nauc_ndcg_at_100_std": 0.199789,
        "nauc_ndcg_at_100_diff1": 0.237867,
        "nauc_ndcg_at_1000_max": 0.29998,
        "nauc_ndcg_at_1000_std": 0.202419,
        "nauc_ndcg_at_1000_diff1": 0.247494,
        "nauc_map_at_1_max": 0.337139,
        "nauc_map_at_1_std": 0.13283,
        "nauc_map_at_1_diff1": 0.397397,
        "nauc_map_at_3_max": 0.323554,
        "nauc_map_at_3_std": 0.150931,
        "nauc_map_at_3_diff1": 0.319379,
        "nauc_map_at_5_max": 0.31668,
        "nauc_map_at_5_std": 0.15319,
        "nauc_map_at_5_diff1": 0.305007,
        "nauc_map_at_10_max": 0.313089,
        "nauc_map_at_10_std": 0.156652,
        "nauc_map_at_10_diff1": 0.295956,
        "nauc_map_at_20_max": 0.311026,
        "nauc_map_at_20_std": 0.159929,
        "nauc_map_at_20_diff1": 0.290627,
        "nauc_map_at_100_max": 0.310592,
        "nauc_map_at_100_std": 0.163901,
        "nauc_map_at_100_diff1": 0.288711,
        "nauc_map_at_1000_max": 0.310767,
        "nauc_map_at_1000_std": 0.164165,
        "nauc_map_at_1000_diff1": 0.289147,
        "nauc_recall_at_1_max": 0.337139,
        "nauc_recall_at_1_std": 0.13283,
        "nauc_recall_at_1_diff1": 0.397397,
        "nauc_recall_at_3_max": 0.321291,
        "nauc_recall_at_3_std": 0.166474,
        "nauc_recall_at_3_diff1": 0.262949,
        "nauc_recall_at_5_max": 0.300948,
        "nauc_recall_at_5_std": 0.170687,
        "nauc_recall_at_5_diff1": 0.228971,
        "nauc_recall_at_10_max": 0.284424,
        "nauc_recall_at_10_std": 0.184103,
        "nauc_recall_at_10_diff1": 0.198446,
        "nauc_recall_at_20_max": 0.272014,
        "nauc_recall_at_20_std": 0.205546,
        "nauc_recall_at_20_diff1": 0.167088,
        "nauc_recall_at_100_max": 0.270234,
        "nauc_recall_at_100_std": 0.295617,
        "nauc_recall_at_100_diff1": 0.131626,
        "nauc_recall_at_1000_max": 0.264099,
        "nauc_recall_at_1000_std": 0.438756,
        "nauc_recall_at_1000_diff1": 0.100578,
        "nauc_precision_at_1_max": 0.337139,
        "nauc_precision_at_1_std": 0.13283,
        "nauc_precision_at_1_diff1": 0.397397,
        "nauc_precision_at_3_max": 0.321291,
        "nauc_precision_at_3_std": 0.166474,
        "nauc_precision_at_3_diff1": 0.262949,
        "nauc_precision_at_5_max": 0.300948,
        "nauc_precision_at_5_std": 0.170687,
        "nauc_precision_at_5_diff1": 0.228971,
        "nauc_precision_at_10_max": 0.284424,
        "nauc_precision_at_10_std": 0.184103,
        "nauc_precision_at_10_diff1": 0.198446,
        "nauc_precision_at_20_max": 0.272014,
        "nauc_precision_at_20_std": 0.205546,
        "nauc_precision_at_20_diff1": 0.167088,
        "nauc_precision_at_100_max": 0.270234,
        "nauc_precision_at_100_std": 0.295617,
        "nauc_precision_at_100_diff1": 0.131626,
        "nauc_precision_at_1000_max": 0.264099,
        "nauc_precision_at_1000_std": 0.438756,
        "nauc_precision_at_1000_diff1": 0.100578,
        "nauc_mrr_at_1_max": 0.337139,
        "nauc_mrr_at_1_std": 0.13283,
        "nauc_mrr_at_1_diff1": 0.397397,
        "nauc_mrr_at_3_max": 0.323554,
        "nauc_mrr_at_3_std": 0.150931,
        "nauc_mrr_at_3_diff1": 0.319379,
        "nauc_mrr_at_5_max": 0.31668,
        "nauc_mrr_at_5_std": 0.15319,
        "nauc_mrr_at_5_diff1": 0.305007,
        "nauc_mrr_at_10_max": 0.313089,
        "nauc_mrr_at_10_std": 0.156639,
        "nauc_mrr_at_10_diff1": 0.29597,
        "nauc_mrr_at_20_max": 0.311026,
        "nauc_mrr_at_20_std": 0.159916,
        "nauc_mrr_at_20_diff1": 0.290641,
        "nauc_mrr_at_100_max": 0.310592,
        "nauc_mrr_at_100_std": 0.163888,
        "nauc_mrr_at_100_diff1": 0.288725,
        "nauc_mrr_at_1000_max": 0.310767,
        "nauc_mrr_at_1000_std": 0.164152,
        "nauc_mrr_at_1000_diff1": 0.28916,
        "hit_rate_at_1": 0.07384,
        "hit_rate_at_3": 0.14543,
        "hit_rate_at_5": 0.1804,
        "hit_rate_at_10": 0.24402,
        "hit_rate_at_20": 0.31827,
        "hit_rate_at_100": 0.53201,
        "hit_rate_at_1000": 0.85498,
        "main_score": 0.14973,
        "hf_subset": "default",
        "languages": [
          "eng-Latn"
        ],
        "mteb_version": "2.13.1"
      }
    ]
  },
  "evaluation_time": 447.3311583995819,
  "kg_co2_emissions": null,
  "date": null
}