{
  "dataset_revision": "080c9ed6267b65029207906e815d44a9240bafca",
  "task_name": "FEVERHardNegatives",
  "mteb_version": "2.13.1",
  "scores": {
    "test": [
      {
        "ndcg_at_1": 0.583,
        "ndcg_at_3": 0.67342,
        "ndcg_at_5": 0.69679,
        "ndcg_at_10": 0.71317,
        "ndcg_at_20": 0.72059,
        "ndcg_at_100": 0.73278,
        "ndcg_at_1000": 0.7376,
        "map_at_1": 0.54827,
        "map_at_3": 0.63622,
        "map_at_5": 0.6501,
        "map_at_10": 0.65731,
        "map_at_20": 0.65958,
        "map_at_100": 0.66154,
        "map_at_1000": 0.66178,
        "recall_at_1": 0.54827,
        "recall_at_3": 0.74145,
        "recall_at_5": 0.79892,
        "recall_at_10": 0.84904,
        "recall_at_20": 0.87671,
        "recall_at_100": 0.93758,
        "recall_at_1000": 0.97163,
        "accuracy": 0.54827,
        "precision_at_1": 0.583,
        "precision_at_3": 0.26467,
        "precision_at_5": 0.1722,
        "precision_at_10": 0.0916,
        "precision_at_20": 0.0475,
        "precision_at_100": 0.01036,
        "precision_at_1000": 0.00109,
        "mrr_at_1": 0.586,
        "mrr_at_3": 0.675667,
        "mrr_at_5": 0.689267,
        "mrr_at_10": 0.695946,
        "mrr_at_20": 0.697867,
        "mrr_at_100": 0.699208,
        "mrr_at_1000": 0.699315,
        "nauc_ndcg_at_1_max": 0.348919,
        "nauc_ndcg_at_1_std": -0.217648,
        "nauc_ndcg_at_1_diff1": 0.626102,
        "nauc_ndcg_at_3_max": 0.300648,
        "nauc_ndcg_at_3_std": -0.215362,
        "nauc_ndcg_at_3_diff1": 0.563028,
        "nauc_ndcg_at_5_max": 0.321374,
        "nauc_ndcg_at_5_std": -0.180474,
        "nauc_ndcg_at_5_diff1": 0.564059,
        "nauc_ndcg_at_10_max": 0.314101,
        "nauc_ndcg_at_10_std": -0.161763,
        "nauc_ndcg_at_10_diff1": 0.560119,
        "nauc_ndcg_at_20_max": 0.315026,
        "nauc_ndcg_at_20_std": -0.159418,
        "nauc_ndcg_at_20_diff1": 0.560106,
        "nauc_ndcg_at_100_max": 0.311854,
        "nauc_ndcg_at_100_std": -0.158366,
        "nauc_ndcg_at_100_diff1": 0.564024,
        "nauc_ndcg_at_1000_max": 0.31618,
        "nauc_ndcg_at_1000_std": -0.162734,
        "nauc_ndcg_at_1000_diff1": 0.566878,
        "nauc_map_at_1_max": 0.292818,
        "nauc_map_at_1_std": -0.215848,
        "nauc_map_at_1_diff1": 0.586073,
        "nauc_map_at_3_max": 0.286533,
        "nauc_map_at_3_std": -0.214699,
        "nauc_map_at_3_diff1": 0.560063,
        "nauc_map_at_5_max": 0.298015,
        "nauc_map_at_5_std": -0.197497,
        "nauc_map_at_5_diff1": 0.562677,
        "nauc_map_at_10_max": 0.295786,
        "nauc_map_at_10_std": -0.190401,
        "nauc_map_at_10_diff1": 0.561541,
        "nauc_map_at_20_max": 0.296541,
        "nauc_map_at_20_std": -0.189638,
        "nauc_map_at_20_diff1": 0.561538,
        "nauc_map_at_100_max": 0.296429,
        "nauc_map_at_100_std": -0.189414,
        "nauc_map_at_100_diff1": 0.562521,
        "nauc_map_at_1000_max": 0.296695,
        "nauc_map_at_1000_std": -0.189562,
        "nauc_map_at_1000_diff1": 0.562741,
        "nauc_recall_at_1_max": 0.292818,
        "nauc_recall_at_1_std": -0.215848,
        "nauc_recall_at_1_diff1": 0.586073,
        "nauc_recall_at_3_max": 0.251318,
        "nauc_recall_at_3_std": -0.204542,
        "nauc_recall_at_3_diff1": 0.489508,
        "nauc_recall_at_5_max": 0.307894,
        "nauc_recall_at_5_std": -0.091676,
        "nauc_recall_at_5_diff1": 0.479501,
        "nauc_recall_at_10_max": 0.262725,
        "nauc_recall_at_10_std": 0.01873,
        "nauc_recall_at_10_diff1": 0.431681,
        "nauc_recall_at_20_max": 0.251359,
        "nauc_recall_at_20_std": 0.069959,
        "nauc_recall_at_20_diff1": 0.402569,
        "nauc_recall_at_100_max": 0.108476,
        "nauc_recall_at_100_std": 0.266061,
        "nauc_recall_at_100_diff1": 0.315535,
        "nauc_recall_at_1000_max": 0.07787,
        "nauc_recall_at_1000_std": 0.49141,
        "nauc_recall_at_1000_diff1": 0.205869,
        "nauc_precision_at_1_max": 0.348919,
        "nauc_precision_at_1_std": -0.217648,
        "nauc_precision_at_1_diff1": 0.626102,
        "nauc_precision_at_3_max": 0.349985,
        "nauc_precision_at_3_std": -0.192507,
        "nauc_precision_at_3_diff1": 0.551335,
        "nauc_precision_at_5_max": 0.425585,
        "nauc_precision_at_5_std": -0.045338,
        "nauc_precision_at_5_diff1": 0.516434,
        "nauc_precision_at_10_max": 0.383715,
        "nauc_precision_at_10_std": 0.099761,
        "nauc_precision_at_10_diff1": 0.438969,
        "nauc_precision_at_20_max": 0.386637,
        "nauc_precision_at_20_std": 0.180118,
        "nauc_precision_at_20_diff1": 0.358643,
        "nauc_precision_at_100_max": 0.260377,
        "nauc_precision_at_100_std": 0.329317,
        "nauc_precision_at_100_diff1": 0.105144,
        "nauc_precision_at_1000_max": 0.208659,
        "nauc_precision_at_1000_std": 0.267819,
        "nauc_precision_at_1000_diff1": -0.004578,
        "nauc_mrr_at_1_max": 0.350315,
        "nauc_mrr_at_1_std": -0.211249,
        "nauc_mrr_at_1_diff1": 0.618819,
        "nauc_mrr_at_3_max": 0.3582,
        "nauc_mrr_at_3_std": -0.214366,
        "nauc_mrr_at_3_diff1": 0.599168,
        "nauc_mrr_at_5_max": 0.373439,
        "nauc_mrr_at_5_std": -0.195944,
        "nauc_mrr_at_5_diff1": 0.601815,
        "nauc_mrr_at_10_max": 0.372854,
        "nauc_mrr_at_10_std": -0.189252,
        "nauc_mrr_at_10_diff1": 0.600917,
        "nauc_mrr_at_20_max": 0.372294,
        "nauc_mrr_at_20_std": -0.189714,
        "nauc_mrr_at_20_diff1": 0.601124,
        "nauc_mrr_at_100_max": 0.371441,
        "nauc_mrr_at_100_std": -0.190743,
        "nauc_mrr_at_100_diff1": 0.601473,
        "nauc_mrr_at_1000_max": 0.371472,
        "nauc_mrr_at_1000_std": -0.1909,
        "nauc_mrr_at_1000_diff1": 0.60156,
        "hit_rate_at_1": 0.583,
        "hit_rate_at_3": 0.786,
        "hit_rate_at_5": 0.845,
        "hit_rate_at_10": 0.894,
        "hit_rate_at_20": 0.92,
        "hit_rate_at_100": 0.97,
        "hit_rate_at_1000": 0.993,
        "main_score": 0.71317,
        "hf_subset": "default",
        "languages": [
          "eng-Latn"
        ],
        "mteb_version": "2.13.1"
      }
    ]
  },
  "evaluation_time": 246.95259642601013,
  "kg_co2_emissions": null,
  "date": null
}