{
  "dataset_revision": "27a168819829fe9bcd655c2df245fb19452e8e06",
  "task_name": "FiQA2018",
  "mteb_version": "2.13.1",
  "scores": {
    "test": [
      {
        "ndcg_at_1": 0.12346,
        "ndcg_at_3": 0.11086,
        "ndcg_at_5": 0.11987,
        "ndcg_at_10": 0.13074,
        "ndcg_at_20": 0.14329,
        "ndcg_at_100": 0.17323,
        "ndcg_at_1000": 0.2136,
        "map_at_1": 0.06245,
        "map_at_3": 0.08136,
        "map_at_5": 0.08907,
        "map_at_10": 0.09434,
        "map_at_20": 0.09792,
        "map_at_100": 0.10199,
        "map_at_1000": 0.10353,
        "recall_at_1": 0.06245,
        "recall_at_3": 0.10155,
        "recall_at_5": 0.13049,
        "recall_at_10": 0.16259,
        "recall_at_20": 0.20336,
        "recall_at_100": 0.33005,
        "recall_at_1000": 0.58843,
        "accuracy": 0.06245,
        "precision_at_1": 0.12346,
        "precision_at_3": 0.07202,
        "precision_at_5": 0.05833,
        "precision_at_10": 0.03735,
        "precision_at_20": 0.02338,
        "precision_at_100": 0.00812,
        "precision_at_1000": 0.0015,
        "mrr_at_1": 0.123457,
        "mrr_at_3": 0.153807,
        "mrr_at_5": 0.166924,
        "mrr_at_10": 0.17448,
        "mrr_at_20": 0.177924,
        "mrr_at_100": 0.182235,
        "mrr_at_1000": 0.183156,
        "nauc_ndcg_at_1_max": 0.102929,
        "nauc_ndcg_at_1_std": 0.017738,
        "nauc_ndcg_at_1_diff1": 0.367974,
        "nauc_ndcg_at_3_max": 0.089979,
        "nauc_ndcg_at_3_std": -0.013232,
        "nauc_ndcg_at_3_diff1": 0.303622,
        "nauc_ndcg_at_5_max": 0.075289,
        "nauc_ndcg_at_5_std": -0.00637,
        "nauc_ndcg_at_5_diff1": 0.289845,
        "nauc_ndcg_at_10_max": 0.076766,
        "nauc_ndcg_at_10_std": -0.004911,
        "nauc_ndcg_at_10_diff1": 0.266994,
        "nauc_ndcg_at_20_max": 0.069423,
        "nauc_ndcg_at_20_std": -0.001487,
        "nauc_ndcg_at_20_diff1": 0.276452,
        "nauc_ndcg_at_100_max": 0.060273,
        "nauc_ndcg_at_100_std": 0.031116,
        "nauc_ndcg_at_100_diff1": 0.251388,
        "nauc_ndcg_at_1000_max": 0.093347,
        "nauc_ndcg_at_1000_std": 0.060263,
        "nauc_ndcg_at_1000_diff1": 0.2513,
        "nauc_map_at_1_max": 0.025206,
        "nauc_map_at_1_std": -0.0197,
        "nauc_map_at_1_diff1": 0.348745,
        "nauc_map_at_3_max": 0.045984,
        "nauc_map_at_3_std": -0.021246,
        "nauc_map_at_3_diff1": 0.299509,
        "nauc_map_at_5_max": 0.050543,
        "nauc_map_at_5_std": -0.012704,
        "nauc_map_at_5_diff1": 0.293421,
        "nauc_map_at_10_max": 0.055647,
        "nauc_map_at_10_std": -0.009054,
        "nauc_map_at_10_diff1": 0.284343,
        "nauc_map_at_20_max": 0.054648,
        "nauc_map_at_20_std": -0.006864,
        "nauc_map_at_20_diff1": 0.287399,
        "nauc_map_at_100_max": 0.052658,
        "nauc_map_at_100_std": 0.000246,
        "nauc_map_at_100_diff1": 0.28465,
        "nauc_map_at_1000_max": 0.054503,
        "nauc_map_at_1000_std": 0.00232,
        "nauc_map_at_1000_diff1": 0.284241,
        "nauc_recall_at_1_max": 0.025206,
        "nauc_recall_at_1_std": -0.0197,
        "nauc_recall_at_1_diff1": 0.348745,
        "nauc_recall_at_3_max": 0.037982,
        "nauc_recall_at_3_std": -0.045185,
        "nauc_recall_at_3_diff1": 0.24268,
        "nauc_recall_at_5_max": 0.039993,
        "nauc_recall_at_5_std": -0.021585,
        "nauc_recall_at_5_diff1": 0.222094,
        "nauc_recall_at_10_max": 0.056151,
        "nauc_recall_at_10_std": -0.009956,
        "nauc_recall_at_10_diff1": 0.188331,
        "nauc_recall_at_20_max": 0.030816,
        "nauc_recall_at_20_std": 0.001125,
        "nauc_recall_at_20_diff1": 0.211437,
        "nauc_recall_at_100_max": 7.8e-05,
        "nauc_recall_at_100_std": 0.091417,
        "nauc_recall_at_100_diff1": 0.119194,
        "nauc_recall_at_1000_max": 0.094304,
        "nauc_recall_at_1000_std": 0.210205,
        "nauc_recall_at_1000_diff1": 0.091584,
        "nauc_precision_at_1_max": 0.102929,
        "nauc_precision_at_1_std": 0.017738,
        "nauc_precision_at_1_diff1": 0.367974,
        "nauc_precision_at_3_max": 0.146027,
        "nauc_precision_at_3_std": 0.009307,
        "nauc_precision_at_3_diff1": 0.26872,
        "nauc_precision_at_5_max": 0.141985,
        "nauc_precision_at_5_std": 0.045502,
        "nauc_precision_at_5_diff1": 0.25801,
        "nauc_precision_at_10_max": 0.168642,
        "nauc_precision_at_10_std": 0.040617,
        "nauc_precision_at_10_diff1": 0.210344,
        "nauc_precision_at_20_max": 0.152508,
        "nauc_precision_at_20_std": 0.041809,
        "nauc_precision_at_20_diff1": 0.232887,
        "nauc_precision_at_100_max": 0.129773,
        "nauc_precision_at_100_std": 0.132192,
        "nauc_precision_at_100_diff1": 0.135717,
        "nauc_precision_at_1000_max": 0.236294,
        "nauc_precision_at_1000_std": 0.166077,
        "nauc_precision_at_1000_diff1": 0.088576,
        "nauc_mrr_at_1_max": 0.102929,
        "nauc_mrr_at_1_std": 0.017738,
        "nauc_mrr_at_1_diff1": 0.367974,
        "nauc_mrr_at_3_max": 0.121507,
        "nauc_mrr_at_3_std": -0.007717,
        "nauc_mrr_at_3_diff1": 0.329353,
        "nauc_mrr_at_5_max": 0.121888,
        "nauc_mrr_at_5_std": 0.004487,
        "nauc_mrr_at_5_diff1": 0.32629,
        "nauc_mrr_at_10_max": 0.124486,
        "nauc_mrr_at_10_std": 0.003829,
        "nauc_mrr_at_10_diff1": 0.3183,
        "nauc_mrr_at_20_max": 0.12267,
        "nauc_mrr_at_20_std": 0.004605,
        "nauc_mrr_at_20_diff1": 0.32054,
        "nauc_mrr_at_100_max": 0.121043,
        "nauc_mrr_at_100_std": 0.00655,
        "nauc_mrr_at_100_diff1": 0.318357,
        "nauc_mrr_at_1000_max": 0.121673,
        "nauc_mrr_at_1000_std": 0.007071,
        "nauc_mrr_at_1000_diff1": 0.318563,
        "hit_rate_at_1": 0.12346,
        "hit_rate_at_3": 0.19599,
        "hit_rate_at_5": 0.25463,
        "hit_rate_at_10": 0.31173,
        "hit_rate_at_20": 0.3642,
        "hit_rate_at_100": 0.54321,
        "hit_rate_at_1000": 0.78241,
        "main_score": 0.13074,
        "hf_subset": "default",
        "languages": [
          "eng-Latn"
        ],
        "mteb_version": "2.13.1"
      }
    ]
  },
  "evaluation_time": 86.56800651550293,
  "kg_co2_emissions": null,
  "date": null
}