{
  "dataset_revision": "38876698eba40ac88433e0ca0d9dff6f35e4d0ff",
  "task_name": "GigaSpeechT2ARetrieval",
  "mteb_version": "2.13.1",
  "scores": {
    "test": [
      {
        "ndcg_at_1": 0.00148,
        "ndcg_at_3": 0.00232,
        "ndcg_at_5": 0.00275,
        "ndcg_at_10": 0.00376,
        "ndcg_at_20": 0.00531,
        "ndcg_at_100": 0.0127,
        "ndcg_at_1000": 0.0455,
        "map_at_1": 0.00148,
        "map_at_3": 0.0021,
        "map_at_5": 0.00234,
        "map_at_10": 0.00273,
        "map_at_20": 0.00317,
        "map_at_100": 0.00401,
        "map_at_1000": 0.00487,
        "recall_at_1": 0.00148,
        "recall_at_3": 0.00296,
        "recall_at_5": 0.004,
        "recall_at_10": 0.00726,
        "recall_at_20": 0.01333,
        "recall_at_100": 0.05585,
        "recall_at_1000": 0.33659,
        "accuracy": 0.00148,
        "precision_at_1": 0.00148,
        "precision_at_3": 0.00099,
        "precision_at_5": 0.0008,
        "precision_at_10": 0.00073,
        "precision_at_20": 0.00067,
        "precision_at_100": 0.00056,
        "precision_at_1000": 0.00034,
        "mrr_at_1": 0.001481,
        "mrr_at_3": 0.002099,
        "mrr_at_5": 0.002336,
        "mrr_at_10": 0.002735,
        "mrr_at_20": 0.003167,
        "mrr_at_100": 0.004011,
        "mrr_at_1000": 0.004868,
        "nauc_ndcg_at_1_max": 0.05766,
        "nauc_ndcg_at_1_std": 0.102066,
        "nauc_ndcg_at_1_diff1": -0.33692,
        "nauc_ndcg_at_3_max": 0.035772,
        "nauc_ndcg_at_3_std": 0.220039,
        "nauc_ndcg_at_3_diff1": -0.270217,
        "nauc_ndcg_at_5_max": -0.026086,
        "nauc_ndcg_at_5_std": 0.263372,
        "nauc_ndcg_at_5_diff1": -0.238795,
        "nauc_ndcg_at_10_max": -0.022708,
        "nauc_ndcg_at_10_std": 0.303511,
        "nauc_ndcg_at_10_diff1": -0.162015,
        "nauc_ndcg_at_20_max": -0.024505,
        "nauc_ndcg_at_20_std": 0.321681,
        "nauc_ndcg_at_20_diff1": -0.123471,
        "nauc_ndcg_at_100_max": -0.033536,
        "nauc_ndcg_at_100_std": 0.346759,
        "nauc_ndcg_at_100_diff1": -0.058977,
        "nauc_ndcg_at_1000_max": -0.043613,
        "nauc_ndcg_at_1000_std": 0.363309,
        "nauc_ndcg_at_1000_diff1": -0.021907,
        "nauc_map_at_1_max": 0.05766,
        "nauc_map_at_1_std": 0.102066,
        "nauc_map_at_1_diff1": -0.33692,
        "nauc_map_at_3_max": 0.041443,
        "nauc_map_at_3_std": 0.196199,
        "nauc_map_at_3_diff1": -0.281428,
        "nauc_map_at_5_max": -0.000263,
        "nauc_map_at_5_std": 0.226129,
        "nauc_map_at_5_diff1": -0.261235,
        "nauc_map_at_10_max": -0.004499,
        "nauc_map_at_10_std": 0.254719,
        "nauc_map_at_10_diff1": -0.216044,
        "nauc_map_at_20_max": -0.007509,
        "nauc_map_at_20_std": 0.268335,
        "nauc_map_at_20_diff1": -0.189307,
        "nauc_map_at_100_max": -0.014488,
        "nauc_map_at_100_std": 0.287892,
        "nauc_map_at_100_diff1": -0.151279,
        "nauc_map_at_1000_max": -0.01737,
        "nauc_map_at_1000_std": 0.297855,
        "nauc_map_at_1000_diff1": -0.132263,
        "nauc_recall_at_1_max": 0.05766,
        "nauc_recall_at_1_std": 0.102066,
        "nauc_recall_at_1_diff1": -0.33692,
        "nauc_recall_at_3_max": 0.023611,
        "nauc_recall_at_3_std": 0.269869,
        "nauc_recall_at_3_diff1": -0.247344,
        "nauc_recall_at_5_max": -0.074482,
        "nauc_recall_at_5_std": 0.331028,
        "nauc_recall_at_5_diff1": -0.197398,
        "nauc_recall_at_10_max": -0.042777,
        "nauc_recall_at_10_std": 0.364204,
        "nauc_recall_at_10_diff1": -0.089638,
        "nauc_recall_at_20_max": -0.037045,
        "nauc_recall_at_20_std": 0.367838,
        "nauc_recall_at_20_diff1": -0.064616,
        "nauc_recall_at_100_max": -0.039518,
        "nauc_recall_at_100_std": 0.366887,
        "nauc_recall_at_100_diff1": -0.026213,
        "nauc_recall_at_1000_max": -0.049437,
        "nauc_recall_at_1000_std": 0.373368,
        "nauc_recall_at_1000_diff1": -0.001984,
        "nauc_precision_at_1_max": 0.05766,
        "nauc_precision_at_1_std": 0.102066,
        "nauc_precision_at_1_diff1": -0.33692,
        "nauc_precision_at_3_max": 0.023611,
        "nauc_precision_at_3_std": 0.269869,
        "nauc_precision_at_3_diff1": -0.247344,
        "nauc_precision_at_5_max": -0.074482,
        "nauc_precision_at_5_std": 0.331028,
        "nauc_precision_at_5_diff1": -0.197398,
        "nauc_precision_at_10_max": -0.042777,
        "nauc_precision_at_10_std": 0.364204,
        "nauc_precision_at_10_diff1": -0.089638,
        "nauc_precision_at_20_max": -0.037045,
        "nauc_precision_at_20_std": 0.367838,
        "nauc_precision_at_20_diff1": -0.064616,
        "nauc_precision_at_100_max": -0.039518,
        "nauc_precision_at_100_std": 0.366887,
        "nauc_precision_at_100_diff1": -0.026213,
        "nauc_precision_at_1000_max": -0.049437,
        "nauc_precision_at_1000_std": 0.373368,
        "nauc_precision_at_1000_diff1": -0.001984,
        "nauc_mrr_at_1_max": 0.05766,
        "nauc_mrr_at_1_std": 0.102066,
        "nauc_mrr_at_1_diff1": -0.33692,
        "nauc_mrr_at_3_max": 0.041443,
        "nauc_mrr_at_3_std": 0.196199,
        "nauc_mrr_at_3_diff1": -0.281428,
        "nauc_mrr_at_5_max": -0.000263,
        "nauc_mrr_at_5_std": 0.226129,
        "nauc_mrr_at_5_diff1": -0.261235,
        "nauc_mrr_at_10_max": -0.004499,
        "nauc_mrr_at_10_std": 0.254719,
        "nauc_mrr_at_10_diff1": -0.216044,
        "nauc_mrr_at_20_max": -0.007509,
        "nauc_mrr_at_20_std": 0.268335,
        "nauc_mrr_at_20_diff1": -0.189307,
        "nauc_mrr_at_100_max": -0.014488,
        "nauc_mrr_at_100_std": 0.287892,
        "nauc_mrr_at_100_diff1": -0.151279,
        "nauc_mrr_at_1000_max": -0.01737,
        "nauc_mrr_at_1000_std": 0.297855,
        "nauc_mrr_at_1000_diff1": -0.132263,
        "hit_rate_at_1": 0.00148,
        "hit_rate_at_3": 0.00296,
        "hit_rate_at_5": 0.004,
        "hit_rate_at_10": 0.00726,
        "hit_rate_at_20": 0.01333,
        "hit_rate_at_100": 0.05585,
        "hit_rate_at_1000": 0.33659,
        "main_score": 0.004,
        "hf_subset": "default",
        "languages": [
          "eng-Latn"
        ],
        "mteb_version": "2.13.1"
      }
    ]
  },
  "evaluation_time": 2722.6664044857025,
  "kg_co2_emissions": null,
  "date": null
}