{
  "dataset_revision": "e6cf8c1771177dbf88550dbdd8c867d676d15119",
  "task_name": "GTZANAudioReranking",
  "mteb_version": "2.13.1",
  "scores": {
    "test": [
      {
        "ndcg_at_1": 0.85,
        "ndcg_at_3": 0.7452,
        "ndcg_at_5": 0.81912,
        "ndcg_at_10": 0.88722,
        "ndcg_at_20": 0.8923,
        "ndcg_at_100": 0.8923,
        "ndcg_at_1000": 0.8923,
        "map_at_1": 0.28333,
        "map_at_3": 0.67889,
        "map_at_5": 0.75389,
        "map_at_10": 0.8087,
        "map_at_20": 0.81205,
        "map_at_100": 0.81205,
        "map_at_1000": 0.81205,
        "recall_at_1": 0.28333,
        "recall_at_3": 0.71333,
        "recall_at_5": 0.84,
        "recall_at_10": 0.98667,
        "recall_at_20": 1.0,
        "recall_at_100": 1.0,
        "recall_at_1000": 1.0,
        "accuracy": 0.28333,
        "precision_at_1": 0.85,
        "precision_at_3": 0.71333,
        "precision_at_5": 0.504,
        "precision_at_10": 0.296,
        "precision_at_20": 0.15,
        "precision_at_100": 0.03,
        "precision_at_1000": 0.003,
        "mrr_at_1": 0.85,
        "mrr_at_3": 0.886667,
        "mrr_at_5": 0.896167,
        "mrr_at_10": 0.8995,
        "mrr_at_20": 0.8995,
        "mrr_at_100": 0.8995,
        "mrr_at_1000": 0.8995,
        "nauc_ndcg_at_1_max": 0.545233,
        "nauc_ndcg_at_1_std": 0.351155,
        "nauc_ndcg_at_1_diff1": 0.158802,
        "nauc_ndcg_at_3_max": 0.397198,
        "nauc_ndcg_at_3_std": 0.345546,
        "nauc_ndcg_at_3_diff1": -0.018125,
        "nauc_ndcg_at_5_max": 0.348016,
        "nauc_ndcg_at_5_std": 0.359185,
        "nauc_ndcg_at_5_diff1": -0.021939,
        "nauc_ndcg_at_10_max": 0.3916,
        "nauc_ndcg_at_10_std": 0.336532,
        "nauc_ndcg_at_10_diff1": -0.04479,
        "nauc_ndcg_at_20_max": 0.407734,
        "nauc_ndcg_at_20_std": 0.353784,
        "nauc_ndcg_at_20_diff1": 0.005661,
        "nauc_ndcg_at_100_max": 0.407734,
        "nauc_ndcg_at_100_std": 0.353784,
        "nauc_ndcg_at_100_diff1": 0.005661,
        "nauc_ndcg_at_1000_max": 0.407734,
        "nauc_ndcg_at_1000_std": 0.353784,
        "nauc_ndcg_at_1000_diff1": 0.005661,
        "nauc_map_at_1_max": 0.545233,
        "nauc_map_at_1_std": 0.351155,
        "nauc_map_at_1_diff1": 0.158802,
        "nauc_map_at_3_max": 0.359318,
        "nauc_map_at_3_std": 0.361669,
        "nauc_map_at_3_diff1": -0.067348,
        "nauc_map_at_5_max": 0.327629,
        "nauc_map_at_5_std": 0.379364,
        "nauc_map_at_5_diff1": -0.070008,
        "nauc_map_at_10_max": 0.348184,
        "nauc_map_at_10_std": 0.363101,
        "nauc_map_at_10_diff1": -0.083381,
        "nauc_map_at_20_max": 0.354,
        "nauc_map_at_20_std": 0.37079,
        "nauc_map_at_20_diff1": -0.063499,
        "nauc_map_at_100_max": 0.354,
        "nauc_map_at_100_std": 0.37079,
        "nauc_map_at_100_diff1": -0.063499,
        "nauc_map_at_1000_max": 0.354,
        "nauc_map_at_1000_std": 0.37079,
        "nauc_map_at_1000_diff1": -0.063499,
        "nauc_recall_at_1_max": 0.545233,
        "nauc_recall_at_1_std": 0.351155,
        "nauc_recall_at_1_diff1": 0.158802,
        "nauc_recall_at_3_max": 0.368873,
        "nauc_recall_at_3_std": 0.346337,
        "nauc_recall_at_3_diff1": -0.053063,
        "nauc_recall_at_5_max": 0.242696,
        "nauc_recall_at_5_std": 0.351999,
        "nauc_recall_at_5_diff1": -0.070164,
        "nauc_recall_at_10_max": 0.096989,
        "nauc_recall_at_10_std": 0.023459,
        "nauc_recall_at_10_diff1": -0.906629,
        "nauc_recall_at_20_max": NaN,
        "nauc_recall_at_20_std": NaN,
        "nauc_recall_at_20_diff1": NaN,
        "nauc_recall_at_100_max": NaN,
        "nauc_recall_at_100_std": NaN,
        "nauc_recall_at_100_diff1": NaN,
        "nauc_recall_at_1000_max": NaN,
        "nauc_recall_at_1000_std": NaN,
        "nauc_recall_at_1000_diff1": NaN,
        "nauc_precision_at_1_max": 0.545233,
        "nauc_precision_at_1_std": 0.351155,
        "nauc_precision_at_1_diff1": 0.158802,
        "nauc_precision_at_3_max": 0.368873,
        "nauc_precision_at_3_std": 0.346337,
        "nauc_precision_at_3_diff1": -0.053063,
        "nauc_precision_at_5_max": 0.242696,
        "nauc_precision_at_5_std": 0.351999,
        "nauc_precision_at_5_diff1": -0.070164,
        "nauc_precision_at_10_max": 0.096989,
        "nauc_precision_at_10_std": 0.023459,
        "nauc_precision_at_10_diff1": -0.906629,
        "nauc_precision_at_20_max": NaN,
        "nauc_precision_at_20_std": NaN,
        "nauc_precision_at_20_diff1": NaN,
        "nauc_precision_at_100_max": NaN,
        "nauc_precision_at_100_std": NaN,
        "nauc_precision_at_100_diff1": NaN,
        "nauc_precision_at_1000_max": NaN,
        "nauc_precision_at_1000_std": NaN,
        "nauc_precision_at_1000_diff1": NaN,
        "nauc_mrr_at_1_max": 0.545233,
        "nauc_mrr_at_1_std": 0.351155,
        "nauc_mrr_at_1_diff1": 0.158802,
        "nauc_mrr_at_3_max": 0.539454,
        "nauc_mrr_at_3_std": 0.264712,
        "nauc_mrr_at_3_diff1": 0.233857,
        "nauc_mrr_at_5_max": 0.530958,
        "nauc_mrr_at_5_std": 0.273113,
        "nauc_mrr_at_5_diff1": 0.238231,
        "nauc_mrr_at_10_max": 0.540941,
        "nauc_mrr_at_10_std": 0.301858,
        "nauc_mrr_at_10_diff1": 0.221963,
        "nauc_mrr_at_20_max": 0.540941,
        "nauc_mrr_at_20_std": 0.301858,
        "nauc_mrr_at_20_diff1": 0.221963,
        "nauc_mrr_at_100_max": 0.540941,
        "nauc_mrr_at_100_std": 0.301858,
        "nauc_mrr_at_100_diff1": 0.221963,
        "nauc_mrr_at_1000_max": 0.540941,
        "nauc_mrr_at_1000_std": 0.301858,
        "nauc_mrr_at_1000_diff1": 0.221963,
        "hit_rate_at_1": 0.85,
        "hit_rate_at_3": 0.94,
        "hit_rate_at_5": 0.98,
        "hit_rate_at_10": 1.0,
        "hit_rate_at_20": 1.0,
        "hit_rate_at_100": 1.0,
        "hit_rate_at_1000": 1.0,
        "main_score": 0.81205,
        "hf_subset": "default",
        "languages": [
          "zxx-Zxxx"
        ],
        "mteb_version": "2.13.1"
      }
    ]
  },
  "evaluation_time": 601.1201822757721,
  "kg_co2_emissions": null,
  "date": null
}