{
  "dataset_revision": "852290806bbf9d660f5c04c246f81ce38bfc1d48",
  "task_name": "HatefulMemesI2TRetrieval",
  "mteb_version": "2.13.1",
  "scores": {
    "test": [
      {
        "ndcg_at_1": 0.513,
        "ndcg_at_3": 0.57824,
        "ndcg_at_5": 0.58659,
        "ndcg_at_10": 0.59561,
        "ndcg_at_20": 0.59886,
        "ndcg_at_100": 0.60582,
        "ndcg_at_1000": 0.6109,
        "map_at_1": 0.513,
        "map_at_3": 0.563,
        "map_at_5": 0.5677,
        "map_at_10": 0.57141,
        "map_at_20": 0.57228,
        "map_at_100": 0.57328,
        "map_at_1000": 0.57344,
        "recall_at_1": 0.513,
        "recall_at_3": 0.622,
        "recall_at_5": 0.642,
        "recall_at_10": 0.67,
        "recall_at_20": 0.683,
        "recall_at_100": 0.72,
        "recall_at_1000": 0.762,
        "accuracy": 0.513,
        "precision_at_1": 0.513,
        "precision_at_3": 0.20733,
        "precision_at_5": 0.1284,
        "precision_at_10": 0.067,
        "precision_at_20": 0.03415,
        "precision_at_100": 0.0072,
        "precision_at_1000": 0.00076,
        "mrr_at_1": 0.513,
        "mrr_at_3": 0.562833,
        "mrr_at_5": 0.567533,
        "mrr_at_10": 0.57124,
        "mrr_at_20": 0.572113,
        "mrr_at_100": 0.573112,
        "mrr_at_1000": 0.573271,
        "nauc_ndcg_at_1_max": 0.381976,
        "nauc_ndcg_at_1_std": -0.03757,
        "nauc_ndcg_at_1_diff1": 0.570734,
        "nauc_ndcg_at_3_max": 0.3887,
        "nauc_ndcg_at_3_std": -0.038128,
        "nauc_ndcg_at_3_diff1": 0.47473,
        "nauc_ndcg_at_5_max": 0.37722,
        "nauc_ndcg_at_5_std": -0.036902,
        "nauc_ndcg_at_5_diff1": 0.46595,
        "nauc_ndcg_at_10_max": 0.370205,
        "nauc_ndcg_at_10_std": -0.03496,
        "nauc_ndcg_at_10_diff1": 0.456269,
        "nauc_ndcg_at_20_max": 0.367416,
        "nauc_ndcg_at_20_std": -0.030284,
        "nauc_ndcg_at_20_diff1": 0.451267,
        "nauc_ndcg_at_100_max": 0.358732,
        "nauc_ndcg_at_100_std": -0.030523,
        "nauc_ndcg_at_100_diff1": 0.443086,
        "nauc_ndcg_at_1000_max": 0.351908,
        "nauc_ndcg_at_1000_std": -0.027859,
        "nauc_ndcg_at_1000_diff1": 0.437176,
        "nauc_map_at_1_max": 0.381976,
        "nauc_map_at_1_std": -0.03757,
        "nauc_map_at_1_diff1": 0.570734,
        "nauc_map_at_3_max": 0.387361,
        "nauc_map_at_3_std": -0.038752,
        "nauc_map_at_3_diff1": 0.497771,
        "nauc_map_at_5_max": 0.381044,
        "nauc_map_at_5_std": -0.03834,
        "nauc_map_at_5_diff1": 0.49309,
        "nauc_map_at_10_max": 0.378281,
        "nauc_map_at_10_std": -0.037745,
        "nauc_map_at_10_diff1": 0.489446,
        "nauc_map_at_20_max": 0.377693,
        "nauc_map_at_20_std": -0.036379,
        "nauc_map_at_20_diff1": 0.488215,
        "nauc_map_at_100_max": 0.376508,
        "nauc_map_at_100_std": -0.036425,
        "nauc_map_at_100_diff1": 0.487119,
        "nauc_map_at_1000_max": 0.376318,
        "nauc_map_at_1000_std": -0.036313,
        "nauc_map_at_1000_diff1": 0.486969,
        "nauc_recall_at_1_max": 0.381976,
        "nauc_recall_at_1_std": -0.03757,
        "nauc_recall_at_1_diff1": 0.570734,
        "nauc_recall_at_3_max": 0.3927,
        "nauc_recall_at_3_std": -0.035841,
        "nauc_recall_at_3_diff1": 0.40362,
        "nauc_recall_at_5_max": 0.363107,
        "nauc_recall_at_5_std": -0.031395,
        "nauc_recall_at_5_diff1": 0.378361,
        "nauc_recall_at_10_max": 0.337841,
        "nauc_recall_at_10_std": -0.023221,
        "nauc_recall_at_10_diff1": 0.339468,
        "nauc_recall_at_20_max": 0.323061,
        "nauc_recall_at_20_std": -0.002863,
        "nauc_recall_at_20_diff1": 0.313222,
        "nauc_recall_at_100_max": 0.261727,
        "nauc_recall_at_100_std": -0.001797,
        "nauc_recall_at_100_diff1": 0.246598,
        "nauc_recall_at_1000_max": 0.16832,
        "nauc_recall_at_1000_std": 0.030434,
        "nauc_recall_at_1000_diff1": 0.149839,
        "nauc_precision_at_1_max": 0.381976,
        "nauc_precision_at_1_std": -0.03757,
        "nauc_precision_at_1_diff1": 0.570734,
        "nauc_precision_at_3_max": 0.3927,
        "nauc_precision_at_3_std": -0.035841,
        "nauc_precision_at_3_diff1": 0.40362,
        "nauc_precision_at_5_max": 0.363107,
        "nauc_precision_at_5_std": -0.031395,
        "nauc_precision_at_5_diff1": 0.378361,
        "nauc_precision_at_10_max": 0.337841,
        "nauc_precision_at_10_std": -0.023221,
        "nauc_precision_at_10_diff1": 0.339468,
        "nauc_precision_at_20_max": 0.323061,
        "nauc_precision_at_20_std": -0.002863,
        "nauc_precision_at_20_diff1": 0.313222,
        "nauc_precision_at_100_max": 0.261727,
        "nauc_precision_at_100_std": -0.001797,
        "nauc_precision_at_100_diff1": 0.246598,
        "nauc_precision_at_1000_max": 0.16832,
        "nauc_precision_at_1000_std": 0.030434,
        "nauc_precision_at_1000_diff1": 0.149839,
        "nauc_mrr_at_1_max": 0.381976,
        "nauc_mrr_at_1_std": -0.03757,
        "nauc_mrr_at_1_diff1": 0.570734,
        "nauc_mrr_at_3_max": 0.387252,
        "nauc_mrr_at_3_std": -0.039103,
        "nauc_mrr_at_3_diff1": 0.498049,
        "nauc_mrr_at_5_max": 0.381177,
        "nauc_mrr_at_5_std": -0.038285,
        "nauc_mrr_at_5_diff1": 0.493371,
        "nauc_mrr_at_10_max": 0.378416,
        "nauc_mrr_at_10_std": -0.03769,
        "nauc_mrr_at_10_diff1": 0.489729,
        "nauc_mrr_at_20_max": 0.377828,
        "nauc_mrr_at_20_std": -0.036324,
        "nauc_mrr_at_20_diff1": 0.488499,
        "nauc_mrr_at_100_max": 0.376644,
        "nauc_mrr_at_100_std": -0.03637,
        "nauc_mrr_at_100_diff1": 0.487404,
        "nauc_mrr_at_1000_max": 0.376454,
        "nauc_mrr_at_1000_std": -0.036257,
        "nauc_mrr_at_1000_diff1": 0.487254,
        "hit_rate_at_1": 0.513,
        "hit_rate_at_3": 0.622,
        "hit_rate_at_5": 0.642,
        "hit_rate_at_10": 0.67,
        "hit_rate_at_20": 0.683,
        "hit_rate_at_100": 0.72,
        "hit_rate_at_1000": 0.762,
        "main_score": 0.59561,
        "hf_subset": "default",
        "languages": [
          "eng-Latn"
        ],
        "mteb_version": "2.13.1"
      }
    ]
  },
  "evaluation_time": 95.5925874710083,
  "kg_co2_emissions": null,
  "date": null
}