{
  "dataset_revision": "617612fa63afcb60e3b134bed8b7216a99707c37",
  "task_name": "HotpotQAHardNegatives",
  "mteb_version": "2.13.1",
  "scores": {
    "test": [
      {
        "ndcg_at_1": 0.418,
        "ndcg_at_3": 0.33501,
        "ndcg_at_5": 0.35607,
        "ndcg_at_10": 0.38018,
        "ndcg_at_20": 0.39614,
        "ndcg_at_100": 0.42438,
        "ndcg_at_1000": 0.44543,
        "map_at_1": 0.209,
        "map_at_3": 0.27142,
        "map_at_5": 0.28507,
        "map_at_10": 0.29732,
        "map_at_20": 0.3027,
        "map_at_100": 0.30746,
        "map_at_1000": 0.30841,
        "recall_at_1": 0.209,
        "recall_at_3": 0.318,
        "recall_at_5": 0.3595,
        "recall_at_10": 0.42,
        "recall_at_20": 0.4715,
        "recall_at_100": 0.597,
        "recall_at_1000": 0.7365,
        "accuracy": 0.209,
        "precision_at_1": 0.418,
        "precision_at_3": 0.212,
        "precision_at_5": 0.1438,
        "precision_at_10": 0.084,
        "precision_at_20": 0.04715,
        "precision_at_100": 0.01194,
        "precision_at_1000": 0.00147,
        "mrr_at_1": 0.418,
        "mrr_at_3": 0.487833,
        "mrr_at_5": 0.498833,
        "mrr_at_10": 0.507018,
        "mrr_at_20": 0.510523,
        "mrr_at_100": 0.513359,
        "mrr_at_1000": 0.513733,
        "nauc_ndcg_at_1_max": 0.246487,
        "nauc_ndcg_at_1_std": -0.004497,
        "nauc_ndcg_at_1_diff1": 0.557508,
        "nauc_ndcg_at_3_max": 0.200361,
        "nauc_ndcg_at_3_std": 0.028068,
        "nauc_ndcg_at_3_diff1": 0.457942,
        "nauc_ndcg_at_5_max": 0.185442,
        "nauc_ndcg_at_5_std": 0.028431,
        "nauc_ndcg_at_5_diff1": 0.434214,
        "nauc_ndcg_at_10_max": 0.166737,
        "nauc_ndcg_at_10_std": 0.039496,
        "nauc_ndcg_at_10_diff1": 0.418438,
        "nauc_ndcg_at_20_max": 0.168148,
        "nauc_ndcg_at_20_std": 0.052958,
        "nauc_ndcg_at_20_diff1": 0.412133,
        "nauc_ndcg_at_100_max": 0.179893,
        "nauc_ndcg_at_100_std": 0.077254,
        "nauc_ndcg_at_100_diff1": 0.400524,
        "nauc_ndcg_at_1000_max": 0.183661,
        "nauc_ndcg_at_1000_std": 0.091474,
        "nauc_ndcg_at_1000_diff1": 0.403848,
        "nauc_map_at_1_max": 0.246487,
        "nauc_map_at_1_std": -0.004497,
        "nauc_map_at_1_diff1": 0.557508,
        "nauc_map_at_3_max": 0.198313,
        "nauc_map_at_3_std": 0.034346,
        "nauc_map_at_3_diff1": 0.452542,
        "nauc_map_at_5_max": 0.180462,
        "nauc_map_at_5_std": 0.031427,
        "nauc_map_at_5_diff1": 0.434767,
        "nauc_map_at_10_max": 0.168091,
        "nauc_map_at_10_std": 0.036918,
        "nauc_map_at_10_diff1": 0.423515,
        "nauc_map_at_20_max": 0.170448,
        "nauc_map_at_20_std": 0.043776,
        "nauc_map_at_20_diff1": 0.420547,
        "nauc_map_at_100_max": 0.172599,
        "nauc_map_at_100_std": 0.048031,
        "nauc_map_at_100_diff1": 0.417879,
        "nauc_map_at_1000_max": 0.172603,
        "nauc_map_at_1000_std": 0.048904,
        "nauc_map_at_1000_diff1": 0.41798,
        "nauc_recall_at_1_max": 0.246487,
        "nauc_recall_at_1_std": -0.004497,
        "nauc_recall_at_1_diff1": 0.557508,
        "nauc_recall_at_3_max": 0.170164,
        "nauc_recall_at_3_std": 0.048948,
        "nauc_recall_at_3_diff1": 0.386354,
        "nauc_recall_at_5_max": 0.132732,
        "nauc_recall_at_5_std": 0.046991,
        "nauc_recall_at_5_diff1": 0.322523,
        "nauc_recall_at_10_max": 0.080887,
        "nauc_recall_at_10_std": 0.072186,
        "nauc_recall_at_10_diff1": 0.264775,
        "nauc_recall_at_20_max": 0.080229,
        "nauc_recall_at_20_std": 0.108224,
        "nauc_recall_at_20_diff1": 0.22927,
        "nauc_recall_at_100_max": 0.124548,
        "nauc_recall_at_100_std": 0.218995,
        "nauc_recall_at_100_diff1": 0.158427,
        "nauc_recall_at_1000_max": 0.138132,
        "nauc_recall_at_1000_std": 0.349433,
        "nauc_recall_at_1000_diff1": 0.11211,
        "nauc_precision_at_1_max": 0.246487,
        "nauc_precision_at_1_std": -0.004497,
        "nauc_precision_at_1_diff1": 0.557508,
        "nauc_precision_at_3_max": 0.170164,
        "nauc_precision_at_3_std": 0.048948,
        "nauc_precision_at_3_diff1": 0.386354,
        "nauc_precision_at_5_max": 0.132732,
        "nauc_precision_at_5_std": 0.046991,
        "nauc_precision_at_5_diff1": 0.322523,
        "nauc_precision_at_10_max": 0.080887,
        "nauc_precision_at_10_std": 0.072186,
        "nauc_precision_at_10_diff1": 0.264775,
        "nauc_precision_at_20_max": 0.080229,
        "nauc_precision_at_20_std": 0.108224,
        "nauc_precision_at_20_diff1": 0.22927,
        "nauc_precision_at_100_max": 0.124548,
        "nauc_precision_at_100_std": 0.218995,
        "nauc_precision_at_100_diff1": 0.158427,
        "nauc_precision_at_1000_max": 0.138132,
        "nauc_precision_at_1000_std": 0.349433,
        "nauc_precision_at_1000_diff1": 0.11211,
        "nauc_mrr_at_1_max": 0.246487,
        "nauc_mrr_at_1_std": -0.004497,
        "nauc_mrr_at_1_diff1": 0.557508,
        "nauc_mrr_at_3_max": 0.224094,
        "nauc_mrr_at_3_std": 0.001583,
        "nauc_mrr_at_3_diff1": 0.514675,
        "nauc_mrr_at_5_max": 0.228505,
        "nauc_mrr_at_5_std": 0.005113,
        "nauc_mrr_at_5_diff1": 0.508415,
        "nauc_mrr_at_10_max": 0.226409,
        "nauc_mrr_at_10_std": 0.007996,
        "nauc_mrr_at_10_diff1": 0.509931,
        "nauc_mrr_at_20_max": 0.224254,
        "nauc_mrr_at_20_std": 0.00788,
        "nauc_mrr_at_20_diff1": 0.510279,
        "nauc_mrr_at_100_max": 0.224279,
        "nauc_mrr_at_100_std": 0.00822,
        "nauc_mrr_at_100_diff1": 0.510006,
        "nauc_mrr_at_1000_max": 0.224357,
        "nauc_mrr_at_1000_std": 0.0084,
        "nauc_mrr_at_1000_diff1": 0.510123,
        "hit_rate_at_1": 0.418,
        "hit_rate_at_3": 0.573,
        "hit_rate_at_5": 0.621,
        "hit_rate_at_10": 0.683,
        "hit_rate_at_20": 0.733,
        "hit_rate_at_100": 0.844,
        "hit_rate_at_1000": 0.929,
        "main_score": 0.38018,
        "hf_subset": "default",
        "languages": [
          "eng-Latn"
        ],
        "mteb_version": "2.13.1"
      }
    ]
  },
  "evaluation_time": 307.53871035575867,
  "kg_co2_emissions": null,
  "date": null
}