{
  "dataset_revision": "4510aa3b456b23f39564694e053e70492cc1de9f",
  "task_name": "InfoSeekIT2TRetrieval",
  "mteb_version": "2.13.1",
  "scores": {
    "test": [
      {
        "ndcg_at_1": 0.01422,
        "ndcg_at_3": 0.01314,
        "ndcg_at_5": 0.0133,
        "ndcg_at_10": 0.0151,
        "ndcg_at_20": 0.0179,
        "ndcg_at_100": 0.03191,
        "ndcg_at_1000": 0.06751,
        "map_at_1": 0.00199,
        "map_at_3": 0.00368,
        "map_at_5": 0.00451,
        "map_at_10": 0.00577,
        "map_at_20": 0.00693,
        "map_at_100": 0.00973,
        "map_at_1000": 0.01173,
        "recall_at_1": 0.00199,
        "recall_at_3": 0.00546,
        "recall_at_5": 0.00846,
        "recall_at_10": 0.01499,
        "recall_at_20": 0.02502,
        "recall_at_100": 0.0736,
        "recall_at_1000": 0.25257,
        "accuracy": 0.00199,
        "precision_at_1": 0.01422,
        "precision_at_3": 0.01198,
        "precision_at_5": 0.01106,
        "precision_at_10": 0.01045,
        "precision_at_20": 0.00914,
        "precision_at_100": 0.00625,
        "precision_at_1000": 0.00194,
        "mrr_at_1": 0.014219,
        "mrr_at_3": 0.020769,
        "mrr_at_5": 0.023123,
        "mrr_at_10": 0.025736,
        "mrr_at_20": 0.027487,
        "mrr_at_100": 0.029584,
        "mrr_at_1000": 0.030545,
        "nauc_ndcg_at_1_max": -0.292053,
        "nauc_ndcg_at_1_std": -0.126044,
        "nauc_ndcg_at_1_diff1": -0.080263,
        "nauc_ndcg_at_3_max": -0.251479,
        "nauc_ndcg_at_3_std": -0.085809,
        "nauc_ndcg_at_3_diff1": -0.058673,
        "nauc_ndcg_at_5_max": -0.257759,
        "nauc_ndcg_at_5_std": -0.091744,
        "nauc_ndcg_at_5_diff1": -0.062606,
        "nauc_ndcg_at_10_max": -0.253004,
        "nauc_ndcg_at_10_std": -0.106743,
        "nauc_ndcg_at_10_diff1": -0.061455,
        "nauc_ndcg_at_20_max": -0.243481,
        "nauc_ndcg_at_20_std": -0.102191,
        "nauc_ndcg_at_20_diff1": -0.053025,
        "nauc_ndcg_at_100_max": -0.162655,
        "nauc_ndcg_at_100_std": -0.01915,
        "nauc_ndcg_at_100_diff1": -0.04504,
        "nauc_ndcg_at_1000_max": -0.052362,
        "nauc_ndcg_at_1000_std": 0.120348,
        "nauc_ndcg_at_1000_diff1": -0.0404,
        "nauc_map_at_1_max": -0.410175,
        "nauc_map_at_1_std": -0.323027,
        "nauc_map_at_1_diff1": -0.081429,
        "nauc_map_at_3_max": -0.366943,
        "nauc_map_at_3_std": -0.26295,
        "nauc_map_at_3_diff1": -0.044463,
        "nauc_map_at_5_max": -0.3629,
        "nauc_map_at_5_std": -0.250014,
        "nauc_map_at_5_diff1": -0.050605,
        "nauc_map_at_10_max": -0.338073,
        "nauc_map_at_10_std": -0.224845,
        "nauc_map_at_10_diff1": -0.056662,
        "nauc_map_at_20_max": -0.315357,
        "nauc_map_at_20_std": -0.193475,
        "nauc_map_at_20_diff1": -0.049322,
        "nauc_map_at_100_max": -0.234474,
        "nauc_map_at_100_std": -0.091461,
        "nauc_map_at_100_diff1": -0.057595,
        "nauc_map_at_1000_max": -0.196738,
        "nauc_map_at_1000_std": -0.040037,
        "nauc_map_at_1000_diff1": -0.05585,
        "nauc_recall_at_1_max": -0.410175,
        "nauc_recall_at_1_std": -0.323027,
        "nauc_recall_at_1_diff1": -0.081429,
        "nauc_recall_at_3_max": -0.346669,
        "nauc_recall_at_3_std": -0.227535,
        "nauc_recall_at_3_diff1": -0.038986,
        "nauc_recall_at_5_max": -0.351362,
        "nauc_recall_at_5_std": -0.225155,
        "nauc_recall_at_5_diff1": -0.052606,
        "nauc_recall_at_10_max": -0.308902,
        "nauc_recall_at_10_std": -0.195557,
        "nauc_recall_at_10_diff1": -0.056829,
        "nauc_recall_at_20_max": -0.266748,
        "nauc_recall_at_20_std": -0.140444,
        "nauc_recall_at_20_diff1": -0.040104,
        "nauc_recall_at_100_max": -0.134676,
        "nauc_recall_at_100_std": -0.006733,
        "nauc_recall_at_100_diff1": -0.029805,
        "nauc_recall_at_1000_max": 0.031154,
        "nauc_recall_at_1000_std": 0.208447,
        "nauc_recall_at_1000_diff1": -0.023968,
        "nauc_precision_at_1_max": -0.292053,
        "nauc_precision_at_1_std": -0.126044,
        "nauc_precision_at_1_diff1": -0.080263,
        "nauc_precision_at_3_max": -0.225491,
        "nauc_precision_at_3_std": -0.054732,
        "nauc_precision_at_3_diff1": -0.047716,
        "nauc_precision_at_5_max": -0.223104,
        "nauc_precision_at_5_std": -0.047284,
        "nauc_precision_at_5_diff1": -0.054094,
        "nauc_precision_at_10_max": -0.181907,
        "nauc_precision_at_10_std": -0.022768,
        "nauc_precision_at_10_diff1": -0.054394,
        "nauc_precision_at_20_max": -0.158981,
        "nauc_precision_at_20_std": 0.006557,
        "nauc_precision_at_20_diff1": -0.055033,
        "nauc_precision_at_100_max": -0.066963,
        "nauc_precision_at_100_std": 0.126435,
        "nauc_precision_at_100_diff1": -0.076362,
        "nauc_precision_at_1000_max": -0.001068,
        "nauc_precision_at_1000_std": 0.181675,
        "nauc_precision_at_1000_diff1": -0.074691,
        "nauc_mrr_at_1_max": -0.292053,
        "nauc_mrr_at_1_std": -0.126044,
        "nauc_mrr_at_1_diff1": -0.080263,
        "nauc_mrr_at_3_max": -0.266076,
        "nauc_mrr_at_3_std": -0.107848,
        "nauc_mrr_at_3_diff1": -0.074236,
        "nauc_mrr_at_5_max": -0.26698,
        "nauc_mrr_at_5_std": -0.11093,
        "nauc_mrr_at_5_diff1": -0.070834,
        "nauc_mrr_at_10_max": -0.254239,
        "nauc_mrr_at_10_std": -0.104398,
        "nauc_mrr_at_10_diff1": -0.06375,
        "nauc_mrr_at_20_max": -0.242474,
        "nauc_mrr_at_20_std": -0.094297,
        "nauc_mrr_at_20_diff1": -0.05971,
        "nauc_mrr_at_100_max": -0.233757,
        "nauc_mrr_at_100_std": -0.088603,
        "nauc_mrr_at_100_diff1": -0.059122,
        "nauc_mrr_at_1000_max": -0.229499,
        "nauc_mrr_at_1000_std": -0.083059,
        "nauc_mrr_at_1000_diff1": -0.058969,
        "hit_rate_at_1": 0.01422,
        "hit_rate_at_3": 0.02932,
        "hit_rate_at_5": 0.03983,
        "hit_rate_at_10": 0.05979,
        "hit_rate_at_20": 0.08567,
        "hit_rate_at_100": 0.1769,
        "hit_rate_at_1000": 0.45059,
        "main_score": 0.0151,
        "hf_subset": "default",
        "languages": [
          "eng-Latn"
        ],
        "mteb_version": "2.13.1"
      }
    ]
  },
  "evaluation_time": 2887.495403289795,
  "kg_co2_emissions": null,
  "date": null
}