{
  "dataset_revision": "74ce553cb9b43aee5169f0bddd30bd5dee8d26d1",
  "task_name": "MACST2ARetrieval",
  "mteb_version": "2.13.1",
  "scores": {
    "test": [
      {
        "ndcg_at_1": 0.03053,
        "ndcg_at_3": 0.05195,
        "ndcg_at_5": 0.06629,
        "ndcg_at_10": 0.08348,
        "ndcg_at_20": 0.10399,
        "ndcg_at_100": 0.16664,
        "ndcg_at_1000": 0.22046,
        "map_at_1": 0.03053,
        "map_at_3": 0.04623,
        "map_at_5": 0.05399,
        "map_at_10": 0.06103,
        "map_at_20": 0.06662,
        "map_at_100": 0.07407,
        "map_at_1000": 0.07638,
        "recall_at_1": 0.03053,
        "recall_at_3": 0.0687,
        "recall_at_5": 0.10433,
        "recall_at_10": 0.15776,
        "recall_at_20": 0.23919,
        "recall_at_100": 0.59542,
        "recall_at_1000": 1.0,
        "accuracy": 0.03053,
        "precision_at_1": 0.03053,
        "precision_at_3": 0.0229,
        "precision_at_5": 0.02087,
        "precision_at_10": 0.01578,
        "precision_at_20": 0.01196,
        "precision_at_100": 0.00595,
        "precision_at_1000": 0.001,
        "mrr_at_1": 0.030534,
        "mrr_at_3": 0.046226,
        "mrr_at_5": 0.053986,
        "mrr_at_10": 0.061034,
        "mrr_at_20": 0.066624,
        "mrr_at_100": 0.074071,
        "mrr_at_1000": 0.076381,
        "nauc_ndcg_at_1_max": -0.071563,
        "nauc_ndcg_at_1_std": 0.228129,
        "nauc_ndcg_at_1_diff1": 0.314517,
        "nauc_ndcg_at_3_max": 0.146108,
        "nauc_ndcg_at_3_std": 0.205023,
        "nauc_ndcg_at_3_diff1": 0.264002,
        "nauc_ndcg_at_5_max": 0.081689,
        "nauc_ndcg_at_5_std": 0.157256,
        "nauc_ndcg_at_5_diff1": 0.205819,
        "nauc_ndcg_at_10_max": 0.107512,
        "nauc_ndcg_at_10_std": 0.139635,
        "nauc_ndcg_at_10_diff1": 0.212458,
        "nauc_ndcg_at_20_max": 0.112865,
        "nauc_ndcg_at_20_std": 0.132864,
        "nauc_ndcg_at_20_diff1": 0.161272,
        "nauc_ndcg_at_100_max": 0.106909,
        "nauc_ndcg_at_100_std": 0.185718,
        "nauc_ndcg_at_100_diff1": 0.13401,
        "nauc_ndcg_at_1000_max": 0.099199,
        "nauc_ndcg_at_1000_std": 0.159822,
        "nauc_ndcg_at_1000_diff1": 0.171413,
        "nauc_map_at_1_max": -0.071563,
        "nauc_map_at_1_std": 0.228129,
        "nauc_map_at_1_diff1": 0.314517,
        "nauc_map_at_3_max": 0.112165,
        "nauc_map_at_3_std": 0.209303,
        "nauc_map_at_3_diff1": 0.273766,
        "nauc_map_at_5_max": 0.074771,
        "nauc_map_at_5_std": 0.177742,
        "nauc_map_at_5_diff1": 0.235848,
        "nauc_map_at_10_max": 0.091325,
        "nauc_map_at_10_std": 0.167919,
        "nauc_map_at_10_diff1": 0.236006,
        "nauc_map_at_20_max": 0.094283,
        "nauc_map_at_20_std": 0.162888,
        "nauc_map_at_20_diff1": 0.214333,
        "nauc_map_at_100_max": 0.092292,
        "nauc_map_at_100_std": 0.169258,
        "nauc_map_at_100_diff1": 0.207119,
        "nauc_map_at_1000_max": 0.091331,
        "nauc_map_at_1000_std": 0.167838,
        "nauc_map_at_1000_diff1": 0.209256,
        "nauc_recall_at_1_max": -0.071563,
        "nauc_recall_at_1_std": 0.228129,
        "nauc_recall_at_1_diff1": 0.314517,
        "nauc_recall_at_3_max": 0.21181,
        "nauc_recall_at_3_std": 0.196546,
        "nauc_recall_at_3_diff1": 0.244566,
        "nauc_recall_at_5_max": 0.086511,
        "nauc_recall_at_5_std": 0.122016,
        "nauc_recall_at_5_diff1": 0.154291,
        "nauc_recall_at_10_max": 0.125655,
        "nauc_recall_at_10_std": 0.097633,
        "nauc_recall_at_10_diff1": 0.181194,
        "nauc_recall_at_20_max": 0.131819,
        "nauc_recall_at_20_std": 0.096915,
        "nauc_recall_at_20_diff1": 0.090497,
        "nauc_recall_at_100_max": 0.122476,
        "nauc_recall_at_100_std": 0.256756,
        "nauc_recall_at_100_diff1": 0.023607,
        "nauc_recall_at_1000_max": NaN,
        "nauc_recall_at_1000_std": NaN,
        "nauc_recall_at_1000_diff1": NaN,
        "nauc_precision_at_1_max": -0.071563,
        "nauc_precision_at_1_std": 0.228129,
        "nauc_precision_at_1_diff1": 0.314517,
        "nauc_precision_at_3_max": 0.21181,
        "nauc_precision_at_3_std": 0.196546,
        "nauc_precision_at_3_diff1": 0.244566,
        "nauc_precision_at_5_max": 0.086511,
        "nauc_precision_at_5_std": 0.122016,
        "nauc_precision_at_5_diff1": 0.154291,
        "nauc_precision_at_10_max": 0.125655,
        "nauc_precision_at_10_std": 0.097633,
        "nauc_precision_at_10_diff1": 0.181194,
        "nauc_precision_at_20_max": 0.131819,
        "nauc_precision_at_20_std": 0.096915,
        "nauc_precision_at_20_diff1": 0.090497,
        "nauc_precision_at_100_max": 0.122476,
        "nauc_precision_at_100_std": 0.256756,
        "nauc_precision_at_100_diff1": 0.023607,
        "nauc_precision_at_1000_max": 1.0,
        "nauc_precision_at_1000_std": 1.0,
        "nauc_precision_at_1000_diff1": 1.0,
        "nauc_mrr_at_1_max": -0.071563,
        "nauc_mrr_at_1_std": 0.228129,
        "nauc_mrr_at_1_diff1": 0.314517,
        "nauc_mrr_at_3_max": 0.112165,
        "nauc_mrr_at_3_std": 0.209303,
        "nauc_mrr_at_3_diff1": 0.273766,
        "nauc_mrr_at_5_max": 0.074771,
        "nauc_mrr_at_5_std": 0.177742,
        "nauc_mrr_at_5_diff1": 0.235848,
        "nauc_mrr_at_10_max": 0.091325,
        "nauc_mrr_at_10_std": 0.167919,
        "nauc_mrr_at_10_diff1": 0.236006,
        "nauc_mrr_at_20_max": 0.094283,
        "nauc_mrr_at_20_std": 0.162888,
        "nauc_mrr_at_20_diff1": 0.214333,
        "nauc_mrr_at_100_max": 0.092292,
        "nauc_mrr_at_100_std": 0.169258,
        "nauc_mrr_at_100_diff1": 0.207119,
        "nauc_mrr_at_1000_max": 0.091331,
        "nauc_mrr_at_1000_std": 0.167838,
        "nauc_mrr_at_1000_diff1": 0.209256,
        "hit_rate_at_1": 0.03053,
        "hit_rate_at_3": 0.0687,
        "hit_rate_at_5": 0.10433,
        "hit_rate_at_10": 0.15776,
        "hit_rate_at_20": 0.23919,
        "hit_rate_at_100": 0.59542,
        "hit_rate_at_1000": 1.0,
        "main_score": 0.10433,
        "hf_subset": "default",
        "languages": [
          "eng-Latn"
        ],
        "mteb_version": "2.13.1"
      }
    ]
  },
  "evaluation_time": 177.84214735031128,
  "kg_co2_emissions": null,
  "date": null
}