{
  "dataset_revision": "227478e3235572039f4f7661840e059f31ef6eb1",
  "task_name": "MindSmallReranking",
  "mteb_version": "2.13.1",
  "scores": {
    "test": [
      {
        "ndcg_at_1": 0.13026,
        "ndcg_at_3": 0.19639,
        "ndcg_at_5": 0.24145,
        "ndcg_at_10": 0.30225,
        "ndcg_at_20": 0.35465,
        "ndcg_at_100": 0.42153,
        "ndcg_at_1000": 0.42545,
        "map_at_1": 0.10004,
        "map_at_3": 0.16241,
        "map_at_5": 0.18904,
        "map_at_10": 0.21613,
        "map_at_20": 0.23301,
        "map_at_100": 0.24702,
        "map_at_1000": 0.2475,
        "recall_at_1": 0.10004,
        "recall_at_3": 0.24011,
        "recall_at_5": 0.34807,
        "recall_at_10": 0.52101,
        "recall_at_20": 0.70038,
        "recall_at_100": 0.98081,
        "recall_at_1000": 1.0,
        "accuracy": 0.10004,
        "precision_at_1": 0.13026,
        "precision_at_3": 0.10716,
        "precision_at_5": 0.09489,
        "precision_at_10": 0.07444,
        "precision_at_20": 0.05356,
        "precision_at_100": 0.01758,
        "precision_at_1000": 0.00183,
        "mrr_at_1": 0.130255,
        "mrr_at_3": 0.205032,
        "mrr_at_5": 0.233886,
        "mrr_at_10": 0.259259,
        "mrr_at_20": 0.271642,
        "mrr_at_100": 0.277473,
        "mrr_at_1000": 0.277529,
        "nauc_ndcg_at_1_max": -0.07267,
        "nauc_ndcg_at_1_std": -0.026068,
        "nauc_ndcg_at_1_diff1": 0.171757,
        "nauc_ndcg_at_3_max": -0.155619,
        "nauc_ndcg_at_3_std": -0.085642,
        "nauc_ndcg_at_3_diff1": 0.159014,
        "nauc_ndcg_at_5_max": -0.19003,
        "nauc_ndcg_at_5_std": -0.107208,
        "nauc_ndcg_at_5_diff1": 0.156754,
        "nauc_ndcg_at_10_max": -0.223581,
        "nauc_ndcg_at_10_std": -0.123803,
        "nauc_ndcg_at_10_diff1": 0.153149,
        "nauc_ndcg_at_20_max": -0.230574,
        "nauc_ndcg_at_20_std": -0.126023,
        "nauc_ndcg_at_20_diff1": 0.153822,
        "nauc_ndcg_at_100_max": -0.178822,
        "nauc_ndcg_at_100_std": -0.096778,
        "nauc_ndcg_at_100_diff1": 0.152417,
        "nauc_ndcg_at_1000_max": -0.168894,
        "nauc_ndcg_at_1000_std": -0.091291,
        "nauc_ndcg_at_1000_diff1": 0.151194,
        "nauc_map_at_1_max": -0.129577,
        "nauc_map_at_1_std": -0.057775,
        "nauc_map_at_1_diff1": 0.199093,
        "nauc_map_at_3_max": -0.166774,
        "nauc_map_at_3_std": -0.089451,
        "nauc_map_at_3_diff1": 0.173097,
        "nauc_map_at_5_max": -0.184499,
        "nauc_map_at_5_std": -0.100857,
        "nauc_map_at_5_diff1": 0.16949,
        "nauc_map_at_10_max": -0.199292,
        "nauc_map_at_10_std": -0.10793,
        "nauc_map_at_10_diff1": 0.166696,
        "nauc_map_at_20_max": -0.200372,
        "nauc_map_at_20_std": -0.107785,
        "nauc_map_at_20_diff1": 0.166287,
        "nauc_map_at_100_max": -0.189806,
        "nauc_map_at_100_std": -0.101831,
        "nauc_map_at_100_diff1": 0.165821,
        "nauc_map_at_1000_max": -0.188796,
        "nauc_map_at_1000_std": -0.101277,
        "nauc_map_at_1000_diff1": 0.165708,
        "nauc_recall_at_1_max": -0.129577,
        "nauc_recall_at_1_std": -0.057775,
        "nauc_recall_at_1_diff1": 0.199093,
        "nauc_recall_at_3_max": -0.190247,
        "nauc_recall_at_3_std": -0.110994,
        "nauc_recall_at_3_diff1": 0.147191,
        "nauc_recall_at_5_max": -0.238559,
        "nauc_recall_at_5_std": -0.141736,
        "nauc_recall_at_5_diff1": 0.138344,
        "nauc_recall_at_10_max": -0.314858,
        "nauc_recall_at_10_std": -0.179456,
        "nauc_recall_at_10_diff1": 0.128318,
        "nauc_recall_at_20_max": -0.38074,
        "nauc_recall_at_20_std": -0.212107,
        "nauc_recall_at_20_diff1": 0.128493,
        "nauc_recall_at_100_max": -0.611764,
        "nauc_recall_at_100_std": -0.338872,
        "nauc_recall_at_100_diff1": 0.16586,
        "nauc_recall_at_1000_max": -1.210551,
        "nauc_recall_at_1000_std": -0.373296,
        "nauc_recall_at_1000_diff1": -0.509431,
        "nauc_precision_at_1_max": -0.07267,
        "nauc_precision_at_1_std": -0.026068,
        "nauc_precision_at_1_diff1": 0.171757,
        "nauc_precision_at_3_max": -0.121784,
        "nauc_precision_at_3_std": -0.068472,
        "nauc_precision_at_3_diff1": 0.120585,
        "nauc_precision_at_5_max": -0.152072,
        "nauc_precision_at_5_std": -0.088592,
        "nauc_precision_at_5_diff1": 0.10395,
        "nauc_precision_at_10_max": -0.153037,
        "nauc_precision_at_10_std": -0.084627,
        "nauc_precision_at_10_diff1": 0.062647,
        "nauc_precision_at_20_max": -0.070725,
        "nauc_precision_at_20_std": -0.035844,
        "nauc_precision_at_20_diff1": 0.014362,
        "nauc_precision_at_100_max": 0.190579,
        "nauc_precision_at_100_std": 0.105791,
        "nauc_precision_at_100_diff1": -0.069656,
        "nauc_precision_at_1000_max": 0.216955,
        "nauc_precision_at_1000_std": 0.120168,
        "nauc_precision_at_1000_diff1": -0.075473,
        "nauc_mrr_at_1_max": -0.07267,
        "nauc_mrr_at_1_std": -0.026068,
        "nauc_mrr_at_1_diff1": 0.171757,
        "nauc_mrr_at_3_max": -0.10945,
        "nauc_mrr_at_3_std": -0.056947,
        "nauc_mrr_at_3_diff1": 0.148426,
        "nauc_mrr_at_5_max": -0.125588,
        "nauc_mrr_at_5_std": -0.067622,
        "nauc_mrr_at_5_diff1": 0.146849,
        "nauc_mrr_at_10_max": -0.136444,
        "nauc_mrr_at_10_std": -0.073153,
        "nauc_mrr_at_10_diff1": 0.146218,
        "nauc_mrr_at_20_max": -0.136354,
        "nauc_mrr_at_20_std": -0.072722,
        "nauc_mrr_at_20_diff1": 0.147227,
        "nauc_mrr_at_100_max": -0.132747,
        "nauc_mrr_at_100_std": -0.070489,
        "nauc_mrr_at_100_diff1": 0.147957,
        "nauc_mrr_at_1000_max": -0.132647,
        "nauc_mrr_at_1000_std": -0.070432,
        "nauc_mrr_at_1000_diff1": 0.147952,
        "hit_rate_at_1": 0.13026,
        "hit_rate_at_3": 0.30462,
        "hit_rate_at_5": 0.43174,
        "hit_rate_at_10": 0.62185,
        "hit_rate_at_20": 0.79825,
        "hit_rate_at_100": 0.99304,
        "hit_rate_at_1000": 1.0,
        "max_over_subqueries_ndcg_at_1": 0.17121,
        "max_over_subqueries_ndcg_at_3": 0.25453,
        "max_over_subqueries_ndcg_at_5": 0.30242,
        "max_over_subqueries_ndcg_at_10": 0.36214,
        "max_over_subqueries_ndcg_at_20": 0.40851,
        "max_over_subqueries_ndcg_at_100": 0.45944,
        "max_over_subqueries_ndcg_at_1000": 0.46182,
        "max_over_subqueries_map_at_1": 0.14422,
        "max_over_subqueries_map_at_3": 0.21947,
        "max_over_subqueries_map_at_5": 0.24743,
        "max_over_subqueries_map_at_10": 0.27397,
        "max_over_subqueries_map_at_20": 0.28868,
        "max_over_subqueries_map_at_100": 0.29881,
        "max_over_subqueries_map_at_1000": 0.29906,
        "max_over_subqueries_recall_at_1": 0.14422,
        "max_over_subqueries_recall_at_3": 0.3126,
        "max_over_subqueries_recall_at_5": 0.42682,
        "max_over_subqueries_recall_at_10": 0.59822,
        "max_over_subqueries_recall_at_20": 0.76226,
        "max_over_subqueries_recall_at_100": 0.98735,
        "max_over_subqueries_recall_at_1000": 0.99999,
        "max_over_subqueries_accuracy": 0.14422,
        "max_over_subqueries_precision_at_1": 0.17121,
        "max_over_subqueries_precision_at_3": 0.12768,
        "max_over_subqueries_precision_at_5": 0.10639,
        "max_over_subqueries_precision_at_10": 0.07761,
        "max_over_subqueries_precision_at_20": 0.05188,
        "max_over_subqueries_precision_at_100": 0.01486,
        "max_over_subqueries_precision_at_1000": 0.00152,
        "max_over_subqueries_mrr_at_1": 0.171206,
        "max_over_subqueries_mrr_at_3": 0.255996,
        "max_over_subqueries_mrr_at_5": 0.284498,
        "max_over_subqueries_mrr_at_10": 0.308578,
        "max_over_subqueries_mrr_at_20": 0.319434,
        "max_over_subqueries_mrr_at_100": 0.324453,
        "max_over_subqueries_mrr_at_1000": 0.324499,