{
  "dataset_revision": "c798fa2f5173dc9fe0c727fd0abfd2f94cbc2f23",
  "task_name": "NIGHTSI2IRetrieval",
  "mteb_version": "2.13.1",
  "scores": {
    "test": [
      {
        "ndcg_at_1": 0.08302,
        "ndcg_at_3": 0.15423,
        "ndcg_at_5": 0.19227,
        "ndcg_at_10": 0.25933,
        "ndcg_at_20": 0.31865,
        "ndcg_at_100": 0.36184,
        "ndcg_at_1000": 0.36645,
        "map_at_1": 0.08302,
        "map_at_3": 0.13577,
        "map_at_5": 0.15686,
        "map_at_10": 0.18424,
        "map_at_20": 0.20073,
        "map_at_100": 0.20759,
        "map_at_1000": 0.20779,
        "recall_at_1": 0.08302,
        "recall_at_3": 0.20802,
        "recall_at_5": 0.30047,
        "recall_at_10": 0.50943,
        "recall_at_20": 0.74245,
        "recall_at_100": 0.96274,
        "recall_at_1000": 0.99764,
        "accuracy": 0.08302,
        "precision_at_1": 0.08302,
        "precision_at_3": 0.06934,
        "precision_at_5": 0.06009,
        "precision_at_10": 0.05094,
        "precision_at_20": 0.03712,
        "precision_at_100": 0.00963,
        "precision_at_1000": 0.001,
        "mrr_at_1": 0.083019,
        "mrr_at_3": 0.13577,
        "mrr_at_5": 0.156855,
        "mrr_at_10": 0.184242,
        "mrr_at_20": 0.200733,
        "mrr_at_100": 0.207588,
        "mrr_at_1000": 0.207785,
        "nauc_ndcg_at_1_max": 0.078094,
        "nauc_ndcg_at_1_std": -0.0401,
        "nauc_ndcg_at_1_diff1": 0.036774,
        "nauc_ndcg_at_3_max": 0.035703,
        "nauc_ndcg_at_3_std": -0.068373,
        "nauc_ndcg_at_3_diff1": 0.036542,
        "nauc_ndcg_at_5_max": 0.03498,
        "nauc_ndcg_at_5_std": -0.064203,
        "nauc_ndcg_at_5_diff1": 0.03359,
        "nauc_ndcg_at_10_max": 0.034376,
        "nauc_ndcg_at_10_std": -0.057774,
        "nauc_ndcg_at_10_diff1": 0.003564,
        "nauc_ndcg_at_20_max": 0.050801,
        "nauc_ndcg_at_20_std": -0.058024,
        "nauc_ndcg_at_20_diff1": 0.009188,
        "nauc_ndcg_at_100_max": 0.059602,
        "nauc_ndcg_at_100_std": -0.039945,
        "nauc_ndcg_at_100_diff1": 0.012705,
        "nauc_ndcg_at_1000_max": 0.050469,
        "nauc_ndcg_at_1000_std": -0.049823,
        "nauc_ndcg_at_1000_diff1": 0.018652,
        "nauc_map_at_1_max": 0.078094,
        "nauc_map_at_1_std": -0.0401,
        "nauc_map_at_1_diff1": 0.036774,
        "nauc_map_at_3_max": 0.043215,
        "nauc_map_at_3_std": -0.063815,
        "nauc_map_at_3_diff1": 0.037417,
        "nauc_map_at_5_max": 0.042236,
        "nauc_map_at_5_std": -0.061571,
        "nauc_map_at_5_diff1": 0.035406,
        "nauc_map_at_10_max": 0.040353,
        "nauc_map_at_10_std": -0.058532,
        "nauc_map_at_10_diff1": 0.020912,
        "nauc_map_at_20_max": 0.045491,
        "nauc_map_at_20_std": -0.059025,
        "nauc_map_at_20_diff1": 0.023274,
        "nauc_map_at_100_max": 0.047131,
        "nauc_map_at_100_std": -0.056072,
        "nauc_map_at_100_diff1": 0.024338,
        "nauc_map_at_1000_max": 0.046809,
        "nauc_map_at_1000_std": -0.056368,
        "nauc_map_at_1000_diff1": 0.024541,
        "nauc_recall_at_1_max": 0.078094,
        "nauc_recall_at_1_std": -0.0401,
        "nauc_recall_at_1_diff1": 0.036774,
        "nauc_recall_at_3_max": 0.020178,
        "nauc_recall_at_3_std": -0.077667,
        "nauc_recall_at_3_diff1": 0.034501,
        "nauc_recall_at_5_max": 0.021538,
        "nauc_recall_at_5_std": -0.068491,
        "nauc_recall_at_5_diff1": 0.029835,
        "nauc_recall_at_10_max": 0.025496,
        "nauc_recall_at_10_std": -0.054166,
        "nauc_recall_at_10_diff1": -0.036613,
        "nauc_recall_at_20_max": 0.083054,
        "nauc_recall_at_20_std": -0.050595,
        "nauc_recall_at_20_diff1": -0.036384,
        "nauc_recall_at_100_max": 0.432543,
        "nauc_recall_at_100_std": 0.413283,
        "nauc_recall_at_100_diff1": -0.197337,
        "nauc_recall_at_1000_max": 0.473669,
        "nauc_recall_at_1000_std": 1.0,
        "nauc_recall_at_1000_diff1": 0.286368,
        "nauc_precision_at_1_max": 0.078094,
        "nauc_precision_at_1_std": -0.0401,
        "nauc_precision_at_1_diff1": 0.036774,
        "nauc_precision_at_3_max": 0.020178,
        "nauc_precision_at_3_std": -0.077667,
        "nauc_precision_at_3_diff1": 0.034501,
        "nauc_precision_at_5_max": 0.021538,
        "nauc_precision_at_5_std": -0.068491,
        "nauc_precision_at_5_diff1": 0.029835,
        "nauc_precision_at_10_max": 0.025496,
        "nauc_precision_at_10_std": -0.054166,
        "nauc_precision_at_10_diff1": -0.036613,
        "nauc_precision_at_20_max": 0.083054,
        "nauc_precision_at_20_std": -0.050595,
        "nauc_precision_at_20_diff1": -0.036384,
        "nauc_precision_at_100_max": 0.432543,
        "nauc_precision_at_100_std": 0.413283,
        "nauc_precision_at_100_diff1": -0.197337,
        "nauc_precision_at_1000_max": 0.473669,
        "nauc_precision_at_1000_std": 1.0,
        "nauc_precision_at_1000_diff1": 0.286368,
        "nauc_mrr_at_1_max": 0.078094,
        "nauc_mrr_at_1_std": -0.0401,
        "nauc_mrr_at_1_diff1": 0.036774,
        "nauc_mrr_at_3_max": 0.043215,
        "nauc_mrr_at_3_std": -0.063815,
        "nauc_mrr_at_3_diff1": 0.037417,
        "nauc_mrr_at_5_max": 0.042236,
        "nauc_mrr_at_5_std": -0.061571,
        "nauc_mrr_at_5_diff1": 0.035406,
        "nauc_mrr_at_10_max": 0.040353,
        "nauc_mrr_at_10_std": -0.058532,
        "nauc_mrr_at_10_diff1": 0.020912,
        "nauc_mrr_at_20_max": 0.045491,
        "nauc_mrr_at_20_std": -0.059025,
        "nauc_mrr_at_20_diff1": 0.023274,
        "nauc_mrr_at_100_max": 0.047131,
        "nauc_mrr_at_100_std": -0.056072,
        "nauc_mrr_at_100_diff1": 0.024338,
        "nauc_mrr_at_1000_max": 0.046809,
        "nauc_mrr_at_1000_std": -0.056368,
        "nauc_mrr_at_1000_diff1": 0.024541,
        "hit_rate_at_1": 0.08302,
        "hit_rate_at_3": 0.20802,
        "hit_rate_at_5": 0.30047,
        "hit_rate_at_10": 0.50943,
        "hit_rate_at_20": 0.74245,
        "hit_rate_at_100": 0.96274,
        "hit_rate_at_1000": 0.99764,
        "main_score": 0.25933,
        "hf_subset": "default",
        "languages": [
          "eng-Latn"
        ],
        "mteb_version": "2.13.1"
      }
    ]
  },
  "evaluation_time": 2102.3974401950836,
  "kg_co2_emissions": null,
  "date": null
}