{
  "dataset_revision": "88994735625f4ebf646eaf42096f7ba204880ac2",
  "task_name": "OVENIT2TRetrieval",
  "mteb_version": "2.13.1",
  "scores": {
    "test": [
      {
        "ndcg_at_1": 0.00396,
        "ndcg_at_3": 0.00717,
        "ndcg_at_5": 0.00908,
        "ndcg_at_10": 0.01203,
        "ndcg_at_20": 0.01533,
        "ndcg_at_100": 0.02326,
        "ndcg_at_1000": 0.03469,
        "map_at_1": 0.00287,
        "map_at_3": 0.00548,
        "map_at_5": 0.0065,
        "map_at_10": 0.00761,
        "map_at_20": 0.00844,
        "map_at_100": 0.00936,
        "map_at_1000": 0.00966,
        "recall_at_1": 0.00287,
        "recall_at_3": 0.00897,
        "recall_at_5": 0.0135,
        "recall_at_10": 0.02201,
        "recall_at_20": 0.03417,
        "recall_at_100": 0.07394,
        "recall_at_1000": 0.15571,
        "accuracy": 0.00287,
        "precision_at_1": 0.00396,
        "precision_at_3": 0.00421,
        "precision_at_5": 0.0039,
        "precision_at_10": 0.00336,
        "precision_at_20": 0.00276,
        "precision_at_100": 0.00129,
        "precision_at_1000": 0.00031,
        "mrr_at_1": 0.00396,
        "mrr_at_3": 0.007673,
        "mrr_at_5": 0.009207,
        "mrr_at_10": 0.011055,
        "mrr_at_20": 0.012512,
        "mrr_at_100": 0.014238,
        "mrr_at_1000": 0.014863,
        "nauc_ndcg_at_1_max": -0.266689,
        "nauc_ndcg_at_1_std": -0.011118,
        "nauc_ndcg_at_1_diff1": 0.016972,
        "nauc_ndcg_at_3_max": -0.257063,
        "nauc_ndcg_at_3_std": 0.049788,
        "nauc_ndcg_at_3_diff1": 0.09619,
        "nauc_ndcg_at_5_max": -0.257331,
        "nauc_ndcg_at_5_std": 0.052694,
        "nauc_ndcg_at_5_diff1": 0.10629,
        "nauc_ndcg_at_10_max": -0.259958,
        "nauc_ndcg_at_10_std": 0.045261,
        "nauc_ndcg_at_10_diff1": 0.095769,
        "nauc_ndcg_at_20_max": -0.263617,
        "nauc_ndcg_at_20_std": 0.025696,
        "nauc_ndcg_at_20_diff1": 0.082735,
        "nauc_ndcg_at_100_max": -0.245744,
        "nauc_ndcg_at_100_std": 0.018134,
        "nauc_ndcg_at_100_diff1": 0.071526,
        "nauc_ndcg_at_1000_max": -0.217786,
        "nauc_ndcg_at_1000_std": 0.037828,
        "nauc_ndcg_at_1000_diff1": 0.074361,
        "nauc_map_at_1_max": -0.293146,
        "nauc_map_at_1_std": -0.004446,
        "nauc_map_at_1_diff1": 0.022263,
        "nauc_map_at_3_max": -0.270932,
        "nauc_map_at_3_std": 0.046751,
        "nauc_map_at_3_diff1": 0.091999,
        "nauc_map_at_5_max": -0.267677,
        "nauc_map_at_5_std": 0.049088,
        "nauc_map_at_5_diff1": 0.100043,
        "nauc_map_at_10_max": -0.267331,
        "nauc_map_at_10_std": 0.045013,
        "nauc_map_at_10_diff1": 0.095645,
        "nauc_map_at_20_max": -0.268354,
        "nauc_map_at_20_std": 0.03584,
        "nauc_map_at_20_diff1": 0.089513,
        "nauc_map_at_100_max": -0.263865,
        "nauc_map_at_100_std": 0.031802,
        "nauc_map_at_100_diff1": 0.085123,
        "nauc_map_at_1000_max": -0.262918,
        "nauc_map_at_1000_std": 0.031508,
        "nauc_map_at_1000_diff1": 0.08465,
        "nauc_recall_at_1_max": -0.293146,
        "nauc_recall_at_1_std": -0.004446,
        "nauc_recall_at_1_diff1": 0.022263,
        "nauc_recall_at_3_max": -0.252007,
        "nauc_recall_at_3_std": 0.073685,
        "nauc_recall_at_3_diff1": 0.120566,
        "nauc_recall_at_5_max": -0.250842,
        "nauc_recall_at_5_std": 0.070371,
        "nauc_recall_at_5_diff1": 0.130202,
        "nauc_recall_at_10_max": -0.256095,
        "nauc_recall_at_10_std": 0.051594,
        "nauc_recall_at_10_diff1": 0.104295,
        "nauc_recall_at_20_max": -0.263879,
        "nauc_recall_at_20_std": 0.016893,
        "nauc_recall_at_20_diff1": 0.077646,
        "nauc_recall_at_100_max": -0.233217,
        "nauc_recall_at_100_std": 0.006579,
        "nauc_recall_at_100_diff1": 0.063336,
        "nauc_recall_at_1000_max": -0.194701,
        "nauc_recall_at_1000_std": 0.017412,
        "nauc_recall_at_1000_diff1": 0.061521,
        "nauc_precision_at_1_max": -0.266689,
        "nauc_precision_at_1_std": -0.011118,
        "nauc_precision_at_1_diff1": 0.016972,
        "nauc_precision_at_3_max": -0.239584,
        "nauc_precision_at_3_std": 0.054861,
        "nauc_precision_at_3_diff1": 0.103877,
        "nauc_precision_at_5_max": -0.246969,
        "nauc_precision_at_5_std": 0.048725,
        "nauc_precision_at_5_diff1": 0.110678,
        "nauc_precision_at_10_max": -0.254067,
        "nauc_precision_at_10_std": 0.037543,
        "nauc_precision_at_10_diff1": 0.084954,
        "nauc_precision_at_20_max": -0.250704,
        "nauc_precision_at_20_std": 0.020225,
        "nauc_precision_at_20_diff1": 0.069769,
        "nauc_precision_at_100_max": -0.210312,
        "nauc_precision_at_100_std": 0.050458,
        "nauc_precision_at_100_diff1": 0.060403,
        "nauc_precision_at_1000_max": -0.071,
        "nauc_precision_at_1000_std": 0.241332,
        "nauc_precision_at_1000_diff1": 0.108401,
        "nauc_mrr_at_1_max": -0.266689,
        "nauc_mrr_at_1_std": -0.011118,
        "nauc_mrr_at_1_diff1": 0.016972,
        "nauc_mrr_at_3_max": -0.252168,
        "nauc_mrr_at_3_std": 0.033883,
        "nauc_mrr_at_3_diff1": 0.079378,
        "nauc_mrr_at_5_max": -0.253436,
        "nauc_mrr_at_5_std": 0.034394,
        "nauc_mrr_at_5_diff1": 0.085734,
        "nauc_mrr_at_10_max": -0.255494,
        "nauc_mrr_at_10_std": 0.03172,
        "nauc_mrr_at_10_diff1": 0.080524,
        "nauc_mrr_at_20_max": -0.254793,
        "nauc_mrr_at_20_std": 0.026429,
        "nauc_mrr_at_20_diff1": 0.076862,
        "nauc_mrr_at_100_max": -0.246179,
        "nauc_mrr_at_100_std": 0.030974,
        "nauc_mrr_at_100_diff1": 0.073231,
        "nauc_mrr_at_1000_max": -0.239867,
        "nauc_mrr_at_1000_std": 0.038571,
        "nauc_mrr_at_1000_diff1": 0.074518,
        "hit_rate_at_1": 0.00396,
        "hit_rate_at_3": 0.01264,
        "hit_rate_at_5": 0.01948,
        "hit_rate_at_10": 0.03358,
        "hit_rate_at_20": 0.05518,
        "hit_rate_at_100": 0.12919,
        "hit_rate_at_1000": 0.30904,
        "main_score": 0.01203,
        "hf_subset": "default",
        "languages": [
          "eng-Latn"
        ],
        "mteb_version": "2.13.1"
      }
    ]
  },
  "evaluation_time": 6263.709138870239,
  "kg_co2_emissions": null,
  "date": null
}