{
  "dataset_revision": "03b56e190634e7138c906d67cb356900ee50c98f",
  "task_name": "RP2kI2IRetrieval",
  "mteb_version": "2.13.1",
  "scores": {
    "test": [
      {
        "ndcg_at_1": 0.70437,
        "ndcg_at_3": 0.64892,
        "ndcg_at_5": 0.6158,
        "ndcg_at_10": 0.56437,
        "ndcg_at_20": 0.51037,
        "ndcg_at_100": 0.42559,
        "ndcg_at_1000": 0.48952,
        "map_at_1": 0.02698,
        "map_at_3": 0.05779,
        "map_at_5": 0.078,
        "map_at_10": 0.11096,
        "map_at_20": 0.14651,
        "map_at_100": 0.22165,
        "map_at_1000": 0.26199,
        "recall_at_1": 0.02698,
        "recall_at_3": 0.0617,
        "recall_at_5": 0.08658,
        "recall_at_10": 0.13094,
        "recall_at_20": 0.18553,
        "recall_at_100": 0.33886,
        "recall_at_1000": 0.56589,
        "accuracy": 0.02698,
        "precision_at_1": 0.70437,
        "precision_at_3": 0.63137,
        "precision_at_5": 0.58544,
        "precision_at_10": 0.51178,
        "precision_at_20": 0.42662,
        "precision_at_100": 0.22378,
        "precision_at_1000": 0.0486,
        "mrr_at_1": 0.704368,
        "mrr_at_3": 0.750388,
        "mrr_at_5": 0.758266,
        "mrr_at_10": 0.763213,
        "mrr_at_20": 0.765364,
        "mrr_at_100": 0.766534,
        "mrr_at_1000": 0.766653,
        "nauc_ndcg_at_1_max": 0.470701,
        "nauc_ndcg_at_1_std": 0.351678,
        "nauc_ndcg_at_1_diff1": 0.285011,
        "nauc_ndcg_at_3_max": 0.437868,
        "nauc_ndcg_at_3_std": 0.38302,
        "nauc_ndcg_at_3_diff1": 0.123073,
        "nauc_ndcg_at_5_max": 0.429298,
        "nauc_ndcg_at_5_std": 0.403849,
        "nauc_ndcg_at_5_diff1": 0.079057,
        "nauc_ndcg_at_10_max": 0.416227,
        "nauc_ndcg_at_10_std": 0.434589,
        "nauc_ndcg_at_10_diff1": 0.039019,
        "nauc_ndcg_at_20_max": 0.404011,
        "nauc_ndcg_at_20_std": 0.470425,
        "nauc_ndcg_at_20_diff1": 0.018973,
        "nauc_ndcg_at_100_max": 0.390485,
        "nauc_ndcg_at_100_std": 0.46288,
        "nauc_ndcg_at_100_diff1": 0.042065,
        "nauc_ndcg_at_1000_max": 0.411437,
        "nauc_ndcg_at_1000_std": 0.432986,
        "nauc_ndcg_at_1000_diff1": 0.031697,
        "nauc_map_at_1_max": 0.071424,
        "nauc_map_at_1_std": -0.088555,
        "nauc_map_at_1_diff1": 0.36508,
        "nauc_map_at_3_max": 0.106419,
        "nauc_map_at_3_std": -0.064534,
        "nauc_map_at_3_diff1": 0.288378,
        "nauc_map_at_5_max": 0.134048,
        "nauc_map_at_5_std": -0.040229,
        "nauc_map_at_5_diff1": 0.253391,
        "nauc_map_at_10_max": 0.178201,
        "nauc_map_at_10_std": 0.010013,
        "nauc_map_at_10_diff1": 0.207879,
        "nauc_map_at_20_max": 0.225843,
        "nauc_map_at_20_std": 0.085529,
        "nauc_map_at_20_diff1": 0.163447,
        "nauc_map_at_100_max": 0.324034,
        "nauc_map_at_100_std": 0.308069,
        "nauc_map_at_100_diff1": 0.070585,
        "nauc_map_at_1000_max": 0.365731,
        "nauc_map_at_1000_std": 0.429827,
        "nauc_map_at_1000_diff1": 0.030746,
        "nauc_recall_at_1_max": 0.071424,
        "nauc_recall_at_1_std": -0.088555,
        "nauc_recall_at_1_diff1": 0.36508,
        "nauc_recall_at_3_max": 0.089643,
        "nauc_recall_at_3_std": -0.071056,
        "nauc_recall_at_3_diff1": 0.273663,
        "nauc_recall_at_5_max": 0.107887,
        "nauc_recall_at_5_std": -0.054227,
        "nauc_recall_at_5_diff1": 0.237543,
        "nauc_recall_at_10_max": 0.140714,
        "nauc_recall_at_10_std": -0.016881,
        "nauc_recall_at_10_diff1": 0.194784,
        "nauc_recall_at_20_max": 0.178786,
        "nauc_recall_at_20_std": 0.040537,
        "nauc_recall_at_20_diff1": 0.155449,
        "nauc_recall_at_100_max": 0.281158,
        "nauc_recall_at_100_std": 0.230777,
        "nauc_recall_at_100_diff1": 0.069379,
        "nauc_recall_at_1000_max": 0.354283,
        "nauc_recall_at_1000_std": 0.369888,
        "nauc_recall_at_1000_diff1": -0.005462,
        "nauc_precision_at_1_max": 0.470701,
        "nauc_precision_at_1_std": 0.351678,
        "nauc_precision_at_1_diff1": 0.285011,
        "nauc_precision_at_3_max": 0.426306,
        "nauc_precision_at_3_std": 0.389303,
        "nauc_precision_at_3_diff1": 0.077071,
        "nauc_precision_at_5_max": 0.411882,
        "nauc_precision_at_5_std": 0.41095,
        "nauc_precision_at_5_diff1": 0.018608,
        "nauc_precision_at_10_max": 0.389505,
        "nauc_precision_at_10_std": 0.442274,
        "nauc_precision_at_10_diff1": -0.038681,
        "nauc_precision_at_20_max": 0.364558,
        "nauc_precision_at_20_std": 0.484842,
        "nauc_precision_at_20_diff1": -0.079956,
        "nauc_precision_at_100_max": 0.316392,
        "nauc_precision_at_100_std": 0.577446,
        "nauc_precision_at_100_diff1": -0.128846,
        "nauc_precision_at_1000_max": 0.239523,
        "nauc_precision_at_1000_std": 0.565093,
        "nauc_precision_at_1000_diff1": -0.131951,
        "nauc_mrr_at_1_max": 0.470701,
        "nauc_mrr_at_1_std": 0.351678,
        "nauc_mrr_at_1_diff1": 0.285011,
        "nauc_mrr_at_3_max": 0.487612,
        "nauc_mrr_at_3_std": 0.360828,
        "nauc_mrr_at_3_diff1": 0.269652,
        "nauc_mrr_at_5_max": 0.49091,
        "nauc_mrr_at_5_std": 0.361572,
        "nauc_mrr_at_5_diff1": 0.268177,
        "nauc_mrr_at_10_max": 0.49183,
        "nauc_mrr_at_10_std": 0.361839,
        "nauc_mrr_at_10_diff1": 0.267395,
        "nauc_mrr_at_20_max": 0.491465,
        "nauc_mrr_at_20_std": 0.361249,
        "nauc_mrr_at_20_diff1": 0.266931,
        "nauc_mrr_at_100_max": 0.4914,
        "nauc_mrr_at_100_std": 0.360834,
        "nauc_mrr_at_100_diff1": 0.26707,
        "nauc_mrr_at_1000_max": 0.491352,
        "nauc_mrr_at_1000_std": 0.360763,
        "nauc_mrr_at_1000_diff1": 0.267083,
        "hit_rate_at_1": 0.70437,
        "hit_rate_at_3": 0.80742,
        "hit_rate_at_5": 0.84172,
        "hit_rate_at_10": 0.87815,
        "hit_rate_at_20": 0.90847,
        "hit_rate_at_100": 0.95192,
        "hit_rate_at_1000": 0.97701,
        "main_score": 0.70437,
        "hf_subset": "default",
        "languages": [
          "eng-Latn"
        ],
        "mteb_version": "2.13.1"
      }
    ]
  },
  "evaluation_time": 3974.9255764484406,
  "kg_co2_emissions": null,
  "date": null
}