{
  "dataset_revision": "f8c2fcf00f625baaa80f62ec5bd9e1fff3b8ae88",
  "task_name": "SCIDOCS",
  "mteb_version": "2.13.1",
  "scores": {
    "test": [
      {
        "ndcg_at_1": 0.158,
        "ndcg_at_3": 0.12812,
        "ndcg_at_5": 0.11166,
        "ndcg_at_10": 0.13224,
        "ndcg_at_20": 0.15394,
        "ndcg_at_100": 0.19763,
        "ndcg_at_1000": 0.25231,
        "map_at_1": 0.032,
        "map_at_3": 0.05534,
        "map_at_5": 0.06534,
        "map_at_10": 0.07405,
        "map_at_20": 0.08101,
        "map_at_100": 0.08862,
        "map_at_1000": 0.09128,
        "recall_at_1": 0.032,
        "recall_at_3": 0.07298,
        "recall_at_5": 0.09928,
        "recall_at_10": 0.13762,
        "recall_at_20": 0.18867,
        "recall_at_100": 0.3317,
        "recall_at_1000": 0.60072,
        "accuracy": 0.032,
        "precision_at_1": 0.158,
        "precision_at_3": 0.12,
        "precision_at_5": 0.098,
        "precision_at_10": 0.0678,
        "precision_at_20": 0.0465,
        "precision_at_100": 0.01636,
        "precision_at_1000": 0.00296,
        "mrr_at_1": 0.158,
        "mrr_at_3": 0.215167,
        "mrr_at_5": 0.230167,
        "mrr_at_10": 0.242781,
        "mrr_at_20": 0.249107,
        "mrr_at_100": 0.254072,
        "mrr_at_1000": 0.254968,
        "nauc_ndcg_at_1_max": 0.107004,
        "nauc_ndcg_at_1_std": 0.142792,
        "nauc_ndcg_at_1_diff1": 0.295832,
        "nauc_ndcg_at_3_max": 0.103446,
        "nauc_ndcg_at_3_std": 0.202378,
        "nauc_ndcg_at_3_diff1": 0.261172,
        "nauc_ndcg_at_5_max": 0.121683,
        "nauc_ndcg_at_5_std": 0.211768,
        "nauc_ndcg_at_5_diff1": 0.236394,
        "nauc_ndcg_at_10_max": 0.130893,
        "nauc_ndcg_at_10_std": 0.252184,
        "nauc_ndcg_at_10_diff1": 0.214704,
        "nauc_ndcg_at_20_max": 0.158985,
        "nauc_ndcg_at_20_std": 0.299378,
        "nauc_ndcg_at_20_diff1": 0.215554,
        "nauc_ndcg_at_100_max": 0.176479,
        "nauc_ndcg_at_100_std": 0.349474,
        "nauc_ndcg_at_100_diff1": 0.205883,
        "nauc_ndcg_at_1000_max": 0.185803,
        "nauc_ndcg_at_1000_std": 0.364912,
        "nauc_ndcg_at_1000_diff1": 0.199612,
        "nauc_map_at_1_max": 0.107722,
        "nauc_map_at_1_std": 0.144758,
        "nauc_map_at_1_diff1": 0.291982,
        "nauc_map_at_3_max": 0.096111,
        "nauc_map_at_3_std": 0.186449,
        "nauc_map_at_3_diff1": 0.259018,
        "nauc_map_at_5_max": 0.114632,
        "nauc_map_at_5_std": 0.208308,
        "nauc_map_at_5_diff1": 0.243799,
        "nauc_map_at_10_max": 0.122828,
        "nauc_map_at_10_std": 0.241704,
        "nauc_map_at_10_diff1": 0.22382,
        "nauc_map_at_20_max": 0.135027,
        "nauc_map_at_20_std": 0.268046,
        "nauc_map_at_20_diff1": 0.223724,
        "nauc_map_at_100_max": 0.141668,
        "nauc_map_at_100_std": 0.288865,
        "nauc_map_at_100_diff1": 0.218786,
        "nauc_map_at_1000_max": 0.1434,
        "nauc_map_at_1000_std": 0.292344,
        "nauc_map_at_1000_diff1": 0.21816,
        "nauc_recall_at_1_max": 0.107722,
        "nauc_recall_at_1_std": 0.144758,
        "nauc_recall_at_1_diff1": 0.291982,
        "nauc_recall_at_3_max": 0.108059,
        "nauc_recall_at_3_std": 0.226836,
        "nauc_recall_at_3_diff1": 0.243799,
        "nauc_recall_at_5_max": 0.134401,
        "nauc_recall_at_5_std": 0.233007,
        "nauc_recall_at_5_diff1": 0.202587,
        "nauc_recall_at_10_max": 0.146057,
        "nauc_recall_at_10_std": 0.300479,
        "nauc_recall_at_10_diff1": 0.159191,
        "nauc_recall_at_20_max": 0.194185,
        "nauc_recall_at_20_std": 0.372369,
        "nauc_recall_at_20_diff1": 0.156276,
        "nauc_recall_at_100_max": 0.210506,
        "nauc_recall_at_100_std": 0.447535,
        "nauc_recall_at_100_diff1": 0.122709,
        "nauc_recall_at_1000_max": 0.218797,
        "nauc_recall_at_1000_std": 0.456039,
        "nauc_recall_at_1000_diff1": 0.075233,
        "nauc_precision_at_1_max": 0.107004,
        "nauc_precision_at_1_std": 0.142792,
        "nauc_precision_at_1_diff1": 0.295832,
        "nauc_precision_at_3_max": 0.106345,
        "nauc_precision_at_3_std": 0.226186,
        "nauc_precision_at_3_diff1": 0.248586,
        "nauc_precision_at_5_max": 0.132456,
        "nauc_precision_at_5_std": 0.232314,
        "nauc_precision_at_5_diff1": 0.206202,
        "nauc_precision_at_10_max": 0.14547,
        "nauc_precision_at_10_std": 0.300438,
        "nauc_precision_at_10_diff1": 0.164873,
        "nauc_precision_at_20_max": 0.193846,
        "nauc_precision_at_20_std": 0.373543,
        "nauc_precision_at_20_diff1": 0.16119,
        "nauc_precision_at_100_max": 0.211472,
        "nauc_precision_at_100_std": 0.447349,
        "nauc_precision_at_100_diff1": 0.126948,
        "nauc_precision_at_1000_max": 0.218957,
        "nauc_precision_at_1000_std": 0.450054,
        "nauc_precision_at_1000_diff1": 0.084328,
        "nauc_mrr_at_1_max": 0.107004,
        "nauc_mrr_at_1_std": 0.142792,
        "nauc_mrr_at_1_diff1": 0.295832,
        "nauc_mrr_at_3_max": 0.109944,
        "nauc_mrr_at_3_std": 0.194689,
        "nauc_mrr_at_3_diff1": 0.273381,
        "nauc_mrr_at_5_max": 0.114904,
        "nauc_mrr_at_5_std": 0.184797,
        "nauc_mrr_at_5_diff1": 0.263656,
        "nauc_mrr_at_10_max": 0.117279,
        "nauc_mrr_at_10_std": 0.1981,
        "nauc_mrr_at_10_diff1": 0.257405,
        "nauc_mrr_at_20_max": 0.122875,
        "nauc_mrr_at_20_std": 0.205647,
        "nauc_mrr_at_20_diff1": 0.256985,
        "nauc_mrr_at_100_max": 0.123447,
        "nauc_mrr_at_100_std": 0.205652,
        "nauc_mrr_at_100_diff1": 0.258587,
        "nauc_mrr_at_1000_max": 0.123233,
        "nauc_mrr_at_1000_std": 0.205099,
        "nauc_mrr_at_1000_diff1": 0.258526,
        "hit_rate_at_1": 0.158,
        "hit_rate_at_3": 0.29,
        "hit_rate_at_5": 0.356,
        "hit_rate_at_10": 0.45,
        "hit_rate_at_20": 0.541,
        "hit_rate_at_100": 0.744,
        "hit_rate_at_1000": 0.944,
        "main_score": 0.13224,
        "hf_subset": "default",
        "languages": [
          "eng-Latn"
        ],
        "mteb_version": "2.13.1"
      }
    ]
  },
  "evaluation_time": 53.059338331222534,
  "kg_co2_emissions": null,
  "date": null
}