{
  "dataset_revision": "431886eaecc48f067a3975b70d0949ea2862463c",
  "task_name": "Touche2020Retrieval.v3",
  "mteb_version": "2.13.1",
  "scores": {
    "test": [
      {
        "ndcg_at_1": 0.47959,
        "ndcg_at_3": 0.44043,
        "ndcg_at_5": 0.42564,
        "ndcg_at_10": 0.3655,
        "ndcg_at_20": 0.2957,
        "ndcg_at_100": 0.35458,
        "ndcg_at_1000": 0.46335,
        "map_at_1": 0.02,
        "map_at_3": 0.04795,
        "map_at_5": 0.07088,
        "map_at_10": 0.10147,
        "map_at_20": 0.11964,
        "map_at_100": 0.16157,
        "map_at_1000": 0.18126,
        "recall_at_1": 0.02,
        "recall_at_3": 0.05458,
        "recall_at_5": 0.08636,
        "recall_at_10": 0.13613,
        "recall_at_20": 0.18522,
        "recall_at_100": 0.37181,
        "recall_at_1000": 0.63891,
        "accuracy": 0.02,
        "precision_at_1": 0.57143,
        "precision_at_3": 0.5102,
        "precision_at_5": 0.48571,
        "precision_at_10": 0.39388,
        "precision_at_20": 0.27245,
        "precision_at_100": 0.11796,
        "precision_at_1000": 0.02237,
        "mrr_at_1": 0.571429,
        "mrr_at_3": 0.693878,
        "mrr_at_5": 0.713265,
        "mrr_at_10": 0.716667,
        "mrr_at_20": 0.717867,
        "mrr_at_100": 0.718839,
        "mrr_at_1000": 0.718839,
        "nauc_ndcg_at_1_max": 0.063264,
        "nauc_ndcg_at_1_std": 0.282201,
        "nauc_ndcg_at_1_diff1": 0.57714,
        "nauc_ndcg_at_3_max": -0.009097,
        "nauc_ndcg_at_3_std": 0.078688,
        "nauc_ndcg_at_3_diff1": 0.507449,
        "nauc_ndcg_at_5_max": -0.087051,
        "nauc_ndcg_at_5_std": 0.035513,
        "nauc_ndcg_at_5_diff1": 0.447253,
        "nauc_ndcg_at_10_max": -0.113763,
        "nauc_ndcg_at_10_std": 0.103293,
        "nauc_ndcg_at_10_diff1": 0.36356,
        "nauc_ndcg_at_20_max": -0.102506,
        "nauc_ndcg_at_20_std": 0.182348,
        "nauc_ndcg_at_20_diff1": 0.420969,
        "nauc_ndcg_at_100_max": -0.213885,
        "nauc_ndcg_at_100_std": 0.200267,
        "nauc_ndcg_at_100_diff1": 0.308605,
        "nauc_ndcg_at_1000_max": 0.066318,
        "nauc_ndcg_at_1000_std": 0.470775,
        "nauc_ndcg_at_1000_diff1": 0.337304,
        "nauc_map_at_1_max": -0.188459,
        "nauc_map_at_1_std": 0.044811,
        "nauc_map_at_1_diff1": 0.304384,
        "nauc_map_at_3_max": -0.270014,
        "nauc_map_at_3_std": -0.09612,
        "nauc_map_at_3_diff1": 0.236224,
        "nauc_map_at_5_max": -0.287322,
        "nauc_map_at_5_std": -0.12456,
        "nauc_map_at_5_diff1": 0.216392,
        "nauc_map_at_10_max": -0.299754,
        "nauc_map_at_10_std": -0.058738,
        "nauc_map_at_10_diff1": 0.163161,
        "nauc_map_at_20_max": -0.293674,
        "nauc_map_at_20_std": -0.022103,
        "nauc_map_at_20_diff1": 0.229547,
        "nauc_map_at_100_max": -0.250839,
        "nauc_map_at_100_std": 0.082369,
        "nauc_map_at_100_diff1": 0.254204,
        "nauc_map_at_1000_max": -0.176162,
        "nauc_map_at_1000_std": 0.175541,
        "nauc_map_at_1000_diff1": 0.269672,
        "nauc_recall_at_1_max": -0.188459,
        "nauc_recall_at_1_std": 0.044811,
        "nauc_recall_at_1_diff1": 0.304384,
        "nauc_recall_at_3_max": -0.302769,
        "nauc_recall_at_3_std": -0.137389,
        "nauc_recall_at_3_diff1": 0.186564,
        "nauc_recall_at_5_max": -0.331201,
        "nauc_recall_at_5_std": -0.152506,
        "nauc_recall_at_5_diff1": 0.155251,
        "nauc_recall_at_10_max": -0.354055,
        "nauc_recall_at_10_std": -0.034704,
        "nauc_recall_at_10_diff1": 0.084763,
        "nauc_recall_at_20_max": -0.371394,
        "nauc_recall_at_20_std": 0.016564,
        "nauc_recall_at_20_diff1": 0.225535,
        "nauc_recall_at_100_max": -0.29478,
        "nauc_recall_at_100_std": 0.20655,
        "nauc_recall_at_100_diff1": 0.147553,
        "nauc_recall_at_1000_max": 0.25848,
        "nauc_recall_at_1000_std": 0.673585,
        "nauc_recall_at_1000_diff1": 0.037275,
        "nauc_precision_at_1_max": 0.025141,
        "nauc_precision_at_1_std": 0.19812,
        "nauc_precision_at_1_diff1": 0.587729,
        "nauc_precision_at_3_max": -0.086051,
        "nauc_precision_at_3_std": -0.070605,
        "nauc_precision_at_3_diff1": 0.37587,
        "nauc_precision_at_5_max": -0.162606,
        "nauc_precision_at_5_std": -0.108057,
        "nauc_precision_at_5_diff1": 0.300979,
        "nauc_precision_at_10_max": -0.178045,
        "nauc_precision_at_10_std": 0.084167,
        "nauc_precision_at_10_diff1": 0.160923,
        "nauc_precision_at_20_max": -0.045217,
        "nauc_precision_at_20_std": 0.259805,
        "nauc_precision_at_20_diff1": 0.372032,
        "nauc_precision_at_100_max": 0.298474,
        "nauc_precision_at_100_std": 0.565363,
        "nauc_precision_at_100_diff1": 0.218405,
        "nauc_precision_at_1000_max": 0.70099,
        "nauc_precision_at_1000_std": 0.530905,
        "nauc_precision_at_1000_diff1": -0.032645,
        "nauc_mrr_at_1_max": 0.025141,
        "nauc_mrr_at_1_std": 0.19812,
        "nauc_mrr_at_1_diff1": 0.587729,
        "nauc_mrr_at_3_max": 0.066833,
        "nauc_mrr_at_3_std": 0.182698,
        "nauc_mrr_at_3_diff1": 0.605628,
        "nauc_mrr_at_5_max": 0.065821,
        "nauc_mrr_at_5_std": 0.220608,
        "nauc_mrr_at_5_diff1": 0.58507,
        "nauc_mrr_at_10_max": 0.069288,
        "nauc_mrr_at_10_std": 0.215658,
        "nauc_mrr_at_10_diff1": 0.583035,
        "nauc_mrr_at_20_max": 0.064349,
        "nauc_mrr_at_20_std": 0.211495,
        "nauc_mrr_at_20_diff1": 0.589049,
        "nauc_mrr_at_100_max": 0.060877,
        "nauc_mrr_at_100_std": 0.208094,
        "nauc_mrr_at_100_diff1": 0.587276,
        "nauc_mrr_at_1000_max": 0.060877,
        "nauc_mrr_at_1000_std": 0.208094,
        "nauc_mrr_at_1000_diff1": 0.587276,
        "hit_rate_at_1": 0.57143,
        "hit_rate_at_3": 0.85714,
        "hit_rate_at_5": 0.93878,
        "hit_rate_at_10": 0.95918,
        "hit_rate_at_20": 0.97959,
        "hit_rate_at_100": 1.0,
        "hit_rate_at_1000": 1.0,
        "main_score": 0.3655,
        "hf_subset": "default",
        "languages": [
          "eng-Latn"
        ],
        "mteb_version": "2.13.1"
      }
    ]
  },
  "evaluation_time": 696.2762124538422,
  "kg_co2_emissions": null,
  "date": null
}