{
  "dataset_revision": "bb9466bac8153a0349341eb1b22e06409e78ef4e",
  "task_name": "TRECCOVID",
  "mteb_version": "2.13.1",
  "scores": {
    "test": [
      {
        "ndcg_at_1": 0.55,
        "ndcg_at_3": 0.47877,
        "ndcg_at_5": 0.46886,
        "ndcg_at_10": 0.43863,
        "ndcg_at_20": 0.41019,
        "ndcg_at_100": 0.31313,
        "ndcg_at_1000": 0.28578,
        "map_at_1": 0.0017,
        "map_at_3": 0.004,
        "map_at_5": 0.0059,
        "map_at_10": 0.01016,
        "map_at_20": 0.0172,
        "map_at_100": 0.04791,
        "map_at_1000": 0.1068,
        "recall_at_1": 0.0017,
        "recall_at_3": 0.00422,
        "recall_at_5": 0.0067,
        "recall_at_10": 0.0127,
        "recall_at_20": 0.02333,
        "recall_at_100": 0.07566,
        "recall_at_1000": 0.26912,
        "accuracy": 0.0017,
        "precision_at_1": 0.62,
        "precision_at_3": 0.52667,
        "precision_at_5": 0.516,
        "precision_at_10": 0.476,
        "precision_at_20": 0.441,
        "precision_at_100": 0.3146,
        "precision_at_1000": 0.12516,
        "mrr_at_1": 0.62,
        "mrr_at_3": 0.673333,
        "mrr_at_5": 0.689333,
        "mrr_at_10": 0.700024,
        "mrr_at_20": 0.704994,
        "mrr_at_100": 0.706376,
        "mrr_at_1000": 0.706376,
        "nauc_ndcg_at_1_max": 0.382112,
        "nauc_ndcg_at_1_std": 0.663627,
        "nauc_ndcg_at_1_diff1": 0.130387,
        "nauc_ndcg_at_3_max": 0.3697,
        "nauc_ndcg_at_3_std": 0.601313,
        "nauc_ndcg_at_3_diff1": 0.15458,
        "nauc_ndcg_at_5_max": 0.384708,
        "nauc_ndcg_at_5_std": 0.595225,
        "nauc_ndcg_at_5_diff1": 0.199208,
        "nauc_ndcg_at_10_max": 0.419515,
        "nauc_ndcg_at_10_std": 0.632842,
        "nauc_ndcg_at_10_diff1": 0.168531,
        "nauc_ndcg_at_20_max": 0.403715,
        "nauc_ndcg_at_20_std": 0.691136,
        "nauc_ndcg_at_20_diff1": 0.096825,
        "nauc_ndcg_at_100_max": 0.43169,
        "nauc_ndcg_at_100_std": 0.775395,
        "nauc_ndcg_at_100_diff1": 0.001278,
        "nauc_ndcg_at_1000_max": 0.466857,
        "nauc_ndcg_at_1000_std": 0.792084,
        "nauc_ndcg_at_1000_diff1": 0.025533,
        "nauc_map_at_1_max": 0.214559,
        "nauc_map_at_1_std": 0.357534,
        "nauc_map_at_1_diff1": 0.101296,
        "nauc_map_at_3_max": 0.293613,
        "nauc_map_at_3_std": 0.366915,
        "nauc_map_at_3_diff1": 0.201389,
        "nauc_map_at_5_max": 0.355829,
        "nauc_map_at_5_std": 0.417811,
        "nauc_map_at_5_diff1": 0.262954,
        "nauc_map_at_10_max": 0.380146,
        "nauc_map_at_10_std": 0.426664,
        "nauc_map_at_10_diff1": 0.256592,
        "nauc_map_at_20_max": 0.41061,
        "nauc_map_at_20_std": 0.522763,
        "nauc_map_at_20_diff1": 0.214636,
        "nauc_map_at_100_max": 0.503449,
        "nauc_map_at_100_std": 0.782942,
        "nauc_map_at_100_diff1": 0.065594,
        "nauc_map_at_1000_max": 0.51882,
        "nauc_map_at_1000_std": 0.854181,
        "nauc_map_at_1000_diff1": -0.000434,
        "nauc_recall_at_1_max": 0.214559,
        "nauc_recall_at_1_std": 0.357534,
        "nauc_recall_at_1_diff1": 0.101296,
        "nauc_recall_at_3_max": 0.270223,
        "nauc_recall_at_3_std": 0.344564,
        "nauc_recall_at_3_diff1": 0.183309,
        "nauc_recall_at_5_max": 0.334686,
        "nauc_recall_at_5_std": 0.390669,
        "nauc_recall_at_5_diff1": 0.253459,
        "nauc_recall_at_10_max": 0.316184,
        "nauc_recall_at_10_std": 0.372103,
        "nauc_recall_at_10_diff1": 0.206339,
        "nauc_recall_at_20_max": 0.302731,
        "nauc_recall_at_20_std": 0.443069,
        "nauc_recall_at_20_diff1": 0.137505,
        "nauc_recall_at_100_max": 0.430934,
        "nauc_recall_at_100_std": 0.731161,
        "nauc_recall_at_100_diff1": 0.035627,
        "nauc_recall_at_1000_max": 0.478111,
        "nauc_recall_at_1000_std": 0.773526,
        "nauc_recall_at_1000_diff1": 0.040773,
        "nauc_precision_at_1_max": 0.436821,
        "nauc_precision_at_1_std": 0.797434,
        "nauc_precision_at_1_diff1": 0.188013,
        "nauc_precision_at_3_max": 0.353424,
        "nauc_precision_at_3_std": 0.596581,
        "nauc_precision_at_3_diff1": 0.191422,
        "nauc_precision_at_5_max": 0.388828,
        "nauc_precision_at_5_std": 0.581172,
        "nauc_precision_at_5_diff1": 0.266082,
        "nauc_precision_at_10_max": 0.443199,
        "nauc_precision_at_10_std": 0.621821,
        "nauc_precision_at_10_diff1": 0.212594,
        "nauc_precision_at_20_max": 0.409328,
        "nauc_precision_at_20_std": 0.696205,
        "nauc_precision_at_20_diff1": 0.118655,
        "nauc_precision_at_100_max": 0.434654,
        "nauc_precision_at_100_std": 0.792845,
        "nauc_precision_at_100_diff1": -0.015669,
        "nauc_precision_at_1000_max": 0.391916,
        "nauc_precision_at_1000_std": 0.678488,
        "nauc_precision_at_1000_diff1": -0.039296,
        "nauc_mrr_at_1_max": 0.436821,
        "nauc_mrr_at_1_std": 0.797434,
        "nauc_mrr_at_1_diff1": 0.188013,
        "nauc_mrr_at_3_max": 0.364571,
        "nauc_mrr_at_3_std": 0.767942,
        "nauc_mrr_at_3_diff1": 0.125428,
        "nauc_mrr_at_5_max": 0.377744,
        "nauc_mrr_at_5_std": 0.757408,
        "nauc_mrr_at_5_diff1": 0.147881,
        "nauc_mrr_at_10_max": 0.363055,
        "nauc_mrr_at_10_std": 0.75515,
        "nauc_mrr_at_10_diff1": 0.14477,
        "nauc_mrr_at_20_max": 0.362923,
        "nauc_mrr_at_20_std": 0.759716,
        "nauc_mrr_at_20_diff1": 0.133226,
        "nauc_mrr_at_100_max": 0.365425,
        "nauc_mrr_at_100_std": 0.761993,
        "nauc_mrr_at_100_diff1": 0.139926,
        "nauc_mrr_at_1000_max": 0.365425,
        "nauc_mrr_at_1000_std": 0.761993,
        "nauc_mrr_at_1000_diff1": 0.139926,
        "hit_rate_at_1": 0.62,
        "hit_rate_at_3": 0.74,
        "hit_rate_at_5": 0.82,
        "hit_rate_at_10": 0.9,
        "hit_rate_at_20": 0.96,
        "hit_rate_at_100": 1.0,
        "hit_rate_at_1000": 1.0,
        "main_score": 0.43863,
        "hf_subset": "default",
        "languages": [
          "eng-Latn"
        ],
        "mteb_version": "2.13.1"
      }
    ]
  },
  "evaluation_time": 309.8234987258911,
  "kg_co2_emissions": null,
  "date": null
}