{
  "dataset_revision": "d50fd1daded60cf136b82d845b9bda65b8b2376e",
  "task_name": "UrbanSound8KT2ARetrieval",
  "mteb_version": "2.13.1",
  "scores": {
    "test": [
      {
        "ndcg_at_1": 0.00177,
        "ndcg_at_3": 0.00387,
        "ndcg_at_5": 0.00539,
        "ndcg_at_10": 0.00852,
        "ndcg_at_20": 0.01324,
        "ndcg_at_100": 0.03853,
        "ndcg_at_1000": 0.11344,
        "map_at_1": 0.00177,
        "map_at_3": 0.00331,
        "map_at_5": 0.00414,
        "map_at_10": 0.00541,
        "map_at_20": 0.00668,
        "map_at_100": 0.00961,
        "map_at_1000": 0.01181,
        "recall_at_1": 0.00177,
        "recall_at_3": 0.0055,
        "recall_at_5": 0.00923,
        "recall_at_10": 0.01906,
        "recall_at_20": 0.03792,
        "recall_at_100": 0.18291,
        "recall_at_1000": 0.80707,
        "accuracy": 0.00177,
        "precision_at_1": 0.00177,
        "precision_at_3": 0.00183,
        "precision_at_5": 0.00185,
        "precision_at_10": 0.00191,
        "precision_at_20": 0.0019,
        "precision_at_100": 0.00183,
        "precision_at_1000": 0.00081,
        "mrr_at_1": 0.001768,
        "mrr_at_3": 0.003307,
        "mrr_at_5": 0.004142,
        "mrr_at_10": 0.005411,
        "mrr_at_20": 0.006676,
        "mrr_at_100": 0.009606,
        "mrr_at_1000": 0.011813,
        "nauc_ndcg_at_1_max": -0.018991,
        "nauc_ndcg_at_1_std": 0.033599,
        "nauc_ndcg_at_1_diff1": -0.017202,
        "nauc_ndcg_at_3_max": 0.012974,
        "nauc_ndcg_at_3_std": 0.04678,
        "nauc_ndcg_at_3_diff1": -0.007027,
        "nauc_ndcg_at_5_max": 0.019484,
        "nauc_ndcg_at_5_std": 0.052673,
        "nauc_ndcg_at_5_diff1": -0.002433,
        "nauc_ndcg_at_10_max": 0.010497,
        "nauc_ndcg_at_10_std": 0.037355,
        "nauc_ndcg_at_10_diff1": -0.008471,
        "nauc_ndcg_at_20_max": 0.017062,
        "nauc_ndcg_at_20_std": 0.038327,
        "nauc_ndcg_at_20_diff1": -0.009775,
        "nauc_ndcg_at_100_max": 0.01425,
        "nauc_ndcg_at_100_std": 0.042921,
        "nauc_ndcg_at_100_diff1": -0.023636,
        "nauc_ndcg_at_1000_max": -0.098857,
        "nauc_ndcg_at_1000_std": 0.184432,
        "nauc_ndcg_at_1000_diff1": -0.101187,
        "nauc_map_at_1_max": -0.018991,
        "nauc_map_at_1_std": 0.033599,
        "nauc_map_at_1_diff1": -0.017202,
        "nauc_map_at_3_max": 0.010544,
        "nauc_map_at_3_std": 0.04675,
        "nauc_map_at_3_diff1": -0.006439,
        "nauc_map_at_5_max": 0.016185,
        "nauc_map_at_5_std": 0.051357,
        "nauc_map_at_5_diff1": -0.002816,
        "nauc_map_at_10_max": 0.011066,
        "nauc_map_at_10_std": 0.041804,
        "nauc_map_at_10_diff1": -0.007028,
        "nauc_map_at_20_max": 0.014609,
        "nauc_map_at_20_std": 0.041166,
        "nauc_map_at_20_diff1": -0.008218,
        "nauc_map_at_100_max": 0.015167,
        "nauc_map_at_100_std": 0.040395,
        "nauc_map_at_100_diff1": -0.013212,
        "nauc_map_at_1000_max": 0.001409,
        "nauc_map_at_1000_std": 0.059134,
        "nauc_map_at_1000_diff1": -0.022223,
        "nauc_recall_at_1_max": -0.018991,
        "nauc_recall_at_1_std": 0.033599,
        "nauc_recall_at_1_diff1": -0.017202,
        "nauc_recall_at_3_max": 0.01677,
        "nauc_recall_at_3_std": 0.046418,
        "nauc_recall_at_3_diff1": -0.008519,
        "nauc_recall_at_5_max": 0.023617,
        "nauc_recall_at_5_std": 0.054268,
        "nauc_recall_at_5_diff1": -0.002198,
        "nauc_recall_at_10_max": 0.009139,
        "nauc_recall_at_10_std": 0.032145,
        "nauc_recall_at_10_diff1": -0.01011,
        "nauc_recall_at_20_max": 0.01878,
        "nauc_recall_at_20_std": 0.036534,
        "nauc_recall_at_20_diff1": -0.010799,
        "nauc_recall_at_100_max": 0.012941,
        "nauc_recall_at_100_std": 0.045691,
        "nauc_recall_at_100_diff1": -0.028696,
        "nauc_recall_at_1000_max": -0.236507,
        "nauc_recall_at_1000_std": 0.351432,
        "nauc_recall_at_1000_diff1": -0.206621,
        "nauc_precision_at_1_max": -0.018991,
        "nauc_precision_at_1_std": 0.033599,
        "nauc_precision_at_1_diff1": -0.017202,
        "nauc_precision_at_3_max": 0.01677,
        "nauc_precision_at_3_std": 0.046418,
        "nauc_precision_at_3_diff1": -0.008519,
        "nauc_precision_at_5_max": 0.023617,
        "nauc_precision_at_5_std": 0.054268,
        "nauc_precision_at_5_diff1": -0.002198,
        "nauc_precision_at_10_max": 0.009139,
        "nauc_precision_at_10_std": 0.032145,
        "nauc_precision_at_10_diff1": -0.01011,
        "nauc_precision_at_20_max": 0.01878,
        "nauc_precision_at_20_std": 0.036534,
        "nauc_precision_at_20_diff1": -0.010799,
        "nauc_precision_at_100_max": 0.012941,
        "nauc_precision_at_100_std": 0.045691,
        "nauc_precision_at_100_diff1": -0.028696,
        "nauc_precision_at_1000_max": -0.236507,
        "nauc_precision_at_1000_std": 0.351432,
        "nauc_precision_at_1000_diff1": -0.206621,
        "nauc_mrr_at_1_max": -0.018991,
        "nauc_mrr_at_1_std": 0.033599,
        "nauc_mrr_at_1_diff1": -0.017202,
        "nauc_mrr_at_3_max": 0.010544,
        "nauc_mrr_at_3_std": 0.04675,
        "nauc_mrr_at_3_diff1": -0.006439,
        "nauc_mrr_at_5_max": 0.016185,
        "nauc_mrr_at_5_std": 0.051357,
        "nauc_mrr_at_5_diff1": -0.002816,
        "nauc_mrr_at_10_max": 0.011066,
        "nauc_mrr_at_10_std": 0.041804,
        "nauc_mrr_at_10_diff1": -0.007028,
        "nauc_mrr_at_20_max": 0.014609,
        "nauc_mrr_at_20_std": 0.041166,
        "nauc_mrr_at_20_diff1": -0.008218,
        "nauc_mrr_at_100_max": 0.015167,
        "nauc_mrr_at_100_std": 0.040396,
        "nauc_mrr_at_100_diff1": -0.013211,
        "nauc_mrr_at_1000_max": 0.001409,
        "nauc_mrr_at_1000_std": 0.059135,
        "nauc_mrr_at_1000_diff1": -0.022222,
        "hit_rate_at_1": 0.00177,
        "hit_rate_at_3": 0.0055,
        "hit_rate_at_5": 0.00923,
        "hit_rate_at_10": 0.01906,
        "hit_rate_at_20": 0.03792,
        "hit_rate_at_100": 0.18291,
        "hit_rate_at_1000": 0.80707,
        "main_score": 0.00923,
        "hf_subset": "default",
        "languages": [
          "zxx-Zxxx"
        ],
        "mteb_version": "2.13.1"
      }
    ]
  },
  "evaluation_time": 2184.5689165592194,
  "kg_co2_emissions": null,
  "date": null
}