{
  "dataset_revision": "24a4541c4c461f5ff4f4af4e97ec820715281a06",
  "task_name": "VidoreTabfquadRetrieval",
  "mteb_version": "2.13.1",
  "scores": {
    "test": [
      {
        "ndcg_at_1": 0.26786,
        "ndcg_at_3": 0.3676,
        "ndcg_at_5": 0.39834,
        "ndcg_at_10": 0.43189,
        "ndcg_at_20": 0.45442,
        "ndcg_at_100": 0.51005,
        "ndcg_at_1000": 0.51005,
        "map_at_1": 0.26786,
        "map_at_3": 0.34286,
        "map_at_5": 0.35982,
        "map_at_10": 0.37372,
        "map_at_20": 0.37986,
        "map_at_100": 0.3879,
        "map_at_1000": 0.3879,
        "recall_at_1": 0.26786,
        "recall_at_3": 0.43929,
        "recall_at_5": 0.51429,
        "recall_at_10": 0.61786,
        "recall_at_20": 0.70714,
        "recall_at_100": 1.0,
        "recall_at_1000": 1.0,
        "accuracy": 0.26786,
        "precision_at_1": 0.26786,
        "precision_at_3": 0.14643,
        "precision_at_5": 0.10286,
        "precision_at_10": 0.06179,
        "precision_at_20": 0.03536,
        "precision_at_100": 0.01,
        "precision_at_1000": 0.001,
        "mrr_at_1": 0.267857,
        "mrr_at_3": 0.342857,
        "mrr_at_5": 0.359821,
        "mrr_at_10": 0.373717,
        "mrr_at_20": 0.379864,
        "mrr_at_100": 0.387895,
        "mrr_at_1000": 0.387895,
        "nauc_ndcg_at_1_max": 0.337285,
        "nauc_ndcg_at_1_std": 0.198421,
        "nauc_ndcg_at_1_diff1": 0.638963,
        "nauc_ndcg_at_3_max": 0.352376,
        "nauc_ndcg_at_3_std": 0.280174,
        "nauc_ndcg_at_3_diff1": 0.521019,
        "nauc_ndcg_at_5_max": 0.329034,
        "nauc_ndcg_at_5_std": 0.276613,
        "nauc_ndcg_at_5_diff1": 0.49535,
        "nauc_ndcg_at_10_max": 0.310879,
        "nauc_ndcg_at_10_std": 0.289994,
        "nauc_ndcg_at_10_diff1": 0.461914,
        "nauc_ndcg_at_20_max": 0.300651,
        "nauc_ndcg_at_20_std": 0.282413,
        "nauc_ndcg_at_20_diff1": 0.47361,
        "nauc_ndcg_at_100_max": 0.321785,
        "nauc_ndcg_at_100_std": 0.273094,
        "nauc_ndcg_at_100_diff1": 0.507713,
        "nauc_ndcg_at_1000_max": 0.321785,
        "nauc_ndcg_at_1000_std": 0.273094,
        "nauc_ndcg_at_1000_diff1": 0.507713,
        "nauc_map_at_1_max": 0.337285,
        "nauc_map_at_1_std": 0.198421,
        "nauc_map_at_1_diff1": 0.638963,
        "nauc_map_at_3_max": 0.349724,
        "nauc_map_at_3_std": 0.264263,
        "nauc_map_at_3_diff1": 0.546837,
        "nauc_map_at_5_max": 0.336205,
        "nauc_map_at_5_std": 0.261982,
        "nauc_map_at_5_diff1": 0.53276,
        "nauc_map_at_10_max": 0.327431,
        "nauc_map_at_10_std": 0.267249,
        "nauc_map_at_10_diff1": 0.519393,
        "nauc_map_at_20_max": 0.324481,
        "nauc_map_at_20_std": 0.26509,
        "nauc_map_at_20_diff1": 0.523063,
        "nauc_map_at_100_max": 0.328067,
        "nauc_map_at_100_std": 0.264166,
        "nauc_map_at_100_diff1": 0.527922,
        "nauc_map_at_1000_max": 0.328067,
        "nauc_map_at_1000_std": 0.264166,
        "nauc_map_at_1000_diff1": 0.527922,
        "nauc_recall_at_1_max": 0.337285,
        "nauc_recall_at_1_std": 0.198421,
        "nauc_recall_at_1_diff1": 0.638963,
        "nauc_recall_at_3_max": 0.35938,
        "nauc_recall_at_3_std": 0.322994,
        "nauc_recall_at_3_diff1": 0.450196,
        "nauc_recall_at_5_max": 0.305531,
        "nauc_recall_at_5_std": 0.316677,
        "nauc_recall_at_5_diff1": 0.385851,
        "nauc_recall_at_10_max": 0.250836,
        "nauc_recall_at_10_std": 0.366395,
        "nauc_recall_at_10_diff1": 0.262181,
        "nauc_recall_at_20_max": 0.193194,
        "nauc_recall_at_20_std": 0.343922,
        "nauc_recall_at_20_diff1": 0.279649,
        "nauc_recall_at_100_max": NaN,
        "nauc_recall_at_100_std": NaN,
        "nauc_recall_at_100_diff1": NaN,
        "nauc_recall_at_1000_max": NaN,
        "nauc_recall_at_1000_std": NaN,
        "nauc_recall_at_1000_diff1": NaN,
        "nauc_precision_at_1_max": 0.337285,
        "nauc_precision_at_1_std": 0.198421,
        "nauc_precision_at_1_diff1": 0.638963,
        "nauc_precision_at_3_max": 0.35938,
        "nauc_precision_at_3_std": 0.322994,
        "nauc_precision_at_3_diff1": 0.450196,
        "nauc_precision_at_5_max": 0.305531,
        "nauc_precision_at_5_std": 0.316677,
        "nauc_precision_at_5_diff1": 0.385851,
        "nauc_precision_at_10_max": 0.250836,
        "nauc_precision_at_10_std": 0.366395,
        "nauc_precision_at_10_diff1": 0.262181,
        "nauc_precision_at_20_max": 0.193194,
        "nauc_precision_at_20_std": 0.343922,
        "nauc_precision_at_20_diff1": 0.279649,
        "nauc_precision_at_100_max": 1.0,
        "nauc_precision_at_100_std": 1.0,
        "nauc_precision_at_100_diff1": 1.0,
        "nauc_precision_at_1000_max": NaN,
        "nauc_precision_at_1000_std": NaN,
        "nauc_precision_at_1000_diff1": NaN,
        "nauc_mrr_at_1_max": 0.337285,
        "nauc_mrr_at_1_std": 0.198421,
        "nauc_mrr_at_1_diff1": 0.638963,
        "nauc_mrr_at_3_max": 0.349724,
        "nauc_mrr_at_3_std": 0.264263,
        "nauc_mrr_at_3_diff1": 0.546837,
        "nauc_mrr_at_5_max": 0.336205,
        "nauc_mrr_at_5_std": 0.261982,
        "nauc_mrr_at_5_diff1": 0.53276,
        "nauc_mrr_at_10_max": 0.327431,
        "nauc_mrr_at_10_std": 0.267249,
        "nauc_mrr_at_10_diff1": 0.519393,
        "nauc_mrr_at_20_max": 0.324481,
        "nauc_mrr_at_20_std": 0.26509,
        "nauc_mrr_at_20_diff1": 0.523063,
        "nauc_mrr_at_100_max": 0.328067,
        "nauc_mrr_at_100_std": 0.264166,
        "nauc_mrr_at_100_diff1": 0.527922,
        "nauc_mrr_at_1000_max": 0.328067,
        "nauc_mrr_at_1000_std": 0.264166,
        "nauc_mrr_at_1000_diff1": 0.527922,
        "hit_rate_at_1": 0.26786,
        "hit_rate_at_3": 0.43929,
        "hit_rate_at_5": 0.51429,
        "hit_rate_at_10": 0.61786,
        "hit_rate_at_20": 0.70714,
        "hit_rate_at_100": 1.0,
        "hit_rate_at_1000": 1.0,
        "main_score": 0.39834,
        "hf_subset": "default",
        "languages": [
          "eng-Latn"
        ],
        "mteb_version": "2.13.1"
      }
    ]
  },
  "evaluation_time": 5.628079652786255,
  "kg_co2_emissions": null,
  "date": null
}