{
  "dataset_revision": "78e6f5ad3bbc1af50ae9c0f006f57462213269fb",
  "task_name": "VidoreShiftProjectRetrieval",
  "mteb_version": "2.13.1",
  "scores": {
    "test": [
      {
        "ndcg_at_1": 0.22,
        "ndcg_at_3": 0.29417,
        "ndcg_at_5": 0.32774,
        "ndcg_at_10": 0.38194,
        "ndcg_at_20": 0.39957,
        "ndcg_at_100": 0.44128,
        "ndcg_at_1000": 0.45451,
        "map_at_1": 0.22,
        "map_at_3": 0.275,
        "map_at_5": 0.294,
        "map_at_10": 0.31591,
        "map_at_20": 0.32071,
        "map_at_100": 0.32612,
        "map_at_1000": 0.32668,
        "recall_at_1": 0.22,
        "recall_at_3": 0.35,
        "recall_at_5": 0.43,
        "recall_at_10": 0.6,
        "recall_at_20": 0.67,
        "recall_at_100": 0.9,
        "recall_at_1000": 1.0,
        "accuracy": 0.22,
        "precision_at_1": 0.22,
        "precision_at_3": 0.11667,
        "precision_at_5": 0.086,
        "precision_at_10": 0.06,
        "precision_at_20": 0.0335,
        "precision_at_100": 0.009,
        "precision_at_1000": 0.001,
        "mrr_at_1": 0.22,
        "mrr_at_3": 0.275,
        "mrr_at_5": 0.294,
        "mrr_at_10": 0.315909,
        "mrr_at_20": 0.320708,
        "mrr_at_100": 0.326121,
        "mrr_at_1000": 0.326679,
        "nauc_ndcg_at_1_max": 0.204463,
        "nauc_ndcg_at_1_std": 0.238245,
        "nauc_ndcg_at_1_diff1": 0.370435,
        "nauc_ndcg_at_3_max": 0.228143,
        "nauc_ndcg_at_3_std": 0.211223,
        "nauc_ndcg_at_3_diff1": 0.311624,
        "nauc_ndcg_at_5_max": 0.250258,
        "nauc_ndcg_at_5_std": 0.218039,
        "nauc_ndcg_at_5_diff1": 0.307163,
        "nauc_ndcg_at_10_max": 0.254805,
        "nauc_ndcg_at_10_std": 0.232622,
        "nauc_ndcg_at_10_diff1": 0.25951,
        "nauc_ndcg_at_20_max": 0.238641,
        "nauc_ndcg_at_20_std": 0.219447,
        "nauc_ndcg_at_20_diff1": 0.262087,
        "nauc_ndcg_at_100_max": 0.232478,
        "nauc_ndcg_at_100_std": 0.217278,
        "nauc_ndcg_at_100_diff1": 0.26223,
        "nauc_ndcg_at_1000_max": 0.237659,
        "nauc_ndcg_at_1000_std": 0.224852,
        "nauc_ndcg_at_1000_diff1": 0.28184,
        "nauc_map_at_1_max": 0.204463,
        "nauc_map_at_1_std": 0.238245,
        "nauc_map_at_1_diff1": 0.370435,
        "nauc_map_at_3_max": 0.222143,
        "nauc_map_at_3_std": 0.220124,
        "nauc_map_at_3_diff1": 0.322379,
        "nauc_map_at_5_max": 0.234401,
        "nauc_map_at_5_std": 0.223214,
        "nauc_map_at_5_diff1": 0.320693,
        "nauc_map_at_10_max": 0.237276,
        "nauc_map_at_10_std": 0.230265,
        "nauc_map_at_10_diff1": 0.301727,
        "nauc_map_at_20_max": 0.232138,
        "nauc_map_at_20_std": 0.226082,
        "nauc_map_at_20_diff1": 0.303274,
        "nauc_map_at_100_max": 0.232316,
        "nauc_map_at_100_std": 0.226577,
        "nauc_map_at_100_diff1": 0.302775,
        "nauc_map_at_1000_max": 0.232509,
        "nauc_map_at_1000_std": 0.22697,
        "nauc_map_at_1000_diff1": 0.303578,
        "nauc_recall_at_1_max": 0.204463,
        "nauc_recall_at_1_std": 0.238245,
        "nauc_recall_at_1_diff1": 0.370435,
        "nauc_recall_at_3_max": 0.244301,
        "nauc_recall_at_3_std": 0.186565,
        "nauc_recall_at_3_diff1": 0.28404,
        "nauc_recall_at_5_max": 0.29547,
        "nauc_recall_at_5_std": 0.205161,
        "nauc_recall_at_5_diff1": 0.270942,
        "nauc_recall_at_10_max": 0.309246,
        "nauc_recall_at_10_std": 0.244019,
        "nauc_recall_at_10_diff1": 0.112778,
        "nauc_recall_at_20_max": 0.250394,
        "nauc_recall_at_20_std": 0.192159,
        "nauc_recall_at_20_diff1": 0.099575,
        "nauc_recall_at_100_max": 0.129552,
        "nauc_recall_at_100_std": 0.081046,
        "nauc_recall_at_100_diff1": -0.128618,
        "nauc_recall_at_1000_max": NaN,
        "nauc_recall_at_1000_std": NaN,
        "nauc_recall_at_1000_diff1": NaN,
        "nauc_precision_at_1_max": 0.204463,
        "nauc_precision_at_1_std": 0.238245,
        "nauc_precision_at_1_diff1": 0.370435,
        "nauc_precision_at_3_max": 0.244301,
        "nauc_precision_at_3_std": 0.186565,
        "nauc_precision_at_3_diff1": 0.28404,
        "nauc_precision_at_5_max": 0.29547,
        "nauc_precision_at_5_std": 0.205161,
        "nauc_precision_at_5_diff1": 0.270942,
        "nauc_precision_at_10_max": 0.309246,
        "nauc_precision_at_10_std": 0.244019,
        "nauc_precision_at_10_diff1": 0.112778,
        "nauc_precision_at_20_max": 0.250394,
        "nauc_precision_at_20_std": 0.192159,
        "nauc_precision_at_20_diff1": 0.099575,
        "nauc_precision_at_100_max": 0.129552,
        "nauc_precision_at_100_std": 0.081046,
        "nauc_precision_at_100_diff1": -0.128618,
        "nauc_precision_at_1000_max": NaN,
        "nauc_precision_at_1000_std": NaN,
        "nauc_precision_at_1000_diff1": NaN,
        "nauc_mrr_at_1_max": 0.204463,
        "nauc_mrr_at_1_std": 0.238245,
        "nauc_mrr_at_1_diff1": 0.370435,
        "nauc_mrr_at_3_max": 0.222143,
        "nauc_mrr_at_3_std": 0.220124,
        "nauc_mrr_at_3_diff1": 0.322379,
        "nauc_mrr_at_5_max": 0.234401,
        "nauc_mrr_at_5_std": 0.223214,
        "nauc_mrr_at_5_diff1": 0.320693,
        "nauc_mrr_at_10_max": 0.237276,
        "nauc_mrr_at_10_std": 0.230265,
        "nauc_mrr_at_10_diff1": 0.301727,
        "nauc_mrr_at_20_max": 0.232138,
        "nauc_mrr_at_20_std": 0.226082,
        "nauc_mrr_at_20_diff1": 0.303274,
        "nauc_mrr_at_100_max": 0.232316,
        "nauc_mrr_at_100_std": 0.226577,
        "nauc_mrr_at_100_diff1": 0.302775,
        "nauc_mrr_at_1000_max": 0.232509,
        "nauc_mrr_at_1000_std": 0.22697,
        "nauc_mrr_at_1000_diff1": 0.303578,
        "hit_rate_at_1": 0.22,
        "hit_rate_at_3": 0.35,
        "hit_rate_at_5": 0.43,
        "hit_rate_at_10": 0.6,
        "hit_rate_at_20": 0.67,
        "hit_rate_at_100": 0.9,
        "hit_rate_at_1000": 1.0,
        "main_score": 0.32774,
        "hf_subset": "default",
        "languages": [
          "eng-Latn"
        ],
        "mteb_version": "2.13.1"
      }
    ]
  },
  "evaluation_time": 81.20020651817322,
  "kg_co2_emissions": null,
  "date": null
}