{
  "dataset_revision": "12c5b7a81fc19d66f1844642acdb88e8ad79af16",
  "task_name": "VidoreSyntheticDocQAAIRetrieval",
  "mteb_version": "2.13.1",
  "scores": {
    "test": [
      {
        "ndcg_at_1": 0.64,
        "ndcg_at_3": 0.75702,
        "ndcg_at_5": 0.77381,
        "ndcg_at_10": 0.78409,
        "ndcg_at_20": 0.79973,
        "ndcg_at_100": 0.80386,
        "ndcg_at_1000": 0.80517,
        "map_at_1": 0.64,
        "map_at_3": 0.72833,
        "map_at_5": 0.73783,
        "map_at_10": 0.74242,
        "map_at_20": 0.74695,
        "map_at_100": 0.74768,
        "map_at_1000": 0.74773,
        "recall_at_1": 0.64,
        "recall_at_3": 0.84,
        "recall_at_5": 0.88,
        "recall_at_10": 0.91,
        "recall_at_20": 0.97,
        "recall_at_100": 0.99,
        "recall_at_1000": 1.0,
        "accuracy": 0.64,
        "precision_at_1": 0.64,
        "precision_at_3": 0.28,
        "precision_at_5": 0.176,
        "precision_at_10": 0.091,
        "precision_at_20": 0.0485,
        "precision_at_100": 0.0099,
        "precision_at_1000": 0.001,
        "mrr_at_1": 0.64,
        "mrr_at_3": 0.728333,
        "mrr_at_5": 0.737833,
        "mrr_at_10": 0.742417,
        "mrr_at_20": 0.746947,
        "mrr_at_100": 0.747679,
        "mrr_at_1000": 0.747729,
        "nauc_ndcg_at_1_max": 0.431616,
        "nauc_ndcg_at_1_std": -0.011097,
        "nauc_ndcg_at_1_diff1": 0.717876,
        "nauc_ndcg_at_3_max": 0.555323,
        "nauc_ndcg_at_3_std": 0.006506,
        "nauc_ndcg_at_3_diff1": 0.728246,
        "nauc_ndcg_at_5_max": 0.575996,
        "nauc_ndcg_at_5_std": 0.079506,
        "nauc_ndcg_at_5_diff1": 0.736269,
        "nauc_ndcg_at_10_max": 0.579338,
        "nauc_ndcg_at_10_std": 0.13233,
        "nauc_ndcg_at_10_diff1": 0.730929,
        "nauc_ndcg_at_20_max": 0.549457,
        "nauc_ndcg_at_20_std": 0.074035,
        "nauc_ndcg_at_20_diff1": 0.73106,
        "nauc_ndcg_at_100_max": 0.538354,
        "nauc_ndcg_at_100_std": 0.057097,
        "nauc_ndcg_at_100_diff1": 0.728096,
        "nauc_ndcg_at_1000_max": 0.534722,
        "nauc_ndcg_at_1000_std": 0.050707,
        "nauc_ndcg_at_1000_diff1": 0.726986,
        "nauc_map_at_1_max": 0.431616,
        "nauc_map_at_1_std": -0.011097,
        "nauc_map_at_1_diff1": 0.717876,
        "nauc_map_at_3_max": 0.519151,
        "nauc_map_at_3_std": -0.003822,
        "nauc_map_at_3_diff1": 0.723587,
        "nauc_map_at_5_max": 0.528459,
        "nauc_map_at_5_std": 0.031186,
        "nauc_map_at_5_diff1": 0.727919,
        "nauc_map_at_10_max": 0.528873,
        "nauc_map_at_10_std": 0.049515,
        "nauc_map_at_10_diff1": 0.725438,
        "nauc_map_at_20_max": 0.520988,
        "nauc_map_at_20_std": 0.034498,
        "nauc_map_at_20_diff1": 0.725102,
        "nauc_map_at_100_max": 0.519349,
        "nauc_map_at_100_std": 0.032141,
        "nauc_map_at_100_diff1": 0.724752,
        "nauc_map_at_1000_max": 0.519236,
        "nauc_map_at_1000_std": 0.031944,
        "nauc_map_at_1000_diff1": 0.724718,
        "nauc_recall_at_1_max": 0.431616,
        "nauc_recall_at_1_std": -0.011097,
        "nauc_recall_at_1_diff1": 0.717876,
        "nauc_recall_at_3_max": 0.713335,
        "nauc_recall_at_3_std": 0.055014,
        "nauc_recall_at_3_diff1": 0.749662,
        "nauc_recall_at_5_max": 0.839962,
        "nauc_recall_at_5_std": 0.368557,
        "nauc_recall_at_5_diff1": 0.784044,
        "nauc_recall_at_10_max": 0.940087,
        "nauc_recall_at_10_std": 0.78836,
        "nauc_recall_at_10_diff1": 0.769686,
        "nauc_recall_at_20_max": 1.0,
        "nauc_recall_at_20_std": 0.807812,
        "nauc_recall_at_20_diff1": 0.863834,
        "nauc_recall_at_100_max": 1.0,
        "nauc_recall_at_100_std": 0.869281,
        "nauc_recall_at_100_diff1": 0.869281,
        "nauc_recall_at_1000_max": NaN,
        "nauc_recall_at_1000_std": NaN,
        "nauc_recall_at_1000_diff1": NaN,
        "nauc_precision_at_1_max": 0.431616,
        "nauc_precision_at_1_std": -0.011097,
        "nauc_precision_at_1_diff1": 0.717876,
        "nauc_precision_at_3_max": 0.713335,
        "nauc_precision_at_3_std": 0.055014,
        "nauc_precision_at_3_diff1": 0.749662,
        "nauc_precision_at_5_max": 0.839962,
        "nauc_precision_at_5_std": 0.368557,
        "nauc_precision_at_5_diff1": 0.784044,
        "nauc_precision_at_10_max": 0.940087,
        "nauc_precision_at_10_std": 0.78836,
        "nauc_precision_at_10_diff1": 0.769686,
        "nauc_precision_at_20_max": 1.0,
        "nauc_precision_at_20_std": 0.807812,
        "nauc_precision_at_20_diff1": 0.863834,
        "nauc_precision_at_100_max": 1.0,
        "nauc_precision_at_100_std": 0.869281,
        "nauc_precision_at_100_diff1": 0.869281,
        "nauc_precision_at_1000_max": NaN,
        "nauc_precision_at_1000_std": NaN,
        "nauc_precision_at_1000_diff1": NaN,
        "nauc_mrr_at_1_max": 0.431616,
        "nauc_mrr_at_1_std": -0.011097,
        "nauc_mrr_at_1_diff1": 0.717876,
        "nauc_mrr_at_3_max": 0.519151,
        "nauc_mrr_at_3_std": -0.003822,
        "nauc_mrr_at_3_diff1": 0.723587,
        "nauc_mrr_at_5_max": 0.528459,
        "nauc_mrr_at_5_std": 0.031186,
        "nauc_mrr_at_5_diff1": 0.727919,
        "nauc_mrr_at_10_max": 0.528873,
        "nauc_mrr_at_10_std": 0.049515,
        "nauc_mrr_at_10_diff1": 0.725438,
        "nauc_mrr_at_20_max": 0.520988,
        "nauc_mrr_at_20_std": 0.034498,
        "nauc_mrr_at_20_diff1": 0.725102,
        "nauc_mrr_at_100_max": 0.519349,
        "nauc_mrr_at_100_std": 0.032141,
        "nauc_mrr_at_100_diff1": 0.724752,
        "nauc_mrr_at_1000_max": 0.519236,
        "nauc_mrr_at_1000_std": 0.031944,
        "nauc_mrr_at_1000_diff1": 0.724718,
        "hit_rate_at_1": 0.64,
        "hit_rate_at_3": 0.84,
        "hit_rate_at_5": 0.88,
        "hit_rate_at_10": 0.91,
        "hit_rate_at_20": 0.97,
        "hit_rate_at_100": 0.99,
        "hit_rate_at_1000": 1.0,
        "main_score": 0.77381,
        "hf_subset": "default",
        "languages": [
          "eng-Latn"
        ],
        "mteb_version": "2.13.1"
      }
    ]
  },
  "evaluation_time": 76.56363725662231,
  "kg_co2_emissions": null,
  "date": null
}