{
  "dataset_revision": "dc7924ec102addd7f85c1ccfdd8625848179f615",
  "task_name": "VidoreTatdqaRetrieval",
  "mteb_version": "2.13.1",
  "scores": {
    "test": [
      {
        "ndcg_at_1": 0.23086,
        "ndcg_at_3": 0.31562,
        "ndcg_at_5": 0.34562,
        "ndcg_at_10": 0.38079,
        "ndcg_at_20": 0.40887,
        "ndcg_at_100": 0.45267,
        "ndcg_at_1000": 0.46572,
        "map_at_1": 0.23026,
        "map_at_3": 0.2944,
        "map_at_5": 0.31093,
        "map_at_10": 0.32525,
        "map_at_20": 0.33305,
        "map_at_100": 0.33906,
        "map_at_1000": 0.33971,
        "recall_at_1": 0.23026,
        "recall_at_3": 0.37637,
        "recall_at_5": 0.44957,
        "recall_at_10": 0.5593,
        "recall_at_20": 0.66956,
        "recall_at_100": 0.90608,
        "recall_at_1000": 1.0,
        "accuracy": 0.23026,
        "precision_at_1": 0.23086,
        "precision_at_3": 0.12576,
        "precision_at_5": 0.09016,
        "precision_at_10": 0.05614,
        "precision_at_20": 0.0336,
        "precision_at_100": 0.00913,
        "precision_at_1000": 0.00101,
        "mrr_at_1": 0.230863,
        "mrr_at_3": 0.29516,
        "mrr_at_5": 0.311746,
        "mrr_at_10": 0.326063,
        "mrr_at_20": 0.333883,
        "mrr_at_100": 0.339828,
        "mrr_at_1000": 0.340462,
        "nauc_ndcg_at_1_max": 0.197786,
        "nauc_ndcg_at_1_std": 0.074739,
        "nauc_ndcg_at_1_diff1": 0.532523,
        "nauc_ndcg_at_3_max": 0.188484,
        "nauc_ndcg_at_3_std": 0.067058,
        "nauc_ndcg_at_3_diff1": 0.448487,
        "nauc_ndcg_at_5_max": 0.192697,
        "nauc_ndcg_at_5_std": 0.073724,
        "nauc_ndcg_at_5_diff1": 0.441298,
        "nauc_ndcg_at_10_max": 0.197351,
        "nauc_ndcg_at_10_std": 0.085958,
        "nauc_ndcg_at_10_diff1": 0.436992,
        "nauc_ndcg_at_20_max": 0.203586,
        "nauc_ndcg_at_20_std": 0.091397,
        "nauc_ndcg_at_20_diff1": 0.437663,
        "nauc_ndcg_at_100_max": 0.203172,
        "nauc_ndcg_at_100_std": 0.104,
        "nauc_ndcg_at_100_diff1": 0.446204,
        "nauc_ndcg_at_1000_max": 0.199929,
        "nauc_ndcg_at_1000_std": 0.089623,
        "nauc_ndcg_at_1000_diff1": 0.451265,
        "nauc_map_at_1_max": 0.198554,
        "nauc_map_at_1_std": 0.073814,
        "nauc_map_at_1_diff1": 0.533498,
        "nauc_map_at_3_max": 0.191125,
        "nauc_map_at_3_std": 0.068934,
        "nauc_map_at_3_diff1": 0.468979,
        "nauc_map_at_5_max": 0.193196,
        "nauc_map_at_5_std": 0.072465,
        "nauc_map_at_5_diff1": 0.464696,
        "nauc_map_at_10_max": 0.195122,
        "nauc_map_at_10_std": 0.078085,
        "nauc_map_at_10_diff1": 0.46251,
        "nauc_map_at_20_max": 0.197204,
        "nauc_map_at_20_std": 0.079826,
        "nauc_map_at_20_diff1": 0.462843,
        "nauc_map_at_100_max": 0.197391,
        "nauc_map_at_100_std": 0.081926,
        "nauc_map_at_100_diff1": 0.464073,
        "nauc_map_at_1000_max": 0.197289,
        "nauc_map_at_1000_std": 0.081326,
        "nauc_map_at_1000_diff1": 0.464306,
        "nauc_recall_at_1_max": 0.198554,
        "nauc_recall_at_1_std": 0.073814,
        "nauc_recall_at_1_diff1": 0.533498,
        "nauc_recall_at_3_max": 0.182268,
        "nauc_recall_at_3_std": 0.061318,
        "nauc_recall_at_3_diff1": 0.394378,
        "nauc_recall_at_5_max": 0.192387,
        "nauc_recall_at_5_std": 0.076876,
        "nauc_recall_at_5_diff1": 0.378448,
        "nauc_recall_at_10_max": 0.207846,
        "nauc_recall_at_10_std": 0.113111,
        "nauc_recall_at_10_diff1": 0.362922,
        "nauc_recall_at_20_max": 0.233968,
        "nauc_recall_at_20_std": 0.139475,
        "nauc_recall_at_20_diff1": 0.352662,
        "nauc_recall_at_100_max": 0.273671,
        "nauc_recall_at_100_std": 0.40511,
        "nauc_recall_at_100_diff1": 0.337427,
        "nauc_recall_at_1000_max": NaN,
        "nauc_recall_at_1000_std": NaN,
        "nauc_recall_at_1000_diff1": NaN,
        "nauc_precision_at_1_max": 0.197786,
        "nauc_precision_at_1_std": 0.074739,
        "nauc_precision_at_1_diff1": 0.532523,
        "nauc_precision_at_3_max": 0.180986,
        "nauc_precision_at_3_std": 0.061849,
        "nauc_precision_at_3_diff1": 0.393036,
        "nauc_precision_at_5_max": 0.192739,
        "nauc_precision_at_5_std": 0.078952,
        "nauc_precision_at_5_diff1": 0.376687,
        "nauc_precision_at_10_max": 0.207747,
        "nauc_precision_at_10_std": 0.11508,
        "nauc_precision_at_10_diff1": 0.35826,
        "nauc_precision_at_20_max": 0.233789,
        "nauc_precision_at_20_std": 0.14161,
        "nauc_precision_at_20_diff1": 0.346902,
        "nauc_precision_at_100_max": 0.223082,
        "nauc_precision_at_100_std": 0.347252,
        "nauc_precision_at_100_diff1": 0.262565,
        "nauc_precision_at_1000_max": -0.354378,
        "nauc_precision_at_1000_std": -0.321871,
        "nauc_precision_at_1000_diff1": -0.403732,
        "nauc_mrr_at_1_max": 0.197786,
        "nauc_mrr_at_1_std": 0.074739,
        "nauc_mrr_at_1_diff1": 0.532523,
        "nauc_mrr_at_3_max": 0.190009,
        "nauc_mrr_at_3_std": 0.069625,
        "nauc_mrr_at_3_diff1": 0.467648,
        "nauc_mrr_at_5_max": 0.1924,
        "nauc_mrr_at_5_std": 0.073475,
        "nauc_mrr_at_5_diff1": 0.463218,
        "nauc_mrr_at_10_max": 0.19351,
        "nauc_mrr_at_10_std": 0.078287,
        "nauc_mrr_at_10_diff1": 0.461112,
        "nauc_mrr_at_20_max": 0.195561,
        "nauc_mrr_at_20_std": 0.080012,
        "nauc_mrr_at_20_diff1": 0.461411,
        "nauc_mrr_at_100_max": 0.195778,
        "nauc_mrr_at_100_std": 0.082023,
        "nauc_mrr_at_100_diff1": 0.462741,
        "nauc_mrr_at_1000_max": 0.195713,
        "nauc_mrr_at_1000_std": 0.081467,
        "nauc_mrr_at_1000_diff1": 0.462992,
        "hit_rate_at_1": 0.23086,
        "hit_rate_at_3": 0.37728,
        "hit_rate_at_5": 0.45079,
        "hit_rate_at_10": 0.56075,
        "hit_rate_at_20": 0.67132,
        "hit_rate_at_100": 0.90644,
        "hit_rate_at_1000": 1.0,
        "main_score": 0.34562,
        "hf_subset": "default",
        "languages": [
          "eng-Latn"
        ],
        "mteb_version": "2.13.1"
      }
    ]
  },
  "evaluation_time": 32.14698100090027,
  "kg_co2_emissions": null,
  "date": null
}