{
  "dataset_revision": "e78cd130055fcb8d69bb0ff4115c4712a157f3d3",
  "task_name": "VidoreDocVQARetrieval",
  "mteb_version": "2.13.1",
  "scores": {
    "test": [
      {
        "ndcg_at_1": 0.23947,
        "ndcg_at_3": 0.31892,
        "ndcg_at_5": 0.32923,
        "ndcg_at_10": 0.35086,
        "ndcg_at_20": 0.37635,
        "ndcg_at_100": 0.41091,
        "ndcg_at_1000": 0.44381,
        "map_at_1": 0.23317,
        "map_at_3": 0.29555,
        "map_at_5": 0.30148,
        "map_at_10": 0.31067,
        "map_at_20": 0.31773,
        "map_at_100": 0.32238,
        "map_at_1000": 0.32373,
        "recall_at_1": 0.23317,
        "recall_at_3": 0.37737,
        "recall_at_5": 0.40397,
        "recall_at_10": 0.47012,
        "recall_at_20": 0.57005,
        "recall_at_100": 0.75567,
        "recall_at_1000": 1.0,
        "accuracy": 0.23317,
        "precision_at_1": 0.23947,
        "precision_at_3": 0.12934,
        "precision_at_5": 0.08337,
        "precision_at_10": 0.04878,
        "precision_at_20": 0.02971,
        "precision_at_100": 0.008,
        "precision_at_1000": 0.00111,
        "mrr_at_1": 0.239468,
        "mrr_at_3": 0.302661,
        "mrr_at_5": 0.309091,
        "mrr_at_10": 0.318131,
        "mrr_at_20": 0.325008,
        "mrr_at_100": 0.329538,
        "mrr_at_1000": 0.330714,
        "nauc_ndcg_at_1_max": 0.456246,
        "nauc_ndcg_at_1_std": 0.377527,
        "nauc_ndcg_at_1_diff1": 0.59035,
        "nauc_ndcg_at_3_max": 0.491046,
        "nauc_ndcg_at_3_std": 0.412502,
        "nauc_ndcg_at_3_diff1": 0.483391,
        "nauc_ndcg_at_5_max": 0.481701,
        "nauc_ndcg_at_5_std": 0.412881,
        "nauc_ndcg_at_5_diff1": 0.464995,
        "nauc_ndcg_at_10_max": 0.474747,
        "nauc_ndcg_at_10_std": 0.426024,
        "nauc_ndcg_at_10_diff1": 0.452999,
        "nauc_ndcg_at_20_max": 0.474101,
        "nauc_ndcg_at_20_std": 0.44014,
        "nauc_ndcg_at_20_diff1": 0.441641,
        "nauc_ndcg_at_100_max": 0.467557,
        "nauc_ndcg_at_100_std": 0.442342,
        "nauc_ndcg_at_100_diff1": 0.45059,
        "nauc_ndcg_at_1000_max": 0.472601,
        "nauc_ndcg_at_1000_std": 0.425151,
        "nauc_ndcg_at_1000_diff1": 0.466632,
        "nauc_map_at_1_max": 0.472879,
        "nauc_map_at_1_std": 0.389011,
        "nauc_map_at_1_diff1": 0.588022,
        "nauc_map_at_3_max": 0.490065,
        "nauc_map_at_3_std": 0.4092,
        "nauc_map_at_3_diff1": 0.504871,
        "nauc_map_at_5_max": 0.484062,
        "nauc_map_at_5_std": 0.40865,
        "nauc_map_at_5_diff1": 0.495286,
        "nauc_map_at_10_max": 0.479731,
        "nauc_map_at_10_std": 0.413577,
        "nauc_map_at_10_diff1": 0.489668,
        "nauc_map_at_20_max": 0.47999,
        "nauc_map_at_20_std": 0.4176,
        "nauc_map_at_20_diff1": 0.486791,
        "nauc_map_at_100_max": 0.479035,
        "nauc_map_at_100_std": 0.417928,
        "nauc_map_at_100_diff1": 0.48804,
        "nauc_map_at_1000_max": 0.479329,
        "nauc_map_at_1000_std": 0.417295,
        "nauc_map_at_1000_diff1": 0.488694,
        "nauc_recall_at_1_max": 0.472879,
        "nauc_recall_at_1_std": 0.389011,
        "nauc_recall_at_1_diff1": 0.588022,
        "nauc_recall_at_3_max": 0.515279,
        "nauc_recall_at_3_std": 0.438253,
        "nauc_recall_at_3_diff1": 0.417002,
        "nauc_recall_at_5_max": 0.487058,
        "nauc_recall_at_5_std": 0.432177,
        "nauc_recall_at_5_diff1": 0.376295,
        "nauc_recall_at_10_max": 0.468367,
        "nauc_recall_at_10_std": 0.470497,
        "nauc_recall_at_10_diff1": 0.344357,
        "nauc_recall_at_20_max": 0.461635,
        "nauc_recall_at_20_std": 0.529591,
        "nauc_recall_at_20_diff1": 0.288525,
        "nauc_recall_at_100_max": 0.408793,
        "nauc_recall_at_100_std": 0.590037,
        "nauc_recall_at_100_diff1": 0.286741,
        "nauc_recall_at_1000_max": NaN,
        "nauc_recall_at_1000_std": NaN,
        "nauc_recall_at_1000_diff1": NaN,
        "nauc_precision_at_1_max": 0.456246,
        "nauc_precision_at_1_std": 0.377527,
        "nauc_precision_at_1_diff1": 0.59035,
        "nauc_precision_at_3_max": 0.487655,
        "nauc_precision_at_3_std": 0.417813,
        "nauc_precision_at_3_diff1": 0.424259,
        "nauc_precision_at_5_max": 0.457047,
        "nauc_precision_at_5_std": 0.411446,
        "nauc_precision_at_5_diff1": 0.385187,
        "nauc_precision_at_10_max": 0.425931,
        "nauc_precision_at_10_std": 0.436625,
        "nauc_precision_at_10_diff1": 0.339872,
        "nauc_precision_at_20_max": 0.403319,
        "nauc_precision_at_20_std": 0.475474,
        "nauc_precision_at_20_diff1": 0.284175,
        "nauc_precision_at_100_max": 0.257866,
        "nauc_precision_at_100_std": 0.409502,
        "nauc_precision_at_100_diff1": 0.252491,
        "nauc_precision_at_1000_max": -0.274108,
        "nauc_precision_at_1000_std": -0.400695,
        "nauc_precision_at_1000_diff1": 0.075151,
        "nauc_mrr_at_1_max": 0.456246,
        "nauc_mrr_at_1_std": 0.377527,
        "nauc_mrr_at_1_diff1": 0.59035,
        "nauc_mrr_at_3_max": 0.473006,
        "nauc_mrr_at_3_std": 0.397745,
        "nauc_mrr_at_3_diff1": 0.507157,
        "nauc_mrr_at_5_max": 0.465749,
        "nauc_mrr_at_5_std": 0.396519,
        "nauc_mrr_at_5_diff1": 0.497457,
        "nauc_mrr_at_10_max": 0.46333,
        "nauc_mrr_at_10_std": 0.402039,
        "nauc_mrr_at_10_diff1": 0.491466,
        "nauc_mrr_at_20_max": 0.463347,
        "nauc_mrr_at_20_std": 0.405659,
        "nauc_mrr_at_20_diff1": 0.487933,
        "nauc_mrr_at_100_max": 0.46262,
        "nauc_mrr_at_100_std": 0.405696,
        "nauc_mrr_at_100_diff1": 0.489411,
        "nauc_mrr_at_1000_max": 0.462989,
        "nauc_mrr_at_1000_std": 0.405387,
        "nauc_mrr_at_1000_diff1": 0.489884,
        "hit_rate_at_1": 0.23947,
        "hit_rate_at_3": 0.38581,
        "hit_rate_at_5": 0.41463,
        "hit_rate_at_10": 0.48115,
        "hit_rate_at_20": 0.58093,
        "hit_rate_at_100": 0.76718,
        "hit_rate_at_1000": 1.0,
        "main_score": 0.32923,
        "hf_subset": "default",
        "languages": [
          "eng-Latn"
        ],
        "mteb_version": "2.13.1"
      }
    ]
  },
  "evaluation_time": 42.11204767227173,
  "kg_co2_emissions": null,
  "date": null
}