{
  "dataset_revision": "74d396242cc281c021eeb38d0ee5f6f30afc1fad",
  "task_name": "VidoreInfoVQARetrieval",
  "mteb_version": "2.13.1",
  "scores": {
    "test": [
      {
        "ndcg_at_1": 0.583,
        "ndcg_at_3": 0.66934,
        "ndcg_at_5": 0.69425,
        "ndcg_at_10": 0.71037,
        "ndcg_at_20": 0.72395,
        "ndcg_at_100": 0.73715,
        "ndcg_at_1000": 0.74178,
        "map_at_1": 0.583,
        "map_at_3": 0.64811,
        "map_at_5": 0.66188,
        "map_at_10": 0.66835,
        "map_at_20": 0.67204,
        "map_at_100": 0.67398,
        "map_at_1000": 0.67417,
        "recall_at_1": 0.583,
        "recall_at_3": 0.73077,
        "recall_at_5": 0.7915,
        "recall_at_10": 0.84211,
        "recall_at_20": 0.89575,
        "recall_at_100": 0.96498,
        "recall_at_1000": 1.0,
        "accuracy": 0.583,
        "precision_at_1": 0.583,
        "precision_at_3": 0.24359,
        "precision_at_5": 0.1583,
        "precision_at_10": 0.08441,
        "precision_at_20": 0.04494,
        "precision_at_100": 0.0097,
        "precision_at_1000": 0.00101,
        "mrr_at_1": 0.582996,
        "mrr_at_3": 0.648111,
        "mrr_at_5": 0.661876,
        "mrr_at_10": 0.668269,
        "mrr_at_20": 0.672024,
        "mrr_at_100": 0.673989,
        "mrr_at_1000": 0.674144,
        "nauc_ndcg_at_1_max": 0.441089,
        "nauc_ndcg_at_1_std": 0.006703,
        "nauc_ndcg_at_1_diff1": 0.771331,
        "nauc_ndcg_at_3_max": 0.43048,
        "nauc_ndcg_at_3_std": 0.010159,
        "nauc_ndcg_at_3_diff1": 0.72389,
        "nauc_ndcg_at_5_max": 0.437022,
        "nauc_ndcg_at_5_std": 0.040815,
        "nauc_ndcg_at_5_diff1": 0.721571,
        "nauc_ndcg_at_10_max": 0.441687,
        "nauc_ndcg_at_10_std": 0.048853,
        "nauc_ndcg_at_10_diff1": 0.720722,
        "nauc_ndcg_at_20_max": 0.440997,
        "nauc_ndcg_at_20_std": 0.062388,
        "nauc_ndcg_at_20_diff1": 0.72052,
        "nauc_ndcg_at_100_max": 0.42878,
        "nauc_ndcg_at_100_std": 0.059535,
        "nauc_ndcg_at_100_diff1": 0.727419,
        "nauc_ndcg_at_1000_max": 0.43813,
        "nauc_ndcg_at_1000_std": 0.044898,
        "nauc_ndcg_at_1000_diff1": 0.73027,
        "nauc_map_at_1_max": 0.441089,
        "nauc_map_at_1_std": 0.006703,
        "nauc_map_at_1_diff1": 0.771331,
        "nauc_map_at_3_max": 0.435023,
        "nauc_map_at_3_std": 0.009571,
        "nauc_map_at_3_diff1": 0.736753,
        "nauc_map_at_5_max": 0.438981,
        "nauc_map_at_5_std": 0.025695,
        "nauc_map_at_5_diff1": 0.736075,
        "nauc_map_at_10_max": 0.441139,
        "nauc_map_at_10_std": 0.028989,
        "nauc_map_at_10_diff1": 0.73605,
        "nauc_map_at_20_max": 0.440779,
        "nauc_map_at_20_std": 0.031869,
        "nauc_map_at_20_diff1": 0.736153,
        "nauc_map_at_100_max": 0.439633,
        "nauc_map_at_100_std": 0.031565,
        "nauc_map_at_100_diff1": 0.737123,
        "nauc_map_at_1000_max": 0.439937,
        "nauc_map_at_1000_std": 0.031103,
        "nauc_map_at_1000_diff1": 0.737194,
        "nauc_recall_at_1_max": 0.441089,
        "nauc_recall_at_1_std": 0.006703,
        "nauc_recall_at_1_diff1": 0.771331,
        "nauc_recall_at_3_max": 0.413912,
        "nauc_recall_at_3_std": 0.012021,
        "nauc_recall_at_3_diff1": 0.679322,
        "nauc_recall_at_5_max": 0.428536,
        "nauc_recall_at_5_std": 0.108223,
        "nauc_recall_at_5_diff1": 0.661501,
        "nauc_recall_at_10_max": 0.442888,
        "nauc_recall_at_10_std": 0.159519,
        "nauc_recall_at_10_diff1": 0.639637,
        "nauc_recall_at_20_max": 0.434362,
        "nauc_recall_at_20_std": 0.329894,
        "nauc_recall_at_20_diff1": 0.601236,
        "nauc_recall_at_100_max": -0.006372,
        "nauc_recall_at_100_std": 0.735209,
        "nauc_recall_at_100_diff1": 0.585642,
        "nauc_recall_at_1000_max": NaN,
        "nauc_recall_at_1000_std": NaN,
        "nauc_recall_at_1000_diff1": NaN,
        "nauc_precision_at_1_max": 0.441089,
        "nauc_precision_at_1_std": 0.006703,
        "nauc_precision_at_1_diff1": 0.771331,
        "nauc_precision_at_3_max": 0.413912,
        "nauc_precision_at_3_std": 0.012021,
        "nauc_precision_at_3_diff1": 0.679322,
        "nauc_precision_at_5_max": 0.428536,
        "nauc_precision_at_5_std": 0.108223,
        "nauc_precision_at_5_diff1": 0.661501,
        "nauc_precision_at_10_max": 0.455677,
        "nauc_precision_at_10_std": 0.171005,
        "nauc_precision_at_10_diff1": 0.623339,
        "nauc_precision_at_20_max": 0.473363,
        "nauc_precision_at_20_std": 0.342421,
        "nauc_precision_at_20_diff1": 0.580493,
        "nauc_precision_at_100_max": 0.101991,
        "nauc_precision_at_100_std": 0.73313,
        "nauc_precision_at_100_diff1": 0.514801,
        "nauc_precision_at_1000_max": 0.000925,
        "nauc_precision_at_1000_std": -0.284086,
        "nauc_precision_at_1000_diff1": -0.378347,
        "nauc_mrr_at_1_max": 0.441089,
        "nauc_mrr_at_1_std": 0.006703,
        "nauc_mrr_at_1_diff1": 0.771331,
        "nauc_mrr_at_3_max": 0.435023,
        "nauc_mrr_at_3_std": 0.009571,
        "nauc_mrr_at_3_diff1": 0.736753,
        "nauc_mrr_at_5_max": 0.438981,
        "nauc_mrr_at_5_std": 0.025695,
        "nauc_mrr_at_5_diff1": 0.736075,
        "nauc_mrr_at_10_max": 0.440524,
        "nauc_mrr_at_10_std": 0.02864,
        "nauc_mrr_at_10_diff1": 0.735928,
        "nauc_mrr_at_20_max": 0.440633,
        "nauc_mrr_at_20_std": 0.031494,
        "nauc_mrr_at_20_diff1": 0.736093,
        "nauc_mrr_at_100_max": 0.439449,
        "nauc_mrr_at_100_std": 0.031091,
        "nauc_mrr_at_100_diff1": 0.73706,
        "nauc_mrr_at_1000_max": 0.43974,
        "nauc_mrr_at_1000_std": 0.030714,
        "nauc_mrr_at_1000_diff1": 0.737133,
        "hit_rate_at_1": 0.583,
        "hit_rate_at_3": 0.73077,
        "hit_rate_at_5": 0.7915,
        "hit_rate_at_10": 0.84211,
        "hit_rate_at_20": 0.89676,
        "hit_rate_at_100": 0.96761,
        "hit_rate_at_1000": 1.0,
        "main_score": 0.69425,
        "hf_subset": "default",
        "languages": [
          "eng-Latn"
        ],
        "mteb_version": "2.13.1"
      }
    ]
  },
  "evaluation_time": 42.45543384552002,
  "kg_co2_emissions": null,
  "date": null
}