{
  "dataset_revision": "158d0c0ce9cdd4f292964393de7dd47dc3e87519",
  "task_name": "VisualNewsI2TRetrieval",
  "mteb_version": "2.13.1",
  "scores": {
    "test": [
      {
        "ndcg_at_1": 0.27355,
        "ndcg_at_3": 0.35628,
        "ndcg_at_5": 0.38395,
        "ndcg_at_10": 0.41051,
        "ndcg_at_20": 0.42955,
        "ndcg_at_100": 0.45633,
        "ndcg_at_1000": 0.47215,
        "map_at_1": 0.27355,
        "map_at_3": 0.3359,
        "map_at_5": 0.35126,
        "map_at_10": 0.36227,
        "map_at_20": 0.36755,
        "map_at_100": 0.37124,
        "map_at_1000": 0.37179,
        "recall_at_1": 0.27355,
        "recall_at_3": 0.41525,
        "recall_at_5": 0.4824,
        "recall_at_10": 0.5643,
        "recall_at_20": 0.6392,
        "recall_at_100": 0.7838,
        "recall_at_1000": 0.9109,
        "accuracy": 0.27355,
        "precision_at_1": 0.27355,
        "precision_at_3": 0.13842,
        "precision_at_5": 0.09648,
        "precision_at_10": 0.05643,
        "precision_at_20": 0.03196,
        "precision_at_100": 0.00784,
        "precision_at_1000": 0.00091,
        "mrr_at_1": 0.27355,
        "mrr_at_3": 0.3359,
        "mrr_at_5": 0.351265,
        "mrr_at_10": 0.362276,
        "mrr_at_20": 0.367552,
        "mrr_at_100": 0.371241,
        "mrr_at_1000": 0.371792,
        "nauc_ndcg_at_1_max": 0.265929,
        "nauc_ndcg_at_1_std": -0.01531,
        "nauc_ndcg_at_1_diff1": 0.531185,
        "nauc_ndcg_at_3_max": 0.275226,
        "nauc_ndcg_at_3_std": 0.011512,
        "nauc_ndcg_at_3_diff1": 0.459677,
        "nauc_ndcg_at_5_max": 0.2758,
        "nauc_ndcg_at_5_std": 0.023725,
        "nauc_ndcg_at_5_diff1": 0.445606,
        "nauc_ndcg_at_10_max": 0.279458,
        "nauc_ndcg_at_10_std": 0.041101,
        "nauc_ndcg_at_10_diff1": 0.43719,
        "nauc_ndcg_at_20_max": 0.282793,
        "nauc_ndcg_at_20_std": 0.054327,
        "nauc_ndcg_at_20_diff1": 0.434629,
        "nauc_ndcg_at_100_max": 0.286949,
        "nauc_ndcg_at_100_std": 0.066908,
        "nauc_ndcg_at_100_diff1": 0.436642,
        "nauc_ndcg_at_1000_max": 0.286291,
        "nauc_ndcg_at_1000_std": 0.061511,
        "nauc_ndcg_at_1000_diff1": 0.44135,
        "nauc_map_at_1_max": 0.265929,
        "nauc_map_at_1_std": -0.01531,
        "nauc_map_at_1_diff1": 0.531185,
        "nauc_map_at_3_max": 0.272894,
        "nauc_map_at_3_std": 0.005087,
        "nauc_map_at_3_diff1": 0.475995,
        "nauc_map_at_5_max": 0.273201,
        "nauc_map_at_5_std": 0.011847,
        "nauc_map_at_5_diff1": 0.468202,
        "nauc_map_at_10_max": 0.274651,
        "nauc_map_at_10_std": 0.018849,
        "nauc_map_at_10_diff1": 0.46499,
        "nauc_map_at_20_max": 0.275531,
        "nauc_map_at_20_std": 0.022377,
        "nauc_map_at_20_diff1": 0.464421,
        "nauc_map_at_100_max": 0.276038,
        "nauc_map_at_100_std": 0.023973,
        "nauc_map_at_100_diff1": 0.464783,
        "nauc_map_at_1000_max": 0.276028,
        "nauc_map_at_1000_std": 0.02386,
        "nauc_map_at_1000_diff1": 0.464955,
        "nauc_recall_at_1_max": 0.265929,
        "nauc_recall_at_1_std": -0.01531,
        "nauc_recall_at_1_diff1": 0.531185,
        "nauc_recall_at_3_max": 0.281733,
        "nauc_recall_at_3_std": 0.029331,
        "nauc_recall_at_3_diff1": 0.414729,
        "nauc_recall_at_5_max": 0.283257,
        "nauc_recall_at_5_std": 0.058956,
        "nauc_recall_at_5_diff1": 0.380245,
        "nauc_recall_at_10_max": 0.295625,
        "nauc_recall_at_10_std": 0.117148,
        "nauc_recall_at_10_diff1": 0.34823,
        "nauc_recall_at_20_max": 0.312158,
        "nauc_recall_at_20_std": 0.183598,
        "nauc_recall_at_20_diff1": 0.327009,
        "nauc_recall_at_100_max": 0.360441,
        "nauc_recall_at_100_std": 0.34648,
        "nauc_recall_at_100_diff1": 0.29516,
        "nauc_recall_at_1000_max": 0.427067,
        "nauc_recall_at_1000_std": 0.520939,
        "nauc_recall_at_1000_diff1": 0.249961,
        "nauc_precision_at_1_max": 0.265929,
        "nauc_precision_at_1_std": -0.01531,
        "nauc_precision_at_1_diff1": 0.531185,
        "nauc_precision_at_3_max": 0.281733,
        "nauc_precision_at_3_std": 0.029331,
        "nauc_precision_at_3_diff1": 0.414729,
        "nauc_precision_at_5_max": 0.283257,
        "nauc_precision_at_5_std": 0.058956,
        "nauc_precision_at_5_diff1": 0.380245,
        "nauc_precision_at_10_max": 0.295625,
        "nauc_precision_at_10_std": 0.117148,
        "nauc_precision_at_10_diff1": 0.34823,
        "nauc_precision_at_20_max": 0.312158,
        "nauc_precision_at_20_std": 0.183598,
        "nauc_precision_at_20_diff1": 0.327009,
        "nauc_precision_at_100_max": 0.360441,
        "nauc_precision_at_100_std": 0.34648,
        "nauc_precision_at_100_diff1": 0.29516,
        "nauc_precision_at_1000_max": 0.427067,
        "nauc_precision_at_1000_std": 0.520939,
        "nauc_precision_at_1000_diff1": 0.249961,
        "nauc_mrr_at_1_max": 0.265929,
        "nauc_mrr_at_1_std": -0.01531,
        "nauc_mrr_at_1_diff1": 0.531185,
        "nauc_mrr_at_3_max": 0.272894,
        "nauc_mrr_at_3_std": 0.005087,
        "nauc_mrr_at_3_diff1": 0.475995,
        "nauc_mrr_at_5_max": 0.273201,
        "nauc_mrr_at_5_std": 0.011847,
        "nauc_mrr_at_5_diff1": 0.468202,
        "nauc_mrr_at_10_max": 0.274655,
        "nauc_mrr_at_10_std": 0.018855,
        "nauc_mrr_at_10_diff1": 0.464988,
        "nauc_mrr_at_20_max": 0.275536,
        "nauc_mrr_at_20_std": 0.022384,
        "nauc_mrr_at_20_diff1": 0.464419,
        "nauc_mrr_at_100_max": 0.276042,
        "nauc_mrr_at_100_std": 0.023979,
        "nauc_mrr_at_100_diff1": 0.46478,
        "nauc_mrr_at_1000_max": 0.276032,
        "nauc_mrr_at_1000_std": 0.023866,
        "nauc_mrr_at_1000_diff1": 0.464953,
        "hit_rate_at_1": 0.27355,
        "hit_rate_at_3": 0.41525,
        "hit_rate_at_5": 0.4824,
        "hit_rate_at_10": 0.5643,
        "hit_rate_at_20": 0.6392,
        "hit_rate_at_100": 0.7838,
        "hit_rate_at_1000": 0.9109,
        "main_score": 0.41051,
        "hf_subset": "default",
        "languages": [
          "eng-Latn"
        ],
        "mteb_version": "2.13.1"
      }
    ]
  },
  "evaluation_time": 2965.8417127132416,
  "kg_co2_emissions": null,
  "date": null
}