{
  "dataset_revision": "cee84d52b243da575fa9ba71501a8433464a79a1",
  "task_name": "VQA2IT2TRetrieval",
  "mteb_version": "2.13.1",
  "scores": {
    "test": [
      {
        "ndcg_at_1": 0.00275,
        "ndcg_at_3": 0.00545,
        "ndcg_at_5": 0.00736,
        "ndcg_at_10": 0.0107,
        "ndcg_at_20": 0.01556,
        "ndcg_at_100": 0.03049,
        "ndcg_at_1000": 0.06161,
        "map_at_1": 0.00275,
        "map_at_3": 0.00474,
        "map_at_5": 0.0058,
        "map_at_10": 0.00715,
        "map_at_20": 0.00846,
        "map_at_100": 0.01036,
        "map_at_1000": 0.01122,
        "recall_at_1": 0.00275,
        "recall_at_3": 0.00753,
        "recall_at_5": 0.01217,
        "recall_at_10": 0.0226,
        "recall_at_20": 0.04202,
        "recall_at_100": 0.12505,
        "recall_at_1000": 0.38818,
        "accuracy": 0.00275,
        "precision_at_1": 0.00275,
        "precision_at_3": 0.00251,
        "precision_at_5": 0.00243,
        "precision_at_10": 0.00226,
        "precision_at_20": 0.0021,
        "precision_at_100": 0.00125,
        "precision_at_1000": 0.00039,
        "mrr_at_1": 0.002752,
        "mrr_at_3": 0.004744,
        "mrr_at_5": 0.005797,
        "mrr_at_10": 0.007152,
        "mrr_at_20": 0.008461,
        "mrr_at_100": 0.010356,
        "mrr_at_1000": 0.011218,
        "nauc_ndcg_at_1_max": -0.133483,
        "nauc_ndcg_at_1_std": -0.151999,
        "nauc_ndcg_at_1_diff1": 0.142628,
        "nauc_ndcg_at_3_max": -0.125924,
        "nauc_ndcg_at_3_std": -0.166671,
        "nauc_ndcg_at_3_diff1": 0.086435,
        "nauc_ndcg_at_5_max": -0.124097,
        "nauc_ndcg_at_5_std": -0.175915,
        "nauc_ndcg_at_5_diff1": 0.071315,
        "nauc_ndcg_at_10_max": -0.120415,
        "nauc_ndcg_at_10_std": -0.181214,
        "nauc_ndcg_at_10_diff1": 0.048028,
        "nauc_ndcg_at_20_max": -0.103334,
        "nauc_ndcg_at_20_std": -0.173751,
        "nauc_ndcg_at_20_diff1": 0.031507,
        "nauc_ndcg_at_100_max": -0.056807,
        "nauc_ndcg_at_100_std": -0.121277,
        "nauc_ndcg_at_100_diff1": 0.016638,
        "nauc_ndcg_at_1000_max": -0.052918,
        "nauc_ndcg_at_1000_std": -0.083354,
        "nauc_ndcg_at_1000_diff1": 0.009454,
        "nauc_map_at_1_max": -0.133483,
        "nauc_map_at_1_std": -0.151999,
        "nauc_map_at_1_diff1": 0.142628,
        "nauc_map_at_3_max": -0.127242,
        "nauc_map_at_3_std": -0.164434,
        "nauc_map_at_3_diff1": 0.0953,
        "nauc_map_at_5_max": -0.125844,
        "nauc_map_at_5_std": -0.171167,
        "nauc_map_at_5_diff1": 0.082876,
        "nauc_map_at_10_max": -0.123377,
        "nauc_map_at_10_std": -0.175381,
        "nauc_map_at_10_diff1": 0.066706,
        "nauc_map_at_20_max": -0.114933,
        "nauc_map_at_20_std": -0.172958,
        "nauc_map_at_20_diff1": 0.05543,
        "nauc_map_at_100_max": -0.09636,
        "nauc_map_at_100_std": -0.155832,
        "nauc_map_at_100_diff1": 0.046707,
        "nauc_map_at_1000_max": -0.094689,
        "nauc_map_at_1000_std": -0.150578,
        "nauc_map_at_1000_diff1": 0.044412,
        "nauc_recall_at_1_max": -0.133483,
        "nauc_recall_at_1_std": -0.151999,
        "nauc_recall_at_1_diff1": 0.142628,
        "nauc_recall_at_3_max": -0.123459,
        "nauc_recall_at_3_std": -0.170786,
        "nauc_recall_at_3_diff1": 0.070055,
        "nauc_recall_at_5_max": -0.121466,
        "nauc_recall_at_5_std": -0.183154,
        "nauc_recall_at_5_diff1": 0.054425,
        "nauc_recall_at_10_max": -0.117051,
        "nauc_recall_at_10_std": -0.187503,
        "nauc_recall_at_10_diff1": 0.02749,
        "nauc_recall_at_20_max": -0.092633,
        "nauc_recall_at_20_std": -0.172985,
        "nauc_recall_at_20_diff1": 0.012879,
        "nauc_recall_at_100_max": -0.034619,
        "nauc_recall_at_100_std": -0.098349,
        "nauc_recall_at_100_diff1": 0.002978,
        "nauc_recall_at_1000_max": -0.036236,
        "nauc_recall_at_1000_std": -0.044485,
        "nauc_recall_at_1000_diff1": -0.001977,
        "nauc_precision_at_1_max": -0.133483,
        "nauc_precision_at_1_std": -0.151999,
        "nauc_precision_at_1_diff1": 0.142628,
        "nauc_precision_at_3_max": -0.123459,
        "nauc_precision_at_3_std": -0.170786,
        "nauc_precision_at_3_diff1": 0.070055,
        "nauc_precision_at_5_max": -0.121466,
        "nauc_precision_at_5_std": -0.183154,
        "nauc_precision_at_5_diff1": 0.054425,
        "nauc_precision_at_10_max": -0.117051,
        "nauc_precision_at_10_std": -0.187503,
        "nauc_precision_at_10_diff1": 0.02749,
        "nauc_precision_at_20_max": -0.092633,
        "nauc_precision_at_20_std": -0.172985,
        "nauc_precision_at_20_diff1": 0.012879,
        "nauc_precision_at_100_max": -0.034619,
        "nauc_precision_at_100_std": -0.098349,
        "nauc_precision_at_100_diff1": 0.002978,
        "nauc_precision_at_1000_max": -0.036236,
        "nauc_precision_at_1000_std": -0.044485,
        "nauc_precision_at_1000_diff1": -0.001977,
        "nauc_mrr_at_1_max": -0.133483,
        "nauc_mrr_at_1_std": -0.151999,
        "nauc_mrr_at_1_diff1": 0.142628,
        "nauc_mrr_at_3_max": -0.127242,
        "nauc_mrr_at_3_std": -0.164434,
        "nauc_mrr_at_3_diff1": 0.0953,
        "nauc_mrr_at_5_max": -0.125844,
        "nauc_mrr_at_5_std": -0.171167,
        "nauc_mrr_at_5_diff1": 0.082876,
        "nauc_mrr_at_10_max": -0.123377,
        "nauc_mrr_at_10_std": -0.175381,
        "nauc_mrr_at_10_diff1": 0.066706,
        "nauc_mrr_at_20_max": -0.114933,
        "nauc_mrr_at_20_std": -0.172958,
        "nauc_mrr_at_20_diff1": 0.05543,
        "nauc_mrr_at_100_max": -0.09636,
        "nauc_mrr_at_100_std": -0.155832,
        "nauc_mrr_at_100_diff1": 0.046708,
        "nauc_mrr_at_1000_max": -0.094688,
        "nauc_mrr_at_1000_std": -0.150578,
        "nauc_mrr_at_1000_diff1": 0.044413,
        "hit_rate_at_1": 0.00275,
        "hit_rate_at_3": 0.00753,
        "hit_rate_at_5": 0.01217,
        "hit_rate_at_10": 0.0226,
        "hit_rate_at_20": 0.04202,
        "hit_rate_at_100": 0.12505,
        "hit_rate_at_1000": 0.38818,
        "main_score": 0.0107,
        "hf_subset": "default",
        "languages": [
          "eng-Latn"
        ],
        "mteb_version": "2.13.1"
      }
    ]
  },
  "evaluation_time": 12889.179052352905,
  "kg_co2_emissions": null,
  "date": null
}