{
  "dataset_revision": "8a9243d504a2039b3467abdef2208a127a5c0737",
  "task_name": "WebQAT2ITRetrieval",
  "mteb_version": "2.13.1",
  "scores": {
    "test": [
      {
        "ndcg_at_1": 0.37555,
        "ndcg_at_3": 0.42385,
        "ndcg_at_5": 0.45525,
        "ndcg_at_10": 0.48388,
        "ndcg_at_20": 0.51062,
        "ndcg_at_100": 0.54123,
        "ndcg_at_1000": 0.55498,
        "map_at_1": 0.30267,
        "map_at_3": 0.38574,
        "map_at_5": 0.40486,
        "map_at_10": 0.41782,
        "map_at_20": 0.42588,
        "map_at_100": 0.43112,
        "map_at_1000": 0.4318,
        "recall_at_1": 0.30267,
        "recall_at_3": 0.46854,
        "recall_at_5": 0.53744,
        "recall_at_10": 0.61748,
        "recall_at_20": 0.71227,
        "recall_at_100": 0.85623,
        "recall_at_1000": 0.95062,
        "accuracy": 0.30267,
        "precision_at_1": 0.37555,
        "precision_at_3": 0.20178,
        "precision_at_5": 0.14114,
        "precision_at_10": 0.08236,
        "precision_at_20": 0.04837,
        "precision_at_100": 0.01204,
        "precision_at_1000": 0.00136,
        "mrr_at_1": 0.377141,
        "mrr_at_3": 0.454932,
        "mrr_at_5": 0.471558,
        "mrr_at_10": 0.482557,
        "mrr_at_20": 0.489501,
        "mrr_at_100": 0.492515,
        "mrr_at_1000": 0.49278,
        "nauc_ndcg_at_1_max": 0.1804,
        "nauc_ndcg_at_1_std": -0.15821,
        "nauc_ndcg_at_1_diff1": 0.54926,
        "nauc_ndcg_at_3_max": 0.193502,
        "nauc_ndcg_at_3_std": -0.149492,
        "nauc_ndcg_at_3_diff1": 0.468073,
        "nauc_ndcg_at_5_max": 0.197997,
        "nauc_ndcg_at_5_std": -0.137141,
        "nauc_ndcg_at_5_diff1": 0.455658,
        "nauc_ndcg_at_10_max": 0.2088,
        "nauc_ndcg_at_10_std": -0.125248,
        "nauc_ndcg_at_10_diff1": 0.452926,
        "nauc_ndcg_at_20_max": 0.217189,
        "nauc_ndcg_at_20_std": -0.113164,
        "nauc_ndcg_at_20_diff1": 0.456279,
        "nauc_ndcg_at_100_max": 0.221239,
        "nauc_ndcg_at_100_std": -0.099994,
        "nauc_ndcg_at_100_diff1": 0.455364,
        "nauc_ndcg_at_1000_max": 0.217082,
        "nauc_ndcg_at_1000_std": -0.106554,
        "nauc_ndcg_at_1000_diff1": 0.461947,
        "nauc_map_at_1_max": 0.189282,
        "nauc_map_at_1_std": -0.145758,
        "nauc_map_at_1_diff1": 0.547058,
        "nauc_map_at_3_max": 0.192578,
        "nauc_map_at_3_std": -0.147653,
        "nauc_map_at_3_diff1": 0.484489,
        "nauc_map_at_5_max": 0.196553,
        "nauc_map_at_5_std": -0.13925,
        "nauc_map_at_5_diff1": 0.476819,
        "nauc_map_at_10_max": 0.200908,
        "nauc_map_at_10_std": -0.13505,
        "nauc_map_at_10_diff1": 0.475187,
        "nauc_map_at_20_max": 0.203204,
        "nauc_map_at_20_std": -0.131565,
        "nauc_map_at_20_diff1": 0.476316,
        "nauc_map_at_100_max": 0.203694,
        "nauc_map_at_100_std": -0.129732,
        "nauc_map_at_100_diff1": 0.476279,
        "nauc_map_at_1000_max": 0.203623,
        "nauc_map_at_1000_std": -0.129841,
        "nauc_map_at_1000_diff1": 0.476523,
        "nauc_recall_at_1_max": 0.189282,
        "nauc_recall_at_1_std": -0.145758,
        "nauc_recall_at_1_diff1": 0.547058,
        "nauc_recall_at_3_max": 0.192274,
        "nauc_recall_at_3_std": -0.136875,
        "nauc_recall_at_3_diff1": 0.393819,
        "nauc_recall_at_5_max": 0.200515,
        "nauc_recall_at_5_std": -0.106963,
        "nauc_recall_at_5_diff1": 0.361193,
        "nauc_recall_at_10_max": 0.23265,
        "nauc_recall_at_10_std": -0.063381,
        "nauc_recall_at_10_diff1": 0.33847,
        "nauc_recall_at_20_max": 0.271321,
        "nauc_recall_at_20_std": 0.007989,
        "nauc_recall_at_20_diff1": 0.319884,
        "nauc_recall_at_100_max": 0.363527,
        "nauc_recall_at_100_std": 0.233525,
        "nauc_recall_at_100_diff1": 0.216618,
        "nauc_recall_at_1000_max": 0.489174,
        "nauc_recall_at_1000_std": 0.484598,
        "nauc_recall_at_1000_diff1": 0.193372,
        "nauc_precision_at_1_max": 0.1804,
        "nauc_precision_at_1_std": -0.15821,
        "nauc_precision_at_1_diff1": 0.54926,
        "nauc_precision_at_3_max": 0.164718,
        "nauc_precision_at_3_std": -0.143735,
        "nauc_precision_at_3_diff1": 0.33866,
        "nauc_precision_at_5_max": 0.155325,
        "nauc_precision_at_5_std": -0.103303,
        "nauc_precision_at_5_diff1": 0.262921,
        "nauc_precision_at_10_max": 0.155644,
        "nauc_precision_at_10_std": -0.054093,
        "nauc_precision_at_10_diff1": 0.195268,
        "nauc_precision_at_20_max": 0.142315,
        "nauc_precision_at_20_std": 0.01046,
        "nauc_precision_at_20_diff1": 0.116143,
        "nauc_precision_at_100_max": 0.068523,
        "nauc_precision_at_100_std": 0.109864,
        "nauc_precision_at_100_diff1": -0.067385,
        "nauc_precision_at_1000_max": -0.021877,
        "nauc_precision_at_1000_std": 0.096719,
        "nauc_precision_at_1000_diff1": -0.158691,
        "nauc_mrr_at_1_max": 0.18577,
        "nauc_mrr_at_1_std": -0.152061,
        "nauc_mrr_at_1_diff1": 0.544402,
        "nauc_mrr_at_3_max": 0.188783,
        "nauc_mrr_at_3_std": -0.155744,
        "nauc_mrr_at_3_diff1": 0.490523,
        "nauc_mrr_at_5_max": 0.189456,
        "nauc_mrr_at_5_std": -0.150651,
        "nauc_mrr_at_5_diff1": 0.484167,
        "nauc_mrr_at_10_max": 0.193455,
        "nauc_mrr_at_10_std": -0.146044,
        "nauc_mrr_at_10_diff1": 0.485339,
        "nauc_mrr_at_20_max": 0.195865,
        "nauc_mrr_at_20_std": -0.144086,
        "nauc_mrr_at_20_diff1": 0.487362,
        "nauc_mrr_at_100_max": 0.196211,
        "nauc_mrr_at_100_std": -0.143011,
        "nauc_mrr_at_100_diff1": 0.487481,
        "nauc_mrr_at_1000_max": 0.196054,
        "nauc_mrr_at_1000_std": -0.143148,
        "nauc_mrr_at_1000_diff1": 0.487664,
        "hit_rate_at_1": 0.37555,
        "hit_rate_at_3": 0.55595,
        "hit_rate_at_5": 0.62764,
        "hit_rate_at_10": 0.71087,
        "hit_rate_at_20": 0.81004,
        "hit_rate_at_100": 0.92513,
        "hit_rate_at_1000": 0.97929,
        "main_score": 0.48388,
        "hf_subset": "default",
        "languages": [
          "eng-Latn"
        ],
        "mteb_version": "2.13.1"
      }
    ]
  },
  "evaluation_time": 22055.874995708466,
  "kg_co2_emissions": null,
  "date": null
}