{
  "dataset_revision": "bf110dabd08865a8aff2d40d03696984e76085e0",
  "task_name": "CovidQA",
  "mteb_version": "2.12.39",
  "scores": {
    "test": [
      {
        "ndcg_at_1": 0.56886,
        "ndcg_at_3": 0.68746,
        "ndcg_at_5": 0.71504,
        "ndcg_at_10": 0.74106,
        "ndcg_at_20": 0.75494,
        "ndcg_at_25": 0.75749,
        "ndcg_at_50": 0.76066,
        "ndcg_at_100": 0.76066,
        "ndcg_at_1000": 0.76066,
        "map_at_1": 0.56886,
        "map_at_3": 0.65872,
        "map_at_5": 0.67411,
        "map_at_10": 0.6849,
        "map_at_20": 0.68872,
        "map_at_25": 0.68923,
        "map_at_50": 0.68971,
        "map_at_100": 0.68971,
        "map_at_1000": 0.68971,
        "recall_at_1": 0.56886,
        "recall_at_3": 0.77048,
        "recall_at_5": 0.83708,
        "recall_at_10": 0.91719,
        "recall_at_20": 0.9721,
        "recall_at_25": 0.9838,
        "recall_at_50": 1.0,
        "recall_at_100": 1.0,
        "recall_at_1000": 1.0,
        "accuracy": 0.56886,
        "precision_at_1": 0.56886,
        "precision_at_3": 0.25683,
        "precision_at_5": 0.16742,
        "precision_at_10": 0.09172,
        "precision_at_20": 0.0486,
        "precision_at_25": 0.03935,
        "precision_at_50": 0.02,
        "precision_at_100": 0.01,
        "precision_at_1000": 0.001,
        "mrr_at_1": 0.568857,
        "mrr_at_3": 0.658716,
        "mrr_at_5": 0.674107,
        "mrr_at_10": 0.684905,
        "mrr_at_20": 0.688718,
        "mrr_at_25": 0.689227,
        "mrr_at_50": 0.689711,
        "mrr_at_100": 0.689711,
        "mrr_at_1000": 0.689711,
        "nauc_ndcg_at_1_max": 0.180949,
        "nauc_ndcg_at_1_std": 0.068942,
        "nauc_ndcg_at_1_diff1": 0.67554,
        "nauc_ndcg_at_3_max": 0.182426,
        "nauc_ndcg_at_3_std": 0.064867,
        "nauc_ndcg_at_3_diff1": 0.628564,
        "nauc_ndcg_at_5_max": 0.191965,
        "nauc_ndcg_at_5_std": 0.087967,
        "nauc_ndcg_at_5_diff1": 0.627104,
        "nauc_ndcg_at_10_max": 0.193137,
        "nauc_ndcg_at_10_std": 0.092188,
        "nauc_ndcg_at_10_diff1": 0.629158,
        "nauc_ndcg_at_20_max": 0.195249,
        "nauc_ndcg_at_20_std": 0.096116,
        "nauc_ndcg_at_20_diff1": 0.630576,
        "nauc_ndcg_at_25_max": 0.18861,
        "nauc_ndcg_at_25_std": 0.089764,
        "nauc_ndcg_at_25_diff1": 0.632795,
        "nauc_ndcg_at_50_max": 0.187905,
        "nauc_ndcg_at_50_std": 0.082253,
        "nauc_ndcg_at_50_diff1": 0.637898,
        "nauc_ndcg_at_100_max": 0.187905,
        "nauc_ndcg_at_100_std": 0.082253,
        "nauc_ndcg_at_100_diff1": 0.637898,
        "nauc_ndcg_at_1000_max": 0.187905,
        "nauc_ndcg_at_1000_std": 0.082253,
        "nauc_ndcg_at_1000_diff1": 0.637898,
        "nauc_map_at_1_max": 0.180949,
        "nauc_map_at_1_std": 0.068942,
        "nauc_map_at_1_diff1": 0.67554,
        "nauc_map_at_3_max": 0.182744,
        "nauc_map_at_3_std": 0.067449,
        "nauc_map_at_3_diff1": 0.640794,
        "nauc_map_at_5_max": 0.187569,
        "nauc_map_at_5_std": 0.079268,
        "nauc_map_at_5_diff1": 0.640268,
        "nauc_map_at_10_max": 0.187972,
        "nauc_map_at_10_std": 0.080928,
        "nauc_map_at_10_diff1": 0.641346,
        "nauc_map_at_20_max": 0.187829,
        "nauc_map_at_20_std": 0.081085,
        "nauc_map_at_20_diff1": 0.64169,
        "nauc_map_at_25_max": 0.186786,
        "nauc_map_at_25_std": 0.080071,
        "nauc_map_at_25_diff1": 0.642064,
        "nauc_map_at_50_max": 0.186703,
        "nauc_map_at_50_std": 0.079105,
        "nauc_map_at_50_diff1": 0.642678,
        "nauc_map_at_100_max": 0.186703,
        "nauc_map_at_100_std": 0.079105,
        "nauc_map_at_100_diff1": 0.642678,
        "nauc_map_at_1000_max": 0.186703,
        "nauc_map_at_1000_std": 0.079105,
        "nauc_map_at_1000_diff1": 0.642678,
        "nauc_recall_at_1_max": 0.180949,
        "nauc_recall_at_1_std": 0.068942,
        "nauc_recall_at_1_diff1": 0.67554,
        "nauc_recall_at_3_max": 0.180811,
        "nauc_recall_at_3_std": 0.054262,
        "nauc_recall_at_3_diff1": 0.582636,
        "nauc_recall_at_5_max": 0.21512,
        "nauc_recall_at_5_std": 0.134681,
        "nauc_recall_at_5_diff1": 0.563948,
        "nauc_recall_at_10_max": 0.241751,
        "nauc_recall_at_10_std": 0.199971,
        "nauc_recall_at_10_diff1": 0.52772,
        "nauc_recall_at_20_max": 0.431935,
        "nauc_recall_at_20_std": 0.558069,
        "nauc_recall_at_20_diff1": 0.378609,
        "nauc_recall_at_25_max": 0.23223,
        "nauc_recall_at_25_std": 0.536981,
        "nauc_recall_at_25_diff1": 0.319315,
        "nauc_recall_at_50_max": NaN,
        "nauc_recall_at_50_std": NaN,
        "nauc_recall_at_50_diff1": NaN,
        "nauc_recall_at_100_max": NaN,
        "nauc_recall_at_100_std": NaN,
        "nauc_recall_at_100_diff1": NaN,
        "nauc_recall_at_1000_max": NaN,
        "nauc_recall_at_1000_std": NaN,
        "nauc_recall_at_1000_diff1": NaN,
        "nauc_precision_at_1_max": 0.180949,
        "nauc_precision_at_1_std": 0.068942,
        "nauc_precision_at_1_diff1": 0.67554,
        "nauc_precision_at_3_max": 0.180811,
        "nauc_precision_at_3_std": 0.054262,
        "nauc_precision_at_3_diff1": 0.582636,
        "nauc_precision_at_5_max": 0.21512,
        "nauc_precision_at_5_std": 0.134681,
        "nauc_precision_at_5_diff1": 0.563948,
        "nauc_precision_at_10_max": 0.241751,
        "nauc_precision_at_10_std": 0.199971,
        "nauc_precision_at_10_diff1": 0.52772,
        "nauc_precision_at_20_max": 0.431935,
        "nauc_precision_at_20_std": 0.558069,
        "nauc_precision_at_20_diff1": 0.378609,
        "nauc_precision_at_25_max": 0.23223,
        "nauc_precision_at_25_std": 0.536981,
        "nauc_precision_at_25_diff1": 0.319315,
        "nauc_precision_at_50_max": 1.0,
        "nauc_precision_at_50_std": 1.0,
        "nauc_precision_at_50_diff1": 1.0,
        "nauc_precision_at_100_max": 1.0,
        "nauc_precision_at_100_std": 1.0,
        "nauc_precision_at_100_diff1": 1.0,
        "nauc_precision_at_1000_max": 1.0,
        "nauc_precision_at_1000_std": 1.0,
        "nauc_precision_at_1000_diff1": 1.0,
        "nauc_mrr_at_1_max": 0.180949,
        "nauc_mrr_at_1_std": 0.068942,
        "nauc_mrr_at_1_diff1": 0.67554,
        "nauc_mrr_at_3_max": 0.182744,
        "nauc_mrr_at_3_std": 0.067449,
        "nauc_mrr_at_3_diff1": 0.640794,
        "nauc_mrr_at_5_max": 0.187569,
        "nauc_mrr_at_5_std": 0.079268,
        "nauc_mrr_at_5_diff1": 0.640268,
        "nauc_mrr_at_10_max": 0.187972,
        "nauc_mrr_at_10_std": 0.080928,
        "nauc_mrr_at_10_diff1": 0.641346,
        "nauc_mrr_at_20_max": 0.187829,
        "nauc_mrr_at_20_std": 0.081085,
        "nauc_mrr_at_20_diff1": 0.64169,
        "nauc_mrr_at_25_max": 0.186786,
        "nauc_mrr_at_25_std": 0.080071,
        "nauc_mrr_at_25_diff1": 0.642064,
        "nauc_mrr_at_50_max": 0.186703,
        "nauc_mrr_at_50_std": 0.079105,
        "nauc_mrr_at_50_diff1": 0.642678,
        "nauc_mrr_at_100_max": 0.186703,
        "nauc_mrr_at_100_std": 0.079105,
        "nauc_mrr_at_100_diff1": 0.642678,
        "nauc_mrr_at_1000_max": 0.186703,
        "nauc_mrr_at_1000_std": 0.079105,
        "nauc_mrr_at_1000_diff1": 0.642678,
        "hit_rate_at_1": 0.56886,
        "hit_rate_at_3": 0.77048,
        "hit_rate_at_5": 0.83708,
        "hit_rate_at_10": 0.91719,
        "hit_rate_at_20": 0.9721,
        "hit_rate_at_25": 0.9838,
        "hit_rate_at_50": 1.0,
        "hit_rate_at_100": 1.0,
        "hit_rate_at_1000": 1.0,
        "R_cap_at_1": 0.568857,
        "R_cap_at_3": 0.770477,
        "R_cap_at_5": 0.837084,
        "R_cap_at_10": 0.917192,
        "R_cap_at_20": 0.972097,
        "R_cap_at_25": 0.983798,
        "R_cap_at_50": 1.0,
        "R_cap_at_100": 1.0,
        "R_cap_at_1000": 1.0,
        "main_score": 0.74106,
        "hf_subset": "Covid-QA",
        "languages": [
          "eng-Latn"
        ],