{
  "dataset_revision": "6757300d912abd580dda453bced37cb7f5b44c78",
  "task_name": "ESGReports",
  "mteb_version": "2.12.39",
  "scores": {
    "test": [
      {
        "ndcg_at_1": 0.22222,
        "ndcg_at_3": 0.2975,
        "ndcg_at_5": 0.32337,
        "ndcg_at_10": 0.36849,
        "ndcg_at_20": 0.4182,
        "ndcg_at_25": 0.42197,
        "ndcg_at_50": 0.474,
        "ndcg_at_100": 0.49474,
        "ndcg_at_1000": 0.49474,
        "map_at_1": 0.17778,
        "map_at_3": 0.24892,
        "map_at_5": 0.27438,
        "map_at_10": 0.29999,
        "map_at_20": 0.31579,
        "map_at_25": 0.31705,
        "map_at_50": 0.32834,
        "map_at_100": 0.33129,
        "map_at_1000": 0.33129,
        "recall_at_1": 0.17778,
        "recall_at_3": 0.31759,
        "recall_at_5": 0.39352,
        "recall_at_10": 0.51435,
        "recall_at_20": 0.66898,
        "recall_at_25": 0.68287,
        "recall_at_50": 0.89352,
        "recall_at_100": 1.0,
        "recall_at_1000": 1.0,
        "accuracy": 0.17778,
        "precision_at_1": 0.22222,
        "precision_at_3": 0.16667,
        "precision_at_5": 0.12778,
        "precision_at_10": 0.08611,
        "precision_at_20": 0.06111,
        "precision_at_25": 0.05,
        "precision_at_50": 0.03556,
        "precision_at_100": 0.02,
        "precision_at_1000": 0.002,
        "mrr_at_1": 0.222222,
        "mrr_at_3": 0.324074,
        "mrr_at_5": 0.337963,
        "mrr_at_10": 0.352811,
        "mrr_at_20": 0.367753,
        "mrr_at_25": 0.367753,
        "mrr_at_50": 0.371035,
        "mrr_at_100": 0.372293,
        "mrr_at_1000": 0.372293,
        "nauc_ndcg_at_1_max": 0.076289,
        "nauc_ndcg_at_1_std": -0.000328,
        "nauc_ndcg_at_1_diff1": 0.322684,
        "nauc_ndcg_at_3_max": 0.096511,
        "nauc_ndcg_at_3_std": -0.05795,
        "nauc_ndcg_at_3_diff1": 0.197228,
        "nauc_ndcg_at_5_max": 0.06526,
        "nauc_ndcg_at_5_std": -0.022297,
        "nauc_ndcg_at_5_diff1": 0.172417,
        "nauc_ndcg_at_10_max": 0.042909,
        "nauc_ndcg_at_10_std": -0.064102,
        "nauc_ndcg_at_10_diff1": 0.17273,
        "nauc_ndcg_at_20_max": 0.079661,
        "nauc_ndcg_at_20_std": -0.04515,
        "nauc_ndcg_at_20_diff1": 0.213812,
        "nauc_ndcg_at_25_max": 0.102391,
        "nauc_ndcg_at_25_std": -0.023505,
        "nauc_ndcg_at_25_diff1": 0.204408,
        "nauc_ndcg_at_50_max": 0.088902,
        "nauc_ndcg_at_50_std": 0.003996,
        "nauc_ndcg_at_50_diff1": 0.177738,
        "nauc_ndcg_at_100_max": 0.094478,
        "nauc_ndcg_at_100_std": -0.027347,
        "nauc_ndcg_at_100_diff1": 0.199816,
        "nauc_ndcg_at_1000_max": 0.094478,
        "nauc_ndcg_at_1000_std": -0.027347,
        "nauc_ndcg_at_1000_diff1": 0.199816,
        "nauc_map_at_1_max": 0.02853,
        "nauc_map_at_1_std": -0.014581,
        "nauc_map_at_1_diff1": 0.172557,
        "nauc_map_at_3_max": 0.039373,
        "nauc_map_at_3_std": -0.057863,
        "nauc_map_at_3_diff1": 0.154878,
        "nauc_map_at_5_max": 0.048313,
        "nauc_map_at_5_std": -0.026529,
        "nauc_map_at_5_diff1": 0.162853,
        "nauc_map_at_10_max": 0.053496,
        "nauc_map_at_10_std": -0.041084,
        "nauc_map_at_10_diff1": 0.171745,
        "nauc_map_at_20_max": 0.061454,
        "nauc_map_at_20_std": -0.035422,
        "nauc_map_at_20_diff1": 0.190819,
        "nauc_map_at_25_max": 0.068764,
        "nauc_map_at_25_std": -0.028404,
        "nauc_map_at_25_diff1": 0.187754,
        "nauc_map_at_50_max": 0.069994,
        "nauc_map_at_50_std": -0.024,
        "nauc_map_at_50_diff1": 0.185303,
        "nauc_map_at_100_max": 0.069483,
        "nauc_map_at_100_std": -0.029297,
        "nauc_map_at_100_diff1": 0.18516,
        "nauc_map_at_1000_max": 0.069483,
        "nauc_map_at_1000_std": -0.029297,
        "nauc_map_at_1000_diff1": 0.18516,
        "nauc_recall_at_1_max": 0.02853,
        "nauc_recall_at_1_std": -0.014581,
        "nauc_recall_at_1_diff1": 0.172557,
        "nauc_recall_at_3_max": 0.032926,
        "nauc_recall_at_3_std": -0.122354,
        "nauc_recall_at_3_diff1": 0.114046,
        "nauc_recall_at_5_max": -0.005024,
        "nauc_recall_at_5_std": -0.028807,
        "nauc_recall_at_5_diff1": 0.108745,
        "nauc_recall_at_10_max": -0.092516,
        "nauc_recall_at_10_std": -0.172011,
        "nauc_recall_at_10_diff1": 0.087138,
        "nauc_recall_at_20_max": 0.037012,
        "nauc_recall_at_20_std": -0.140601,
        "nauc_recall_at_20_diff1": 0.230497,
        "nauc_recall_at_25_max": 0.127437,
        "nauc_recall_at_25_std": -0.054149,
        "nauc_recall_at_25_diff1": 0.189861,
        "nauc_recall_at_50_max": -0.009694,
        "nauc_recall_at_50_std": 0.31869,
        "nauc_recall_at_50_diff1": -0.135613,
        "nauc_recall_at_100_max": NaN,
        "nauc_recall_at_100_std": NaN,
        "nauc_recall_at_100_diff1": NaN,
        "nauc_recall_at_1000_max": NaN,
        "nauc_recall_at_1000_std": NaN,
        "nauc_recall_at_1000_diff1": NaN,
        "nauc_precision_at_1_max": 0.076289,
        "nauc_precision_at_1_std": -0.000328,
        "nauc_precision_at_1_diff1": 0.322684,
        "nauc_precision_at_3_max": 0.245201,
        "nauc_precision_at_3_std": -0.006338,
        "nauc_precision_at_3_diff1": 0.186188,
        "nauc_precision_at_5_max": 0.230301,
        "nauc_precision_at_5_std": 0.050648,
        "nauc_precision_at_5_diff1": 0.204473,
        "nauc_precision_at_10_max": 0.225841,
        "nauc_precision_at_10_std": 0.047819,
        "nauc_precision_at_10_diff1": 0.268173,
        "nauc_precision_at_20_max": 0.198998,
        "nauc_precision_at_20_std": 0.099156,
        "nauc_precision_at_20_diff1": 0.279159,
        "nauc_precision_at_25_max": 0.252013,
        "nauc_precision_at_25_std": 0.154051,
        "nauc_precision_at_25_diff1": 0.244891,
        "nauc_precision_at_50_max": 0.145612,
        "nauc_precision_at_50_std": 0.122385,
        "nauc_precision_at_50_diff1": 0.080534,
        "nauc_precision_at_100_max": 0.124633,
        "nauc_precision_at_100_std": 0.01996,
        "nauc_precision_at_100_diff1": 0.072284,
        "nauc_precision_at_1000_max": 0.124633,
        "nauc_precision_at_1000_std": 0.01996,
        "nauc_precision_at_1000_diff1": 0.072284,
        "nauc_mrr_at_1_max": 0.076289,
        "nauc_mrr_at_1_std": -0.000328,
        "nauc_mrr_at_1_diff1": 0.322684,
        "nauc_mrr_at_3_max": 0.152528,
        "nauc_mrr_at_3_std": -0.034472,
        "nauc_mrr_at_3_diff1": 0.268464,
        "nauc_mrr_at_5_max": 0.132357,
        "nauc_mrr_at_5_std": -0.010841,
        "nauc_mrr_at_5_diff1": 0.266038,
        "nauc_mrr_at_10_max": 0.12415,
        "nauc_mrr_at_10_std": -0.016726,
        "nauc_mrr_at_10_diff1": 0.262127,
        "nauc_mrr_at_20_max": 0.134902,
        "nauc_mrr_at_20_std": -0.016978,
        "nauc_mrr_at_20_diff1": 0.264806,
        "nauc_mrr_at_25_max": 0.134902,
        "nauc_mrr_at_25_std": -0.016978,
        "nauc_mrr_at_25_diff1": 0.264806,
        "nauc_mrr_at_50_max": 0.131209,
        "nauc_mrr_at_50_std": -0.014696,
        "nauc_mrr_at_50_diff1": 0.262379,
        "nauc_mrr_at_100_max": 0.131928,
        "nauc_mrr_at_100_std": -0.015674,
        "nauc_mrr_at_100_diff1": 0.265739,
        "nauc_mrr_at_1000_max": 0.131928,
        "nauc_mrr_at_1000_std": -0.015674,
        "nauc_mrr_at_1000_diff1": 0.265739,
        "hit_rate_at_1": 0.22222,
        "hit_rate_at_3": 0.44444,
        "hit_rate_at_5": 0.5,
        "hit_rate_at_10": 0.61111,
        "hit_rate_at_20": 0.80556,
        "hit_rate_at_25": 0.80556,
        "hit_rate_at_50": 0.91667,
        "hit_rate_at_100": 1.0,
        "hit_rate_at_1000": 1.0,
        "R_cap_at_1": 0.222222,
        "R_cap_at_3": 0.333333,
        "R_cap_at_5": 0.394444,
        "R_cap_at_10": 0.514352,
        "R_cap_at_20": 0.668981,
        "R_cap_at_25": 0.68287,
        "R_cap_at_50": 0.893519,
        "R_cap_at_100": 1.0,
        "R_cap_at_1000": 1.0,
        "main_score": 0.36849,