{
  "dataset_revision": "432cf48c879c2de792720d5c0af6900312ebe7b6",
  "task_name": "LMEB_SciFact",
  "mteb_version": "2.12.39",
  "scores": {
    "test": [
      {
        "ndcg_at_1": 0.67021,
        "ndcg_at_3": 0.70969,
        "ndcg_at_5": 0.74978,
        "ndcg_at_10": 0.80065,
        "ndcg_at_20": 0.80981,
        "ndcg_at_25": 0.81099,
        "ndcg_at_50": 0.81387,
        "ndcg_at_100": 0.81387,
        "ndcg_at_1000": 0.81387,
        "map_at_1": 0.45927,
        "map_at_3": 0.63086,
        "map_at_5": 0.67508,
        "map_at_10": 0.71638,
        "map_at_20": 0.72266,
        "map_at_25": 0.72336,
        "map_at_50": 0.72414,
        "map_at_100": 0.72414,
        "map_at_1000": 0.72414,
        "recall_at_1": 0.45927,
        "recall_at_3": 0.72812,
        "recall_at_5": 0.83406,
        "recall_at_10": 0.95992,
        "recall_at_20": 0.98439,
        "recall_at_25": 0.98794,
        "recall_at_50": 1.0,
        "recall_at_100": 1.0,
        "recall_at_1000": 1.0,
        "accuracy": 0.45927,
        "precision_at_1": 0.67021,
        "precision_at_3": 0.40426,
        "precision_at_5": 0.29468,
        "precision_at_10": 0.18138,
        "precision_at_20": 0.09521,
        "precision_at_25": 0.07681,
        "precision_at_50": 0.03894,
        "precision_at_100": 0.01947,
        "precision_at_1000": 0.00195,
        "mrr_at_1": 0.670213,
        "mrr_at_3": 0.766844,
        "mrr_at_5": 0.779876,
        "mrr_at_10": 0.785615,
        "mrr_at_20": 0.786024,
        "mrr_at_25": 0.786024,
        "mrr_at_50": 0.786168,
        "mrr_at_100": 0.786168,
        "mrr_at_1000": 0.786168,
        "nauc_ndcg_at_1_max": 0.151795,
        "nauc_ndcg_at_1_std": -0.120551,
        "nauc_ndcg_at_1_diff1": 0.469692,
        "nauc_ndcg_at_3_max": 0.087185,
        "nauc_ndcg_at_3_std": -0.184217,
        "nauc_ndcg_at_3_diff1": 0.491294,
        "nauc_ndcg_at_5_max": 0.136538,
        "nauc_ndcg_at_5_std": -0.21806,
        "nauc_ndcg_at_5_diff1": 0.493514,
        "nauc_ndcg_at_10_max": 0.162499,
        "nauc_ndcg_at_10_std": -0.197239,
        "nauc_ndcg_at_10_diff1": 0.450644,
        "nauc_ndcg_at_20_max": 0.173379,
        "nauc_ndcg_at_20_std": -0.152413,
        "nauc_ndcg_at_20_diff1": 0.45045,
        "nauc_ndcg_at_25_max": 0.166972,
        "nauc_ndcg_at_25_std": -0.139754,
        "nauc_ndcg_at_25_diff1": 0.450343,
        "nauc_ndcg_at_50_max": 0.159167,
        "nauc_ndcg_at_50_std": -0.139051,
        "nauc_ndcg_at_50_diff1": 0.462176,
        "nauc_ndcg_at_100_max": 0.159167,
        "nauc_ndcg_at_100_std": -0.139051,
        "nauc_ndcg_at_100_diff1": 0.462176,
        "nauc_ndcg_at_1000_max": 0.159167,
        "nauc_ndcg_at_1000_std": -0.139051,
        "nauc_ndcg_at_1000_diff1": 0.462176,
        "nauc_map_at_1_max": 0.054456,
        "nauc_map_at_1_std": -0.20163,
        "nauc_map_at_1_diff1": 0.554408,
        "nauc_map_at_3_max": 0.073026,
        "nauc_map_at_3_std": -0.231375,
        "nauc_map_at_3_diff1": 0.518157,
        "nauc_map_at_5_max": 0.104972,
        "nauc_map_at_5_std": -0.226363,
        "nauc_map_at_5_diff1": 0.508961,
        "nauc_map_at_10_max": 0.120432,
        "nauc_map_at_10_std": -0.203779,
        "nauc_map_at_10_diff1": 0.483053,
        "nauc_map_at_20_max": 0.125668,
        "nauc_map_at_20_std": -0.178251,
        "nauc_map_at_20_diff1": 0.481398,
        "nauc_map_at_25_max": 0.122909,
        "nauc_map_at_25_std": -0.172919,
        "nauc_map_at_25_diff1": 0.481219,
        "nauc_map_at_50_max": 0.122424,
        "nauc_map_at_50_std": -0.170979,
        "nauc_map_at_50_diff1": 0.482026,
        "nauc_map_at_100_max": 0.122424,
        "nauc_map_at_100_std": -0.170979,
        "nauc_map_at_100_diff1": 0.482026,
        "nauc_map_at_1000_max": 0.122424,
        "nauc_map_at_1000_std": -0.170979,
        "nauc_map_at_1000_diff1": 0.482026,
        "nauc_recall_at_1_max": 0.054456,
        "nauc_recall_at_1_std": -0.20163,
        "nauc_recall_at_1_diff1": 0.554408,
        "nauc_recall_at_3_max": 0.01063,
        "nauc_recall_at_3_std": -0.327846,
        "nauc_recall_at_3_diff1": 0.502951,
        "nauc_recall_at_5_max": 0.103955,
        "nauc_recall_at_5_std": -0.421404,
        "nauc_recall_at_5_diff1": 0.44317,
        "nauc_recall_at_10_max": 0.292948,
        "nauc_recall_at_10_std": -0.647869,
        "nauc_recall_at_10_diff1": 0.080977,
        "nauc_recall_at_20_max": 0.743225,
        "nauc_recall_at_20_std": -0.334961,
        "nauc_recall_at_20_diff1": -0.259332,
        "nauc_recall_at_25_max": 0.677361,
        "nauc_recall_at_25_std": 0.07538,
        "nauc_recall_at_25_diff1": -0.440918,
        "nauc_recall_at_50_max": NaN,
        "nauc_recall_at_50_std": NaN,
        "nauc_recall_at_50_diff1": NaN,
        "nauc_recall_at_100_max": NaN,
        "nauc_recall_at_100_std": NaN,
        "nauc_recall_at_100_diff1": NaN,
        "nauc_recall_at_1000_max": NaN,
        "nauc_recall_at_1000_std": NaN,
        "nauc_recall_at_1000_diff1": NaN,
        "nauc_precision_at_1_max": 0.151795,
        "nauc_precision_at_1_std": -0.120551,
        "nauc_precision_at_1_diff1": 0.469692,
        "nauc_precision_at_3_max": 0.146148,
        "nauc_precision_at_3_std": 0.104233,
        "nauc_precision_at_3_diff1": -0.075751,
        "nauc_precision_at_5_max": 0.14359,
        "nauc_precision_at_5_std": 0.17912,
        "nauc_precision_at_5_diff1": -0.220326,
        "nauc_precision_at_10_max": 0.118867,
        "nauc_precision_at_10_std": 0.28807,
        "nauc_precision_at_10_diff1": -0.337412,
        "nauc_precision_at_20_max": 0.111348,
        "nauc_precision_at_20_std": 0.365929,
        "nauc_precision_at_20_diff1": -0.343198,
        "nauc_precision_at_25_max": 0.095131,
        "nauc_precision_at_25_std": 0.386635,
        "nauc_precision_at_25_diff1": -0.342829,
        "nauc_precision_at_50_max": 0.090686,
        "nauc_precision_at_50_std": 0.398677,
        "nauc_precision_at_50_diff1": -0.342358,
        "nauc_precision_at_100_max": 0.090686,
        "nauc_precision_at_100_std": 0.398677,
        "nauc_precision_at_100_diff1": -0.342358,
        "nauc_precision_at_1000_max": 0.090686,
        "nauc_precision_at_1000_std": 0.398677,
        "nauc_precision_at_1000_diff1": -0.342358,
        "nauc_mrr_at_1_max": 0.151795,
        "nauc_mrr_at_1_std": -0.120551,
        "nauc_mrr_at_1_diff1": 0.469692,
        "nauc_mrr_at_3_max": 0.193535,
        "nauc_mrr_at_3_std": -0.127853,
        "nauc_mrr_at_3_diff1": 0.472527,
        "nauc_mrr_at_5_max": 0.194455,
        "nauc_mrr_at_5_std": -0.141137,
        "nauc_mrr_at_5_diff1": 0.460757,
        "nauc_mrr_at_10_max": 0.189933,
        "nauc_mrr_at_10_std": -0.130395,
        "nauc_mrr_at_10_diff1": 0.454334,
        "nauc_mrr_at_20_max": 0.189128,
        "nauc_mrr_at_20_std": -0.126854,
        "nauc_mrr_at_20_diff1": 0.455066,
        "nauc_mrr_at_25_max": 0.189128,
        "nauc_mrr_at_25_std": -0.126854,
        "nauc_mrr_at_25_diff1": 0.455066,
        "nauc_mrr_at_50_max": 0.188497,
        "nauc_mrr_at_50_std": -0.127731,
        "nauc_mrr_at_50_diff1": 0.456767,
        "nauc_mrr_at_100_max": 0.188497,
        "nauc_mrr_at_100_std": -0.127731,
        "nauc_mrr_at_100_diff1": 0.456767,
        "nauc_mrr_at_1000_max": 0.188497,
        "nauc_mrr_at_1000_std": -0.127731,
        "nauc_mrr_at_1000_diff1": 0.456767,
        "hit_rate_at_1": 0.67021,
        "hit_rate_at_3": 0.8883,
        "hit_rate_at_5": 0.94681,
        "hit_rate_at_10": 0.98936,
        "hit_rate_at_20": 0.99468,
        "hit_rate_at_25": 0.99468,
        "hit_rate_at_50": 1.0,
        "hit_rate_at_100": 1.0,
        "hit_rate_at_1000": 1.0,
        "R_cap_at_1": 0.670213,
        "R_cap_at_3": 0.754433,
        "R_cap_at_5": 0.84016,
        "R_cap_at_10": 0.960537,
        "R_cap_at_20": 0.984391,
        "R_cap_at_25": 0.987937,
        "R_cap_at_50": 1.0,
        "R_cap_at_100": 1.0,
        "R_cap_at_1000": 1.0,
        "main_score": 0.80065,