{
  "dataset_revision": "ebc723b2474ef92d098a47e8f131aa7d3542b7b0",
  "task_name": "LMEBMLDR",
  "mteb_version": "2.12.39",
  "scores": {
    "test": [
      {
        "ndcg_at_1": 0.57,
        "ndcg_at_3": 0.70095,
        "ndcg_at_5": 0.7427,
        "ndcg_at_10": 0.76266,
        "ndcg_at_20": 0.77543,
        "ndcg_at_25": 0.77543,
        "ndcg_at_50": 0.77543,
        "ndcg_at_100": 0.77543,
        "ndcg_at_1000": 0.77543,
        "map_at_1": 0.57,
        "map_at_3": 0.67,
        "map_at_5": 0.6935,
        "map_at_10": 0.70205,
        "map_at_20": 0.70563,
        "map_at_25": 0.70563,
        "map_at_50": 0.70563,
        "map_at_100": 0.70563,
        "map_at_1000": 0.70563,
        "recall_at_1": 0.57,
        "recall_at_3": 0.79,
        "recall_at_5": 0.89,
        "recall_at_10": 0.95,
        "recall_at_20": 1.0,
        "recall_at_25": 1.0,
        "recall_at_50": 1.0,
        "recall_at_100": 1.0,
        "recall_at_1000": 1.0,
        "accuracy": 0.57,
        "precision_at_1": 0.57,
        "precision_at_3": 0.26333,
        "precision_at_5": 0.178,
        "precision_at_10": 0.095,
        "precision_at_20": 0.05,
        "precision_at_25": 0.04,
        "precision_at_50": 0.02,
        "precision_at_100": 0.01,
        "precision_at_1000": 0.001,
        "mrr_at_1": 0.57,
        "mrr_at_3": 0.67,
        "mrr_at_5": 0.6935,
        "mrr_at_10": 0.702052,
        "mrr_at_20": 0.705633,
        "mrr_at_25": 0.705633,
        "mrr_at_50": 0.705633,
        "mrr_at_100": 0.705633,
        "mrr_at_1000": 0.705633,
        "nauc_ndcg_at_1_max": 0.240324,
        "nauc_ndcg_at_1_std": 0.195778,
        "nauc_ndcg_at_1_diff1": 0.351172,
        "nauc_ndcg_at_3_max": 0.266166,
        "nauc_ndcg_at_3_std": 0.28549,
        "nauc_ndcg_at_3_diff1": 0.406195,
        "nauc_ndcg_at_5_max": 0.294451,
        "nauc_ndcg_at_5_std": 0.217013,
        "nauc_ndcg_at_5_diff1": 0.42838,
        "nauc_ndcg_at_10_max": 0.284268,
        "nauc_ndcg_at_10_std": 0.21806,
        "nauc_ndcg_at_10_diff1": 0.39842,
        "nauc_ndcg_at_20_max": 0.260191,
        "nauc_ndcg_at_20_std": 0.21759,
        "nauc_ndcg_at_20_diff1": 0.390384,
        "nauc_ndcg_at_25_max": 0.260191,
        "nauc_ndcg_at_25_std": 0.21759,
        "nauc_ndcg_at_25_diff1": 0.390384,
        "nauc_ndcg_at_50_max": 0.260191,
        "nauc_ndcg_at_50_std": 0.21759,
        "nauc_ndcg_at_50_diff1": 0.390384,
        "nauc_ndcg_at_100_max": 0.260191,
        "nauc_ndcg_at_100_std": 0.21759,
        "nauc_ndcg_at_100_diff1": 0.390384,
        "nauc_ndcg_at_1000_max": 0.260191,
        "nauc_ndcg_at_1000_std": 0.21759,
        "nauc_ndcg_at_1000_diff1": 0.390384,
        "nauc_map_at_1_max": 0.240324,
        "nauc_map_at_1_std": 0.195778,
        "nauc_map_at_1_diff1": 0.351172,
        "nauc_map_at_3_max": 0.256458,
        "nauc_map_at_3_std": 0.249637,
        "nauc_map_at_3_diff1": 0.389567,
        "nauc_map_at_5_max": 0.268501,
        "nauc_map_at_5_std": 0.214191,
        "nauc_map_at_5_diff1": 0.400189,
        "nauc_map_at_10_max": 0.262522,
        "nauc_map_at_10_std": 0.215368,
        "nauc_map_at_10_diff1": 0.388606,
        "nauc_map_at_20_max": 0.256767,
        "nauc_map_at_20_std": 0.21509,
        "nauc_map_at_20_diff1": 0.386309,
        "nauc_map_at_25_max": 0.256767,
        "nauc_map_at_25_std": 0.21509,
        "nauc_map_at_25_diff1": 0.386309,
        "nauc_map_at_50_max": 0.256767,
        "nauc_map_at_50_std": 0.21509,
        "nauc_map_at_50_diff1": 0.386309,
        "nauc_map_at_100_max": 0.256767,
        "nauc_map_at_100_std": 0.21509,
        "nauc_map_at_100_diff1": 0.386309,
        "nauc_map_at_1000_max": 0.256767,
        "nauc_map_at_1000_std": 0.21509,
        "nauc_map_at_1000_diff1": 0.386309,
        "nauc_recall_at_1_max": 0.240324,
        "nauc_recall_at_1_std": 0.195778,
        "nauc_recall_at_1_diff1": 0.351172,
        "nauc_recall_at_3_max": 0.305889,
        "nauc_recall_at_3_std": 0.43314,
        "nauc_recall_at_3_diff1": 0.472431,
        "nauc_recall_at_5_max": 0.477837,
        "nauc_recall_at_5_std": 0.222361,
        "nauc_recall_at_5_diff1": 0.616914,
        "nauc_recall_at_10_max": 0.614472,
        "nauc_recall_at_10_std": 0.219141,
        "nauc_recall_at_10_diff1": 0.495892,
        "nauc_recall_at_20_max": NaN,
        "nauc_recall_at_20_std": NaN,
        "nauc_recall_at_20_diff1": NaN,
        "nauc_recall_at_25_max": NaN,
        "nauc_recall_at_25_std": NaN,
        "nauc_recall_at_25_diff1": NaN,
        "nauc_recall_at_50_max": NaN,
        "nauc_recall_at_50_std": NaN,
        "nauc_recall_at_50_diff1": NaN,
        "nauc_recall_at_100_max": NaN,
        "nauc_recall_at_100_std": NaN,
        "nauc_recall_at_100_diff1": NaN,
        "nauc_recall_at_1000_max": NaN,
        "nauc_recall_at_1000_std": NaN,
        "nauc_recall_at_1000_diff1": NaN,
        "nauc_precision_at_1_max": 0.240324,
        "nauc_precision_at_1_std": 0.195778,
        "nauc_precision_at_1_diff1": 0.351172,
        "nauc_precision_at_3_max": 0.305889,
        "nauc_precision_at_3_std": 0.43314,
        "nauc_precision_at_3_diff1": 0.472431,
        "nauc_precision_at_5_max": 0.477837,
        "nauc_precision_at_5_std": 0.222361,
        "nauc_precision_at_5_diff1": 0.616914,
        "nauc_precision_at_10_max": 0.614472,
        "nauc_precision_at_10_std": 0.219141,
        "nauc_precision_at_10_diff1": 0.495892,
        "nauc_precision_at_20_max": 1.0,
        "nauc_precision_at_20_std": 1.0,
        "nauc_precision_at_20_diff1": 1.0,
        "nauc_precision_at_25_max": NaN,
        "nauc_precision_at_25_std": NaN,
        "nauc_precision_at_25_diff1": NaN,
        "nauc_precision_at_50_max": NaN,
        "nauc_precision_at_50_std": NaN,
        "nauc_precision_at_50_diff1": NaN,
        "nauc_precision_at_100_max": NaN,
        "nauc_precision_at_100_std": NaN,
        "nauc_precision_at_100_diff1": NaN,
        "nauc_precision_at_1000_max": NaN,
        "nauc_precision_at_1000_std": NaN,
        "nauc_precision_at_1000_diff1": NaN,
        "nauc_mrr_at_1_max": 0.240324,
        "nauc_mrr_at_1_std": 0.195778,
        "nauc_mrr_at_1_diff1": 0.351172,
        "nauc_mrr_at_3_max": 0.256458,
        "nauc_mrr_at_3_std": 0.249637,
        "nauc_mrr_at_3_diff1": 0.389567,
        "nauc_mrr_at_5_max": 0.268501,
        "nauc_mrr_at_5_std": 0.214191,
        "nauc_mrr_at_5_diff1": 0.400189,
        "nauc_mrr_at_10_max": 0.262522,
        "nauc_mrr_at_10_std": 0.215368,
        "nauc_mrr_at_10_diff1": 0.388606,
        "nauc_mrr_at_20_max": 0.256767,
        "nauc_mrr_at_20_std": 0.21509,
        "nauc_mrr_at_20_diff1": 0.386309,
        "nauc_mrr_at_25_max": 0.256767,
        "nauc_mrr_at_25_std": 0.21509,
        "nauc_mrr_at_25_diff1": 0.386309,
        "nauc_mrr_at_50_max": 0.256767,
        "nauc_mrr_at_50_std": 0.21509,
        "nauc_mrr_at_50_diff1": 0.386309,
        "nauc_mrr_at_100_max": 0.256767,
        "nauc_mrr_at_100_std": 0.21509,
        "nauc_mrr_at_100_diff1": 0.386309,
        "nauc_mrr_at_1000_max": 0.256767,
        "nauc_mrr_at_1000_std": 0.21509,
        "nauc_mrr_at_1000_diff1": 0.386309,
        "hit_rate_at_1": 0.57,
        "hit_rate_at_3": 0.79,
        "hit_rate_at_5": 0.89,
        "hit_rate_at_10": 0.95,
        "hit_rate_at_20": 1.0,
        "hit_rate_at_25": 1.0,
        "hit_rate_at_50": 1.0,
        "hit_rate_at_100": 1.0,
        "hit_rate_at_1000": 1.0,
        "R_cap_at_1": 0.57,
        "R_cap_at_3": 0.79,
        "R_cap_at_5": 0.89,
        "R_cap_at_10": 0.95,
        "R_cap_at_20": 1.0,
        "R_cap_at_25": 1.0,
        "R_cap_at_50": 1.0,
        "R_cap_at_100": 1.0,
        "R_cap_at_1000": 1.0,
        "main_score": 0.76266,
        "hf_subset": "MLDR",
        "languages": [
          "eng-Latn"
        ],
        "mteb_version": "2.12.39"
      }
    ]
  },
  "evaluation_time": 7.673477649688721,
  "kg_co2_emissions": null,
  "date": 1780064596.361386
}