{
  "dataset_revision": "df52bb043564336892a1eb9127559130fcb0e62c",
  "task_name": "LooGLE",
  "mteb_version": "2.12.39",
  "scores": {
    "test": [
      {
        "ndcg_at_1": 0.34151,
        "ndcg_at_3": 0.3151,
        "ndcg_at_5": 0.34423,
        "ndcg_at_10": 0.40227,
        "ndcg_at_20": 0.44978,
        "ndcg_at_25": 0.46256,
        "ndcg_at_50": 0.49966,
        "ndcg_at_100": 0.52782,
        "ndcg_at_1000": 0.53762,
        "map_at_1": 0.13773,
        "map_at_3": 0.23267,
        "map_at_5": 0.26616,
        "map_at_10": 0.29828,
        "map_at_20": 0.31796,
        "map_at_25": 0.32198,
        "map_at_50": 0.33157,
        "map_at_100": 0.33643,
        "map_at_1000": 0.33754,
        "recall_at_1": 0.13773,
        "recall_at_3": 0.29217,
        "recall_at_5": 0.37557,
        "recall_at_10": 0.50968,
        "recall_at_20": 0.64288,
        "recall_at_25": 0.68537,
        "recall_at_50": 0.82004,
        "recall_at_100": 0.94363,
        "recall_at_1000": 0.99286,
        "accuracy": 0.13773,
        "precision_at_1": 0.34151,
        "precision_at_3": 0.25038,
        "precision_at_5": 0.19746,
        "precision_at_10": 0.13842,
        "precision_at_20": 0.09046,
        "precision_at_25": 0.07742,
        "precision_at_50": 0.04761,
        "precision_at_100": 0.02757,
        "precision_at_1000": 0.00291,
        "mrr_at_1": 0.341508,
        "mrr_at_3": 0.433848,
        "mrr_at_5": 0.454693,
        "mrr_at_10": 0.471754,
        "mrr_at_20": 0.479076,
        "mrr_at_25": 0.479993,
        "mrr_at_50": 0.481795,
        "mrr_at_100": 0.48219,
        "mrr_at_1000": 0.482247,
        "nauc_ndcg_at_1_max": 0.00204,
        "nauc_ndcg_at_1_std": -0.219046,
        "nauc_ndcg_at_1_diff1": 0.336022,
        "nauc_ndcg_at_3_max": 0.021154,
        "nauc_ndcg_at_3_std": -0.222948,
        "nauc_ndcg_at_3_diff1": 0.285831,
        "nauc_ndcg_at_5_max": 0.031083,
        "nauc_ndcg_at_5_std": -0.213432,
        "nauc_ndcg_at_5_diff1": 0.296447,
        "nauc_ndcg_at_10_max": 0.033697,
        "nauc_ndcg_at_10_std": -0.225893,
        "nauc_ndcg_at_10_diff1": 0.289286,
        "nauc_ndcg_at_20_max": 0.020846,
        "nauc_ndcg_at_20_std": -0.226081,
        "nauc_ndcg_at_20_diff1": 0.294679,
        "nauc_ndcg_at_25_max": 0.029132,
        "nauc_ndcg_at_25_std": -0.219755,
        "nauc_ndcg_at_25_diff1": 0.290946,
        "nauc_ndcg_at_50_max": 0.037928,
        "nauc_ndcg_at_50_std": -0.232852,
        "nauc_ndcg_at_50_diff1": 0.295749,
        "nauc_ndcg_at_100_max": 0.035746,
        "nauc_ndcg_at_100_std": -0.230592,
        "nauc_ndcg_at_100_diff1": 0.294613,
        "nauc_ndcg_at_1000_max": 0.031976,
        "nauc_ndcg_at_1000_std": -0.235187,
        "nauc_ndcg_at_1000_diff1": 0.29624,
        "nauc_map_at_1_max": -0.010163,
        "nauc_map_at_1_std": -0.189962,
        "nauc_map_at_1_diff1": 0.34453,
        "nauc_map_at_3_max": 0.015878,
        "nauc_map_at_3_std": -0.196339,
        "nauc_map_at_3_diff1": 0.312067,
        "nauc_map_at_5_max": 0.020701,
        "nauc_map_at_5_std": -0.203614,
        "nauc_map_at_5_diff1": 0.311735,
        "nauc_map_at_10_max": 0.022085,
        "nauc_map_at_10_std": -0.216309,
        "nauc_map_at_10_diff1": 0.302857,
        "nauc_map_at_20_max": 0.016037,
        "nauc_map_at_20_std": -0.219393,
        "nauc_map_at_20_diff1": 0.304768,
        "nauc_map_at_25_max": 0.018066,
        "nauc_map_at_25_std": -0.217716,
        "nauc_map_at_25_diff1": 0.303661,
        "nauc_map_at_50_max": 0.020497,
        "nauc_map_at_50_std": -0.222672,
        "nauc_map_at_50_diff1": 0.304158,
        "nauc_map_at_100_max": 0.020439,
        "nauc_map_at_100_std": -0.222848,
        "nauc_map_at_100_diff1": 0.30406,
        "nauc_map_at_1000_max": 0.020166,
        "nauc_map_at_1000_std": -0.223215,
        "nauc_map_at_1000_diff1": 0.304119,
        "nauc_recall_at_1_max": -0.010163,
        "nauc_recall_at_1_std": -0.189962,
        "nauc_recall_at_1_diff1": 0.34453,
        "nauc_recall_at_3_max": 0.033392,
        "nauc_recall_at_3_std": -0.187387,
        "nauc_recall_at_3_diff1": 0.261688,
        "nauc_recall_at_5_max": 0.039923,
        "nauc_recall_at_5_std": -0.178692,
        "nauc_recall_at_5_diff1": 0.24601,
        "nauc_recall_at_10_max": 0.045707,
        "nauc_recall_at_10_std": -0.188779,
        "nauc_recall_at_10_diff1": 0.215323,
        "nauc_recall_at_20_max": 0.008477,
        "nauc_recall_at_20_std": -0.172265,
        "nauc_recall_at_20_diff1": 0.222574,
        "nauc_recall_at_25_max": 0.036206,
        "nauc_recall_at_25_std": -0.139047,
        "nauc_recall_at_25_diff1": 0.202705,
        "nauc_recall_at_50_max": 0.0798,
        "nauc_recall_at_50_std": -0.172169,
        "nauc_recall_at_50_diff1": 0.22269,
        "nauc_recall_at_100_max": 0.124603,
        "nauc_recall_at_100_std": -0.060454,
        "nauc_recall_at_100_diff1": 0.174997,
        "nauc_recall_at_1000_max": 0.197418,
        "nauc_recall_at_1000_std": 0.158895,
        "nauc_recall_at_1000_diff1": 0.065005,
        "nauc_precision_at_1_max": 0.00204,
        "nauc_precision_at_1_std": -0.219046,
        "nauc_precision_at_1_diff1": 0.336022,
        "nauc_precision_at_3_max": 0.025056,
        "nauc_precision_at_3_std": -0.224924,
        "nauc_precision_at_3_diff1": 0.223563,
        "nauc_precision_at_5_max": 0.039327,
        "nauc_precision_at_5_std": -0.207537,
        "nauc_precision_at_5_diff1": 0.209316,
        "nauc_precision_at_10_max": 0.030194,
        "nauc_precision_at_10_std": -0.212598,
        "nauc_precision_at_10_diff1": 0.14439,
        "nauc_precision_at_20_max": -0.005381,
        "nauc_precision_at_20_std": -0.1814,
        "nauc_precision_at_20_diff1": 0.093722,
        "nauc_precision_at_25_max": 0.012908,
        "nauc_precision_at_25_std": -0.15966,
        "nauc_precision_at_25_diff1": 0.062933,
        "nauc_precision_at_50_max": 0.03292,
        "nauc_precision_at_50_std": -0.158889,
        "nauc_precision_at_50_diff1": 0.006631,
        "nauc_precision_at_100_max": 0.017362,
        "nauc_precision_at_100_std": -0.114546,
        "nauc_precision_at_100_diff1": -0.065048,
        "nauc_precision_at_1000_max": 0.001085,
        "nauc_precision_at_1000_std": -0.109676,
        "nauc_precision_at_1000_diff1": -0.092,
        "nauc_mrr_at_1_max": 0.00204,
        "nauc_mrr_at_1_std": -0.219046,
        "nauc_mrr_at_1_diff1": 0.336022,
        "nauc_mrr_at_3_max": 0.027276,
        "nauc_mrr_at_3_std": -0.241185,
        "nauc_mrr_at_3_diff1": 0.306805,
        "nauc_mrr_at_5_max": 0.031263,
        "nauc_mrr_at_5_std": -0.234909,
        "nauc_mrr_at_5_diff1": 0.305824,
        "nauc_mrr_at_10_max": 0.032613,
        "nauc_mrr_at_10_std": -0.235336,
        "nauc_mrr_at_10_diff1": 0.306255,
        "nauc_mrr_at_20_max": 0.030285,
        "nauc_mrr_at_20_std": -0.234782,
        "nauc_mrr_at_20_diff1": 0.307202,
        "nauc_mrr_at_25_max": 0.030989,
        "nauc_mrr_at_25_std": -0.234084,
        "nauc_mrr_at_25_diff1": 0.307095,
        "nauc_mrr_at_50_max": 0.030833,
        "nauc_mrr_at_50_std": -0.234167,
        "nauc_mrr_at_50_diff1": 0.307843,
        "nauc_mrr_at_100_max": 0.030472,
        "nauc_mrr_at_100_std": -0.234334,
        "nauc_mrr_at_100_diff1": 0.307878,
        "nauc_mrr_at_1000_max": 0.030463,
        "nauc_mrr_at_1000_std": -0.234384,
        "nauc_mrr_at_1000_diff1": 0.307917,
        "hit_rate_at_1": 0.34151,
        "hit_rate_at_3": 0.55677,
        "hit_rate_at_5": 0.64759,
        "hit_rate_at_10": 0.77566,
        "hit_rate_at_20": 0.88102,
        "hit_rate_at_25": 0.90191,
        "hit_rate_at_50": 0.96367,
        "hit_rate_at_100": 0.99092,
        "hit_rate_at_1000": 0.99818,
        "R_cap_at_1": 0.341508,
        "R_cap_at_3": 0.318801,
        "R_cap_at_5": 0.377702,
        "R_cap_at_10": 0.509883,
        "R_cap_at_20": 0.64293,
        "R_cap_at_25": 0.685368,
        "R_cap_at_50": 0.820044,
        "R_cap_at_100": 0.943633,