{
  "dataset_revision": "6b2010c691a435a7a920088d32e55c898afa97f5",
  "task_name": "PeerQA",
  "mteb_version": "2.12.39",
  "scores": {
    "test": [
      {
        "ndcg_at_1": 0.19118,
        "ndcg_at_3": 0.20629,
        "ndcg_at_5": 0.23249,
        "ndcg_at_10": 0.26967,
        "ndcg_at_20": 0.31062,
        "ndcg_at_25": 0.32691,
        "ndcg_at_50": 0.36971,
        "ndcg_at_100": 0.40297,
        "ndcg_at_1000": 0.4326,
        "map_at_1": 0.12409,
        "map_at_3": 0.16629,
        "map_at_5": 0.18622,
        "map_at_10": 0.20295,
        "map_at_20": 0.21776,
        "map_at_25": 0.22242,
        "map_at_50": 0.2314,
        "map_at_100": 0.23638,
        "map_at_1000": 0.23927,
        "recall_at_1": 0.12409,
        "recall_at_3": 0.20982,
        "recall_at_5": 0.27509,
        "recall_at_10": 0.36928,
        "recall_at_20": 0.48695,
        "recall_at_25": 0.54271,
        "recall_at_50": 0.70778,
        "recall_at_100": 0.8511,
        "recall_at_1000": 1.0,
        "accuracy": 0.12409,
        "precision_at_1": 0.19118,
        "precision_at_3": 0.1201,
        "precision_at_5": 0.10441,
        "precision_at_10": 0.07721,
        "precision_at_20": 0.05588,
        "precision_at_25": 0.05118,
        "precision_at_50": 0.03559,
        "precision_at_100": 0.02279,
        "precision_at_1000": 0.00286,
        "mrr_at_1": 0.191176,
        "mrr_at_3": 0.245098,
        "mrr_at_5": 0.270098,
        "mrr_at_10": 0.286578,
        "mrr_at_20": 0.297074,
        "mrr_at_25": 0.298997,
        "mrr_at_50": 0.303199,
        "mrr_at_100": 0.304277,
        "mrr_at_1000": 0.304498,
        "nauc_ndcg_at_1_max": 0.104997,
        "nauc_ndcg_at_1_std": -0.099706,
        "nauc_ndcg_at_1_diff1": 0.35036,
        "nauc_ndcg_at_3_max": -0.032174,
        "nauc_ndcg_at_3_std": -0.185485,
        "nauc_ndcg_at_3_diff1": 0.283567,
        "nauc_ndcg_at_5_max": -0.006936,
        "nauc_ndcg_at_5_std": -0.167071,
        "nauc_ndcg_at_5_diff1": 0.243633,
        "nauc_ndcg_at_10_max": 0.012582,
        "nauc_ndcg_at_10_std": -0.161127,
        "nauc_ndcg_at_10_diff1": 0.196546,
        "nauc_ndcg_at_20_max": 0.012651,
        "nauc_ndcg_at_20_std": -0.11451,
        "nauc_ndcg_at_20_diff1": 0.1535,
        "nauc_ndcg_at_25_max": 0.021976,
        "nauc_ndcg_at_25_std": -0.102385,
        "nauc_ndcg_at_25_diff1": 0.177609,
        "nauc_ndcg_at_50_max": 0.033714,
        "nauc_ndcg_at_50_std": -0.111388,
        "nauc_ndcg_at_50_diff1": 0.163056,
        "nauc_ndcg_at_100_max": 0.038719,
        "nauc_ndcg_at_100_std": -0.081535,
        "nauc_ndcg_at_100_diff1": 0.159046,
        "nauc_ndcg_at_1000_max": 0.047339,
        "nauc_ndcg_at_1000_std": -0.10822,
        "nauc_ndcg_at_1000_diff1": 0.214059,
        "nauc_map_at_1_max": 0.045721,
        "nauc_map_at_1_std": -0.074845,
        "nauc_map_at_1_diff1": 0.337609,
        "nauc_map_at_3_max": -0.027878,
        "nauc_map_at_3_std": -0.153559,
        "nauc_map_at_3_diff1": 0.292836,
        "nauc_map_at_5_max": -0.008265,
        "nauc_map_at_5_std": -0.145993,
        "nauc_map_at_5_diff1": 0.268787,
        "nauc_map_at_10_max": 0.006506,
        "nauc_map_at_10_std": -0.146648,
        "nauc_map_at_10_diff1": 0.241935,
        "nauc_map_at_20_max": 0.008666,
        "nauc_map_at_20_std": -0.132116,
        "nauc_map_at_20_diff1": 0.221048,
        "nauc_map_at_25_max": 0.010393,
        "nauc_map_at_25_std": -0.129711,
        "nauc_map_at_25_diff1": 0.227197,
        "nauc_map_at_50_max": 0.016367,
        "nauc_map_at_50_std": -0.12712,
        "nauc_map_at_50_diff1": 0.225109,
        "nauc_map_at_100_max": 0.018103,
        "nauc_map_at_100_std": -0.12073,
        "nauc_map_at_100_diff1": 0.224817,
        "nauc_map_at_1000_max": 0.018914,
        "nauc_map_at_1000_std": -0.12265,
        "nauc_map_at_1000_diff1": 0.228967,
        "nauc_recall_at_1_max": 0.045721,
        "nauc_recall_at_1_std": -0.074845,
        "nauc_recall_at_1_diff1": 0.337609,
        "nauc_recall_at_3_max": -0.104146,
        "nauc_recall_at_3_std": -0.215682,
        "nauc_recall_at_3_diff1": 0.244517,
        "nauc_recall_at_5_max": -0.053834,
        "nauc_recall_at_5_std": -0.180785,
        "nauc_recall_at_5_diff1": 0.164653,
        "nauc_recall_at_10_max": -0.031906,
        "nauc_recall_at_10_std": -0.162764,
        "nauc_recall_at_10_diff1": 0.061409,
        "nauc_recall_at_20_max": -0.04712,
        "nauc_recall_at_20_std": -0.041556,
        "nauc_recall_at_20_diff1": -0.046787,
        "nauc_recall_at_25_max": -0.008075,
        "nauc_recall_at_25_std": 0.006473,
        "nauc_recall_at_25_diff1": 0.024107,
        "nauc_recall_at_50_max": -0.007659,
        "nauc_recall_at_50_std": -0.050745,
        "nauc_recall_at_50_diff1": -0.105136,
        "nauc_recall_at_100_max": -0.033779,
        "nauc_recall_at_100_std": 0.15346,
        "nauc_recall_at_100_diff1": -0.319169,
        "nauc_recall_at_1000_max": NaN,
        "nauc_recall_at_1000_std": NaN,
        "nauc_recall_at_1000_diff1": NaN,
        "nauc_precision_at_1_max": 0.104997,
        "nauc_precision_at_1_std": -0.099706,
        "nauc_precision_at_1_diff1": 0.35036,
        "nauc_precision_at_3_max": -0.054489,
        "nauc_precision_at_3_std": -0.256768,
        "nauc_precision_at_3_diff1": 0.239226,
        "nauc_precision_at_5_max": 0.060434,
        "nauc_precision_at_5_std": -0.200687,
        "nauc_precision_at_5_diff1": 0.124009,
        "nauc_precision_at_10_max": 0.154887,
        "nauc_precision_at_10_std": -0.144999,
        "nauc_precision_at_10_diff1": 0.008204,
        "nauc_precision_at_20_max": 0.151045,
        "nauc_precision_at_20_std": 0.015566,
        "nauc_precision_at_20_diff1": -0.115383,
        "nauc_precision_at_25_max": 0.138046,
        "nauc_precision_at_25_std": 0.048452,
        "nauc_precision_at_25_diff1": -0.062844,
        "nauc_precision_at_50_max": 0.190408,
        "nauc_precision_at_50_std": 0.106189,
        "nauc_precision_at_50_diff1": -0.116008,
        "nauc_precision_at_100_max": 0.178623,
        "nauc_precision_at_100_std": 0.217162,
        "nauc_precision_at_100_diff1": -0.143028,
        "nauc_precision_at_1000_max": 0.15453,
        "nauc_precision_at_1000_std": 0.11989,
        "nauc_precision_at_1000_diff1": 0.000796,
        "nauc_mrr_at_1_max": 0.104997,
        "nauc_mrr_at_1_std": -0.099706,
        "nauc_mrr_at_1_diff1": 0.35036,
        "nauc_mrr_at_3_max": 0.023787,
        "nauc_mrr_at_3_std": -0.163194,
        "nauc_mrr_at_3_diff1": 0.315648,
        "nauc_mrr_at_5_max": 0.044458,
        "nauc_mrr_at_5_std": -0.15775,
        "nauc_mrr_at_5_diff1": 0.2814,
        "nauc_mrr_at_10_max": 0.044247,
        "nauc_mrr_at_10_std": -0.152765,
        "nauc_mrr_at_10_diff1": 0.277083,
        "nauc_mrr_at_20_max": 0.045872,
        "nauc_mrr_at_20_std": -0.137098,
        "nauc_mrr_at_20_diff1": 0.269773,
        "nauc_mrr_at_25_max": 0.047369,
        "nauc_mrr_at_25_std": -0.136495,
        "nauc_mrr_at_25_diff1": 0.274068,
        "nauc_mrr_at_50_max": 0.045159,
        "nauc_mrr_at_50_std": -0.142106,
        "nauc_mrr_at_50_diff1": 0.275592,
        "nauc_mrr_at_100_max": 0.045065,
        "nauc_mrr_at_100_std": -0.141662,
        "nauc_mrr_at_100_diff1": 0.275888,
        "nauc_mrr_at_1000_max": 0.045116,
        "nauc_mrr_at_1000_std": -0.141934,
        "nauc_mrr_at_1000_diff1": 0.276587,
        "hit_rate_at_1": 0.19118,
        "hit_rate_at_3": 0.31618,
        "hit_rate_at_5": 0.42647,
        "hit_rate_at_10": 0.55882,
        "hit_rate_at_20": 0.69853,
        "hit_rate_at_25": 0.74265,
        "hit_rate_at_50": 0.88971,
        "hit_rate_at_100": 0.96324,
        "hit_rate_at_1000": 1.0,
        "R_cap_at_1": 0.191176,
        "R_cap_at_3": 0.223039,
        "R_cap_at_5": 0.277328,
        "R_cap_at_10": 0.369275,
        "R_cap_at_20": 0.486954,
        "R_cap_at_25": 0.542712,
        "R_cap_at_50": 0.707777,
        "R_cap_at_100": 0.851099,