{
  "dataset_revision": "898f2eced48890f19b6a88f1b616e9ca6c5dda1c",
  "task_name": "QASPER",
  "mteb_version": "2.12.39",
  "scores": {
    "test": [
      {
        "ndcg_at_1": 0.29588,
        "ndcg_at_3": 0.36966,
        "ndcg_at_5": 0.41349,
        "ndcg_at_10": 0.47296,
        "ndcg_at_20": 0.51974,
        "ndcg_at_25": 0.53167,
        "ndcg_at_50": 0.55158,
        "ndcg_at_100": 0.55491,
        "ndcg_at_1000": 0.55516,
        "map_at_1": 0.22081,
        "map_at_3": 0.31538,
        "map_at_5": 0.34682,
        "map_at_10": 0.37976,
        "map_at_20": 0.39741,
        "map_at_25": 0.40097,
        "map_at_50": 0.40599,
        "map_at_100": 0.40662,
        "map_at_1000": 0.40664,
        "recall_at_1": 0.22081,
        "recall_at_3": 0.41096,
        "recall_at_5": 0.52496,
        "recall_at_10": 0.6938,
        "recall_at_20": 0.8534,
        "recall_at_25": 0.89939,
        "recall_at_50": 0.98398,
        "recall_at_100": 0.99856,
        "recall_at_1000": 1.0,
        "accuracy": 0.22081,
        "precision_at_1": 0.29588,
        "precision_at_3": 0.1965,
        "precision_at_5": 0.15506,
        "precision_at_10": 0.10884,
        "precision_at_20": 0.07,
        "precision_at_25": 0.0599,
        "precision_at_50": 0.03377,
        "precision_at_100": 0.01734,
        "precision_at_1000": 0.00174,
        "mrr_at_1": 0.296629,
        "mrr_at_3": 0.388764,
        "mrr_at_5": 0.415393,
        "mrr_at_10": 0.435145,
        "mrr_at_20": 0.444435,
        "mrr_at_25": 0.445883,
        "mrr_at_50": 0.447549,
        "mrr_at_100": 0.447674,
        "mrr_at_1000": 0.44768,
        "nauc_ndcg_at_1_max": 0.041701,
        "nauc_ndcg_at_1_std": -0.022524,
        "nauc_ndcg_at_1_diff1": 0.294528,
        "nauc_ndcg_at_3_max": 0.035345,
        "nauc_ndcg_at_3_std": -0.026633,
        "nauc_ndcg_at_3_diff1": 0.267082,
        "nauc_ndcg_at_5_max": 0.02719,
        "nauc_ndcg_at_5_std": -0.034417,
        "nauc_ndcg_at_5_diff1": 0.268924,
        "nauc_ndcg_at_10_max": 0.037584,
        "nauc_ndcg_at_10_std": -0.014265,
        "nauc_ndcg_at_10_diff1": 0.280731,
        "nauc_ndcg_at_20_max": 0.04127,
        "nauc_ndcg_at_20_std": -0.014731,
        "nauc_ndcg_at_20_diff1": 0.280895,
        "nauc_ndcg_at_25_max": 0.039874,
        "nauc_ndcg_at_25_std": -0.013502,
        "nauc_ndcg_at_25_diff1": 0.279435,
        "nauc_ndcg_at_50_max": 0.043885,
        "nauc_ndcg_at_50_std": -0.014134,
        "nauc_ndcg_at_50_diff1": 0.27761,
        "nauc_ndcg_at_100_max": 0.046153,
        "nauc_ndcg_at_100_std": -0.014594,
        "nauc_ndcg_at_100_diff1": 0.280299,
        "nauc_ndcg_at_1000_max": 0.046418,
        "nauc_ndcg_at_1000_std": -0.014713,
        "nauc_ndcg_at_1000_diff1": 0.279987,
        "nauc_map_at_1_max": 0.015202,
        "nauc_map_at_1_std": -0.033247,
        "nauc_map_at_1_diff1": 0.29858,
        "nauc_map_at_3_max": 0.025829,
        "nauc_map_at_3_std": -0.027833,
        "nauc_map_at_3_diff1": 0.271608,
        "nauc_map_at_5_max": 0.025345,
        "nauc_map_at_5_std": -0.032261,
        "nauc_map_at_5_diff1": 0.275666,
        "nauc_map_at_10_max": 0.032481,
        "nauc_map_at_10_std": -0.018732,
        "nauc_map_at_10_diff1": 0.280158,
        "nauc_map_at_20_max": 0.034217,
        "nauc_map_at_20_std": -0.01851,
        "nauc_map_at_20_diff1": 0.279816,
        "nauc_map_at_25_max": 0.034127,
        "nauc_map_at_25_std": -0.018352,
        "nauc_map_at_25_diff1": 0.279674,
        "nauc_map_at_50_max": 0.036739,
        "nauc_map_at_50_std": -0.016937,
        "nauc_map_at_50_diff1": 0.278856,
        "nauc_map_at_100_max": 0.037111,
        "nauc_map_at_100_std": -0.016984,
        "nauc_map_at_100_diff1": 0.279237,
        "nauc_map_at_1000_max": 0.037171,
        "nauc_map_at_1000_std": -0.016972,
        "nauc_map_at_1000_diff1": 0.279218,
        "nauc_recall_at_1_max": 0.015202,
        "nauc_recall_at_1_std": -0.033247,
        "nauc_recall_at_1_diff1": 0.29858,
        "nauc_recall_at_3_max": 0.019116,
        "nauc_recall_at_3_std": -0.034128,
        "nauc_recall_at_3_diff1": 0.227734,
        "nauc_recall_at_5_max": 0.001825,
        "nauc_recall_at_5_std": -0.053677,
        "nauc_recall_at_5_diff1": 0.226683,
        "nauc_recall_at_10_max": 0.020531,
        "nauc_recall_at_10_std": -0.003696,
        "nauc_recall_at_10_diff1": 0.257124,
        "nauc_recall_at_20_max": 0.026488,
        "nauc_recall_at_20_std": 0.008159,
        "nauc_recall_at_20_diff1": 0.253163,
        "nauc_recall_at_25_max": 0.009723,
        "nauc_recall_at_25_std": 0.038606,
        "nauc_recall_at_25_diff1": 0.240388,
        "nauc_recall_at_50_max": -0.068892,
        "nauc_recall_at_50_std": 0.070809,
        "nauc_recall_at_50_diff1": 0.063486,
        "nauc_recall_at_100_max": -0.054147,
        "nauc_recall_at_100_std": 0.172983,
        "nauc_recall_at_100_diff1": 0.558653,
        "nauc_recall_at_1000_max": NaN,
        "nauc_recall_at_1000_std": NaN,
        "nauc_recall_at_1000_diff1": NaN,
        "nauc_precision_at_1_max": 0.041701,
        "nauc_precision_at_1_std": -0.022524,
        "nauc_precision_at_1_diff1": 0.294528,
        "nauc_precision_at_3_max": 0.059299,
        "nauc_precision_at_3_std": -0.012898,
        "nauc_precision_at_3_diff1": 0.208419,
        "nauc_precision_at_5_max": 0.054221,
        "nauc_precision_at_5_std": -0.011796,
        "nauc_precision_at_5_diff1": 0.177486,
        "nauc_precision_at_10_max": 0.071404,
        "nauc_precision_at_10_std": 0.046639,
        "nauc_precision_at_10_diff1": 0.122235,
        "nauc_precision_at_20_max": 0.07845,
        "nauc_precision_at_20_std": 0.050732,
        "nauc_precision_at_20_diff1": 0.042626,
        "nauc_precision_at_25_max": 0.07501,
        "nauc_precision_at_25_std": 0.051606,
        "nauc_precision_at_25_diff1": 0.020326,
        "nauc_precision_at_50_max": 0.097882,
        "nauc_precision_at_50_std": 0.065538,
        "nauc_precision_at_50_diff1": -0.01906,
        "nauc_precision_at_100_max": 0.106379,
        "nauc_precision_at_100_std": 0.065791,
        "nauc_precision_at_100_diff1": -0.01561,
        "nauc_precision_at_1000_max": 0.107856,
        "nauc_precision_at_1000_std": 0.065912,
        "nauc_precision_at_1000_diff1": -0.016816,
        "nauc_mrr_at_1_max": 0.04416,
        "nauc_mrr_at_1_std": -0.0187,
        "nauc_mrr_at_1_diff1": 0.291988,
        "nauc_mrr_at_3_max": 0.055205,
        "nauc_mrr_at_3_std": -0.018001,
        "nauc_mrr_at_3_diff1": 0.276054,
        "nauc_mrr_at_5_max": 0.049927,
        "nauc_mrr_at_5_std": -0.023712,
        "nauc_mrr_at_5_diff1": 0.277799,
        "nauc_mrr_at_10_max": 0.05377,
        "nauc_mrr_at_10_std": -0.015489,
        "nauc_mrr_at_10_diff1": 0.281328,
        "nauc_mrr_at_20_max": 0.054358,
        "nauc_mrr_at_20_std": -0.014882,
        "nauc_mrr_at_20_diff1": 0.281552,
        "nauc_mrr_at_25_max": 0.05417,
        "nauc_mrr_at_25_std": -0.014685,
        "nauc_mrr_at_25_diff1": 0.281278,
        "nauc_mrr_at_50_max": 0.053932,
        "nauc_mrr_at_50_std": -0.015326,
        "nauc_mrr_at_50_diff1": 0.281197,
        "nauc_mrr_at_100_max": 0.053906,
        "nauc_mrr_at_100_std": -0.015412,
        "nauc_mrr_at_100_diff1": 0.281341,
        "nauc_mrr_at_1000_max": 0.053905,
        "nauc_mrr_at_1000_std": -0.015414,
        "nauc_mrr_at_1000_diff1": 0.281335,
        "hit_rate_at_1": 0.29588,
        "hit_rate_at_3": 0.50637,
        "hit_rate_at_5": 0.62472,
        "hit_rate_at_10": 0.77154,
        "hit_rate_at_20": 0.90262,
        "hit_rate_at_25": 0.93558,
        "hit_rate_at_50": 0.99176,
        "hit_rate_at_100": 0.99925,
        "hit_rate_at_1000": 1.0,
        "R_cap_at_1": 0.296629,
        "R_cap_at_3": 0.427466,
        "R_cap_at_5": 0.530699,
        "R_cap_at_10": 0.694629,
        "R_cap_at_20": 0.853597,
        "R_cap_at_25": 0.899495,
        "R_cap_at_50": 0.983984,
        "R_cap_at_100": 0.998564,
        "R_cap_at_1000": 1.0,