{
  "dataset_revision": "6f868e5b4c46a9f04c89f7179ddc7c8f162c1068",
  "task_name": "ToolBench",
  "mteb_version": "2.12.39",
  "scores": {
    "test": [
      {
        "ndcg_at_1": 0.49727,
        "ndcg_at_3": 0.45232,
        "ndcg_at_5": 0.49299,
        "ndcg_at_10": 0.53393,
        "ndcg_at_20": 0.56544,
        "ndcg_at_25": 0.57228,
        "ndcg_at_50": 0.59062,
        "ndcg_at_100": 0.60397,
        "ndcg_at_1000": 0.61925,
        "map_at_1": 0.23689,
        "map_at_3": 0.38191,
        "map_at_5": 0.41653,
        "map_at_10": 0.43976,
        "map_at_20": 0.45237,
        "map_at_25": 0.4545,
        "map_at_50": 0.45864,
        "map_at_100": 0.46059,
        "map_at_1000": 0.46161,
        "recall_at_1": 0.23689,
        "recall_at_3": 0.44242,
        "recall_at_5": 0.52739,
        "recall_at_10": 0.62383,
        "recall_at_20": 0.71976,
        "recall_at_25": 0.74376,
        "recall_at_50": 0.81664,
        "recall_at_100": 0.87915,
        "recall_at_1000": 0.96858,
        "accuracy": 0.23689,
        "precision_at_1": 0.49727,
        "precision_at_3": 0.32152,
        "precision_at_5": 0.23509,
        "precision_at_10": 0.142,
        "precision_at_20": 0.08264,
        "precision_at_25": 0.06847,
        "precision_at_50": 0.03793,
        "precision_at_100": 0.02054,
        "precision_at_1000": 0.00229,
        "mrr_at_1": 0.497273,
        "mrr_at_3": 0.585152,
        "mrr_at_5": 0.601879,
        "mrr_at_10": 0.612796,
        "mrr_at_20": 0.616804,
        "mrr_at_25": 0.617216,
        "mrr_at_50": 0.617959,
        "mrr_at_100": 0.618284,
        "mrr_at_1000": 0.618377,
        "nauc_ndcg_at_1_max": 0.432335,
        "nauc_ndcg_at_1_std": -0.102647,
        "nauc_ndcg_at_1_diff1": 0.465517,
        "nauc_ndcg_at_3_max": 0.482034,
        "nauc_ndcg_at_3_std": -0.090387,
        "nauc_ndcg_at_3_diff1": 0.33567,
        "nauc_ndcg_at_5_max": 0.505542,
        "nauc_ndcg_at_5_std": -0.083405,
        "nauc_ndcg_at_5_diff1": 0.331763,
        "nauc_ndcg_at_10_max": 0.515386,
        "nauc_ndcg_at_10_std": -0.075195,
        "nauc_ndcg_at_10_diff1": 0.332346,
        "nauc_ndcg_at_20_max": 0.521075,
        "nauc_ndcg_at_20_std": -0.052139,
        "nauc_ndcg_at_20_diff1": 0.335913,
        "nauc_ndcg_at_25_max": 0.521172,
        "nauc_ndcg_at_25_std": -0.044643,
        "nauc_ndcg_at_25_diff1": 0.335899,
        "nauc_ndcg_at_50_max": 0.515372,
        "nauc_ndcg_at_50_std": -0.037021,
        "nauc_ndcg_at_50_diff1": 0.340196,
        "nauc_ndcg_at_100_max": 0.513558,
        "nauc_ndcg_at_100_std": -0.027395,
        "nauc_ndcg_at_100_diff1": 0.340699,
        "nauc_ndcg_at_1000_max": 0.50688,
        "nauc_ndcg_at_1000_std": -0.042868,
        "nauc_ndcg_at_1000_diff1": 0.344667,
        "nauc_map_at_1_max": 0.422094,
        "nauc_map_at_1_std": -0.092423,
        "nauc_map_at_1_diff1": 0.491718,
        "nauc_map_at_3_max": 0.472084,
        "nauc_map_at_3_std": -0.085055,
        "nauc_map_at_3_diff1": 0.331763,
        "nauc_map_at_5_max": 0.496675,
        "nauc_map_at_5_std": -0.080638,
        "nauc_map_at_5_diff1": 0.322665,
        "nauc_map_at_10_max": 0.503156,
        "nauc_map_at_10_std": -0.082004,
        "nauc_map_at_10_diff1": 0.324908,
        "nauc_map_at_20_max": 0.504603,
        "nauc_map_at_20_std": -0.074091,
        "nauc_map_at_20_diff1": 0.326213,
        "nauc_map_at_25_max": 0.504833,
        "nauc_map_at_25_std": -0.072007,
        "nauc_map_at_25_diff1": 0.326437,
        "nauc_map_at_50_max": 0.503459,
        "nauc_map_at_50_std": -0.070248,
        "nauc_map_at_50_diff1": 0.326843,
        "nauc_map_at_100_max": 0.503189,
        "nauc_map_at_100_std": -0.068826,
        "nauc_map_at_100_diff1": 0.326789,
        "nauc_map_at_1000_max": 0.502884,
        "nauc_map_at_1000_std": -0.069328,
        "nauc_map_at_1000_diff1": 0.326982,
        "nauc_recall_at_1_max": 0.422094,
        "nauc_recall_at_1_std": -0.092423,
        "nauc_recall_at_1_diff1": 0.491718,
        "nauc_recall_at_3_max": 0.486314,
        "nauc_recall_at_3_std": -0.076273,
        "nauc_recall_at_3_diff1": 0.276172,
        "nauc_recall_at_5_max": 0.516038,
        "nauc_recall_at_5_std": -0.057793,
        "nauc_recall_at_5_diff1": 0.251257,
        "nauc_recall_at_10_max": 0.532192,
        "nauc_recall_at_10_std": -0.031235,
        "nauc_recall_at_10_diff1": 0.238584,
        "nauc_recall_at_20_max": 0.552313,
        "nauc_recall_at_20_std": 0.064422,
        "nauc_recall_at_20_diff1": 0.228904,
        "nauc_recall_at_25_max": 0.553438,
        "nauc_recall_at_25_std": 0.103599,
        "nauc_recall_at_25_diff1": 0.222764,
        "nauc_recall_at_50_max": 0.52888,
        "nauc_recall_at_50_std": 0.18956,
        "nauc_recall_at_50_diff1": 0.2171,
        "nauc_recall_at_100_max": 0.546708,
        "nauc_recall_at_100_std": 0.373008,
        "nauc_recall_at_100_diff1": 0.194532,
        "nauc_recall_at_1000_max": 0.608693,
        "nauc_recall_at_1000_std": 0.701766,
        "nauc_recall_at_1000_diff1": 0.174193,
        "nauc_precision_at_1_max": 0.432335,
        "nauc_precision_at_1_std": -0.102647,
        "nauc_precision_at_1_diff1": 0.465517,
        "nauc_precision_at_3_max": 0.46046,
        "nauc_precision_at_3_std": -0.071694,
        "nauc_precision_at_3_diff1": 0.210049,
        "nauc_precision_at_5_max": 0.455375,
        "nauc_precision_at_5_std": -0.050867,
        "nauc_precision_at_5_diff1": 0.155844,
        "nauc_precision_at_10_max": 0.396832,
        "nauc_precision_at_10_std": -0.021943,
        "nauc_precision_at_10_diff1": 0.101084,
        "nauc_precision_at_20_max": 0.321045,
        "nauc_precision_at_20_std": 0.055005,
        "nauc_precision_at_20_diff1": 0.049695,
        "nauc_precision_at_25_max": 0.29947,
        "nauc_precision_at_25_std": 0.0858,
        "nauc_precision_at_25_diff1": 0.03081,
        "nauc_precision_at_50_max": 0.18319,
        "nauc_precision_at_50_std": 0.130635,
        "nauc_precision_at_50_diff1": -0.017236,
        "nauc_precision_at_100_max": 0.081327,
        "nauc_precision_at_100_std": 0.185358,
        "nauc_precision_at_100_diff1": -0.083529,
        "nauc_precision_at_1000_max": -0.121509,
        "nauc_precision_at_1000_std": 0.101614,
        "nauc_precision_at_1000_diff1": -0.175051,
        "nauc_mrr_at_1_max": 0.432335,
        "nauc_mrr_at_1_std": -0.102647,
        "nauc_mrr_at_1_diff1": 0.465517,
        "nauc_mrr_at_3_max": 0.468901,
        "nauc_mrr_at_3_std": -0.11674,
        "nauc_mrr_at_3_diff1": 0.430027,
        "nauc_mrr_at_5_max": 0.468205,
        "nauc_mrr_at_5_std": -0.110523,
        "nauc_mrr_at_5_diff1": 0.431015,
        "nauc_mrr_at_10_max": 0.467506,
        "nauc_mrr_at_10_std": -0.101164,
        "nauc_mrr_at_10_diff1": 0.430081,
        "nauc_mrr_at_20_max": 0.467789,
        "nauc_mrr_at_20_std": -0.098979,
        "nauc_mrr_at_20_diff1": 0.431082,
        "nauc_mrr_at_25_max": 0.467621,
        "nauc_mrr_at_25_std": -0.098939,
        "nauc_mrr_at_25_diff1": 0.430945,
        "nauc_mrr_at_50_max": 0.467234,
        "nauc_mrr_at_50_std": -0.099613,
        "nauc_mrr_at_50_diff1": 0.431639,
        "nauc_mrr_at_100_max": 0.467094,
        "nauc_mrr_at_100_std": -0.099666,
        "nauc_mrr_at_100_diff1": 0.431699,
        "nauc_mrr_at_1000_max": 0.466999,
        "nauc_mrr_at_1000_std": -0.099889,
        "nauc_mrr_at_1000_diff1": 0.431669,
        "hit_rate_at_1": 0.49727,
        "hit_rate_at_3": 0.69364,
        "hit_rate_at_5": 0.76727,
        "hit_rate_at_10": 0.84818,
        "hit_rate_at_20": 0.90636,
        "hit_rate_at_25": 0.91545,
        "hit_rate_at_50": 0.94273,
        "hit_rate_at_100": 0.96455,
        "hit_rate_at_1000": 0.99,
        "R_cap_at_1": 0.497273,
        "R_cap_at_3": 0.450152,
        "R_cap_at_5": 0.527636,
        "R_cap_at_10": 0.623833,
        "R_cap_at_20": 0.719758,
        "R_cap_at_25": 0.743758,
        "R_cap_at_50": 0.816636,
        "R_cap_at_100": 0.879152,