{
  "dataset_revision": "c22ab2a51041ffd869aaddef7af8d8215647e41a",
  "task_name": "ArguAna",
  "mteb_version": "2.12.32",
  "scores": {
    "test": [
      {
        "ndcg_at_1": 0.15932,
        "ndcg_at_3": 0.28583,
        "ndcg_at_5": 0.35163,
        "ndcg_at_10": 0.41853,
        "ndcg_at_20": 0.45109,
        "ndcg_at_100": 0.47228,
        "ndcg_at_1000": 0.4742,
        "map_at_1": 0.15932,
        "map_at_3": 0.25439,
        "map_at_5": 0.29084,
        "map_at_10": 0.3187,
        "map_at_20": 0.32774,
        "map_at_100": 0.33091,
        "map_at_1000": 0.331,
        "recall_at_1": 0.15932,
        "recall_at_3": 0.37696,
        "recall_at_5": 0.53698,
        "recall_at_10": 0.74253,
        "recall_at_20": 0.87055,
        "recall_at_100": 0.98151,
        "recall_at_1000": 0.99573,
        "accuracy": 0.15932,
        "precision_at_1": 0.15932,
        "precision_at_3": 0.12565,
        "precision_at_5": 0.1074,
        "precision_at_10": 0.07425,
        "precision_at_20": 0.04353,
        "precision_at_100": 0.00982,
        "precision_at_1000": 0.001,
        "mrr_at_1": 0.16643,
        "mrr_at_3": 0.256757,
        "mrr_at_5": 0.29335,
        "mrr_at_10": 0.321067,
        "mrr_at_20": 0.330108,
        "mrr_at_100": 0.333275,
        "mrr_at_1000": 0.333368,
        "nauc_ndcg_at_1_max": -0.172788,
        "nauc_ndcg_at_1_std": -0.179769,
        "nauc_ndcg_at_1_diff1": -0.02972,
        "nauc_ndcg_at_3_max": -0.135752,
        "nauc_ndcg_at_3_std": -0.18764,
        "nauc_ndcg_at_3_diff1": -0.027537,
        "nauc_ndcg_at_5_max": -0.135937,
        "nauc_ndcg_at_5_std": -0.195565,
        "nauc_ndcg_at_5_diff1": -0.027044,
        "nauc_ndcg_at_10_max": -0.124047,
        "nauc_ndcg_at_10_std": -0.183051,
        "nauc_ndcg_at_10_diff1": -0.027344,
        "nauc_ndcg_at_20_max": -0.112109,
        "nauc_ndcg_at_20_std": -0.16745,
        "nauc_ndcg_at_20_diff1": -0.018035,
        "nauc_ndcg_at_100_max": -0.126511,
        "nauc_ndcg_at_100_std": -0.171667,
        "nauc_ndcg_at_100_diff1": -0.025019,
        "nauc_ndcg_at_1000_max": -0.128934,
        "nauc_ndcg_at_1000_std": -0.174849,
        "nauc_ndcg_at_1000_diff1": -0.026542,
        "nauc_map_at_1_max": -0.172788,
        "nauc_map_at_1_std": -0.179769,
        "nauc_map_at_1_diff1": -0.02972,
        "nauc_map_at_3_max": -0.144653,
        "nauc_map_at_3_std": -0.186787,
        "nauc_map_at_3_diff1": -0.030655,
        "nauc_map_at_5_max": -0.144408,
        "nauc_map_at_5_std": -0.190647,
        "nauc_map_at_5_diff1": -0.030275,
        "nauc_map_at_10_max": -0.14041,
        "nauc_map_at_10_std": -0.185699,
        "nauc_map_at_10_diff1": -0.030153,
        "nauc_map_at_20_max": -0.13785,
        "nauc_map_at_20_std": -0.18184,
        "nauc_map_at_20_diff1": -0.027919,
        "nauc_map_at_100_max": -0.139499,
        "nauc_map_at_100_std": -0.18209,
        "nauc_map_at_100_diff1": -0.028912,
        "nauc_map_at_1000_max": -0.139557,
        "nauc_map_at_1000_std": -0.182217,
        "nauc_map_at_1000_diff1": -0.028953,
        "nauc_recall_at_1_max": -0.172788,
        "nauc_recall_at_1_std": -0.179769,
        "nauc_recall_at_1_diff1": -0.02972,
        "nauc_recall_at_3_max": -0.113867,
        "nauc_recall_at_3_std": -0.189448,
        "nauc_recall_at_3_diff1": -0.019144,
        "nauc_recall_at_5_max": -0.114635,
        "nauc_recall_at_5_std": -0.209505,
        "nauc_recall_at_5_diff1": -0.01804,
        "nauc_recall_at_10_max": -0.058861,
        "nauc_recall_at_10_std": -0.168389,
        "nauc_recall_at_10_diff1": -0.017564,
        "nauc_recall_at_20_max": 0.085739,
        "nauc_recall_at_20_std": -0.037768,
        "nauc_recall_at_20_diff1": 0.062049,
        "nauc_recall_at_100_max": 0.23201,
        "nauc_recall_at_100_std": 0.355936,
        "nauc_recall_at_100_diff1": 0.085766,
        "nauc_recall_at_1000_max": 0.368479,
        "nauc_recall_at_1000_std": 0.863816,
        "nauc_recall_at_1000_diff1": -0.200169,
        "nauc_precision_at_1_max": -0.172788,
        "nauc_precision_at_1_std": -0.179769,
        "nauc_precision_at_1_diff1": -0.02972,
        "nauc_precision_at_3_max": -0.113867,
        "nauc_precision_at_3_std": -0.189448,
        "nauc_precision_at_3_diff1": -0.019144,
        "nauc_precision_at_5_max": -0.114635,
        "nauc_precision_at_5_std": -0.209505,
        "nauc_precision_at_5_diff1": -0.01804,
        "nauc_precision_at_10_max": -0.058861,
        "nauc_precision_at_10_std": -0.168389,
        "nauc_precision_at_10_diff1": -0.017564,
        "nauc_precision_at_20_max": 0.085739,
        "nauc_precision_at_20_std": -0.037768,
        "nauc_precision_at_20_diff1": 0.062049,
        "nauc_precision_at_100_max": 0.23201,
        "nauc_precision_at_100_std": 0.355936,
        "nauc_precision_at_100_diff1": 0.085766,
        "nauc_precision_at_1000_max": 0.368479,
        "nauc_precision_at_1000_std": 0.863816,
        "nauc_precision_at_1000_diff1": -0.200169,
        "nauc_mrr_at_1_max": -0.175099,
        "nauc_mrr_at_1_std": -0.181156,
        "nauc_mrr_at_1_diff1": -0.057133,
        "nauc_mrr_at_3_max": -0.152928,
        "nauc_mrr_at_3_std": -0.187681,
        "nauc_mrr_at_3_diff1": -0.048951,
        "nauc_mrr_at_5_max": -0.153508,
        "nauc_mrr_at_5_std": -0.192089,
        "nauc_mrr_at_5_diff1": -0.050215,
        "nauc_mrr_at_10_max": -0.149591,
        "nauc_mrr_at_10_std": -0.186634,
        "nauc_mrr_at_10_diff1": -0.050096,
        "nauc_mrr_at_20_max": -0.147362,
        "nauc_mrr_at_20_std": -0.182847,
        "nauc_mrr_at_20_diff1": -0.048494,
        "nauc_mrr_at_100_max": -0.149097,
        "nauc_mrr_at_100_std": -0.183109,
        "nauc_mrr_at_100_diff1": -0.049703,
        "nauc_mrr_at_1000_max": -0.149158,
        "nauc_mrr_at_1000_std": -0.183235,
        "nauc_mrr_at_1000_diff1": -0.049751,
        "hit_rate_at_1": 0.15932,
        "hit_rate_at_3": 0.37696,
        "hit_rate_at_5": 0.53698,
        "hit_rate_at_10": 0.74253,
        "hit_rate_at_20": 0.87055,
        "hit_rate_at_100": 0.98151,
        "hit_rate_at_1000": 0.99573,
        "main_score": 0.41853,
        "hf_subset": "default",
        "languages": [
          "eng-Latn"
        ],
        "mteb_version": "2.12.32"
      }
    ]
  },
  "evaluation_time": 205.2647249698639,
  "kg_co2_emissions": null,
  "date": null
}