{
  "dataset_revision": "c5691e3c48741d5f83b5cc8e630653d7a8cfc048",
  "task_name": "AskUbuntuDupQuestions",
  "mteb_version": "2.12.32",
  "scores": {
    "test": [
      {
        "ndcg_at_1": 0.6205,
        "ndcg_at_3": 0.59247,
        "ndcg_at_5": 0.59725,
        "ndcg_at_10": 0.65674,
        "ndcg_at_20": 0.75851,
        "ndcg_at_100": 0.75851,
        "ndcg_at_1000": 0.75851,
        "map_at_1": 0.16397,
        "map_at_3": 0.30479,
        "map_at_5": 0.38525,
        "map_at_10": 0.50046,
        "map_at_20": 0.60103,
        "map_at_100": 0.60103,
        "map_at_1000": 0.60103,
        "recall_at_1": 0.16397,
        "recall_at_3": 0.36093,
        "recall_at_5": 0.49821,
        "recall_at_10": 0.73522,
        "recall_at_20": 1.0,
        "recall_at_100": 1.0,
        "recall_at_1000": 1.0,
        "accuracy": 0.16397,
        "precision_at_1": 0.6205,
        "precision_at_3": 0.52447,
        "precision_at_5": 0.4615,
        "precision_at_10": 0.37396,
        "precision_at_20": 0.27355,
        "precision_at_100": 0.05471,
        "precision_at_1000": 0.00547,
        "mrr_at_1": 0.620499,
        "mrr_at_3": 0.716066,
        "mrr_at_5": 0.730194,
        "mrr_at_10": 0.73909,
        "mrr_at_20": 0.741804,
        "mrr_at_100": 0.741804,
        "mrr_at_1000": 0.741804,
        "nauc_ndcg_at_1_max": 0.439979,
        "nauc_ndcg_at_1_std": 0.280675,
        "nauc_ndcg_at_1_diff1": 0.210759,
        "nauc_ndcg_at_3_max": 0.292888,
        "nauc_ndcg_at_3_std": 0.241081,
        "nauc_ndcg_at_3_diff1": 0.085138,
        "nauc_ndcg_at_5_max": 0.220755,
        "nauc_ndcg_at_5_std": 0.222899,
        "nauc_ndcg_at_5_diff1": 0.081873,
        "nauc_ndcg_at_10_max": 0.24225,
        "nauc_ndcg_at_10_std": 0.247201,
        "nauc_ndcg_at_10_diff1": 0.114435,
        "nauc_ndcg_at_20_max": 0.318981,
        "nauc_ndcg_at_20_std": 0.244847,
        "nauc_ndcg_at_20_diff1": 0.111063,
        "nauc_ndcg_at_100_max": 0.318981,
        "nauc_ndcg_at_100_std": 0.244847,
        "nauc_ndcg_at_100_diff1": 0.111063,
        "nauc_ndcg_at_1000_max": 0.318981,
        "nauc_ndcg_at_1000_std": 0.244847,
        "nauc_ndcg_at_1000_diff1": 0.111063,
        "nauc_map_at_1_max": 0.09883,
        "nauc_map_at_1_std": 0.049861,
        "nauc_map_at_1_diff1": 0.360419,
        "nauc_map_at_3_max": 0.114936,
        "nauc_map_at_3_std": 0.139716,
        "nauc_map_at_3_diff1": 0.233014,
        "nauc_map_at_5_max": 0.117977,
        "nauc_map_at_5_std": 0.180313,
        "nauc_map_at_5_diff1": 0.179779,
        "nauc_map_at_10_max": 0.196484,
        "nauc_map_at_10_std": 0.229201,
        "nauc_map_at_10_diff1": 0.141561,
        "nauc_map_at_20_max": 0.252281,
        "nauc_map_at_20_std": 0.211604,
        "nauc_map_at_20_diff1": 0.110033,
        "nauc_map_at_100_max": 0.252281,
        "nauc_map_at_100_std": 0.211604,
        "nauc_map_at_100_diff1": 0.110033,
        "nauc_map_at_1000_max": 0.252281,
        "nauc_map_at_1000_std": 0.211604,
        "nauc_map_at_1000_diff1": 0.110033,
        "nauc_recall_at_1_max": 0.09883,
        "nauc_recall_at_1_std": 0.049861,
        "nauc_recall_at_1_diff1": 0.360419,
        "nauc_recall_at_3_max": 0.03073,
        "nauc_recall_at_3_std": 0.115448,
        "nauc_recall_at_3_diff1": 0.175925,
        "nauc_recall_at_5_max": -0.037941,
        "nauc_recall_at_5_std": 0.13587,
        "nauc_recall_at_5_diff1": 0.094839,
        "nauc_recall_at_10_max": -0.020178,
        "nauc_recall_at_10_std": 0.180132,
        "nauc_recall_at_10_diff1": 0.036857,
        "nauc_recall_at_20_max": NaN,
        "nauc_recall_at_20_std": NaN,
        "nauc_recall_at_20_diff1": NaN,
        "nauc_recall_at_100_max": NaN,
        "nauc_recall_at_100_std": NaN,
        "nauc_recall_at_100_diff1": NaN,
        "nauc_recall_at_1000_max": NaN,
        "nauc_recall_at_1000_std": NaN,
        "nauc_recall_at_1000_diff1": NaN,
        "nauc_precision_at_1_max": 0.439979,
        "nauc_precision_at_1_std": 0.280675,
        "nauc_precision_at_1_diff1": 0.210759,
        "nauc_precision_at_3_max": 0.277702,
        "nauc_precision_at_3_std": 0.245387,
        "nauc_precision_at_3_diff1": -0.070245,
        "nauc_precision_at_5_max": 0.232728,
        "nauc_precision_at_5_std": 0.20891,
        "nauc_precision_at_5_diff1": -0.129562,
        "nauc_precision_at_10_max": 0.231002,
        "nauc_precision_at_10_std": 0.144809,
        "nauc_precision_at_10_diff1": -0.125033,
        "nauc_precision_at_20_max": 0.191495,
        "nauc_precision_at_20_std": 0.051907,
        "nauc_precision_at_20_diff1": -0.127572,
        "nauc_precision_at_100_max": 0.191495,
        "nauc_precision_at_100_std": 0.051907,
        "nauc_precision_at_100_diff1": -0.127572,
        "nauc_precision_at_1000_max": 0.191495,
        "nauc_precision_at_1000_std": 0.051907,
        "nauc_precision_at_1000_diff1": -0.127572,
        "nauc_mrr_at_1_max": 0.439979,
        "nauc_mrr_at_1_std": 0.280675,
        "nauc_mrr_at_1_diff1": 0.210759,
        "nauc_mrr_at_3_max": 0.433715,
        "nauc_mrr_at_3_std": 0.29564,
        "nauc_mrr_at_3_diff1": 0.181947,
        "nauc_mrr_at_5_max": 0.430081,
        "nauc_mrr_at_5_std": 0.2949,
        "nauc_mrr_at_5_diff1": 0.173652,
        "nauc_mrr_at_10_max": 0.4322,
        "nauc_mrr_at_10_std": 0.296097,
        "nauc_mrr_at_10_diff1": 0.17331,
        "nauc_mrr_at_20_max": 0.434848,
        "nauc_mrr_at_20_std": 0.29416,
        "nauc_mrr_at_20_diff1": 0.179317,
        "nauc_mrr_at_100_max": 0.434848,
        "nauc_mrr_at_100_std": 0.29416,
        "nauc_mrr_at_100_diff1": 0.179317,
        "nauc_mrr_at_1000_max": 0.434848,
        "nauc_mrr_at_1000_std": 0.29416,
        "nauc_mrr_at_1000_diff1": 0.179317,
        "hit_rate_at_1": 0.6205,
        "hit_rate_at_3": 0.83657,
        "hit_rate_at_5": 0.89751,
        "hit_rate_at_10": 0.96399,
        "hit_rate_at_20": 1.0,
        "hit_rate_at_100": 1.0,
        "hit_rate_at_1000": 1.0,
        "main_score": 0.60103,
        "hf_subset": "default",
        "languages": [
          "eng-Latn"
        ],
        "mteb_version": "2.12.32"
      }
    ]
  },
  "evaluation_time": 123.81288599967957,
  "kg_co2_emissions": null,
  "date": null
}