{
  "dataset_revision": "3a309e201f3c2c4b13bd4a367a8f37eee2ec1d21",
  "task_name": "ClimateFEVERHardNegatives",
  "mteb_version": "2.12.32",
  "scores": {
    "test": [
      {
        "ndcg_at_1": 0.188,
        "ndcg_at_3": 0.17834,
        "ndcg_at_5": 0.1961,
        "ndcg_at_10": 0.23124,
        "ndcg_at_20": 0.25934,
        "ndcg_at_100": 0.31603,
        "ndcg_at_1000": 0.35798,
        "map_at_1": 0.08945,
        "map_at_3": 0.13007,
        "map_at_5": 0.14282,
        "map_at_10": 0.1592,
        "map_at_20": 0.16825,
        "map_at_100": 0.17843,
        "map_at_1000": 0.18075,
        "recall_at_1": 0.08945,
        "recall_at_3": 0.17182,
        "recall_at_5": 0.21513,
        "recall_at_10": 0.2936,
        "recall_at_20": 0.37525,
        "recall_at_100": 0.59693,
        "recall_at_1000": 0.8309,
        "accuracy": 0.08945,
        "precision_at_1": 0.188,
        "precision_at_3": 0.13267,
        "precision_at_5": 0.1056,
        "precision_at_10": 0.0756,
        "precision_at_20": 0.0493,
        "precision_at_100": 0.01661,
        "precision_at_1000": 0.00245,
        "mrr_at_1": 0.188,
        "mrr_at_3": 0.263167,
        "mrr_at_5": 0.282667,
        "mrr_at_10": 0.297956,
        "mrr_at_20": 0.304874,
        "mrr_at_100": 0.310358,
        "mrr_at_1000": 0.310806,
        "nauc_ndcg_at_1_max": 0.229898,
        "nauc_ndcg_at_1_std": 0.09847,
        "nauc_ndcg_at_1_diff1": 0.222633,
        "nauc_ndcg_at_3_max": 0.248306,
        "nauc_ndcg_at_3_std": 0.121303,
        "nauc_ndcg_at_3_diff1": 0.163373,
        "nauc_ndcg_at_5_max": 0.260061,
        "nauc_ndcg_at_5_std": 0.146466,
        "nauc_ndcg_at_5_diff1": 0.163735,
        "nauc_ndcg_at_10_max": 0.276325,
        "nauc_ndcg_at_10_std": 0.172163,
        "nauc_ndcg_at_10_diff1": 0.153025,
        "nauc_ndcg_at_20_max": 0.280542,
        "nauc_ndcg_at_20_std": 0.175683,
        "nauc_ndcg_at_20_diff1": 0.159203,
        "nauc_ndcg_at_100_max": 0.300133,
        "nauc_ndcg_at_100_std": 0.198031,
        "nauc_ndcg_at_100_diff1": 0.162682,
        "nauc_ndcg_at_1000_max": 0.301634,
        "nauc_ndcg_at_1000_std": 0.198177,
        "nauc_ndcg_at_1000_diff1": 0.165573,
        "nauc_map_at_1_max": 0.202264,
        "nauc_map_at_1_std": 0.046407,
        "nauc_map_at_1_diff1": 0.217201,
        "nauc_map_at_3_max": 0.229107,
        "nauc_map_at_3_std": 0.088106,
        "nauc_map_at_3_diff1": 0.168348,
        "nauc_map_at_5_max": 0.237687,
        "nauc_map_at_5_std": 0.105842,
        "nauc_map_at_5_diff1": 0.170906,
        "nauc_map_at_10_max": 0.24934,
        "nauc_map_at_10_std": 0.124701,
        "nauc_map_at_10_diff1": 0.163085,
        "nauc_map_at_20_max": 0.253429,
        "nauc_map_at_20_std": 0.129186,
        "nauc_map_at_20_diff1": 0.16557,
        "nauc_map_at_100_max": 0.260379,
        "nauc_map_at_100_std": 0.137052,
        "nauc_map_at_100_diff1": 0.168092,
        "nauc_map_at_1000_max": 0.260644,
        "nauc_map_at_1000_std": 0.137648,
        "nauc_map_at_1000_diff1": 0.167864,
        "nauc_recall_at_1_max": 0.202264,
        "nauc_recall_at_1_std": 0.046407,
        "nauc_recall_at_1_diff1": 0.217201,
        "nauc_recall_at_3_max": 0.236947,
        "nauc_recall_at_3_std": 0.116639,
        "nauc_recall_at_3_diff1": 0.124922,
        "nauc_recall_at_5_max": 0.257864,
        "nauc_recall_at_5_std": 0.163878,
        "nauc_recall_at_5_diff1": 0.127921,
        "nauc_recall_at_10_max": 0.271248,
        "nauc_recall_at_10_std": 0.19866,
        "nauc_recall_at_10_diff1": 0.102133,
        "nauc_recall_at_20_max": 0.263068,
        "nauc_recall_at_20_std": 0.190757,
        "nauc_recall_at_20_diff1": 0.107674,
        "nauc_recall_at_100_max": 0.297116,
        "nauc_recall_at_100_std": 0.247046,
        "nauc_recall_at_100_diff1": 0.09857,
        "nauc_recall_at_1000_max": 0.347911,
        "nauc_recall_at_1000_std": 0.305071,
        "nauc_recall_at_1000_diff1": 0.106176,
        "nauc_precision_at_1_max": 0.229898,
        "nauc_precision_at_1_std": 0.09847,
        "nauc_precision_at_1_diff1": 0.222633,
        "nauc_precision_at_3_max": 0.264952,
        "nauc_precision_at_3_std": 0.165753,
        "nauc_precision_at_3_diff1": 0.131185,
        "nauc_precision_at_5_max": 0.280248,
        "nauc_precision_at_5_std": 0.220966,
        "nauc_precision_at_5_diff1": 0.125599,
        "nauc_precision_at_10_max": 0.274858,
        "nauc_precision_at_10_std": 0.244225,
        "nauc_precision_at_10_diff1": 0.086156,
        "nauc_precision_at_20_max": 0.263109,
        "nauc_precision_at_20_std": 0.234149,
        "nauc_precision_at_20_diff1": 0.099298,
        "nauc_precision_at_100_max": 0.246652,
        "nauc_precision_at_100_std": 0.243786,
        "nauc_precision_at_100_diff1": 0.063478,
        "nauc_precision_at_1000_max": 0.145295,
        "nauc_precision_at_1000_std": 0.164467,
        "nauc_precision_at_1000_diff1": 0.017565,
        "nauc_mrr_at_1_max": 0.229898,
        "nauc_mrr_at_1_std": 0.09847,
        "nauc_mrr_at_1_diff1": 0.222633,
        "nauc_mrr_at_3_max": 0.26005,
        "nauc_mrr_at_3_std": 0.145596,
        "nauc_mrr_at_3_diff1": 0.181959,
        "nauc_mrr_at_5_max": 0.270622,
        "nauc_mrr_at_5_std": 0.166108,
        "nauc_mrr_at_5_diff1": 0.182926,
        "nauc_mrr_at_10_max": 0.274091,
        "nauc_mrr_at_10_std": 0.170082,
        "nauc_mrr_at_10_diff1": 0.182399,
        "nauc_mrr_at_20_max": 0.273653,
        "nauc_mrr_at_20_std": 0.168613,
        "nauc_mrr_at_20_diff1": 0.184098,
        "nauc_mrr_at_100_max": 0.273206,
        "nauc_mrr_at_100_std": 0.167602,
        "nauc_mrr_at_100_diff1": 0.184704,
        "nauc_mrr_at_1000_max": 0.273143,
        "nauc_mrr_at_1000_std": 0.167461,
        "nauc_mrr_at_1000_diff1": 0.184847,
        "hit_rate_at_1": 0.188,
        "hit_rate_at_3": 0.361,
        "hit_rate_at_5": 0.449,
        "hit_rate_at_10": 0.561,
        "hit_rate_at_20": 0.662,
        "hit_rate_at_100": 0.867,
        "hit_rate_at_1000": 0.968,
        "main_score": 0.23124,
        "hf_subset": "default",
        "languages": [
          "eng-Latn"
        ],
        "mteb_version": "2.12.32"
      }
    ]
  },
  "evaluation_time": 1053.5780143737793,
  "kg_co2_emissions": null,
  "date": null
}