{
  "dataset_revision": "4885aa143210c98657558c04aaf3dc47cfb54340",
  "task_name": "CQADupstackGamingRetrieval",
  "mteb_version": "2.12.32",
  "scores": {
    "test": [
      {
        "ndcg_at_1": 0.41317,
        "ndcg_at_3": 0.48731,
        "ndcg_at_5": 0.51517,
        "ndcg_at_10": 0.54534,
        "ndcg_at_20": 0.56585,
        "ndcg_at_100": 0.59096,
        "ndcg_at_1000": 0.60242,
        "map_at_1": 0.36155,
        "map_at_3": 0.44988,
        "map_at_5": 0.46856,
        "map_at_10": 0.48322,
        "map_at_20": 0.49007,
        "map_at_100": 0.4946,
        "map_at_1000": 0.49517,
        "recall_at_1": 0.36155,
        "recall_at_3": 0.54014,
        "recall_at_5": 0.60666,
        "recall_at_10": 0.69403,
        "recall_at_20": 0.76987,
        "recall_at_100": 0.88931,
        "recall_at_1000": 0.97015,
        "accuracy": 0.36155,
        "precision_at_1": 0.41317,
        "precision_at_3": 0.21797,
        "precision_at_5": 0.15135,
        "precision_at_10": 0.0894,
        "precision_at_20": 0.05075,
        "precision_at_100": 0.01218,
        "precision_at_1000": 0.00136,
        "mrr_at_1": 0.413166,
        "mrr_at_3": 0.492268,
        "mrr_at_5": 0.507032,
        "mrr_at_10": 0.518229,
        "mrr_at_20": 0.523235,
        "mrr_at_100": 0.526028,
        "mrr_at_1000": 0.526322,
        "nauc_ndcg_at_1_max": 0.253117,
        "nauc_ndcg_at_1_std": -0.087956,
        "nauc_ndcg_at_1_diff1": 0.515948,
        "nauc_ndcg_at_3_max": 0.239309,
        "nauc_ndcg_at_3_std": -0.09199,
        "nauc_ndcg_at_3_diff1": 0.460175,
        "nauc_ndcg_at_5_max": 0.243702,
        "nauc_ndcg_at_5_std": -0.086039,
        "nauc_ndcg_at_5_diff1": 0.466438,
        "nauc_ndcg_at_10_max": 0.252252,
        "nauc_ndcg_at_10_std": -0.076047,
        "nauc_ndcg_at_10_diff1": 0.460687,
        "nauc_ndcg_at_20_max": 0.25804,
        "nauc_ndcg_at_20_std": -0.063871,
        "nauc_ndcg_at_20_diff1": 0.461123,
        "nauc_ndcg_at_100_max": 0.260796,
        "nauc_ndcg_at_100_std": -0.046444,
        "nauc_ndcg_at_100_diff1": 0.459939,
        "nauc_ndcg_at_1000_max": 0.260894,
        "nauc_ndcg_at_1000_std": -0.054532,
        "nauc_ndcg_at_1000_diff1": 0.465339,
        "nauc_map_at_1_max": 0.208224,
        "nauc_map_at_1_std": -0.109995,
        "nauc_map_at_1_diff1": 0.51111,
        "nauc_map_at_3_max": 0.228532,
        "nauc_map_at_3_std": -0.102927,
        "nauc_map_at_3_diff1": 0.473461,
        "nauc_map_at_5_max": 0.233583,
        "nauc_map_at_5_std": -0.098549,
        "nauc_map_at_5_diff1": 0.477292,
        "nauc_map_at_10_max": 0.238499,
        "nauc_map_at_10_std": -0.092926,
        "nauc_map_at_10_diff1": 0.474491,
        "nauc_map_at_20_max": 0.241561,
        "nauc_map_at_20_std": -0.087681,
        "nauc_map_at_20_diff1": 0.474491,
        "nauc_map_at_100_max": 0.242395,
        "nauc_map_at_100_std": -0.084565,
        "nauc_map_at_100_diff1": 0.474052,
        "nauc_map_at_1000_max": 0.242519,
        "nauc_map_at_1000_std": -0.084741,
        "nauc_map_at_1000_diff1": 0.474288,
        "nauc_recall_at_1_max": 0.208224,
        "nauc_recall_at_1_std": -0.109995,
        "nauc_recall_at_1_diff1": 0.51111,
        "nauc_recall_at_3_max": 0.217696,
        "nauc_recall_at_3_std": -0.097459,
        "nauc_recall_at_3_diff1": 0.407934,
        "nauc_recall_at_5_max": 0.230299,
        "nauc_recall_at_5_std": -0.081456,
        "nauc_recall_at_5_diff1": 0.419533,
        "nauc_recall_at_10_max": 0.259046,
        "nauc_recall_at_10_std": -0.043886,
        "nauc_recall_at_10_diff1": 0.389912,
        "nauc_recall_at_20_max": 0.285969,
        "nauc_recall_at_20_std": 0.019028,
        "nauc_recall_at_20_diff1": 0.375043,
        "nauc_recall_at_100_max": 0.351086,
        "nauc_recall_at_100_std": 0.3015,
        "nauc_recall_at_100_diff1": 0.313597,
        "nauc_recall_at_1000_max": 0.579706,
        "nauc_recall_at_1000_std": 0.598999,
        "nauc_recall_at_1000_diff1": 0.350493,
        "nauc_precision_at_1_max": 0.253117,
        "nauc_precision_at_1_std": -0.087956,
        "nauc_precision_at_1_diff1": 0.515948,
        "nauc_precision_at_3_max": 0.256657,
        "nauc_precision_at_3_std": -0.036356,
        "nauc_precision_at_3_diff1": 0.326422,
        "nauc_precision_at_5_max": 0.248757,
        "nauc_precision_at_5_std": 0.008864,
        "nauc_precision_at_5_diff1": 0.274817,
        "nauc_precision_at_10_max": 0.231622,
        "nauc_precision_at_10_std": 0.063357,
        "nauc_precision_at_10_diff1": 0.169616,
        "nauc_precision_at_20_max": 0.22844,
        "nauc_precision_at_20_std": 0.134138,
        "nauc_precision_at_20_diff1": 0.093929,
        "nauc_precision_at_100_max": 0.1706,
        "nauc_precision_at_100_std": 0.205854,
        "nauc_precision_at_100_diff1": -0.044516,
        "nauc_precision_at_1000_max": 0.121404,
        "nauc_precision_at_1000_std": 0.167766,
        "nauc_precision_at_1000_diff1": -0.102063,
        "nauc_mrr_at_1_max": 0.253117,
        "nauc_mrr_at_1_std": -0.087956,
        "nauc_mrr_at_1_diff1": 0.515948,
        "nauc_mrr_at_3_max": 0.256337,
        "nauc_mrr_at_3_std": -0.077602,
        "nauc_mrr_at_3_diff1": 0.473751,
        "nauc_mrr_at_5_max": 0.258004,
        "nauc_mrr_at_5_std": -0.072022,
        "nauc_mrr_at_5_diff1": 0.476432,
        "nauc_mrr_at_10_max": 0.260354,
        "nauc_mrr_at_10_std": -0.070653,
        "nauc_mrr_at_10_diff1": 0.475411,
        "nauc_mrr_at_20_max": 0.261282,
        "nauc_mrr_at_20_std": -0.069385,
        "nauc_mrr_at_20_diff1": 0.476226,
        "nauc_mrr_at_100_max": 0.261088,
        "nauc_mrr_at_100_std": -0.067575,
        "nauc_mrr_at_100_diff1": 0.476184,
        "nauc_mrr_at_1000_max": 0.261072,
        "nauc_mrr_at_1000_std": -0.067811,
        "nauc_mrr_at_1000_diff1": 0.476421,
        "hit_rate_at_1": 0.41317,
        "hit_rate_at_3": 0.59436,
        "hit_rate_at_5": 0.65956,
        "hit_rate_at_10": 0.74357,
        "hit_rate_at_20": 0.81505,
        "hit_rate_at_100": 0.91536,
        "hit_rate_at_1000": 0.97806,
        "main_score": 0.54534,
        "hf_subset": "default",
        "languages": [
          "eng-Latn"
        ],
        "mteb_version": "2.12.32"
      }
    ]
  },
  "evaluation_time": 858.1366016864777,
  "kg_co2_emissions": null,
  "date": null
}