{
  "dataset_revision": "6c6430d3a6d36f8d2a829195bc5dc94d7e063e53",
  "task_name": "CQADupstackUnixRetrieval",
  "mteb_version": "2.12.32",
  "scores": {
    "test": [
      {
        "ndcg_at_1": 0.29291,
        "ndcg_at_3": 0.34244,
        "ndcg_at_5": 0.36388,
        "ndcg_at_10": 0.39503,
        "ndcg_at_20": 0.41576,
        "ndcg_at_100": 0.45498,
        "ndcg_at_1000": 0.47697,
        "map_at_1": 0.24269,
        "map_at_3": 0.30726,
        "map_at_5": 0.32341,
        "map_at_10": 0.33851,
        "map_at_20": 0.34494,
        "map_at_100": 0.35136,
        "map_at_1000": 0.35236,
        "recall_at_1": 0.24269,
        "recall_at_3": 0.37852,
        "recall_at_5": 0.43493,
        "recall_at_10": 0.52558,
        "recall_at_20": 0.59952,
        "recall_at_100": 0.78859,
        "recall_at_1000": 0.9407,
        "accuracy": 0.24269,
        "precision_at_1": 0.29291,
        "precision_at_3": 0.162,
        "precision_at_5": 0.11437,
        "precision_at_10": 0.07052,
        "precision_at_20": 0.04118,
        "precision_at_100": 0.01132,
        "precision_at_1000": 0.00144,
        "mrr_at_1": 0.29291,
        "mrr_at_3": 0.35681,
        "mrr_at_5": 0.368797,
        "mrr_at_10": 0.38052,
        "mrr_at_20": 0.385819,
        "mrr_at_100": 0.390622,
        "mrr_at_1000": 0.391184,
        "nauc_ndcg_at_1_max": 0.262633,
        "nauc_ndcg_at_1_std": -0.001265,
        "nauc_ndcg_at_1_diff1": 0.443898,
        "nauc_ndcg_at_3_max": 0.237358,
        "nauc_ndcg_at_3_std": 0.019868,
        "nauc_ndcg_at_3_diff1": 0.36724,
        "nauc_ndcg_at_5_max": 0.248261,
        "nauc_ndcg_at_5_std": 0.033147,
        "nauc_ndcg_at_5_diff1": 0.358214,
        "nauc_ndcg_at_10_max": 0.25686,
        "nauc_ndcg_at_10_std": 0.039157,
        "nauc_ndcg_at_10_diff1": 0.345925,
        "nauc_ndcg_at_20_max": 0.259309,
        "nauc_ndcg_at_20_std": 0.041591,
        "nauc_ndcg_at_20_diff1": 0.33946,
        "nauc_ndcg_at_100_max": 0.25847,
        "nauc_ndcg_at_100_std": 0.05098,
        "nauc_ndcg_at_100_diff1": 0.344689,
        "nauc_ndcg_at_1000_max": 0.259832,
        "nauc_ndcg_at_1000_std": 0.051599,
        "nauc_ndcg_at_1000_diff1": 0.351501,
        "nauc_map_at_1_max": 0.199611,
        "nauc_map_at_1_std": -0.022176,
        "nauc_map_at_1_diff1": 0.445603,
        "nauc_map_at_3_max": 0.215118,
        "nauc_map_at_3_std": 0.003438,
        "nauc_map_at_3_diff1": 0.385977,
        "nauc_map_at_5_max": 0.229107,
        "nauc_map_at_5_std": 0.014821,
        "nauc_map_at_5_diff1": 0.379013,
        "nauc_map_at_10_max": 0.236584,
        "nauc_map_at_10_std": 0.019563,
        "nauc_map_at_10_diff1": 0.372636,
        "nauc_map_at_20_max": 0.237772,
        "nauc_map_at_20_std": 0.020391,
        "nauc_map_at_20_diff1": 0.371098,
        "nauc_map_at_100_max": 0.238126,
        "nauc_map_at_100_std": 0.022713,
        "nauc_map_at_100_diff1": 0.371959,
        "nauc_map_at_1000_max": 0.238172,
        "nauc_map_at_1000_std": 0.022865,
        "nauc_map_at_1000_diff1": 0.372124,
        "nauc_recall_at_1_max": 0.199611,
        "nauc_recall_at_1_std": -0.022176,
        "nauc_recall_at_1_diff1": 0.445603,
        "nauc_recall_at_3_max": 0.212875,
        "nauc_recall_at_3_std": 0.032893,
        "nauc_recall_at_3_diff1": 0.310349,
        "nauc_recall_at_5_max": 0.244549,
        "nauc_recall_at_5_std": 0.068002,
        "nauc_recall_at_5_diff1": 0.283532,
        "nauc_recall_at_10_max": 0.261447,
        "nauc_recall_at_10_std": 0.076759,
        "nauc_recall_at_10_diff1": 0.238133,
        "nauc_recall_at_20_max": 0.270114,
        "nauc_recall_at_20_std": 0.085456,
        "nauc_recall_at_20_diff1": 0.203631,
        "nauc_recall_at_100_max": 0.267354,
        "nauc_recall_at_100_std": 0.168689,
        "nauc_recall_at_100_diff1": 0.174612,
        "nauc_recall_at_1000_max": 0.436583,
        "nauc_recall_at_1000_std": 0.503869,
        "nauc_recall_at_1000_diff1": 0.148399,
        "nauc_precision_at_1_max": 0.262633,
        "nauc_precision_at_1_std": -0.001265,
        "nauc_precision_at_1_diff1": 0.443898,
        "nauc_precision_at_3_max": 0.274599,
        "nauc_precision_at_3_std": 0.057957,
        "nauc_precision_at_3_diff1": 0.264593,
        "nauc_precision_at_5_max": 0.290268,
        "nauc_precision_at_5_std": 0.084901,
        "nauc_precision_at_5_diff1": 0.207197,
        "nauc_precision_at_10_max": 0.296899,
        "nauc_precision_at_10_std": 0.102252,
        "nauc_precision_at_10_diff1": 0.139497,
        "nauc_precision_at_20_max": 0.278023,
        "nauc_precision_at_20_std": 0.111288,
        "nauc_precision_at_20_diff1": 0.092366,
        "nauc_precision_at_100_max": 0.202275,
        "nauc_precision_at_100_std": 0.136288,
        "nauc_precision_at_100_diff1": 0.008861,
        "nauc_precision_at_1000_max": 0.074743,
        "nauc_precision_at_1000_std": 0.063134,
        "nauc_precision_at_1000_diff1": -0.068285,
        "nauc_mrr_at_1_max": 0.262633,
        "nauc_mrr_at_1_std": -0.001265,
        "nauc_mrr_at_1_diff1": 0.443898,
        "nauc_mrr_at_3_max": 0.267971,
        "nauc_mrr_at_3_std": 0.023918,
        "nauc_mrr_at_3_diff1": 0.392313,
        "nauc_mrr_at_5_max": 0.274035,
        "nauc_mrr_at_5_std": 0.031345,
        "nauc_mrr_at_5_diff1": 0.388142,
        "nauc_mrr_at_10_max": 0.275586,
        "nauc_mrr_at_10_std": 0.032209,
        "nauc_mrr_at_10_diff1": 0.384785,
        "nauc_mrr_at_20_max": 0.275434,
        "nauc_mrr_at_20_std": 0.032833,
        "nauc_mrr_at_20_diff1": 0.382722,
        "nauc_mrr_at_100_max": 0.274356,
        "nauc_mrr_at_100_std": 0.032547,
        "nauc_mrr_at_100_diff1": 0.383876,
        "nauc_mrr_at_1000_max": 0.274362,
        "nauc_mrr_at_1000_std": 0.032586,
        "nauc_mrr_at_1000_diff1": 0.384076,
        "hit_rate_at_1": 0.29291,
        "hit_rate_at_3": 0.44216,
        "hit_rate_at_5": 0.4944,
        "hit_rate_at_10": 0.58116,
        "hit_rate_at_20": 0.65765,
        "hit_rate_at_100": 0.83955,
        "hit_rate_at_1000": 0.95709,
        "main_score": 0.39503,
        "hf_subset": "default",
        "languages": [
          "eng-Latn"
        ],
        "mteb_version": "2.12.32"
      }
    ]
  },
  "evaluation_time": 1352.7615597248077,
  "kg_co2_emissions": null,
  "date": null
}