{
  "dataset_revision": "080c9ed6267b65029207906e815d44a9240bafca",
  "task_name": "FEVERHardNegatives",
  "mteb_version": "2.12.32",
  "scores": {
    "test": [
      {
        "ndcg_at_1": 0.412,
        "ndcg_at_3": 0.51619,
        "ndcg_at_5": 0.54137,
        "ndcg_at_10": 0.56688,
        "ndcg_at_20": 0.58085,
        "ndcg_at_100": 0.60022,
        "ndcg_at_1000": 0.61282,
        "map_at_1": 0.38845,
        "map_at_3": 0.481,
        "map_at_5": 0.49521,
        "map_at_10": 0.50617,
        "map_at_20": 0.51023,
        "map_at_100": 0.51304,
        "map_at_1000": 0.51357,
        "recall_at_1": 0.38845,
        "recall_at_3": 0.59425,
        "recall_at_5": 0.65612,
        "recall_at_10": 0.73248,
        "recall_at_20": 0.7859,
        "recall_at_100": 0.88558,
        "recall_at_1000": 0.97827,
        "accuracy": 0.38845,
        "precision_at_1": 0.412,
        "precision_at_3": 0.21033,
        "precision_at_5": 0.1398,
        "precision_at_10": 0.0784,
        "precision_at_20": 0.04235,
        "precision_at_100": 0.00974,
        "precision_at_1000": 0.0011,
        "mrr_at_1": 0.412,
        "mrr_at_3": 0.504167,
        "mrr_at_5": 0.518717,
        "mrr_at_10": 0.529567,
        "mrr_at_20": 0.53322,
        "mrr_at_100": 0.535698,
        "mrr_at_1000": 0.536091,
        "nauc_ndcg_at_1_max": 0.311442,
        "nauc_ndcg_at_1_std": 0.015741,
        "nauc_ndcg_at_1_diff1": 0.494633,
        "nauc_ndcg_at_3_max": 0.331569,
        "nauc_ndcg_at_3_std": 0.030929,
        "nauc_ndcg_at_3_diff1": 0.414194,
        "nauc_ndcg_at_5_max": 0.339846,
        "nauc_ndcg_at_5_std": 0.03655,
        "nauc_ndcg_at_5_diff1": 0.414333,
        "nauc_ndcg_at_10_max": 0.331966,
        "nauc_ndcg_at_10_std": 0.032927,
        "nauc_ndcg_at_10_diff1": 0.414263,
        "nauc_ndcg_at_20_max": 0.334228,
        "nauc_ndcg_at_20_std": 0.030942,
        "nauc_ndcg_at_20_diff1": 0.423956,
        "nauc_ndcg_at_100_max": 0.334778,
        "nauc_ndcg_at_100_std": 0.038895,
        "nauc_ndcg_at_100_diff1": 0.426118,
        "nauc_ndcg_at_1000_max": 0.332109,
        "nauc_ndcg_at_1000_std": 0.039336,
        "nauc_ndcg_at_1000_diff1": 0.428828,
        "nauc_map_at_1_max": 0.285209,
        "nauc_map_at_1_std": 0.016268,
        "nauc_map_at_1_diff1": 0.481843,
        "nauc_map_at_3_max": 0.310867,
        "nauc_map_at_3_std": 0.025996,
        "nauc_map_at_3_diff1": 0.427703,
        "nauc_map_at_5_max": 0.316532,
        "nauc_map_at_5_std": 0.028947,
        "nauc_map_at_5_diff1": 0.428545,
        "nauc_map_at_10_max": 0.313503,
        "nauc_map_at_10_std": 0.027594,
        "nauc_map_at_10_diff1": 0.42918,
        "nauc_map_at_20_max": 0.31463,
        "nauc_map_at_20_std": 0.027213,
        "nauc_map_at_20_diff1": 0.432513,
        "nauc_map_at_100_max": 0.314657,
        "nauc_map_at_100_std": 0.028184,
        "nauc_map_at_100_diff1": 0.432882,
        "nauc_map_at_1000_max": 0.314785,
        "nauc_map_at_1000_std": 0.028335,
        "nauc_map_at_1000_diff1": 0.433052,
        "nauc_recall_at_1_max": 0.285209,
        "nauc_recall_at_1_std": 0.016268,
        "nauc_recall_at_1_diff1": 0.481843,
        "nauc_recall_at_3_max": 0.34539,
        "nauc_recall_at_3_std": 0.03749,
        "nauc_recall_at_3_diff1": 0.346759,
        "nauc_recall_at_5_max": 0.37261,
        "nauc_recall_at_5_std": 0.05779,
        "nauc_recall_at_5_diff1": 0.341476,
        "nauc_recall_at_10_max": 0.345456,
        "nauc_recall_at_10_std": 0.049597,
        "nauc_recall_at_10_diff1": 0.320411,
        "nauc_recall_at_20_max": 0.361172,
        "nauc_recall_at_20_std": 0.042053,
        "nauc_recall_at_20_diff1": 0.35515,
        "nauc_recall_at_100_max": 0.378247,
        "nauc_recall_at_100_std": 0.139347,
        "nauc_recall_at_100_diff1": 0.329462,
        "nauc_recall_at_1000_max": 0.238597,
        "nauc_recall_at_1000_std": 0.520629,
        "nauc_recall_at_1000_diff1": 0.217307,
        "nauc_precision_at_1_max": 0.311442,
        "nauc_precision_at_1_std": 0.015741,
        "nauc_precision_at_1_diff1": 0.494633,
        "nauc_precision_at_3_max": 0.389857,
        "nauc_precision_at_3_std": 0.045289,
        "nauc_precision_at_3_diff1": 0.347493,
        "nauc_precision_at_5_max": 0.419413,
        "nauc_precision_at_5_std": 0.062229,
        "nauc_precision_at_5_diff1": 0.336587,
        "nauc_precision_at_10_max": 0.383331,
        "nauc_precision_at_10_std": 0.050689,
        "nauc_precision_at_10_diff1": 0.296718,
        "nauc_precision_at_20_max": 0.38057,
        "nauc_precision_at_20_std": 0.042501,
        "nauc_precision_at_20_diff1": 0.293418,
        "nauc_precision_at_100_max": 0.345669,
        "nauc_precision_at_100_std": 0.165497,
        "nauc_precision_at_100_diff1": 0.163859,
        "nauc_precision_at_1000_max": 0.180306,
        "nauc_precision_at_1000_std": 0.20749,
        "nauc_precision_at_1000_diff1": -0.051153,
        "nauc_mrr_at_1_max": 0.311442,
        "nauc_mrr_at_1_std": 0.015741,
        "nauc_mrr_at_1_diff1": 0.494633,
        "nauc_mrr_at_3_max": 0.342626,
        "nauc_mrr_at_3_std": 0.027356,
        "nauc_mrr_at_3_diff1": 0.440792,
        "nauc_mrr_at_5_max": 0.347925,
        "nauc_mrr_at_5_std": 0.029948,
        "nauc_mrr_at_5_diff1": 0.441938,
        "nauc_mrr_at_10_max": 0.345966,
        "nauc_mrr_at_10_std": 0.028949,
        "nauc_mrr_at_10_diff1": 0.442406,
        "nauc_mrr_at_20_max": 0.34583,
        "nauc_mrr_at_20_std": 0.028649,
        "nauc_mrr_at_20_diff1": 0.44469,
        "nauc_mrr_at_100_max": 0.34529,
        "nauc_mrr_at_100_std": 0.029215,
        "nauc_mrr_at_100_diff1": 0.444825,
        "nauc_mrr_at_1000_max": 0.345172,
        "nauc_mrr_at_1000_std": 0.029101,
        "nauc_mrr_at_1000_diff1": 0.445021,
        "hit_rate_at_1": 0.412,
        "hit_rate_at_3": 0.622,
        "hit_rate_at_5": 0.687,
        "hit_rate_at_10": 0.765,
        "hit_rate_at_20": 0.817,
        "hit_rate_at_100": 0.914,
        "hit_rate_at_1000": 0.995,
        "main_score": 0.56688,
        "hf_subset": "default",
        "languages": [
          "eng-Latn"
        ],
        "mteb_version": "2.12.32"
      }
    ]
  },
  "evaluation_time": 3215.9040434360504,
  "kg_co2_emissions": null,
  "date": null
}