{
  "dataset_revision": "27a168819829fe9bcd655c2df245fb19452e8e06",
  "task_name": "FiQA2018",
  "mteb_version": "2.12.32",
  "scores": {
    "test": [
      {
        "ndcg_at_1": 0.31173,
        "ndcg_at_3": 0.30209,
        "ndcg_at_5": 0.31947,
        "ndcg_at_10": 0.34538,
        "ndcg_at_20": 0.37345,
        "ndcg_at_100": 0.41823,
        "ndcg_at_1000": 0.45355,
        "map_at_1": 0.15938,
        "map_at_3": 0.23064,
        "map_at_5": 0.25258,
        "map_at_10": 0.26991,
        "map_at_20": 0.28011,
        "map_at_100": 0.28899,
        "map_at_1000": 0.29104,
        "recall_at_1": 0.15938,
        "recall_at_3": 0.28393,
        "recall_at_5": 0.34366,
        "recall_at_10": 0.42249,
        "recall_at_20": 0.50932,
        "recall_at_100": 0.6926,
        "recall_at_1000": 0.90373,
        "accuracy": 0.15938,
        "precision_at_1": 0.31173,
        "precision_at_3": 0.20113,
        "precision_at_5": 0.15525,
        "precision_at_10": 0.09799,
        "precision_at_20": 0.06057,
        "precision_at_100": 0.01727,
        "precision_at_1000": 0.00236,
        "mrr_at_1": 0.311728,
        "mrr_at_3": 0.379887,
        "mrr_at_5": 0.397557,
        "mrr_at_10": 0.409589,
        "mrr_at_20": 0.41547,
        "mrr_at_100": 0.419158,
        "mrr_at_1000": 0.419631,
        "nauc_ndcg_at_1_max": 0.214097,
        "nauc_ndcg_at_1_std": -0.073887,
        "nauc_ndcg_at_1_diff1": 0.407453,
        "nauc_ndcg_at_3_max": 0.195432,
        "nauc_ndcg_at_3_std": -0.068482,
        "nauc_ndcg_at_3_diff1": 0.351176,
        "nauc_ndcg_at_5_max": 0.169477,
        "nauc_ndcg_at_5_std": -0.091286,
        "nauc_ndcg_at_5_diff1": 0.355186,
        "nauc_ndcg_at_10_max": 0.178202,
        "nauc_ndcg_at_10_std": -0.06977,
        "nauc_ndcg_at_10_diff1": 0.355912,
        "nauc_ndcg_at_20_max": 0.180729,
        "nauc_ndcg_at_20_std": -0.056033,
        "nauc_ndcg_at_20_diff1": 0.346116,
        "nauc_ndcg_at_100_max": 0.215758,
        "nauc_ndcg_at_100_std": -0.022198,
        "nauc_ndcg_at_100_diff1": 0.346919,
        "nauc_ndcg_at_1000_max": 0.225125,
        "nauc_ndcg_at_1000_std": -0.022842,
        "nauc_ndcg_at_1000_diff1": 0.356502,
        "nauc_map_at_1_max": 0.114294,
        "nauc_map_at_1_std": -0.102612,
        "nauc_map_at_1_diff1": 0.385016,
        "nauc_map_at_3_max": 0.14974,
        "nauc_map_at_3_std": -0.085522,
        "nauc_map_at_3_diff1": 0.359667,
        "nauc_map_at_5_max": 0.14751,
        "nauc_map_at_5_std": -0.100769,
        "nauc_map_at_5_diff1": 0.359692,
        "nauc_map_at_10_max": 0.161105,
        "nauc_map_at_10_std": -0.09125,
        "nauc_map_at_10_diff1": 0.364269,
        "nauc_map_at_20_max": 0.164379,
        "nauc_map_at_20_std": -0.083816,
        "nauc_map_at_20_diff1": 0.360435,
        "nauc_map_at_100_max": 0.172477,
        "nauc_map_at_100_std": -0.076184,
        "nauc_map_at_100_diff1": 0.359796,
        "nauc_map_at_1000_max": 0.173452,
        "nauc_map_at_1000_std": -0.076072,
        "nauc_map_at_1000_diff1": 0.360421,
        "nauc_recall_at_1_max": 0.114294,
        "nauc_recall_at_1_std": -0.102612,
        "nauc_recall_at_1_diff1": 0.385016,
        "nauc_recall_at_3_max": 0.127838,
        "nauc_recall_at_3_std": -0.059715,
        "nauc_recall_at_3_diff1": 0.294077,
        "nauc_recall_at_5_max": 0.09552,
        "nauc_recall_at_5_std": -0.097532,
        "nauc_recall_at_5_diff1": 0.288254,
        "nauc_recall_at_10_max": 0.121255,
        "nauc_recall_at_10_std": -0.05006,
        "nauc_recall_at_10_diff1": 0.270927,
        "nauc_recall_at_20_max": 0.107203,
        "nauc_recall_at_20_std": -0.014768,
        "nauc_recall_at_20_diff1": 0.232003,
        "nauc_recall_at_100_max": 0.209948,
        "nauc_recall_at_100_std": 0.131277,
        "nauc_recall_at_100_diff1": 0.216788,
        "nauc_recall_at_1000_max": 0.281166,
        "nauc_recall_at_1000_std": 0.316369,
        "nauc_recall_at_1000_diff1": 0.231148,
        "nauc_precision_at_1_max": 0.214097,
        "nauc_precision_at_1_std": -0.073887,
        "nauc_precision_at_1_diff1": 0.407453,
        "nauc_precision_at_3_max": 0.250696,
        "nauc_precision_at_3_std": -0.026764,
        "nauc_precision_at_3_diff1": 0.282829,
        "nauc_precision_at_5_max": 0.226268,
        "nauc_precision_at_5_std": -0.056408,
        "nauc_precision_at_5_diff1": 0.256384,
        "nauc_precision_at_10_max": 0.260562,
        "nauc_precision_at_10_std": -0.003696,
        "nauc_precision_at_10_diff1": 0.244043,
        "nauc_precision_at_20_max": 0.265523,
        "nauc_precision_at_20_std": 0.039241,
        "nauc_precision_at_20_diff1": 0.182102,
        "nauc_precision_at_100_max": 0.33654,
        "nauc_precision_at_100_std": 0.137592,
        "nauc_precision_at_100_diff1": 0.108963,
        "nauc_precision_at_1000_max": 0.308147,
        "nauc_precision_at_1000_std": 0.132321,
        "nauc_precision_at_1000_diff1": 0.045424,
        "nauc_mrr_at_1_max": 0.214097,
        "nauc_mrr_at_1_std": -0.073887,
        "nauc_mrr_at_1_diff1": 0.407453,
        "nauc_mrr_at_3_max": 0.228375,
        "nauc_mrr_at_3_std": -0.045165,
        "nauc_mrr_at_3_diff1": 0.369785,
        "nauc_mrr_at_5_max": 0.220868,
        "nauc_mrr_at_5_std": -0.054134,
        "nauc_mrr_at_5_diff1": 0.373041,
        "nauc_mrr_at_10_max": 0.22542,
        "nauc_mrr_at_10_std": -0.047372,
        "nauc_mrr_at_10_diff1": 0.369464,
        "nauc_mrr_at_20_max": 0.227004,
        "nauc_mrr_at_20_std": -0.044873,
        "nauc_mrr_at_20_diff1": 0.369557,
        "nauc_mrr_at_100_max": 0.227464,
        "nauc_mrr_at_100_std": -0.043213,
        "nauc_mrr_at_100_diff1": 0.369396,
        "nauc_mrr_at_1000_max": 0.227415,
        "nauc_mrr_at_1000_std": -0.043262,
        "nauc_mrr_at_1000_diff1": 0.369554,
        "hit_rate_at_1": 0.31173,
        "hit_rate_at_3": 0.46605,
        "hit_rate_at_5": 0.54321,
        "hit_rate_at_10": 0.62963,
        "hit_rate_at_20": 0.71451,
        "hit_rate_at_100": 0.85802,
        "hit_rate_at_1000": 0.96142,
        "main_score": 0.34538,
        "hf_subset": "default",
        "languages": [
          "eng-Latn"
        ],
        "mteb_version": "2.12.32"
      }
    ]
  },
  "evaluation_time": 1146.073341846466,
  "kg_co2_emissions": null,
  "date": null
}