{
  "dataset_revision": "617612fa63afcb60e3b134bed8b7216a99707c37",
  "task_name": "HotpotQAHardNegatives",
  "mteb_version": "2.12.32",
  "scores": {
    "test": [
      {
        "ndcg_at_1": 0.598,
        "ndcg_at_3": 0.49148,
        "ndcg_at_5": 0.51942,
        "ndcg_at_10": 0.54854,
        "ndcg_at_20": 0.56879,
        "ndcg_at_100": 0.6043,
        "ndcg_at_1000": 0.62347,
        "map_at_1": 0.299,
        "map_at_3": 0.4165,
        "map_at_5": 0.43737,
        "map_at_10": 0.4535,
        "map_at_20": 0.46092,
        "map_at_100": 0.46775,
        "map_at_1000": 0.46881,
        "recall_at_1": 0.299,
        "recall_at_3": 0.4735,
        "recall_at_5": 0.5285,
        "recall_at_10": 0.602,
        "recall_at_20": 0.6675,
        "recall_at_100": 0.8255,
        "recall_at_1000": 0.9495,
        "accuracy": 0.299,
        "precision_at_1": 0.598,
        "precision_at_3": 0.31567,
        "precision_at_5": 0.2114,
        "precision_at_10": 0.1204,
        "precision_at_20": 0.06675,
        "precision_at_100": 0.01651,
        "precision_at_1000": 0.0019,
        "mrr_at_1": 0.598,
        "mrr_at_3": 0.669667,
        "mrr_at_5": 0.678817,
        "mrr_at_10": 0.685709,
        "mrr_at_20": 0.688879,
        "mrr_at_100": 0.690761,
        "mrr_at_1000": 0.690915,
        "nauc_ndcg_at_1_max": 0.319825,
        "nauc_ndcg_at_1_std": -0.032234,
        "nauc_ndcg_at_1_diff1": 0.645027,
        "nauc_ndcg_at_3_max": 0.277033,
        "nauc_ndcg_at_3_std": -0.009121,
        "nauc_ndcg_at_3_diff1": 0.430992,
        "nauc_ndcg_at_5_max": 0.275197,
        "nauc_ndcg_at_5_std": 0.014297,
        "nauc_ndcg_at_5_diff1": 0.40371,
        "nauc_ndcg_at_10_max": 0.261342,
        "nauc_ndcg_at_10_std": 0.018449,
        "nauc_ndcg_at_10_diff1": 0.391204,
        "nauc_ndcg_at_20_max": 0.261755,
        "nauc_ndcg_at_20_std": 0.03632,
        "nauc_ndcg_at_20_diff1": 0.395184,
        "nauc_ndcg_at_100_max": 0.26622,
        "nauc_ndcg_at_100_std": 0.04805,
        "nauc_ndcg_at_100_diff1": 0.4042,
        "nauc_ndcg_at_1000_max": 0.273784,
        "nauc_ndcg_at_1000_std": 0.048306,
        "nauc_ndcg_at_1000_diff1": 0.411813,
        "nauc_map_at_1_max": 0.319825,
        "nauc_map_at_1_std": -0.032234,
        "nauc_map_at_1_diff1": 0.645027,
        "nauc_map_at_3_max": 0.253227,
        "nauc_map_at_3_std": -0.003382,
        "nauc_map_at_3_diff1": 0.383993,
        "nauc_map_at_5_max": 0.253838,
        "nauc_map_at_5_std": 0.014375,
        "nauc_map_at_5_diff1": 0.364904,
        "nauc_map_at_10_max": 0.245976,
        "nauc_map_at_10_std": 0.01596,
        "nauc_map_at_10_diff1": 0.359787,
        "nauc_map_at_20_max": 0.246691,
        "nauc_map_at_20_std": 0.021986,
        "nauc_map_at_20_diff1": 0.362389,
        "nauc_map_at_100_max": 0.247089,
        "nauc_map_at_100_std": 0.023324,
        "nauc_map_at_100_diff1": 0.36359,
        "nauc_map_at_1000_max": 0.247645,
        "nauc_map_at_1000_std": 0.023764,
        "nauc_map_at_1000_diff1": 0.364061,
        "nauc_recall_at_1_max": 0.319825,
        "nauc_recall_at_1_std": -0.032234,
        "nauc_recall_at_1_diff1": 0.645027,
        "nauc_recall_at_3_max": 0.249165,
        "nauc_recall_at_3_std": 0.003777,
        "nauc_recall_at_3_diff1": 0.320955,
        "nauc_recall_at_5_max": 0.237201,
        "nauc_recall_at_5_std": 0.048932,
        "nauc_recall_at_5_diff1": 0.257232,
        "nauc_recall_at_10_max": 0.189286,
        "nauc_recall_at_10_std": 0.060031,
        "nauc_recall_at_10_diff1": 0.204269,
        "nauc_recall_at_20_max": 0.17748,
        "nauc_recall_at_20_std": 0.121072,
        "nauc_recall_at_20_diff1": 0.192478,
        "nauc_recall_at_100_max": 0.177161,
        "nauc_recall_at_100_std": 0.248228,
        "nauc_recall_at_100_diff1": 0.160187,
        "nauc_recall_at_1000_max": 0.258771,
        "nauc_recall_at_1000_std": 0.612119,
        "nauc_recall_at_1000_diff1": -0.013562,
        "nauc_precision_at_1_max": 0.319825,
        "nauc_precision_at_1_std": -0.032234,
        "nauc_precision_at_1_diff1": 0.645027,
        "nauc_precision_at_3_max": 0.249165,
        "nauc_precision_at_3_std": 0.003777,
        "nauc_precision_at_3_diff1": 0.320955,
        "nauc_precision_at_5_max": 0.237201,
        "nauc_precision_at_5_std": 0.048932,
        "nauc_precision_at_5_diff1": 0.257232,
        "nauc_precision_at_10_max": 0.189286,
        "nauc_precision_at_10_std": 0.060031,
        "nauc_precision_at_10_diff1": 0.204269,
        "nauc_precision_at_20_max": 0.17748,
        "nauc_precision_at_20_std": 0.121072,
        "nauc_precision_at_20_diff1": 0.192478,
        "nauc_precision_at_100_max": 0.177161,
        "nauc_precision_at_100_std": 0.248228,
        "nauc_precision_at_100_diff1": 0.160187,
        "nauc_precision_at_1000_max": 0.258771,
        "nauc_precision_at_1000_std": 0.612119,
        "nauc_precision_at_1000_diff1": -0.013562,
        "nauc_mrr_at_1_max": 0.319825,
        "nauc_mrr_at_1_std": -0.032234,
        "nauc_mrr_at_1_diff1": 0.645027,
        "nauc_mrr_at_3_max": 0.342503,
        "nauc_mrr_at_3_std": -0.035018,
        "nauc_mrr_at_3_diff1": 0.634135,
        "nauc_mrr_at_5_max": 0.340145,
        "nauc_mrr_at_5_std": -0.029416,
        "nauc_mrr_at_5_diff1": 0.629898,
        "nauc_mrr_at_10_max": 0.339648,
        "nauc_mrr_at_10_std": -0.02876,
        "nauc_mrr_at_10_diff1": 0.629543,
        "nauc_mrr_at_20_max": 0.339961,
        "nauc_mrr_at_20_std": -0.025902,
        "nauc_mrr_at_20_diff1": 0.630596,
        "nauc_mrr_at_100_max": 0.338966,
        "nauc_mrr_at_100_std": -0.025935,
        "nauc_mrr_at_100_diff1": 0.630457,
        "nauc_mrr_at_1000_max": 0.338937,
        "nauc_mrr_at_1000_std": -0.026112,
        "nauc_mrr_at_1000_diff1": 0.630448,
        "hit_rate_at_1": 0.598,
        "hit_rate_at_3": 0.761,
        "hit_rate_at_5": 0.8,
        "hit_rate_at_10": 0.851,
        "hit_rate_at_20": 0.895,
        "hit_rate_at_100": 0.963,
        "hit_rate_at_1000": 0.995,
        "main_score": 0.54854,
        "hf_subset": "default",
        "languages": [
          "eng-Latn"
        ],
        "mteb_version": "2.12.32"
      }
    ]
  },
  "evaluation_time": 3783.4998002052307,
  "kg_co2_emissions": null,
  "date": null
}