{
  "dataset_revision": "227478e3235572039f4f7661840e059f31ef6eb1",
  "task_name": "MindSmallReranking",
  "mteb_version": "2.12.32",
  "scores": {
    "test": [
      {
        "ndcg_at_1": 0.12778,
        "ndcg_at_3": 0.20086,
        "ndcg_at_5": 0.24619,
        "ndcg_at_10": 0.30861,
        "ndcg_at_20": 0.36149,
        "ndcg_at_100": 0.42575,
        "ndcg_at_1000": 0.42931,
        "map_at_1": 0.09743,
        "map_at_3": 0.16493,
        "map_at_5": 0.19177,
        "map_at_10": 0.21963,
        "map_at_20": 0.23686,
        "map_at_100": 0.25054,
        "map_at_1000": 0.25099,
        "recall_at_1": 0.09743,
        "recall_at_3": 0.24934,
        "recall_at_5": 0.35759,
        "recall_at_10": 0.53447,
        "recall_at_20": 0.71481,
        "recall_at_100": 0.9828,
        "recall_at_1000": 1.0,
        "accuracy": 0.09743,
        "precision_at_1": 0.12778,
        "precision_at_3": 0.11073,
        "precision_at_5": 0.09755,
        "precision_at_10": 0.07674,
        "precision_at_20": 0.05499,
        "precision_at_100": 0.01763,
        "precision_at_1000": 0.00183,
        "mrr_at_1": 0.127781,
        "mrr_at_3": 0.208367,
        "mrr_at_5": 0.237392,
        "mrr_at_10": 0.263332,
        "mrr_at_20": 0.275598,
        "mrr_at_100": 0.281099,
        "mrr_at_1000": 0.281146,
        "nauc_ndcg_at_1_max": -0.098311,
        "nauc_ndcg_at_1_std": 0.0087,
        "nauc_ndcg_at_1_diff1": 0.117858,
        "nauc_ndcg_at_3_max": -0.200568,
        "nauc_ndcg_at_3_std": -0.026451,
        "nauc_ndcg_at_3_diff1": 0.121477,
        "nauc_ndcg_at_5_max": -0.236707,
        "nauc_ndcg_at_5_std": -0.032483,
        "nauc_ndcg_at_5_diff1": 0.119491,
        "nauc_ndcg_at_10_max": -0.275354,
        "nauc_ndcg_at_10_std": -0.038399,
        "nauc_ndcg_at_10_diff1": 0.116669,
        "nauc_ndcg_at_20_max": -0.284219,
        "nauc_ndcg_at_20_std": -0.034702,
        "nauc_ndcg_at_20_diff1": 0.115787,
        "nauc_ndcg_at_100_max": -0.220841,
        "nauc_ndcg_at_100_std": -0.023128,
        "nauc_ndcg_at_100_diff1": 0.112998,
        "nauc_ndcg_at_1000_max": -0.209107,
        "nauc_ndcg_at_1000_std": -0.022002,
        "nauc_ndcg_at_1000_diff1": 0.112696,
        "nauc_map_at_1_max": -0.165071,
        "nauc_map_at_1_std": -0.014908,
        "nauc_map_at_1_diff1": 0.138533,
        "nauc_map_at_3_max": -0.213449,
        "nauc_map_at_3_std": -0.03048,
        "nauc_map_at_3_diff1": 0.130652,
        "nauc_map_at_5_max": -0.23174,
        "nauc_map_at_5_std": -0.032486,
        "nauc_map_at_5_diff1": 0.12777,
        "nauc_map_at_10_max": -0.248162,
        "nauc_map_at_10_std": -0.034197,
        "nauc_map_at_10_diff1": 0.125383,
        "nauc_map_at_20_max": -0.24933,
        "nauc_map_at_20_std": -0.032203,
        "nauc_map_at_20_diff1": 0.124545,
        "nauc_map_at_100_max": -0.236248,
        "nauc_map_at_100_std": -0.029343,
        "nauc_map_at_100_diff1": 0.123695,
        "nauc_map_at_1000_max": -0.235026,
        "nauc_map_at_1000_std": -0.029224,
        "nauc_map_at_1000_diff1": 0.12367,
        "nauc_recall_at_1_max": -0.165071,
        "nauc_recall_at_1_std": -0.014908,
        "nauc_recall_at_1_diff1": 0.138533,
        "nauc_recall_at_3_max": -0.241091,
        "nauc_recall_at_3_std": -0.041541,
        "nauc_recall_at_3_diff1": 0.117594,
        "nauc_recall_at_5_max": -0.290139,
        "nauc_recall_at_5_std": -0.049184,
        "nauc_recall_at_5_diff1": 0.109811,
        "nauc_recall_at_10_max": -0.38187,
        "nauc_recall_at_10_std": -0.06541,
        "nauc_recall_at_10_diff1": 0.102328,
        "nauc_recall_at_20_max": -0.47117,
        "nauc_recall_at_20_std": -0.066999,
        "nauc_recall_at_20_diff1": 0.100016,
        "nauc_recall_at_100_max": -0.783755,
        "nauc_recall_at_100_std": -0.074486,
        "nauc_recall_at_100_diff1": 0.094054,
        "nauc_recall_at_1000_max": -0.417274,
        "nauc_recall_at_1000_std": 0.2162,
        "nauc_recall_at_1000_diff1": 0.531653,
        "nauc_precision_at_1_max": -0.098311,
        "nauc_precision_at_1_std": 0.0087,
        "nauc_precision_at_1_diff1": 0.117858,
        "nauc_precision_at_3_max": -0.160515,
        "nauc_precision_at_3_std": -0.00886,
        "nauc_precision_at_3_diff1": 0.095174,
        "nauc_precision_at_5_max": -0.184017,
        "nauc_precision_at_5_std": -0.008445,
        "nauc_precision_at_5_diff1": 0.080162,
        "nauc_precision_at_10_max": -0.17244,
        "nauc_precision_at_10_std": -0.002623,
        "nauc_precision_at_10_diff1": 0.045561,
        "nauc_precision_at_20_max": -0.065472,
        "nauc_precision_at_20_std": 0.023469,
        "nauc_precision_at_20_diff1": 0.004,
        "nauc_precision_at_100_max": 0.243468,
        "nauc_precision_at_100_std": 0.055324,
        "nauc_precision_at_100_diff1": -0.057087,
        "nauc_precision_at_1000_max": 0.274089,
        "nauc_precision_at_1000_std": 0.056393,
        "nauc_precision_at_1000_diff1": -0.058867,
        "nauc_mrr_at_1_max": -0.098311,
        "nauc_mrr_at_1_std": 0.0087,
        "nauc_mrr_at_1_diff1": 0.117858,
        "nauc_mrr_at_3_max": -0.144341,
        "nauc_mrr_at_3_std": -0.007916,
        "nauc_mrr_at_3_diff1": 0.10997,
        "nauc_mrr_at_5_max": -0.160365,
        "nauc_mrr_at_5_std": -0.010815,
        "nauc_mrr_at_5_diff1": 0.108451,
        "nauc_mrr_at_10_max": -0.172412,
        "nauc_mrr_at_10_std": -0.013095,
        "nauc_mrr_at_10_diff1": 0.107892,
        "nauc_mrr_at_20_max": -0.172566,
        "nauc_mrr_at_20_std": -0.012399,
        "nauc_mrr_at_20_diff1": 0.108331,
        "nauc_mrr_at_100_max": -0.168466,
        "nauc_mrr_at_100_std": -0.011623,
        "nauc_mrr_at_100_diff1": 0.108692,
        "nauc_mrr_at_1000_max": -0.168351,
        "nauc_mrr_at_1000_std": -0.011612,
        "nauc_mrr_at_1000_diff1": 0.108695,
        "hit_rate_at_1": 0.12778,
        "hit_rate_at_3": 0.31551,
        "hit_rate_at_5": 0.44341,
        "hit_rate_at_10": 0.63769,
        "hit_rate_at_20": 0.81193,
        "hit_rate_at_100": 0.9942,
        "hit_rate_at_1000": 1.0,
        "max_over_subqueries_ndcg_at_1": 0.16338,
        "max_over_subqueries_ndcg_at_3": 0.25721,
        "max_over_subqueries_ndcg_at_5": 0.30837,
        "max_over_subqueries_ndcg_at_10": 0.37038,
        "max_over_subqueries_ndcg_at_20": 0.41775,
        "max_over_subqueries_ndcg_at_100": 0.46422,
        "max_over_subqueries_ndcg_at_1000": 0.46609,
        "max_over_subqueries_map_at_1": 0.13761,
        "max_over_subqueries_map_at_3": 0.21987,
        "max_over_subqueries_map_at_5": 0.24972,
        "max_over_subqueries_map_at_10": 0.27733,
        "max_over_subqueries_map_at_20": 0.29258,
        "max_over_subqueries_map_at_100": 0.30219,
        "max_over_subqueries_map_at_1000": 0.30239,
        "max_over_subqueries_recall_at_1": 0.13761,
        "max_over_subqueries_recall_at_3": 0.32287,
        "max_over_subqueries_recall_at_5": 0.44369,
        "max_over_subqueries_recall_at_10": 0.62128,
        "max_over_subqueries_recall_at_20": 0.78735,
        "max_over_subqueries_recall_at_100": 0.99005,
        "max_over_subqueries_recall_at_1000": 0.99999,
        "max_over_subqueries_accuracy": 0.13761,
        "max_over_subqueries_precision_at_1": 0.16338,
        "max_over_subqueries_precision_at_3": 0.13104,
        "max_over_subqueries_precision_at_5": 0.1106,
        "max_over_subqueries_precision_at_10": 0.08081,
        "max_over_subqueries_precision_at_20": 0.05401,
        "max_over_subqueries_precision_at_100": 0.01494,
        "max_over_subqueries_precision_at_1000": 0.00152,
        "max_over_subqueries_mrr_at_1": 0.163382,
        "max_over_subqueries_mrr_at_3": 0.255559,
        "max_over_subqueries_mrr_at_5": 0.286071,
        "max_over_subqueries_mrr_at_10": 0.310843,
        "max_over_subqueries_mrr_at_20": 0.321786,
        "max_over_subqueries_mrr_at_100": 0.326204,
        "max_over_subqueries_mrr_at_1000": 0.326239,