{
  "dataset_revision": "f8c2fcf00f625baaa80f62ec5bd9e1fff3b8ae88",
  "task_name": "SCIDOCS",
  "mteb_version": "2.12.32",
  "scores": {
    "test": [
      {
        "ndcg_at_1": 0.205,
        "ndcg_at_3": 0.16751,
        "ndcg_at_5": 0.14514,
        "ndcg_at_10": 0.18307,
        "ndcg_at_20": 0.2104,
        "ndcg_at_100": 0.26292,
        "ndcg_at_1000": 0.3155,
        "map_at_1": 0.04163,
        "map_at_3": 0.07526,
        "map_at_5": 0.08862,
        "map_at_10": 0.1065,
        "map_at_20": 0.11647,
        "map_at_100": 0.1266,
        "map_at_1000": 0.12956,
        "recall_at_1": 0.04163,
        "recall_at_3": 0.09453,
        "recall_at_5": 0.12778,
        "recall_at_10": 0.19757,
        "recall_at_20": 0.26198,
        "recall_at_100": 0.43283,
        "recall_at_1000": 0.68893,
        "accuracy": 0.04163,
        "precision_at_1": 0.205,
        "precision_at_3": 0.15567,
        "precision_at_5": 0.126,
        "precision_at_10": 0.0974,
        "precision_at_20": 0.0645,
        "precision_at_100": 0.02135,
        "precision_at_1000": 0.0034,
        "mrr_at_1": 0.205,
        "mrr_at_3": 0.2715,
        "mrr_at_5": 0.29045,
        "mrr_at_10": 0.308367,
        "mrr_at_20": 0.31499,
        "mrr_at_100": 0.319791,
        "mrr_at_1000": 0.320382,
        "nauc_ndcg_at_1_max": 0.17771,
        "nauc_ndcg_at_1_std": 0.059234,
        "nauc_ndcg_at_1_diff1": 0.213418,
        "nauc_ndcg_at_3_max": 0.21077,
        "nauc_ndcg_at_3_std": 0.076804,
        "nauc_ndcg_at_3_diff1": 0.188613,
        "nauc_ndcg_at_5_max": 0.212647,
        "nauc_ndcg_at_5_std": 0.087701,
        "nauc_ndcg_at_5_diff1": 0.199424,
        "nauc_ndcg_at_10_max": 0.226449,
        "nauc_ndcg_at_10_std": 0.125521,
        "nauc_ndcg_at_10_diff1": 0.180539,
        "nauc_ndcg_at_20_max": 0.24463,
        "nauc_ndcg_at_20_std": 0.153082,
        "nauc_ndcg_at_20_diff1": 0.172474,
        "nauc_ndcg_at_100_max": 0.265825,
        "nauc_ndcg_at_100_std": 0.201429,
        "nauc_ndcg_at_100_diff1": 0.16362,
        "nauc_ndcg_at_1000_max": 0.281035,
        "nauc_ndcg_at_1000_std": 0.221974,
        "nauc_ndcg_at_1000_diff1": 0.170692,
        "nauc_map_at_1_max": 0.177493,
        "nauc_map_at_1_std": 0.058327,
        "nauc_map_at_1_diff1": 0.213081,
        "nauc_map_at_3_max": 0.217134,
        "nauc_map_at_3_std": 0.073781,
        "nauc_map_at_3_diff1": 0.192022,
        "nauc_map_at_5_max": 0.222366,
        "nauc_map_at_5_std": 0.080333,
        "nauc_map_at_5_diff1": 0.204406,
        "nauc_map_at_10_max": 0.228832,
        "nauc_map_at_10_std": 0.106742,
        "nauc_map_at_10_diff1": 0.192847,
        "nauc_map_at_20_max": 0.239688,
        "nauc_map_at_20_std": 0.123183,
        "nauc_map_at_20_diff1": 0.18661,
        "nauc_map_at_100_max": 0.247693,
        "nauc_map_at_100_std": 0.141997,
        "nauc_map_at_100_diff1": 0.182089,
        "nauc_map_at_1000_max": 0.249816,
        "nauc_map_at_1000_std": 0.145752,
        "nauc_map_at_1000_diff1": 0.182402,
        "nauc_recall_at_1_max": 0.177493,
        "nauc_recall_at_1_std": 0.058327,
        "nauc_recall_at_1_diff1": 0.213081,
        "nauc_recall_at_3_max": 0.221227,
        "nauc_recall_at_3_std": 0.084529,
        "nauc_recall_at_3_diff1": 0.178572,
        "nauc_recall_at_5_max": 0.216272,
        "nauc_recall_at_5_std": 0.101153,
        "nauc_recall_at_5_diff1": 0.193231,
        "nauc_recall_at_10_max": 0.225501,
        "nauc_recall_at_10_std": 0.16161,
        "nauc_recall_at_10_diff1": 0.145433,
        "nauc_recall_at_20_max": 0.253018,
        "nauc_recall_at_20_std": 0.20882,
        "nauc_recall_at_20_diff1": 0.124457,
        "nauc_recall_at_100_max": 0.278129,
        "nauc_recall_at_100_std": 0.304938,
        "nauc_recall_at_100_diff1": 0.090577,
        "nauc_recall_at_1000_max": 0.315225,
        "nauc_recall_at_1000_std": 0.384761,
        "nauc_recall_at_1000_diff1": 0.088456,
        "nauc_precision_at_1_max": 0.17771,
        "nauc_precision_at_1_std": 0.059234,
        "nauc_precision_at_1_diff1": 0.213418,
        "nauc_precision_at_3_max": 0.221548,
        "nauc_precision_at_3_std": 0.085544,
        "nauc_precision_at_3_diff1": 0.177692,
        "nauc_precision_at_5_max": 0.218324,
        "nauc_precision_at_5_std": 0.102432,
        "nauc_precision_at_5_diff1": 0.192819,
        "nauc_precision_at_10_max": 0.228124,
        "nauc_precision_at_10_std": 0.16276,
        "nauc_precision_at_10_diff1": 0.145282,
        "nauc_precision_at_20_max": 0.25145,
        "nauc_precision_at_20_std": 0.207112,
        "nauc_precision_at_20_diff1": 0.122912,
        "nauc_precision_at_100_max": 0.273086,
        "nauc_precision_at_100_std": 0.299449,
        "nauc_precision_at_100_diff1": 0.087154,
        "nauc_precision_at_1000_max": 0.301083,
        "nauc_precision_at_1000_std": 0.367772,
        "nauc_precision_at_1000_diff1": 0.08474,
        "nauc_mrr_at_1_max": 0.17771,
        "nauc_mrr_at_1_std": 0.059234,
        "nauc_mrr_at_1_diff1": 0.213418,
        "nauc_mrr_at_3_max": 0.191621,
        "nauc_mrr_at_3_std": 0.073259,
        "nauc_mrr_at_3_diff1": 0.195865,
        "nauc_mrr_at_5_max": 0.188409,
        "nauc_mrr_at_5_std": 0.080165,
        "nauc_mrr_at_5_diff1": 0.194903,
        "nauc_mrr_at_10_max": 0.192209,
        "nauc_mrr_at_10_std": 0.087857,
        "nauc_mrr_at_10_diff1": 0.188064,
        "nauc_mrr_at_20_max": 0.194331,
        "nauc_mrr_at_20_std": 0.091531,
        "nauc_mrr_at_20_diff1": 0.188829,
        "nauc_mrr_at_100_max": 0.195191,
        "nauc_mrr_at_100_std": 0.092341,
        "nauc_mrr_at_100_diff1": 0.189972,
        "nauc_mrr_at_1000_max": 0.195174,
        "nauc_mrr_at_1000_std": 0.092049,
        "nauc_mrr_at_1000_diff1": 0.190148,
        "hit_rate_at_1": 0.205,
        "hit_rate_at_3": 0.355,
        "hit_rate_at_5": 0.437,
        "hit_rate_at_10": 0.567,
        "hit_rate_at_20": 0.661,
        "hit_rate_at_100": 0.846,
        "hit_rate_at_1000": 0.97,
        "main_score": 0.18307,
        "hf_subset": "default",
        "languages": [
          "eng-Latn"
        ],
        "mteb_version": "2.12.32"
      }
    ]
  },
  "evaluation_time": 576.3720977306366,
  "kg_co2_emissions": null,
  "date": null
}