{
  "dataset_revision": "431886eaecc48f067a3975b70d0949ea2862463c",
  "task_name": "Touche2020Retrieval.v3",
  "mteb_version": "2.12.32",
  "scores": {
    "test": [
      {
        "ndcg_at_1": 0.69388,
        "ndcg_at_3": 0.63881,
        "ndcg_at_5": 0.56465,
        "ndcg_at_10": 0.48201,
        "ndcg_at_20": 0.42243,
        "ndcg_at_100": 0.49783,
        "ndcg_at_1000": 0.6326,
        "map_at_1": 0.03138,
        "map_at_3": 0.07437,
        "map_at_5": 0.09908,
        "map_at_10": 0.14672,
        "map_at_20": 0.19447,
        "map_at_100": 0.27326,
        "map_at_1000": 0.30398,
        "recall_at_1": 0.03138,
        "recall_at_3": 0.07719,
        "recall_at_5": 0.10829,
        "recall_at_10": 0.17672,
        "recall_at_20": 0.26436,
        "recall_at_100": 0.52428,
        "recall_at_1000": 0.85425,
        "accuracy": 0.03138,
        "precision_at_1": 0.81633,
        "precision_at_3": 0.70748,
        "precision_at_5": 0.6,
        "precision_at_10": 0.4898,
        "precision_at_20": 0.37857,
        "precision_at_100": 0.16245,
        "precision_at_1000": 0.02937,
        "mrr_at_1": 0.816327,
        "mrr_at_3": 0.87415,
        "mrr_at_5": 0.878231,
        "mrr_at_10": 0.881147,
        "mrr_at_20": 0.881147,
        "mrr_at_100": 0.882119,
        "mrr_at_1000": 0.882119,
        "nauc_ndcg_at_1_max": -0.010796,
        "nauc_ndcg_at_1_std": 0.27716,
        "nauc_ndcg_at_1_diff1": 0.433385,
        "nauc_ndcg_at_3_max": -0.038368,
        "nauc_ndcg_at_3_std": -0.013077,
        "nauc_ndcg_at_3_diff1": 0.46155,
        "nauc_ndcg_at_5_max": -0.030745,
        "nauc_ndcg_at_5_std": -0.102909,
        "nauc_ndcg_at_5_diff1": 0.5036,
        "nauc_ndcg_at_10_max": -0.133645,
        "nauc_ndcg_at_10_std": -0.110724,
        "nauc_ndcg_at_10_diff1": 0.506828,
        "nauc_ndcg_at_20_max": -0.201838,
        "nauc_ndcg_at_20_std": -0.078452,
        "nauc_ndcg_at_20_diff1": 0.401083,
        "nauc_ndcg_at_100_max": -0.389718,
        "nauc_ndcg_at_100_std": -0.041741,
        "nauc_ndcg_at_100_diff1": 0.425763,
        "nauc_ndcg_at_1000_max": -0.214096,
        "nauc_ndcg_at_1000_std": 0.229517,
        "nauc_ndcg_at_1000_diff1": 0.462999,
        "nauc_map_at_1_max": -0.400955,
        "nauc_map_at_1_std": -0.363369,
        "nauc_map_at_1_diff1": 0.108226,
        "nauc_map_at_3_max": -0.403457,
        "nauc_map_at_3_std": -0.429119,
        "nauc_map_at_3_diff1": 0.261729,
        "nauc_map_at_5_max": -0.383678,
        "nauc_map_at_5_std": -0.454529,
        "nauc_map_at_5_diff1": 0.34524,
        "nauc_map_at_10_max": -0.377086,
        "nauc_map_at_10_std": -0.411379,
        "nauc_map_at_10_diff1": 0.362531,
        "nauc_map_at_20_max": -0.357546,
        "nauc_map_at_20_std": -0.351836,
        "nauc_map_at_20_diff1": 0.34901,
        "nauc_map_at_100_max": -0.407055,
        "nauc_map_at_100_std": -0.233061,
        "nauc_map_at_100_diff1": 0.357808,
        "nauc_map_at_1000_max": -0.381772,
        "nauc_map_at_1000_std": -0.155832,
        "nauc_map_at_1000_diff1": 0.353469,
        "nauc_recall_at_1_max": -0.400955,
        "nauc_recall_at_1_std": -0.363369,
        "nauc_recall_at_1_diff1": 0.108226,
        "nauc_recall_at_3_max": -0.417609,
        "nauc_recall_at_3_std": -0.469372,
        "nauc_recall_at_3_diff1": 0.249251,
        "nauc_recall_at_5_max": -0.403259,
        "nauc_recall_at_5_std": -0.491192,
        "nauc_recall_at_5_diff1": 0.340609,
        "nauc_recall_at_10_max": -0.400167,
        "nauc_recall_at_10_std": -0.400947,
        "nauc_recall_at_10_diff1": 0.366211,
        "nauc_recall_at_20_max": -0.372857,
        "nauc_recall_at_20_std": -0.282874,
        "nauc_recall_at_20_diff1": 0.319683,
        "nauc_recall_at_100_max": -0.476104,
        "nauc_recall_at_100_std": -0.027544,
        "nauc_recall_at_100_diff1": 0.321218,
        "nauc_recall_at_1000_max": -0.130014,
        "nauc_recall_at_1000_std": 0.595321,
        "nauc_recall_at_1000_diff1": 0.342423,
        "nauc_precision_at_1_max": -0.111541,
        "nauc_precision_at_1_std": 0.153362,
        "nauc_precision_at_1_diff1": 0.473827,
        "nauc_precision_at_3_max": -0.159527,
        "nauc_precision_at_3_std": -0.249873,
        "nauc_precision_at_3_diff1": 0.38621,
        "nauc_precision_at_5_max": -0.139892,
        "nauc_precision_at_5_std": -0.34713,
        "nauc_precision_at_5_diff1": 0.460196,
        "nauc_precision_at_10_max": -0.196387,
        "nauc_precision_at_10_std": -0.202964,
        "nauc_precision_at_10_diff1": 0.446097,
        "nauc_precision_at_20_max": -0.143589,
        "nauc_precision_at_20_std": 0.026726,
        "nauc_precision_at_20_diff1": 0.300183,
        "nauc_precision_at_100_max": -0.080284,
        "nauc_precision_at_100_std": 0.520072,
        "nauc_precision_at_100_diff1": 0.109536,
        "nauc_precision_at_1000_max": 0.474319,
        "nauc_precision_at_1000_std": 0.626797,
        "nauc_precision_at_1000_diff1": -0.199888,
        "nauc_mrr_at_1_max": -0.111541,
        "nauc_mrr_at_1_std": 0.153362,
        "nauc_mrr_at_1_diff1": 0.473827,
        "nauc_mrr_at_3_max": -0.03441,
        "nauc_mrr_at_3_std": -0.010812,
        "nauc_mrr_at_3_diff1": 0.525879,
        "nauc_mrr_at_5_max": -0.054955,
        "nauc_mrr_at_5_std": -0.015477,
        "nauc_mrr_at_5_diff1": 0.531946,
        "nauc_mrr_at_10_max": -0.074891,
        "nauc_mrr_at_10_std": 0.027874,
        "nauc_mrr_at_10_diff1": 0.531441,
        "nauc_mrr_at_20_max": -0.074891,
        "nauc_mrr_at_20_std": 0.027874,
        "nauc_mrr_at_20_diff1": 0.531441,
        "nauc_mrr_at_100_max": -0.070785,
        "nauc_mrr_at_100_std": 0.021887,
        "nauc_mrr_at_100_diff1": 0.527394,
        "nauc_mrr_at_1000_max": -0.070785,
        "nauc_mrr_at_1000_std": 0.021887,
        "nauc_mrr_at_1000_diff1": 0.527394,
        "hit_rate_at_1": 0.81633,
        "hit_rate_at_3": 0.93878,
        "hit_rate_at_5": 0.95918,
        "hit_rate_at_10": 0.97959,
        "hit_rate_at_20": 0.97959,
        "hit_rate_at_100": 1.0,
        "hit_rate_at_1000": 1.0,
        "main_score": 0.48201,
        "hf_subset": "default",
        "languages": [
          "eng-Latn"
        ],
        "mteb_version": "2.12.32"
      }
    ]
  },
  "evaluation_time": 6847.697639942169,
  "kg_co2_emissions": null,
  "date": null
}