{
  "dataset_revision": "bb9466bac8153a0349341eb1b22e06409e78ef4e",
  "task_name": "TRECCOVID",
  "mteb_version": "2.12.32",
  "scores": {
    "test": [
      {
        "ndcg_at_1": 0.73,
        "ndcg_at_3": 0.71184,
        "ndcg_at_5": 0.68623,
        "ndcg_at_10": 0.66253,
        "ndcg_at_20": 0.64692,
        "ndcg_at_100": 0.54084,
        "ndcg_at_1000": 0.50751,
        "map_at_1": 0.00203,
        "map_at_3": 0.00565,
        "map_at_5": 0.0087,
        "map_at_10": 0.01558,
        "map_at_20": 0.02819,
        "map_at_100": 0.09564,
        "map_at_1000": 0.24228,
        "recall_at_1": 0.00203,
        "recall_at_3": 0.00605,
        "recall_at_5": 0.00963,
        "recall_at_10": 0.01826,
        "recall_at_20": 0.03523,
        "recall_at_100": 0.13392,
        "recall_at_1000": 0.48731,
        "accuracy": 0.00203,
        "precision_at_1": 0.78,
        "precision_at_3": 0.75333,
        "precision_at_5": 0.72,
        "precision_at_10": 0.698,
        "precision_at_20": 0.687,
        "precision_at_100": 0.5616,
        "precision_at_1000": 0.2265,
        "mrr_at_1": 0.78,
        "mrr_at_3": 0.856667,
        "mrr_at_5": 0.866667,
        "mrr_at_10": 0.869524,
        "mrr_at_20": 0.869524,
        "mrr_at_100": 0.869524,
        "mrr_at_1000": 0.869524,
        "nauc_ndcg_at_1_max": 0.147439,
        "nauc_ndcg_at_1_std": 0.158843,
        "nauc_ndcg_at_1_diff1": -0.028629,
        "nauc_ndcg_at_3_max": 0.058385,
        "nauc_ndcg_at_3_std": 0.12242,
        "nauc_ndcg_at_3_diff1": -0.060757,
        "nauc_ndcg_at_5_max": 0.094302,
        "nauc_ndcg_at_5_std": 0.199763,
        "nauc_ndcg_at_5_diff1": -0.03723,
        "nauc_ndcg_at_10_max": 0.111308,
        "nauc_ndcg_at_10_std": 0.335494,
        "nauc_ndcg_at_10_diff1": -0.060584,
        "nauc_ndcg_at_20_max": 0.153493,
        "nauc_ndcg_at_20_std": 0.44744,
        "nauc_ndcg_at_20_diff1": -0.098835,
        "nauc_ndcg_at_100_max": 0.206881,
        "nauc_ndcg_at_100_std": 0.617119,
        "nauc_ndcg_at_100_diff1": -0.125051,
        "nauc_ndcg_at_1000_max": 0.248336,
        "nauc_ndcg_at_1000_std": 0.627108,
        "nauc_ndcg_at_1000_diff1": 0.057987,
        "nauc_map_at_1_max": 0.084499,
        "nauc_map_at_1_std": 0.075303,
        "nauc_map_at_1_diff1": 0.126866,
        "nauc_map_at_3_max": 0.045032,
        "nauc_map_at_3_std": 0.028094,
        "nauc_map_at_3_diff1": 0.156934,
        "nauc_map_at_5_max": 0.0704,
        "nauc_map_at_5_std": 0.03039,
        "nauc_map_at_5_diff1": 0.195965,
        "nauc_map_at_10_max": 0.085863,
        "nauc_map_at_10_std": 0.105967,
        "nauc_map_at_10_diff1": 0.194617,
        "nauc_map_at_20_max": 0.131849,
        "nauc_map_at_20_std": 0.211953,
        "nauc_map_at_20_diff1": 0.187183,
        "nauc_map_at_100_max": 0.26827,
        "nauc_map_at_100_std": 0.558519,
        "nauc_map_at_100_diff1": 0.203376,
        "nauc_map_at_1000_max": 0.29163,
        "nauc_map_at_1000_std": 0.717738,
        "nauc_map_at_1000_diff1": 0.009925,
        "nauc_recall_at_1_max": 0.084499,
        "nauc_recall_at_1_std": 0.075303,
        "nauc_recall_at_1_diff1": 0.126866,
        "nauc_recall_at_3_max": 0.018828,
        "nauc_recall_at_3_std": -0.011595,
        "nauc_recall_at_3_diff1": 0.196558,
        "nauc_recall_at_5_max": 0.046349,
        "nauc_recall_at_5_std": 0.001011,
        "nauc_recall_at_5_diff1": 0.244604,
        "nauc_recall_at_10_max": 0.060738,
        "nauc_recall_at_10_std": 0.079469,
        "nauc_recall_at_10_diff1": 0.238347,
        "nauc_recall_at_20_max": 0.09343,
        "nauc_recall_at_20_std": 0.145233,
        "nauc_recall_at_20_diff1": 0.242198,
        "nauc_recall_at_100_max": 0.216483,
        "nauc_recall_at_100_std": 0.432823,
        "nauc_recall_at_100_diff1": 0.275352,
        "nauc_recall_at_1000_max": 0.228508,
        "nauc_recall_at_1000_std": 0.514323,
        "nauc_recall_at_1000_diff1": 0.190968,
        "nauc_precision_at_1_max": 0.274123,
        "nauc_precision_at_1_std": 0.245514,
        "nauc_precision_at_1_diff1": -0.012148,
        "nauc_precision_at_3_max": 0.101644,
        "nauc_precision_at_3_std": 0.090921,
        "nauc_precision_at_3_diff1": -0.115281,
        "nauc_precision_at_5_max": 0.121825,
        "nauc_precision_at_5_std": 0.162548,
        "nauc_precision_at_5_diff1": -0.05239,
        "nauc_precision_at_10_max": 0.151705,
        "nauc_precision_at_10_std": 0.36015,
        "nauc_precision_at_10_diff1": -0.089491,
        "nauc_precision_at_20_max": 0.240947,
        "nauc_precision_at_20_std": 0.504612,
        "nauc_precision_at_20_diff1": -0.086674,
        "nauc_precision_at_100_max": 0.279146,
        "nauc_precision_at_100_std": 0.679472,
        "nauc_precision_at_100_diff1": -0.118583,
        "nauc_precision_at_1000_max": 0.147224,
        "nauc_precision_at_1000_std": 0.393313,
        "nauc_precision_at_1000_diff1": -0.24422,
        "nauc_mrr_at_1_max": 0.274123,
        "nauc_mrr_at_1_std": 0.245514,
        "nauc_mrr_at_1_diff1": -0.012148,
        "nauc_mrr_at_3_max": 0.283891,
        "nauc_mrr_at_3_std": 0.184369,
        "nauc_mrr_at_3_diff1": -0.026869,
        "nauc_mrr_at_5_max": 0.307159,
        "nauc_mrr_at_5_std": 0.247042,
        "nauc_mrr_at_5_diff1": -0.028659,
        "nauc_mrr_at_10_max": 0.293903,
        "nauc_mrr_at_10_std": 0.229286,
        "nauc_mrr_at_10_diff1": -0.025295,
        "nauc_mrr_at_20_max": 0.293903,
        "nauc_mrr_at_20_std": 0.229286,
        "nauc_mrr_at_20_diff1": -0.025295,
        "nauc_mrr_at_100_max": 0.293903,
        "nauc_mrr_at_100_std": 0.229286,
        "nauc_mrr_at_100_diff1": -0.025295,
        "nauc_mrr_at_1000_max": 0.293903,
        "nauc_mrr_at_1000_std": 0.229286,
        "nauc_mrr_at_1000_diff1": -0.025295,
        "hit_rate_at_1": 0.78,
        "hit_rate_at_3": 0.94,
        "hit_rate_at_5": 0.98,
        "hit_rate_at_10": 1.0,
        "hit_rate_at_20": 1.0,
        "hit_rate_at_100": 1.0,
        "hit_rate_at_1000": 1.0,
        "main_score": 0.66253,
        "hf_subset": "default",
        "languages": [
          "eng-Latn"
        ],
        "mteb_version": "2.12.32"
      }
    ]
  },
  "evaluation_time": 3672.8504877090454,
  "kg_co2_emissions": null,
  "date": null
}