{
  "dataset_revision": "bf110dabd08865a8aff2d40d03696984e76085e0",
  "task_name": "CovidQA",
  "mteb_version": "2.12.39",
  "scores": {
    "test": [
      {
        "ndcg_at_1": 0.45995,
        "ndcg_at_3": 0.58855,
        "ndcg_at_5": 0.62682,
        "ndcg_at_10": 0.6609,
        "ndcg_at_20": 0.68248,
        "ndcg_at_25": 0.68545,
        "ndcg_at_50": 0.68964,
        "ndcg_at_100": 0.68964,
        "ndcg_at_1000": 0.68964,
        "map_at_1": 0.45995,
        "map_at_3": 0.55626,
        "map_at_5": 0.57754,
        "map_at_10": 0.59163,
        "map_at_20": 0.59766,
        "map_at_25": 0.59826,
        "map_at_50": 0.59889,
        "map_at_100": 0.59889,
        "map_at_1000": 0.59889,
        "recall_at_1": 0.45995,
        "recall_at_3": 0.68227,
        "recall_at_5": 0.77498,
        "recall_at_10": 0.88029,
        "recall_at_20": 0.9649,
        "recall_at_25": 0.9784,
        "recall_at_50": 1.0,
        "recall_at_100": 1.0,
        "recall_at_1000": 1.0,
        "accuracy": 0.45995,
        "precision_at_1": 0.45995,
        "precision_at_3": 0.22742,
        "precision_at_5": 0.155,
        "precision_at_10": 0.08803,
        "precision_at_20": 0.04824,
        "precision_at_25": 0.03914,
        "precision_at_50": 0.02,
        "precision_at_100": 0.01,
        "precision_at_1000": 0.001,
        "mrr_at_1": 0.460846,
        "mrr_at_3": 0.556406,
        "mrr_at_5": 0.578098,
        "mrr_at_10": 0.59207,
        "mrr_at_20": 0.598103,
        "mrr_at_25": 0.598706,
        "mrr_at_50": 0.599336,
        "mrr_at_100": 0.599336,
        "mrr_at_1000": 0.599336,
        "nauc_ndcg_at_1_max": 0.227887,
        "nauc_ndcg_at_1_std": 0.151086,
        "nauc_ndcg_at_1_diff1": 0.55679,
        "nauc_ndcg_at_3_max": 0.247089,
        "nauc_ndcg_at_3_std": 0.181355,
        "nauc_ndcg_at_3_diff1": 0.485033,
        "nauc_ndcg_at_5_max": 0.25002,
        "nauc_ndcg_at_5_std": 0.195594,
        "nauc_ndcg_at_5_diff1": 0.470993,
        "nauc_ndcg_at_10_max": 0.253543,
        "nauc_ndcg_at_10_std": 0.194036,
        "nauc_ndcg_at_10_diff1": 0.488319,
        "nauc_ndcg_at_20_max": 0.251547,
        "nauc_ndcg_at_20_std": 0.191035,
        "nauc_ndcg_at_20_diff1": 0.493361,
        "nauc_ndcg_at_25_max": 0.247156,
        "nauc_ndcg_at_25_std": 0.187044,
        "nauc_ndcg_at_25_diff1": 0.49842,
        "nauc_ndcg_at_50_max": 0.244741,
        "nauc_ndcg_at_50_std": 0.180953,
        "nauc_ndcg_at_50_diff1": 0.500242,
        "nauc_ndcg_at_100_max": 0.244741,
        "nauc_ndcg_at_100_std": 0.180953,
        "nauc_ndcg_at_100_diff1": 0.500242,
        "nauc_ndcg_at_1000_max": 0.244741,
        "nauc_ndcg_at_1000_std": 0.180953,
        "nauc_ndcg_at_1000_diff1": 0.500242,
        "nauc_map_at_1_max": 0.227887,
        "nauc_map_at_1_std": 0.151086,
        "nauc_map_at_1_diff1": 0.55679,
        "nauc_map_at_3_max": 0.241693,
        "nauc_map_at_3_std": 0.173064,
        "nauc_map_at_3_diff1": 0.50329,
        "nauc_map_at_5_max": 0.243139,
        "nauc_map_at_5_std": 0.180194,
        "nauc_map_at_5_diff1": 0.496983,
        "nauc_map_at_10_max": 0.244122,
        "nauc_map_at_10_std": 0.179395,
        "nauc_map_at_10_diff1": 0.50385,
        "nauc_map_at_20_max": 0.243314,
        "nauc_map_at_20_std": 0.177905,
        "nauc_map_at_20_diff1": 0.505206,
        "nauc_map_at_25_max": 0.2426,
        "nauc_map_at_25_std": 0.177229,
        "nauc_map_at_25_diff1": 0.506084,
        "nauc_map_at_50_max": 0.242247,
        "nauc_map_at_50_std": 0.176489,
        "nauc_map_at_50_diff1": 0.506411,
        "nauc_map_at_100_max": 0.242247,
        "nauc_map_at_100_std": 0.176489,
        "nauc_map_at_100_diff1": 0.506411,
        "nauc_map_at_1000_max": 0.242247,
        "nauc_map_at_1000_std": 0.176489,
        "nauc_map_at_1000_diff1": 0.506411,
        "nauc_recall_at_1_max": 0.227887,
        "nauc_recall_at_1_std": 0.151086,
        "nauc_recall_at_1_diff1": 0.55679,
        "nauc_recall_at_3_max": 0.265752,
        "nauc_recall_at_3_std": 0.209929,
        "nauc_recall_at_3_diff1": 0.422785,
        "nauc_recall_at_5_max": 0.280021,
        "nauc_recall_at_5_std": 0.26455,
        "nauc_recall_at_5_diff1": 0.356808,
        "nauc_recall_at_10_max": 0.325996,
        "nauc_recall_at_10_std": 0.301163,
        "nauc_recall_at_10_diff1": 0.390684,
        "nauc_recall_at_20_max": 0.453476,
        "nauc_recall_at_20_std": 0.506745,
        "nauc_recall_at_20_diff1": 0.299218,
        "nauc_recall_at_25_max": 0.366727,
        "nauc_recall_at_25_std": 0.512434,
        "nauc_recall_at_25_diff1": 0.416735,
        "nauc_recall_at_50_max": NaN,
        "nauc_recall_at_50_std": NaN,
        "nauc_recall_at_50_diff1": NaN,
        "nauc_recall_at_100_max": NaN,
        "nauc_recall_at_100_std": NaN,
        "nauc_recall_at_100_diff1": NaN,
        "nauc_recall_at_1000_max": NaN,
        "nauc_recall_at_1000_std": NaN,
        "nauc_recall_at_1000_diff1": NaN,
        "nauc_precision_at_1_max": 0.227887,
        "nauc_precision_at_1_std": 0.151086,
        "nauc_precision_at_1_diff1": 0.55679,
        "nauc_precision_at_3_max": 0.265752,
        "nauc_precision_at_3_std": 0.209929,
        "nauc_precision_at_3_diff1": 0.422785,
        "nauc_precision_at_5_max": 0.280021,
        "nauc_precision_at_5_std": 0.26455,
        "nauc_precision_at_5_diff1": 0.356808,
        "nauc_precision_at_10_max": 0.325996,
        "nauc_precision_at_10_std": 0.301163,
        "nauc_precision_at_10_diff1": 0.390684,
        "nauc_precision_at_20_max": 0.453476,
        "nauc_precision_at_20_std": 0.506745,
        "nauc_precision_at_20_diff1": 0.299218,
        "nauc_precision_at_25_max": 0.366727,
        "nauc_precision_at_25_std": 0.512434,
        "nauc_precision_at_25_diff1": 0.416735,
        "nauc_precision_at_50_max": 1.0,
        "nauc_precision_at_50_std": 1.0,
        "nauc_precision_at_50_diff1": 1.0,
        "nauc_precision_at_100_max": 1.0,
        "nauc_precision_at_100_std": 1.0,
        "nauc_precision_at_100_diff1": 1.0,
        "nauc_precision_at_1000_max": 1.0,
        "nauc_precision_at_1000_std": 1.0,
        "nauc_precision_at_1000_diff1": 1.0,
        "nauc_mrr_at_1_max": 0.226553,
        "nauc_mrr_at_1_std": 0.151568,
        "nauc_mrr_at_1_diff1": 0.554429,
        "nauc_mrr_at_3_max": 0.240348,
        "nauc_mrr_at_3_std": 0.174198,
        "nauc_mrr_at_3_diff1": 0.50178,
        "nauc_mrr_at_5_max": 0.242158,
        "nauc_mrr_at_5_std": 0.182026,
        "nauc_mrr_at_5_diff1": 0.49602,
        "nauc_mrr_at_10_max": 0.242937,
        "nauc_mrr_at_10_std": 0.180434,
        "nauc_mrr_at_10_diff1": 0.502896,
        "nauc_mrr_at_20_max": 0.242121,
        "nauc_mrr_at_20_std": 0.178961,
        "nauc_mrr_at_20_diff1": 0.504236,
        "nauc_mrr_at_25_max": 0.241404,
        "nauc_mrr_at_25_std": 0.178287,
        "nauc_mrr_at_25_diff1": 0.505112,
        "nauc_mrr_at_50_max": 0.241049,
        "nauc_mrr_at_50_std": 0.177549,
        "nauc_mrr_at_50_diff1": 0.505437,
        "nauc_mrr_at_100_max": 0.241049,
        "nauc_mrr_at_100_std": 0.177549,
        "nauc_mrr_at_100_diff1": 0.505437,
        "nauc_mrr_at_1000_max": 0.241049,
        "nauc_mrr_at_1000_std": 0.177549,
        "nauc_mrr_at_1000_diff1": 0.505437,
        "hit_rate_at_1": 0.45995,
        "hit_rate_at_3": 0.68227,
        "hit_rate_at_5": 0.77498,
        "hit_rate_at_10": 0.88029,
        "hit_rate_at_20": 0.9649,
        "hit_rate_at_25": 0.9784,
        "hit_rate_at_50": 1.0,
        "hit_rate_at_100": 1.0,
        "hit_rate_at_1000": 1.0,
        "R_cap_at_1": 0.460846,
        "R_cap_at_3": 0.681368,
        "R_cap_at_5": 0.775878,
        "R_cap_at_10": 0.880288,
        "R_cap_at_20": 0.964896,
        "R_cap_at_25": 0.978398,
        "R_cap_at_50": 1.0,
        "R_cap_at_100": 1.0,
        "R_cap_at_1000": 1.0,
        "main_score": 0.6609,
        "hf_subset": "Covid-QA",
        "languages": [
          "eng-Latn"
        ],