{
  "dataset_revision": "6757300d912abd580dda453bced37cb7f5b44c78",
  "task_name": "ESGReports",
  "mteb_version": "2.12.39",
  "scores": {
    "test": [
      {
        "ndcg_at_1": 0.22222,
        "ndcg_at_3": 0.26759,
        "ndcg_at_5": 0.31687,
        "ndcg_at_10": 0.35722,
        "ndcg_at_20": 0.37582,
        "ndcg_at_25": 0.38906,
        "ndcg_at_50": 0.4515,
        "ndcg_at_100": 0.46813,
        "ndcg_at_1000": 0.47707,
        "map_at_1": 0.2037,
        "map_at_3": 0.24228,
        "map_at_5": 0.26937,
        "map_at_10": 0.28759,
        "map_at_20": 0.29583,
        "map_at_25": 0.29989,
        "map_at_50": 0.31269,
        "map_at_100": 0.31532,
        "map_at_1000": 0.31591,
        "recall_at_1": 0.2037,
        "recall_at_3": 0.28472,
        "recall_at_5": 0.40139,
        "recall_at_10": 0.51343,
        "recall_at_20": 0.56157,
        "recall_at_25": 0.60417,
        "recall_at_50": 0.86111,
        "recall_at_100": 0.94444,
        "recall_at_1000": 1.0,
        "accuracy": 0.2037,
        "precision_at_1": 0.22222,
        "precision_at_3": 0.13889,
        "precision_at_5": 0.11667,
        "precision_at_10": 0.07778,
        "precision_at_20": 0.04861,
        "precision_at_25": 0.04444,
        "precision_at_50": 0.035,
        "precision_at_100": 0.01917,
        "precision_at_1000": 0.002,
        "mrr_at_1": 0.222222,
        "mrr_at_3": 0.277778,
        "mrr_at_5": 0.316667,
        "mrr_at_10": 0.330853,
        "mrr_at_20": 0.332396,
        "mrr_at_25": 0.333719,
        "mrr_at_50": 0.340201,
        "mrr_at_100": 0.340628,
        "mrr_at_1000": 0.341101,
        "nauc_ndcg_at_1_max": 0.0466,
        "nauc_ndcg_at_1_std": -0.17325,
        "nauc_ndcg_at_1_diff1": 0.332327,
        "nauc_ndcg_at_3_max": 0.142242,
        "nauc_ndcg_at_3_std": -0.27534,
        "nauc_ndcg_at_3_diff1": 0.310446,
        "nauc_ndcg_at_5_max": 0.166149,
        "nauc_ndcg_at_5_std": -0.222548,
        "nauc_ndcg_at_5_diff1": 0.271694,
        "nauc_ndcg_at_10_max": 0.221863,
        "nauc_ndcg_at_10_std": -0.24391,
        "nauc_ndcg_at_10_diff1": 0.321659,
        "nauc_ndcg_at_20_max": 0.204793,
        "nauc_ndcg_at_20_std": -0.242368,
        "nauc_ndcg_at_20_diff1": 0.293339,
        "nauc_ndcg_at_25_max": 0.221938,
        "nauc_ndcg_at_25_std": -0.232738,
        "nauc_ndcg_at_25_diff1": 0.321273,
        "nauc_ndcg_at_50_max": 0.15293,
        "nauc_ndcg_at_50_std": -0.279507,
        "nauc_ndcg_at_50_diff1": 0.278019,
        "nauc_ndcg_at_100_max": 0.157063,
        "nauc_ndcg_at_100_std": -0.225174,
        "nauc_ndcg_at_100_diff1": 0.269381,
        "nauc_ndcg_at_1000_max": 0.132123,
        "nauc_ndcg_at_1000_std": -0.262574,
        "nauc_ndcg_at_1000_diff1": 0.297366,
        "nauc_map_at_1_max": 0.012454,
        "nauc_map_at_1_std": -0.253749,
        "nauc_map_at_1_diff1": 0.407826,
        "nauc_map_at_3_max": 0.121961,
        "nauc_map_at_3_std": -0.251852,
        "nauc_map_at_3_diff1": 0.353263,
        "nauc_map_at_5_max": 0.125959,
        "nauc_map_at_5_std": -0.23369,
        "nauc_map_at_5_diff1": 0.328594,
        "nauc_map_at_10_max": 0.152191,
        "nauc_map_at_10_std": -0.245451,
        "nauc_map_at_10_diff1": 0.34953,
        "nauc_map_at_20_max": 0.143538,
        "nauc_map_at_20_std": -0.243486,
        "nauc_map_at_20_diff1": 0.33256,
        "nauc_map_at_25_max": 0.148354,
        "nauc_map_at_25_std": -0.240289,
        "nauc_map_at_25_diff1": 0.340653,
        "nauc_map_at_50_max": 0.130204,
        "nauc_map_at_50_std": -0.25514,
        "nauc_map_at_50_diff1": 0.330692,
        "nauc_map_at_100_max": 0.129812,
        "nauc_map_at_100_std": -0.249786,
        "nauc_map_at_100_diff1": 0.330878,
        "nauc_map_at_1000_max": 0.128466,
        "nauc_map_at_1000_std": -0.251871,
        "nauc_map_at_1000_diff1": 0.332769,
        "nauc_recall_at_1_max": 0.012454,
        "nauc_recall_at_1_std": -0.253749,
        "nauc_recall_at_1_diff1": 0.407826,
        "nauc_recall_at_3_max": 0.22222,
        "nauc_recall_at_3_std": -0.307706,
        "nauc_recall_at_3_diff1": 0.288239,
        "nauc_recall_at_5_max": 0.263157,
        "nauc_recall_at_5_std": -0.209119,
        "nauc_recall_at_5_diff1": 0.191214,
        "nauc_recall_at_10_max": 0.409097,
        "nauc_recall_at_10_std": -0.262036,
        "nauc_recall_at_10_diff1": 0.314106,
        "nauc_recall_at_20_max": 0.397048,
        "nauc_recall_at_20_std": -0.239803,
        "nauc_recall_at_20_diff1": 0.256839,
        "nauc_recall_at_25_max": 0.472773,
        "nauc_recall_at_25_std": -0.203123,
        "nauc_recall_at_25_diff1": 0.348051,
        "nauc_recall_at_50_max": 0.37221,
        "nauc_recall_at_50_std": -0.369497,
        "nauc_recall_at_50_diff1": 0.063952,
        "nauc_recall_at_100_max": 0.860801,
        "nauc_recall_at_100_std": 0.794625,
        "nauc_recall_at_100_diff1": -0.404265,
        "nauc_recall_at_1000_max": NaN,
        "nauc_recall_at_1000_std": NaN,
        "nauc_recall_at_1000_diff1": NaN,
        "nauc_precision_at_1_max": 0.0466,
        "nauc_precision_at_1_std": -0.17325,
        "nauc_precision_at_1_diff1": 0.332327,
        "nauc_precision_at_3_max": 0.268877,
        "nauc_precision_at_3_std": -0.244178,
        "nauc_precision_at_3_diff1": 0.147288,
        "nauc_precision_at_5_max": 0.328328,
        "nauc_precision_at_5_std": -0.087376,
        "nauc_precision_at_5_diff1": 0.01895,
        "nauc_precision_at_10_max": 0.405706,
        "nauc_precision_at_10_std": -0.115463,
        "nauc_precision_at_10_diff1": 0.121331,
        "nauc_precision_at_20_max": 0.16336,
        "nauc_precision_at_20_std": -0.102796,
        "nauc_precision_at_20_diff1": -0.05408,
        "nauc_precision_at_25_max": 0.172872,
        "nauc_precision_at_25_std": -0.058136,
        "nauc_precision_at_25_diff1": 0.034795,
        "nauc_precision_at_50_max": -0.176671,
        "nauc_precision_at_50_std": -0.216514,
        "nauc_precision_at_50_diff1": -0.16447,
        "nauc_precision_at_100_max": -0.189441,
        "nauc_precision_at_100_std": -0.100632,
        "nauc_precision_at_100_diff1": -0.19341,
        "nauc_precision_at_1000_max": -0.257663,
        "nauc_precision_at_1000_std": -0.164659,
        "nauc_precision_at_1000_diff1": -0.15587,
        "nauc_mrr_at_1_max": 0.0466,
        "nauc_mrr_at_1_std": -0.17325,
        "nauc_mrr_at_1_diff1": 0.332327,
        "nauc_mrr_at_3_max": 0.105345,
        "nauc_mrr_at_3_std": -0.2584,
        "nauc_mrr_at_3_diff1": 0.277329,
        "nauc_mrr_at_5_max": 0.1104,
        "nauc_mrr_at_5_std": -0.214962,
        "nauc_mrr_at_5_diff1": 0.235154,
        "nauc_mrr_at_10_max": 0.130662,
        "nauc_mrr_at_10_std": -0.220383,
        "nauc_mrr_at_10_diff1": 0.26046,
        "nauc_mrr_at_20_max": 0.12612,
        "nauc_mrr_at_20_std": -0.225227,
        "nauc_mrr_at_20_diff1": 0.263921,
        "nauc_mrr_at_25_max": 0.127162,
        "nauc_mrr_at_25_std": -0.223381,
        "nauc_mrr_at_25_diff1": 0.263021,
        "nauc_mrr_at_50_max": 0.122677,
        "nauc_mrr_at_50_std": -0.221405,
        "nauc_mrr_at_50_diff1": 0.259992,
        "nauc_mrr_at_100_max": 0.123093,
        "nauc_mrr_at_100_std": -0.219363,
        "nauc_mrr_at_100_diff1": 0.259353,
        "nauc_mrr_at_1000_max": 0.121993,
        "nauc_mrr_at_1000_std": -0.220932,
        "nauc_mrr_at_1000_diff1": 0.260535,
        "hit_rate_at_1": 0.22222,
        "hit_rate_at_3": 0.36111,
        "hit_rate_at_5": 0.52778,
        "hit_rate_at_10": 0.63889,
        "hit_rate_at_20": 0.66667,
        "hit_rate_at_25": 0.69444,
        "hit_rate_at_50": 0.91667,
        "hit_rate_at_100": 0.94444,
        "hit_rate_at_1000": 1.0,
        "R_cap_at_1": 0.222222,
        "R_cap_at_3": 0.291667,
        "R_cap_at_5": 0.402315,
        "R_cap_at_10": 0.513426,
        "R_cap_at_20": 0.561574,
        "R_cap_at_25": 0.604167,
        "R_cap_at_50": 0.861111,
        "R_cap_at_100": 0.944444,
        "R_cap_at_1000": 1.0,