{
  "dataset_revision": "432cf48c879c2de792720d5c0af6900312ebe7b6",
  "task_name": "LMEB_SciFact",
  "mteb_version": "2.12.39",
  "scores": {
    "test": [
      {
        "ndcg_at_1": 0.57447,
        "ndcg_at_3": 0.61999,
        "ndcg_at_5": 0.65656,
        "ndcg_at_10": 0.71195,
        "ndcg_at_20": 0.73327,
        "ndcg_at_25": 0.73503,
        "ndcg_at_50": 0.74104,
        "ndcg_at_100": 0.74383,
        "ndcg_at_1000": 0.74482,
        "map_at_1": 0.39012,
        "map_at_3": 0.53951,
        "map_at_5": 0.58019,
        "map_at_10": 0.61651,
        "map_at_20": 0.62679,
        "map_at_25": 0.62787,
        "map_at_50": 0.62969,
        "map_at_100": 0.63023,
        "map_at_1000": 0.63026,
        "recall_at_1": 0.39012,
        "recall_at_3": 0.64766,
        "recall_at_5": 0.74439,
        "recall_at_10": 0.88917,
        "recall_at_20": 0.95208,
        "recall_at_25": 0.95669,
        "recall_at_50": 0.97974,
        "recall_at_100": 0.99202,
        "recall_at_1000": 1.0,
        "accuracy": 0.39012,
        "precision_at_1": 0.57447,
        "precision_at_3": 0.35816,
        "precision_at_5": 0.25957,
        "precision_at_10": 0.16223,
        "precision_at_20": 0.09016,
        "precision_at_25": 0.07319,
        "precision_at_50": 0.03798,
        "precision_at_100": 0.01936,
        "precision_at_1000": 0.00195,
        "mrr_at_1": 0.574468,
        "mrr_at_3": 0.683511,
        "mrr_at_5": 0.693351,
        "mrr_at_10": 0.705577,
        "mrr_at_20": 0.70772,
        "mrr_at_25": 0.707973,
        "mrr_at_50": 0.708293,
        "mrr_at_100": 0.708391,
        "mrr_at_1000": 0.708399,
        "nauc_ndcg_at_1_max": 0.274637,
        "nauc_ndcg_at_1_std": -0.046027,
        "nauc_ndcg_at_1_diff1": 0.601389,
        "nauc_ndcg_at_3_max": 0.141556,
        "nauc_ndcg_at_3_std": -0.231475,
        "nauc_ndcg_at_3_diff1": 0.530149,
        "nauc_ndcg_at_5_max": 0.19401,
        "nauc_ndcg_at_5_std": -0.226789,
        "nauc_ndcg_at_5_diff1": 0.540337,
        "nauc_ndcg_at_10_max": 0.259742,
        "nauc_ndcg_at_10_std": -0.188235,
        "nauc_ndcg_at_10_diff1": 0.56698,
        "nauc_ndcg_at_20_max": 0.2692,
        "nauc_ndcg_at_20_std": -0.161783,
        "nauc_ndcg_at_20_diff1": 0.579988,
        "nauc_ndcg_at_25_max": 0.273814,
        "nauc_ndcg_at_25_std": -0.151045,
        "nauc_ndcg_at_25_diff1": 0.576275,
        "nauc_ndcg_at_50_max": 0.26497,
        "nauc_ndcg_at_50_std": -0.138388,
        "nauc_ndcg_at_50_diff1": 0.563737,
        "nauc_ndcg_at_100_max": 0.262849,
        "nauc_ndcg_at_100_std": -0.128868,
        "nauc_ndcg_at_100_diff1": 0.560661,
        "nauc_ndcg_at_1000_max": 0.259527,
        "nauc_ndcg_at_1000_std": -0.131547,
        "nauc_ndcg_at_1000_diff1": 0.56365,
        "nauc_map_at_1_max": 0.163367,
        "nauc_map_at_1_std": -0.176855,
        "nauc_map_at_1_diff1": 0.613623,
        "nauc_map_at_3_max": 0.109785,
        "nauc_map_at_3_std": -0.294452,
        "nauc_map_at_3_diff1": 0.556572,
        "nauc_map_at_5_max": 0.14774,
        "nauc_map_at_5_std": -0.26394,
        "nauc_map_at_5_diff1": 0.548782,
        "nauc_map_at_10_max": 0.193589,
        "nauc_map_at_10_std": -0.218663,
        "nauc_map_at_10_diff1": 0.560032,
        "nauc_map_at_20_max": 0.201194,
        "nauc_map_at_20_std": -0.202316,
        "nauc_map_at_20_diff1": 0.565152,
        "nauc_map_at_25_max": 0.202631,
        "nauc_map_at_25_std": -0.197463,
        "nauc_map_at_25_diff1": 0.563466,
        "nauc_map_at_50_max": 0.201224,
        "nauc_map_at_50_std": -0.194268,
        "nauc_map_at_50_diff1": 0.56066,
        "nauc_map_at_100_max": 0.201244,
        "nauc_map_at_100_std": -0.19284,
        "nauc_map_at_100_diff1": 0.560369,
        "nauc_map_at_1000_max": 0.201164,
        "nauc_map_at_1000_std": -0.192897,
        "nauc_map_at_1000_diff1": 0.560539,
        "nauc_recall_at_1_max": 0.163367,
        "nauc_recall_at_1_std": -0.176855,
        "nauc_recall_at_1_diff1": 0.613623,
        "nauc_recall_at_3_max": 0.020476,
        "nauc_recall_at_3_std": -0.421116,
        "nauc_recall_at_3_diff1": 0.454799,
        "nauc_recall_at_5_max": 0.109005,
        "nauc_recall_at_5_std": -0.421988,
        "nauc_recall_at_5_diff1": 0.435043,
        "nauc_recall_at_10_max": 0.317628,
        "nauc_recall_at_10_std": -0.401113,
        "nauc_recall_at_10_diff1": 0.496061,
        "nauc_recall_at_20_max": 0.479371,
        "nauc_recall_at_20_std": -0.447589,
        "nauc_recall_at_20_diff1": 0.672225,
        "nauc_recall_at_25_max": 0.578887,
        "nauc_recall_at_25_std": -0.361294,
        "nauc_recall_at_25_diff1": 0.668049,
        "nauc_recall_at_50_max": 0.621324,
        "nauc_recall_at_50_std": -0.263599,
        "nauc_recall_at_50_diff1": 0.509923,
        "nauc_recall_at_100_max": 0.907225,
        "nauc_recall_at_100_std": 0.410442,
        "nauc_recall_at_100_diff1": 0.19648,
        "nauc_recall_at_1000_max": NaN,
        "nauc_recall_at_1000_std": NaN,
        "nauc_recall_at_1000_diff1": NaN,
        "nauc_precision_at_1_max": 0.274637,
        "nauc_precision_at_1_std": -0.046027,
        "nauc_precision_at_1_diff1": 0.601389,
        "nauc_precision_at_3_max": 0.110406,
        "nauc_precision_at_3_std": -0.044918,
        "nauc_precision_at_3_diff1": 0.084265,
        "nauc_precision_at_5_max": 0.167028,
        "nauc_precision_at_5_std": 0.119434,
        "nauc_precision_at_5_diff1": -0.032138,
        "nauc_precision_at_10_max": 0.241413,
        "nauc_precision_at_10_std": 0.316172,
        "nauc_precision_at_10_diff1": -0.157716,
        "nauc_precision_at_20_max": 0.210652,
        "nauc_precision_at_20_std": 0.386518,
        "nauc_precision_at_20_diff1": -0.204027,
        "nauc_precision_at_25_max": 0.206233,
        "nauc_precision_at_25_std": 0.404389,
        "nauc_precision_at_25_diff1": -0.214205,
        "nauc_precision_at_50_max": 0.17562,
        "nauc_precision_at_50_std": 0.424818,
        "nauc_precision_at_50_diff1": -0.251738,
        "nauc_precision_at_100_max": 0.163778,
        "nauc_precision_at_100_std": 0.448051,
        "nauc_precision_at_100_diff1": -0.268704,
        "nauc_precision_at_1000_max": 0.155851,
        "nauc_precision_at_1000_std": 0.447154,
        "nauc_precision_at_1000_diff1": -0.268818,
        "nauc_mrr_at_1_max": 0.274637,
        "nauc_mrr_at_1_std": -0.046027,
        "nauc_mrr_at_1_diff1": 0.601389,
        "nauc_mrr_at_3_max": 0.310186,
        "nauc_mrr_at_3_std": -0.048805,
        "nauc_mrr_at_3_diff1": 0.577151,
        "nauc_mrr_at_5_max": 0.318176,
        "nauc_mrr_at_5_std": -0.052099,
        "nauc_mrr_at_5_diff1": 0.576704,
        "nauc_mrr_at_10_max": 0.322433,
        "nauc_mrr_at_10_std": -0.04964,
        "nauc_mrr_at_10_diff1": 0.587925,
        "nauc_mrr_at_20_max": 0.319429,
        "nauc_mrr_at_20_std": -0.049627,
        "nauc_mrr_at_20_diff1": 0.588356,
        "nauc_mrr_at_25_max": 0.318694,
        "nauc_mrr_at_25_std": -0.05076,
        "nauc_mrr_at_25_diff1": 0.587912,
        "nauc_mrr_at_50_max": 0.318236,
        "nauc_mrr_at_50_std": -0.049454,
        "nauc_mrr_at_50_diff1": 0.587433,
        "nauc_mrr_at_100_max": 0.318219,
        "nauc_mrr_at_100_std": -0.048747,
        "nauc_mrr_at_100_diff1": 0.587376,
        "nauc_mrr_at_1000_max": 0.318195,
        "nauc_mrr_at_1000_std": -0.048768,
        "nauc_mrr_at_1000_diff1": 0.587367,
        "hit_rate_at_1": 0.57447,
        "hit_rate_at_3": 0.81915,
        "hit_rate_at_5": 0.8617,
        "hit_rate_at_10": 0.94681,
        "hit_rate_at_20": 0.97872,
        "hit_rate_at_25": 0.97872,
        "hit_rate_at_50": 0.98936,
        "hit_rate_at_100": 0.99468,
        "hit_rate_at_1000": 1.0,
        "R_cap_at_1": 0.574468,
        "R_cap_at_3": 0.670213,
        "R_cap_at_5": 0.750177,
        "R_cap_at_10": 0.889609,
        "R_cap_at_20": 0.949417,
        "R_cap_at_25": 0.956687,
        "R_cap_at_50": 0.979737,
        "R_cap_at_100": 0.992021,