{
  "dataset_revision": "ebc723b2474ef92d098a47e8f131aa7d3542b7b0",
  "task_name": "LMEBMLDR",
  "mteb_version": "2.12.39",
  "scores": {
    "test": [
      {
        "ndcg_at_1": 0.56,
        "ndcg_at_3": 0.70619,
        "ndcg_at_5": 0.7402,
        "ndcg_at_10": 0.7731,
        "ndcg_at_20": 0.77859,
        "ndcg_at_25": 0.77859,
        "ndcg_at_50": 0.77859,
        "ndcg_at_100": 0.77859,
        "ndcg_at_1000": 0.77859,
        "map_at_1": 0.56,
        "map_at_3": 0.67333,
        "map_at_5": 0.69283,
        "map_at_10": 0.70673,
        "map_at_20": 0.70847,
        "map_at_25": 0.70847,
        "map_at_50": 0.70847,
        "map_at_100": 0.70847,
        "map_at_1000": 0.70847,
        "recall_at_1": 0.56,
        "recall_at_3": 0.8,
        "recall_at_5": 0.88,
        "recall_at_10": 0.98,
        "recall_at_20": 1.0,
        "recall_at_25": 1.0,
        "recall_at_50": 1.0,
        "recall_at_100": 1.0,
        "recall_at_1000": 1.0,
        "accuracy": 0.56,
        "precision_at_1": 0.56,
        "precision_at_3": 0.26667,
        "precision_at_5": 0.176,
        "precision_at_10": 0.098,
        "precision_at_20": 0.05,
        "precision_at_25": 0.04,
        "precision_at_50": 0.02,
        "precision_at_100": 0.01,
        "precision_at_1000": 0.001,
        "mrr_at_1": 0.56,
        "mrr_at_3": 0.673333,
        "mrr_at_5": 0.692833,
        "mrr_at_10": 0.70673,
        "mrr_at_20": 0.708473,
        "mrr_at_25": 0.708473,
        "mrr_at_50": 0.708473,
        "mrr_at_100": 0.708473,
        "mrr_at_1000": 0.708473,
        "nauc_ndcg_at_1_max": 0.173277,
        "nauc_ndcg_at_1_std": 0.071358,
        "nauc_ndcg_at_1_diff1": 0.267218,
        "nauc_ndcg_at_3_max": 0.177478,
        "nauc_ndcg_at_3_std": 0.204867,
        "nauc_ndcg_at_3_diff1": 0.311014,
        "nauc_ndcg_at_5_max": 0.173176,
        "nauc_ndcg_at_5_std": 0.223999,
        "nauc_ndcg_at_5_diff1": 0.28262,
        "nauc_ndcg_at_10_max": 0.192755,
        "nauc_ndcg_at_10_std": 0.182411,
        "nauc_ndcg_at_10_diff1": 0.288202,
        "nauc_ndcg_at_20_max": 0.173984,
        "nauc_ndcg_at_20_std": 0.168833,
        "nauc_ndcg_at_20_diff1": 0.272408,
        "nauc_ndcg_at_25_max": 0.173984,
        "nauc_ndcg_at_25_std": 0.168833,
        "nauc_ndcg_at_25_diff1": 0.272408,
        "nauc_ndcg_at_50_max": 0.173984,
        "nauc_ndcg_at_50_std": 0.168833,
        "nauc_ndcg_at_50_diff1": 0.272408,
        "nauc_ndcg_at_100_max": 0.173984,
        "nauc_ndcg_at_100_std": 0.168833,
        "nauc_ndcg_at_100_diff1": 0.272408,
        "nauc_ndcg_at_1000_max": 0.173984,
        "nauc_ndcg_at_1000_std": 0.168833,
        "nauc_ndcg_at_1000_diff1": 0.272408,
        "nauc_map_at_1_max": 0.173277,
        "nauc_map_at_1_std": 0.071358,
        "nauc_map_at_1_diff1": 0.267218,
        "nauc_map_at_3_max": 0.17502,
        "nauc_map_at_3_std": 0.172607,
        "nauc_map_at_3_diff1": 0.290915,
        "nauc_map_at_5_max": 0.173526,
        "nauc_map_at_5_std": 0.180852,
        "nauc_map_at_5_diff1": 0.275807,
        "nauc_map_at_10_max": 0.178189,
        "nauc_map_at_10_std": 0.163919,
        "nauc_map_at_10_diff1": 0.275142,
        "nauc_map_at_20_max": 0.173546,
        "nauc_map_at_20_std": 0.160436,
        "nauc_map_at_20_diff1": 0.271232,
        "nauc_map_at_25_max": 0.173546,
        "nauc_map_at_25_std": 0.160436,
        "nauc_map_at_25_diff1": 0.271232,
        "nauc_map_at_50_max": 0.173546,
        "nauc_map_at_50_std": 0.160436,
        "nauc_map_at_50_diff1": 0.271232,
        "nauc_map_at_100_max": 0.173546,
        "nauc_map_at_100_std": 0.160436,
        "nauc_map_at_100_diff1": 0.271232,
        "nauc_map_at_1000_max": 0.173546,
        "nauc_map_at_1000_std": 0.160436,
        "nauc_map_at_1000_diff1": 0.271232,
        "nauc_recall_at_1_max": 0.173277,
        "nauc_recall_at_1_std": 0.071358,
        "nauc_recall_at_1_diff1": 0.267218,
        "nauc_recall_at_3_max": 0.188137,
        "nauc_recall_at_3_std": 0.331044,
        "nauc_recall_at_3_diff1": 0.396528,
        "nauc_recall_at_5_max": 0.168947,
        "nauc_recall_at_5_std": 0.479478,
        "nauc_recall_at_5_diff1": 0.322065,
        "nauc_recall_at_10_max": 0.795752,
        "nauc_recall_at_10_std": 0.613679,
        "nauc_recall_at_10_diff1": 0.795752,
        "nauc_recall_at_20_max": NaN,
        "nauc_recall_at_20_std": NaN,
        "nauc_recall_at_20_diff1": NaN,
        "nauc_recall_at_25_max": NaN,
        "nauc_recall_at_25_std": NaN,
        "nauc_recall_at_25_diff1": NaN,
        "nauc_recall_at_50_max": NaN,
        "nauc_recall_at_50_std": NaN,
        "nauc_recall_at_50_diff1": NaN,
        "nauc_recall_at_100_max": NaN,
        "nauc_recall_at_100_std": NaN,
        "nauc_recall_at_100_diff1": NaN,
        "nauc_recall_at_1000_max": NaN,
        "nauc_recall_at_1000_std": NaN,
        "nauc_recall_at_1000_diff1": NaN,
        "nauc_precision_at_1_max": 0.173277,
        "nauc_precision_at_1_std": 0.071358,
        "nauc_precision_at_1_diff1": 0.267218,
        "nauc_precision_at_3_max": 0.188137,
        "nauc_precision_at_3_std": 0.331044,
        "nauc_precision_at_3_diff1": 0.396528,
        "nauc_precision_at_5_max": 0.168947,
        "nauc_precision_at_5_std": 0.479478,
        "nauc_precision_at_5_diff1": 0.322065,
        "nauc_precision_at_10_max": 0.795752,
        "nauc_precision_at_10_std": 0.613679,
        "nauc_precision_at_10_diff1": 0.795752,
        "nauc_precision_at_20_max": 1.0,
        "nauc_precision_at_20_std": 1.0,
        "nauc_precision_at_20_diff1": 1.0,
        "nauc_precision_at_25_max": NaN,
        "nauc_precision_at_25_std": NaN,
        "nauc_precision_at_25_diff1": NaN,
        "nauc_precision_at_50_max": NaN,
        "nauc_precision_at_50_std": NaN,
        "nauc_precision_at_50_diff1": NaN,
        "nauc_precision_at_100_max": NaN,
        "nauc_precision_at_100_std": NaN,
        "nauc_precision_at_100_diff1": NaN,
        "nauc_precision_at_1000_max": NaN,
        "nauc_precision_at_1000_std": NaN,
        "nauc_precision_at_1000_diff1": NaN,
        "nauc_mrr_at_1_max": 0.173277,
        "nauc_mrr_at_1_std": 0.071358,
        "nauc_mrr_at_1_diff1": 0.267218,
        "nauc_mrr_at_3_max": 0.17502,
        "nauc_mrr_at_3_std": 0.172607,
        "nauc_mrr_at_3_diff1": 0.290915,
        "nauc_mrr_at_5_max": 0.173526,
        "nauc_mrr_at_5_std": 0.180852,
        "nauc_mrr_at_5_diff1": 0.275807,
        "nauc_mrr_at_10_max": 0.178189,
        "nauc_mrr_at_10_std": 0.163919,
        "nauc_mrr_at_10_diff1": 0.275142,
        "nauc_mrr_at_20_max": 0.173546,
        "nauc_mrr_at_20_std": 0.160436,
        "nauc_mrr_at_20_diff1": 0.271232,
        "nauc_mrr_at_25_max": 0.173546,
        "nauc_mrr_at_25_std": 0.160436,
        "nauc_mrr_at_25_diff1": 0.271232,
        "nauc_mrr_at_50_max": 0.173546,
        "nauc_mrr_at_50_std": 0.160436,
        "nauc_mrr_at_50_diff1": 0.271232,
        "nauc_mrr_at_100_max": 0.173546,
        "nauc_mrr_at_100_std": 0.160436,
        "nauc_mrr_at_100_diff1": 0.271232,
        "nauc_mrr_at_1000_max": 0.173546,
        "nauc_mrr_at_1000_std": 0.160436,
        "nauc_mrr_at_1000_diff1": 0.271232,
        "hit_rate_at_1": 0.56,
        "hit_rate_at_3": 0.8,
        "hit_rate_at_5": 0.88,
        "hit_rate_at_10": 0.98,
        "hit_rate_at_20": 1.0,
        "hit_rate_at_25": 1.0,
        "hit_rate_at_50": 1.0,
        "hit_rate_at_100": 1.0,
        "hit_rate_at_1000": 1.0,
        "R_cap_at_1": 0.56,
        "R_cap_at_3": 0.8,
        "R_cap_at_5": 0.88,
        "R_cap_at_10": 0.98,
        "R_cap_at_20": 1.0,
        "R_cap_at_25": 1.0,
        "R_cap_at_50": 1.0,
        "R_cap_at_100": 1.0,
        "R_cap_at_1000": 1.0,
        "main_score": 0.7731,
        "hf_subset": "MLDR",
        "languages": [
          "eng-Latn"
        ],
        "mteb_version": "2.12.39"
      }
    ]
  },
  "evaluation_time": 4.899721622467041,
  "kg_co2_emissions": null,
  "date": 1780111938.535224
}