{
  "dataset_revision": "df52bb043564336892a1eb9127559130fcb0e62c",
  "task_name": "LooGLE",
  "mteb_version": "2.12.39",
  "scores": {
    "test": [
      {
        "ndcg_at_1": 0.32607,
        "ndcg_at_3": 0.2982,
        "ndcg_at_5": 0.33083,
        "ndcg_at_10": 0.38364,
        "ndcg_at_20": 0.43311,
        "ndcg_at_25": 0.44795,
        "ndcg_at_50": 0.48925,
        "ndcg_at_100": 0.51768,
        "ndcg_at_1000": 0.5266,
        "map_at_1": 0.13685,
        "map_at_3": 0.21748,
        "map_at_5": 0.25075,
        "map_at_10": 0.2801,
        "map_at_20": 0.29986,
        "map_at_25": 0.30479,
        "map_at_50": 0.3154,
        "map_at_100": 0.32029,
        "map_at_1000": 0.32129,
        "recall_at_1": 0.13685,
        "recall_at_3": 0.27138,
        "recall_at_5": 0.35988,
        "recall_at_10": 0.48248,
        "recall_at_20": 0.62458,
        "recall_at_25": 0.67242,
        "recall_at_50": 0.82373,
        "recall_at_100": 0.94793,
        "recall_at_1000": 0.99286,
        "accuracy": 0.13685,
        "precision_at_1": 0.32607,
        "precision_at_3": 0.23373,
        "precision_at_5": 0.19128,
        "precision_at_10": 0.13134,
        "precision_at_20": 0.08715,
        "precision_at_25": 0.07586,
        "precision_at_50": 0.04768,
        "precision_at_100": 0.02771,
        "precision_at_1000": 0.00291,
        "mrr_at_1": 0.325159,
        "mrr_at_3": 0.421586,
        "mrr_at_5": 0.445156,
        "mrr_at_10": 0.460802,
        "mrr_at_20": 0.46787,
        "mrr_at_25": 0.469114,
        "mrr_at_50": 0.471192,
        "mrr_at_100": 0.471611,
        "mrr_at_1000": 0.471658,
        "nauc_ndcg_at_1_max": 0.083742,
        "nauc_ndcg_at_1_std": 0.051547,
        "nauc_ndcg_at_1_diff1": 0.288155,
        "nauc_ndcg_at_3_max": 0.081088,
        "nauc_ndcg_at_3_std": 0.055872,
        "nauc_ndcg_at_3_diff1": 0.229426,
        "nauc_ndcg_at_5_max": 0.082046,
        "nauc_ndcg_at_5_std": 0.065252,
        "nauc_ndcg_at_5_diff1": 0.226932,
        "nauc_ndcg_at_10_max": 0.099933,
        "nauc_ndcg_at_10_std": 0.070189,
        "nauc_ndcg_at_10_diff1": 0.228044,
        "nauc_ndcg_at_20_max": 0.111547,
        "nauc_ndcg_at_20_std": 0.077792,
        "nauc_ndcg_at_20_diff1": 0.22327,
        "nauc_ndcg_at_25_max": 0.114178,
        "nauc_ndcg_at_25_std": 0.078467,
        "nauc_ndcg_at_25_diff1": 0.225846,
        "nauc_ndcg_at_50_max": 0.125321,
        "nauc_ndcg_at_50_std": 0.083172,
        "nauc_ndcg_at_50_diff1": 0.232835,
        "nauc_ndcg_at_100_max": 0.124641,
        "nauc_ndcg_at_100_std": 0.069926,
        "nauc_ndcg_at_100_diff1": 0.235235,
        "nauc_ndcg_at_1000_max": 0.116964,
        "nauc_ndcg_at_1000_std": 0.059426,
        "nauc_ndcg_at_1000_diff1": 0.230447,
        "nauc_map_at_1_max": 0.044571,
        "nauc_map_at_1_std": 0.049424,
        "nauc_map_at_1_diff1": 0.295041,
        "nauc_map_at_3_max": 0.05945,
        "nauc_map_at_3_std": 0.053674,
        "nauc_map_at_3_diff1": 0.234942,
        "nauc_map_at_5_max": 0.070776,
        "nauc_map_at_5_std": 0.060424,
        "nauc_map_at_5_diff1": 0.233151,
        "nauc_map_at_10_max": 0.079821,
        "nauc_map_at_10_std": 0.06433,
        "nauc_map_at_10_diff1": 0.23525,
        "nauc_map_at_20_max": 0.084491,
        "nauc_map_at_20_std": 0.065936,
        "nauc_map_at_20_diff1": 0.232515,
        "nauc_map_at_25_max": 0.086138,
        "nauc_map_at_25_std": 0.065877,
        "nauc_map_at_25_diff1": 0.233155,
        "nauc_map_at_50_max": 0.090646,
        "nauc_map_at_50_std": 0.065946,
        "nauc_map_at_50_diff1": 0.234278,
        "nauc_map_at_100_max": 0.091007,
        "nauc_map_at_100_std": 0.063782,
        "nauc_map_at_100_diff1": 0.234458,
        "nauc_map_at_1000_max": 0.090314,
        "nauc_map_at_1000_std": 0.06277,
        "nauc_map_at_1000_diff1": 0.234021,
        "nauc_recall_at_1_max": 0.044571,
        "nauc_recall_at_1_std": 0.049424,
        "nauc_recall_at_1_diff1": 0.295041,
        "nauc_recall_at_3_max": 0.058798,
        "nauc_recall_at_3_std": 0.064461,
        "nauc_recall_at_3_diff1": 0.201184,
        "nauc_recall_at_5_max": 0.071423,
        "nauc_recall_at_5_std": 0.076573,
        "nauc_recall_at_5_diff1": 0.18415,
        "nauc_recall_at_10_max": 0.094523,
        "nauc_recall_at_10_std": 0.079766,
        "nauc_recall_at_10_diff1": 0.170657,
        "nauc_recall_at_20_max": 0.109318,
        "nauc_recall_at_20_std": 0.113282,
        "nauc_recall_at_20_diff1": 0.143048,
        "nauc_recall_at_25_max": 0.114671,
        "nauc_recall_at_25_std": 0.122177,
        "nauc_recall_at_25_diff1": 0.145727,
        "nauc_recall_at_50_max": 0.170025,
        "nauc_recall_at_50_std": 0.20784,
        "nauc_recall_at_50_diff1": 0.169365,
        "nauc_recall_at_100_max": 0.260953,
        "nauc_recall_at_100_std": 0.284169,
        "nauc_recall_at_100_diff1": 0.214401,
        "nauc_recall_at_1000_max": 0.121429,
        "nauc_recall_at_1000_std": 0.239894,
        "nauc_recall_at_1000_diff1": -0.185371,
        "nauc_precision_at_1_max": 0.083742,
        "nauc_precision_at_1_std": 0.051547,
        "nauc_precision_at_1_diff1": 0.288155,
        "nauc_precision_at_3_max": 0.108895,
        "nauc_precision_at_3_std": 0.067438,
        "nauc_precision_at_3_diff1": 0.172403,
        "nauc_precision_at_5_max": 0.117991,
        "nauc_precision_at_5_std": 0.061159,
        "nauc_precision_at_5_diff1": 0.143507,
        "nauc_precision_at_10_max": 0.146801,
        "nauc_precision_at_10_std": 0.059586,
        "nauc_precision_at_10_diff1": 0.116972,
        "nauc_precision_at_20_max": 0.161574,
        "nauc_precision_at_20_std": 0.045775,
        "nauc_precision_at_20_diff1": 0.057747,
        "nauc_precision_at_25_max": 0.160525,
        "nauc_precision_at_25_std": 0.035101,
        "nauc_precision_at_25_diff1": 0.052152,
        "nauc_precision_at_50_max": 0.158536,
        "nauc_precision_at_50_std": -0.00275,
        "nauc_precision_at_50_diff1": 0.001988,
        "nauc_precision_at_100_max": 0.132603,
        "nauc_precision_at_100_std": -0.069158,
        "nauc_precision_at_100_diff1": -0.046121,
        "nauc_precision_at_1000_max": 0.100037,
        "nauc_precision_at_1000_std": -0.107417,
        "nauc_precision_at_1000_diff1": -0.084819,
        "nauc_mrr_at_1_max": 0.087184,
        "nauc_mrr_at_1_std": 0.058898,
        "nauc_mrr_at_1_diff1": 0.29088,
        "nauc_mrr_at_3_max": 0.099757,
        "nauc_mrr_at_3_std": 0.060263,
        "nauc_mrr_at_3_diff1": 0.252954,
        "nauc_mrr_at_5_max": 0.101426,
        "nauc_mrr_at_5_std": 0.059391,
        "nauc_mrr_at_5_diff1": 0.250646,
        "nauc_mrr_at_10_max": 0.108711,
        "nauc_mrr_at_10_std": 0.058615,
        "nauc_mrr_at_10_diff1": 0.25216,
        "nauc_mrr_at_20_max": 0.110116,
        "nauc_mrr_at_20_std": 0.059076,
        "nauc_mrr_at_20_diff1": 0.251912,
        "nauc_mrr_at_25_max": 0.109508,
        "nauc_mrr_at_25_std": 0.059228,
        "nauc_mrr_at_25_diff1": 0.25257,
        "nauc_mrr_at_50_max": 0.108424,
        "nauc_mrr_at_50_std": 0.059272,
        "nauc_mrr_at_50_diff1": 0.253657,
        "nauc_mrr_at_100_max": 0.108194,
        "nauc_mrr_at_100_std": 0.058964,
        "nauc_mrr_at_100_diff1": 0.253663,
        "nauc_mrr_at_1000_max": 0.10807,
        "nauc_mrr_at_1000_std": 0.058835,
        "nauc_mrr_at_1000_diff1": 0.253585,
        "hit_rate_at_1": 0.32607,
        "hit_rate_at_3": 0.54496,
        "hit_rate_at_5": 0.65032,
        "hit_rate_at_10": 0.76748,
        "hit_rate_at_20": 0.87012,
        "hit_rate_at_25": 0.89646,
        "hit_rate_at_50": 0.96639,
        "hit_rate_at_100": 0.99273,
        "hit_rate_at_1000": 0.99818,
        "R_cap_at_1": 0.325159,
        "R_cap_at_3": 0.298214,
        "R_cap_at_5": 0.361202,
        "R_cap_at_10": 0.48266,
        "R_cap_at_20": 0.623174,
        "R_cap_at_25": 0.672423,
        "R_cap_at_50": 0.822942,
        "R_cap_at_100": 0.947933,
        "R_cap_at_1000": 0.992861,