{
  "dataset_revision": "6b2010c691a435a7a920088d32e55c898afa97f5",
  "task_name": "PeerQA",
  "mteb_version": "2.12.39",
  "scores": {
    "test": [
      {
        "ndcg_at_1": 0.23529,
        "ndcg_at_3": 0.2281,
        "ndcg_at_5": 0.2466,
        "ndcg_at_10": 0.28477,
        "ndcg_at_20": 0.32366,
        "ndcg_at_25": 0.33716,
        "ndcg_at_50": 0.37899,
        "ndcg_at_100": 0.41687,
        "ndcg_at_1000": 0.44618,
        "map_at_1": 0.14816,
        "map_at_3": 0.18591,
        "map_at_5": 0.20005,
        "map_at_10": 0.21789,
        "map_at_20": 0.22962,
        "map_at_25": 0.23326,
        "map_at_50": 0.24249,
        "map_at_100": 0.24812,
        "map_at_1000": 0.25123,
        "recall_at_1": 0.14816,
        "recall_at_3": 0.22451,
        "recall_at_5": 0.27592,
        "recall_at_10": 0.37021,
        "recall_at_20": 0.4885,
        "recall_at_25": 0.53214,
        "recall_at_50": 0.69292,
        "recall_at_100": 0.85867,
        "recall_at_1000": 1.0,
        "accuracy": 0.14816,
        "precision_at_1": 0.23529,
        "precision_at_3": 0.13235,
        "precision_at_5": 0.10294,
        "precision_at_10": 0.07868,
        "precision_at_20": 0.05515,
        "precision_at_25": 0.05,
        "precision_at_50": 0.03426,
        "precision_at_100": 0.02279,
        "precision_at_1000": 0.00286,
        "mrr_at_1": 0.235294,
        "mrr_at_3": 0.283088,
        "mrr_at_5": 0.305882,
        "mrr_at_10": 0.321799,
        "mrr_at_20": 0.333502,
        "mrr_at_25": 0.335108,
        "mrr_at_50": 0.33909,
        "mrr_at_100": 0.340221,
        "mrr_at_1000": 0.34043,
        "nauc_ndcg_at_1_max": 0.090262,
        "nauc_ndcg_at_1_std": -0.128258,
        "nauc_ndcg_at_1_diff1": 0.348625,
        "nauc_ndcg_at_3_max": 0.092259,
        "nauc_ndcg_at_3_std": -0.136475,
        "nauc_ndcg_at_3_diff1": 0.360661,
        "nauc_ndcg_at_5_max": 0.076076,
        "nauc_ndcg_at_5_std": -0.15037,
        "nauc_ndcg_at_5_diff1": 0.313091,
        "nauc_ndcg_at_10_max": 0.090782,
        "nauc_ndcg_at_10_std": -0.13078,
        "nauc_ndcg_at_10_diff1": 0.302196,
        "nauc_ndcg_at_20_max": 0.120021,
        "nauc_ndcg_at_20_std": -0.091234,
        "nauc_ndcg_at_20_diff1": 0.305015,
        "nauc_ndcg_at_25_max": 0.122793,
        "nauc_ndcg_at_25_std": -0.082806,
        "nauc_ndcg_at_25_diff1": 0.303878,
        "nauc_ndcg_at_50_max": 0.1148,
        "nauc_ndcg_at_50_std": -0.100165,
        "nauc_ndcg_at_50_diff1": 0.290059,
        "nauc_ndcg_at_100_max": 0.132898,
        "nauc_ndcg_at_100_std": -0.083215,
        "nauc_ndcg_at_100_diff1": 0.295686,
        "nauc_ndcg_at_1000_max": 0.126254,
        "nauc_ndcg_at_1000_std": -0.080671,
        "nauc_ndcg_at_1000_diff1": 0.291561,
        "nauc_map_at_1_max": 0.082643,
        "nauc_map_at_1_std": -0.100045,
        "nauc_map_at_1_diff1": 0.381566,
        "nauc_map_at_3_max": 0.068591,
        "nauc_map_at_3_std": -0.136353,
        "nauc_map_at_3_diff1": 0.376307,
        "nauc_map_at_5_max": 0.062009,
        "nauc_map_at_5_std": -0.146715,
        "nauc_map_at_5_diff1": 0.342197,
        "nauc_map_at_10_max": 0.074963,
        "nauc_map_at_10_std": -0.13611,
        "nauc_map_at_10_diff1": 0.335362,
        "nauc_map_at_20_max": 0.089209,
        "nauc_map_at_20_std": -0.121024,
        "nauc_map_at_20_diff1": 0.337885,
        "nauc_map_at_25_max": 0.091105,
        "nauc_map_at_25_std": -0.117799,
        "nauc_map_at_25_diff1": 0.338223,
        "nauc_map_at_50_max": 0.093439,
        "nauc_map_at_50_std": -0.115872,
        "nauc_map_at_50_diff1": 0.334766,
        "nauc_map_at_100_max": 0.096364,
        "nauc_map_at_100_std": -0.112341,
        "nauc_map_at_100_diff1": 0.334228,
        "nauc_map_at_1000_max": 0.096003,
        "nauc_map_at_1000_std": -0.111694,
        "nauc_map_at_1000_diff1": 0.333417,
        "nauc_recall_at_1_max": 0.082643,
        "nauc_recall_at_1_std": -0.100045,
        "nauc_recall_at_1_diff1": 0.381566,
        "nauc_recall_at_3_max": 0.06916,
        "nauc_recall_at_3_std": -0.148375,
        "nauc_recall_at_3_diff1": 0.376569,
        "nauc_recall_at_5_max": 0.045593,
        "nauc_recall_at_5_std": -0.171918,
        "nauc_recall_at_5_diff1": 0.254174,
        "nauc_recall_at_10_max": 0.06022,
        "nauc_recall_at_10_std": -0.135325,
        "nauc_recall_at_10_diff1": 0.222221,
        "nauc_recall_at_20_max": 0.127029,
        "nauc_recall_at_20_std": -0.016252,
        "nauc_recall_at_20_diff1": 0.220247,
        "nauc_recall_at_25_max": 0.129271,
        "nauc_recall_at_25_std": -0.002851,
        "nauc_recall_at_25_diff1": 0.217206,
        "nauc_recall_at_50_max": 0.050751,
        "nauc_recall_at_50_std": -0.104961,
        "nauc_recall_at_50_diff1": 0.141364,
        "nauc_recall_at_100_max": 0.140216,
        "nauc_recall_at_100_std": -0.050535,
        "nauc_recall_at_100_diff1": 0.167977,
        "nauc_recall_at_1000_max": NaN,
        "nauc_recall_at_1000_std": NaN,
        "nauc_recall_at_1000_diff1": NaN,
        "nauc_precision_at_1_max": 0.090262,
        "nauc_precision_at_1_std": -0.128258,
        "nauc_precision_at_1_diff1": 0.348625,
        "nauc_precision_at_3_max": 0.118569,
        "nauc_precision_at_3_std": -0.143112,
        "nauc_precision_at_3_diff1": 0.268265,
        "nauc_precision_at_5_max": 0.130402,
        "nauc_precision_at_5_std": -0.143233,
        "nauc_precision_at_5_diff1": 0.14367,
        "nauc_precision_at_10_max": 0.196381,
        "nauc_precision_at_10_std": 0.012379,
        "nauc_precision_at_10_diff1": 0.07851,
        "nauc_precision_at_20_max": 0.242091,
        "nauc_precision_at_20_std": 0.141911,
        "nauc_precision_at_20_diff1": -0.03514,
        "nauc_precision_at_25_max": 0.245971,
        "nauc_precision_at_25_std": 0.197211,
        "nauc_precision_at_25_diff1": -0.051012,
        "nauc_precision_at_50_max": 0.216339,
        "nauc_precision_at_50_std": 0.192622,
        "nauc_precision_at_50_diff1": -0.108207,
        "nauc_precision_at_100_max": 0.208142,
        "nauc_precision_at_100_std": 0.260064,
        "nauc_precision_at_100_diff1": -0.158673,
        "nauc_precision_at_1000_max": 0.123519,
        "nauc_precision_at_1000_std": 0.236742,
        "nauc_precision_at_1000_diff1": -0.186839,
        "nauc_mrr_at_1_max": 0.090262,
        "nauc_mrr_at_1_std": -0.128258,
        "nauc_mrr_at_1_diff1": 0.348625,
        "nauc_mrr_at_3_max": 0.097593,
        "nauc_mrr_at_3_std": -0.137875,
        "nauc_mrr_at_3_diff1": 0.339418,
        "nauc_mrr_at_5_max": 0.107042,
        "nauc_mrr_at_5_std": -0.131922,
        "nauc_mrr_at_5_diff1": 0.303951,
        "nauc_mrr_at_10_max": 0.114376,
        "nauc_mrr_at_10_std": -0.1283,
        "nauc_mrr_at_10_diff1": 0.303662,
        "nauc_mrr_at_20_max": 0.113977,
        "nauc_mrr_at_20_std": -0.120717,
        "nauc_mrr_at_20_diff1": 0.308238,
        "nauc_mrr_at_25_max": 0.112613,
        "nauc_mrr_at_25_std": -0.121953,
        "nauc_mrr_at_25_diff1": 0.307542,
        "nauc_mrr_at_50_max": 0.109414,
        "nauc_mrr_at_50_std": -0.127615,
        "nauc_mrr_at_50_diff1": 0.307368,
        "nauc_mrr_at_100_max": 0.110173,
        "nauc_mrr_at_100_std": -0.126776,
        "nauc_mrr_at_100_diff1": 0.308662,
        "nauc_mrr_at_1000_max": 0.110201,
        "nauc_mrr_at_1000_std": -0.126733,
        "nauc_mrr_at_1000_diff1": 0.308725,
        "hit_rate_at_1": 0.23529,
        "hit_rate_at_3": 0.35294,
        "hit_rate_at_5": 0.44853,
        "hit_rate_at_10": 0.57353,
        "hit_rate_at_20": 0.73529,
        "hit_rate_at_25": 0.77206,
        "hit_rate_at_50": 0.89706,
        "hit_rate_at_100": 0.97059,
        "hit_rate_at_1000": 1.0,
        "R_cap_at_1": 0.235294,
        "R_cap_at_3": 0.238971,
        "R_cap_at_5": 0.278922,
        "R_cap_at_10": 0.370614,
        "R_cap_at_20": 0.4885,
        "R_cap_at_25": 0.532136,
        "R_cap_at_50": 0.692922,
        "R_cap_at_100": 0.858666,
        "R_cap_at_1000": 1.0,