{
  "dataset_revision": "898f2eced48890f19b6a88f1b616e9ca6c5dda1c",
  "task_name": "QASPER",
  "mteb_version": "2.12.39",
  "scores": {
    "test": [
      {
        "ndcg_at_1": 0.25993,
        "ndcg_at_3": 0.33688,
        "ndcg_at_5": 0.38451,
        "ndcg_at_10": 0.43841,
        "ndcg_at_20": 0.49099,
        "ndcg_at_25": 0.50206,
        "ndcg_at_50": 0.52413,
        "ndcg_at_100": 0.52911,
        "ndcg_at_1000": 0.52965,
        "map_at_1": 0.19403,
        "map_at_3": 0.28436,
        "map_at_5": 0.31714,
        "map_at_10": 0.34562,
        "map_at_20": 0.36466,
        "map_at_25": 0.36782,
        "map_at_50": 0.37321,
        "map_at_100": 0.37427,
        "map_at_1000": 0.37433,
        "recall_at_1": 0.19403,
        "recall_at_3": 0.38396,
        "recall_at_5": 0.50453,
        "recall_at_10": 0.65958,
        "recall_at_20": 0.84061,
        "recall_at_25": 0.88357,
        "recall_at_50": 0.9759,
        "recall_at_100": 0.99733,
        "recall_at_1000": 1.0,
        "accuracy": 0.19403,
        "precision_at_1": 0.25993,
        "precision_at_3": 0.18152,
        "precision_at_5": 0.14742,
        "precision_at_10": 0.10105,
        "precision_at_20": 0.06734,
        "precision_at_25": 0.05738,
        "precision_at_50": 0.03311,
        "precision_at_100": 0.01728,
        "precision_at_1000": 0.00174,
        "mrr_at_1": 0.260674,
        "mrr_at_3": 0.351436,
        "mrr_at_5": 0.380537,
        "mrr_at_10": 0.400171,
        "mrr_at_20": 0.410702,
        "mrr_at_25": 0.412176,
        "mrr_at_50": 0.41409,
        "mrr_at_100": 0.414238,
        "mrr_at_1000": 0.414244,
        "nauc_ndcg_at_1_max": 0.116137,
        "nauc_ndcg_at_1_std": 0.083289,
        "nauc_ndcg_at_1_diff1": 0.246309,
        "nauc_ndcg_at_3_max": 0.091293,
        "nauc_ndcg_at_3_std": 0.07224,
        "nauc_ndcg_at_3_diff1": 0.226824,
        "nauc_ndcg_at_5_max": 0.077653,
        "nauc_ndcg_at_5_std": 0.072778,
        "nauc_ndcg_at_5_diff1": 0.209103,
        "nauc_ndcg_at_10_max": 0.082804,
        "nauc_ndcg_at_10_std": 0.083033,
        "nauc_ndcg_at_10_diff1": 0.213105,
        "nauc_ndcg_at_20_max": 0.082656,
        "nauc_ndcg_at_20_std": 0.082643,
        "nauc_ndcg_at_20_diff1": 0.20913,
        "nauc_ndcg_at_25_max": 0.092573,
        "nauc_ndcg_at_25_std": 0.090248,
        "nauc_ndcg_at_25_diff1": 0.215414,
        "nauc_ndcg_at_50_max": 0.091608,
        "nauc_ndcg_at_50_std": 0.082775,
        "nauc_ndcg_at_50_diff1": 0.212587,
        "nauc_ndcg_at_100_max": 0.096027,
        "nauc_ndcg_at_100_std": 0.083222,
        "nauc_ndcg_at_100_diff1": 0.214647,
        "nauc_ndcg_at_1000_max": 0.098314,
        "nauc_ndcg_at_1000_std": 0.084199,
        "nauc_ndcg_at_1000_diff1": 0.216079,
        "nauc_map_at_1_max": 0.093174,
        "nauc_map_at_1_std": 0.072848,
        "nauc_map_at_1_diff1": 0.252815,
        "nauc_map_at_3_max": 0.088593,
        "nauc_map_at_3_std": 0.071989,
        "nauc_map_at_3_diff1": 0.231445,
        "nauc_map_at_5_max": 0.082427,
        "nauc_map_at_5_std": 0.07532,
        "nauc_map_at_5_diff1": 0.221771,
        "nauc_map_at_10_max": 0.085865,
        "nauc_map_at_10_std": 0.079719,
        "nauc_map_at_10_diff1": 0.224467,
        "nauc_map_at_20_max": 0.087338,
        "nauc_map_at_20_std": 0.080133,
        "nauc_map_at_20_diff1": 0.221881,
        "nauc_map_at_25_max": 0.089825,
        "nauc_map_at_25_std": 0.082079,
        "nauc_map_at_25_diff1": 0.223405,
        "nauc_map_at_50_max": 0.090649,
        "nauc_map_at_50_std": 0.081729,
        "nauc_map_at_50_diff1": 0.222452,
        "nauc_map_at_100_max": 0.091443,
        "nauc_map_at_100_std": 0.081948,
        "nauc_map_at_100_diff1": 0.222455,
        "nauc_map_at_1000_max": 0.091696,
        "nauc_map_at_1000_std": 0.082045,
        "nauc_map_at_1000_diff1": 0.222623,
        "nauc_recall_at_1_max": 0.093174,
        "nauc_recall_at_1_std": 0.072848,
        "nauc_recall_at_1_diff1": 0.252815,
        "nauc_recall_at_3_max": 0.066441,
        "nauc_recall_at_3_std": 0.053789,
        "nauc_recall_at_3_diff1": 0.203185,
        "nauc_recall_at_5_max": 0.039083,
        "nauc_recall_at_5_std": 0.059544,
        "nauc_recall_at_5_diff1": 0.158363,
        "nauc_recall_at_10_max": 0.04127,
        "nauc_recall_at_10_std": 0.089979,
        "nauc_recall_at_10_diff1": 0.158717,
        "nauc_recall_at_20_max": -0.018994,
        "nauc_recall_at_20_std": 0.0724,
        "nauc_recall_at_20_diff1": 0.1089,
        "nauc_recall_at_25_max": 0.042481,
        "nauc_recall_at_25_std": 0.144236,
        "nauc_recall_at_25_diff1": 0.141795,
        "nauc_recall_at_50_max": -0.201249,
        "nauc_recall_at_50_std": 0.023284,
        "nauc_recall_at_50_diff1": -0.039602,
        "nauc_recall_at_100_max": -0.840624,
        "nauc_recall_at_100_std": -0.388739,
        "nauc_recall_at_100_diff1": -0.46477,
        "nauc_recall_at_1000_max": NaN,
        "nauc_recall_at_1000_std": NaN,
        "nauc_recall_at_1000_diff1": NaN,
        "nauc_precision_at_1_max": 0.116137,
        "nauc_precision_at_1_std": 0.083289,
        "nauc_precision_at_1_diff1": 0.246309,
        "nauc_precision_at_3_max": 0.089738,
        "nauc_precision_at_3_std": 0.07635,
        "nauc_precision_at_3_diff1": 0.191614,
        "nauc_precision_at_5_max": 0.053165,
        "nauc_precision_at_5_std": 0.066032,
        "nauc_precision_at_5_diff1": 0.134776,
        "nauc_precision_at_10_max": 0.063282,
        "nauc_precision_at_10_std": 0.071863,
        "nauc_precision_at_10_diff1": 0.083297,
        "nauc_precision_at_20_max": 0.06646,
        "nauc_precision_at_20_std": 0.0675,
        "nauc_precision_at_20_diff1": 0.000485,
        "nauc_precision_at_25_max": 0.079373,
        "nauc_precision_at_25_std": 0.076073,
        "nauc_precision_at_25_diff1": -0.000695,
        "nauc_precision_at_50_max": 0.073875,
        "nauc_precision_at_50_std": 0.055233,
        "nauc_precision_at_50_diff1": -0.051103,
        "nauc_precision_at_100_max": 0.083907,
        "nauc_precision_at_100_std": 0.055789,
        "nauc_precision_at_100_diff1": -0.052865,
        "nauc_precision_at_1000_max": 0.092635,
        "nauc_precision_at_1000_std": 0.058695,
        "nauc_precision_at_1000_diff1": -0.046881,
        "nauc_mrr_at_1_max": 0.118653,
        "nauc_mrr_at_1_std": 0.084626,
        "nauc_mrr_at_1_diff1": 0.243673,
        "nauc_mrr_at_3_max": 0.107712,
        "nauc_mrr_at_3_std": 0.07643,
        "nauc_mrr_at_3_diff1": 0.234395,
        "nauc_mrr_at_5_max": 0.10051,
        "nauc_mrr_at_5_std": 0.071997,
        "nauc_mrr_at_5_diff1": 0.221855,
        "nauc_mrr_at_10_max": 0.104765,
        "nauc_mrr_at_10_std": 0.078077,
        "nauc_mrr_at_10_diff1": 0.224137,
        "nauc_mrr_at_20_max": 0.104674,
        "nauc_mrr_at_20_std": 0.077184,
        "nauc_mrr_at_20_diff1": 0.224916,
        "nauc_mrr_at_25_max": 0.105988,
        "nauc_mrr_at_25_std": 0.078109,
        "nauc_mrr_at_25_diff1": 0.225916,
        "nauc_mrr_at_50_max": 0.105711,
        "nauc_mrr_at_50_std": 0.077503,
        "nauc_mrr_at_50_diff1": 0.226104,
        "nauc_mrr_at_100_max": 0.105811,
        "nauc_mrr_at_100_std": 0.077469,
        "nauc_mrr_at_100_diff1": 0.22623,
        "nauc_mrr_at_1000_max": 0.105824,
        "nauc_mrr_at_1000_std": 0.077482,
        "nauc_mrr_at_1000_diff1": 0.226256,
        "hit_rate_at_1": 0.25993,
        "hit_rate_at_3": 0.47041,
        "hit_rate_at_5": 0.59925,
        "hit_rate_at_10": 0.74457,
        "hit_rate_at_20": 0.89438,
        "hit_rate_at_25": 0.92659,
        "hit_rate_at_50": 0.99026,
        "hit_rate_at_100": 0.99925,
        "hit_rate_at_1000": 1.0,
        "R_cap_at_1": 0.260674,
        "R_cap_at_3": 0.398752,
        "R_cap_at_5": 0.510125,
        "R_cap_at_10": 0.660696,
        "R_cap_at_20": 0.840663,
        "R_cap_at_25": 0.884476,
        "R_cap_at_50": 0.976022,
        "R_cap_at_100": 0.997328,
        "R_cap_at_1000": 1.0,