{
  "dataset_revision": "6f868e5b4c46a9f04c89f7179ddc7c8f162c1068",
  "task_name": "ToolBench",
  "mteb_version": "2.12.39",
  "scores": {
    "test": [
      {
        "ndcg_at_1": 0.39273,
        "ndcg_at_3": 0.35107,
        "ndcg_at_5": 0.38184,
        "ndcg_at_10": 0.41383,
        "ndcg_at_20": 0.43993,
        "ndcg_at_25": 0.44517,
        "ndcg_at_50": 0.46418,
        "ndcg_at_100": 0.47887,
        "ndcg_at_1000": 0.50646,
        "map_at_1": 0.18935,
        "map_at_3": 0.29399,
        "map_at_5": 0.32062,
        "map_at_10": 0.33891,
        "map_at_20": 0.34813,
        "map_at_25": 0.34961,
        "map_at_50": 0.35338,
        "map_at_100": 0.35523,
        "map_at_1000": 0.35661,
        "recall_at_1": 0.18935,
        "recall_at_3": 0.34117,
        "recall_at_5": 0.40705,
        "recall_at_10": 0.48336,
        "recall_at_20": 0.56364,
        "recall_at_25": 0.58186,
        "recall_at_50": 0.65694,
        "recall_at_100": 0.72665,
        "recall_at_1000": 0.89558,
        "accuracy": 0.18935,
        "precision_at_1": 0.39273,
        "precision_at_3": 0.24636,
        "precision_at_5": 0.17873,
        "precision_at_10": 0.10791,
        "precision_at_20": 0.06345,
        "precision_at_25": 0.05258,
        "precision_at_50": 0.03002,
        "precision_at_100": 0.01669,
        "precision_at_1000": 0.00211,
        "mrr_at_1": 0.392727,
        "mrr_at_3": 0.460303,
        "mrr_at_5": 0.472485,
        "mrr_at_10": 0.480694,
        "mrr_at_20": 0.486248,
        "mrr_at_25": 0.486895,
        "mrr_at_50": 0.488982,
        "mrr_at_100": 0.489701,
        "mrr_at_1000": 0.490088,
        "nauc_ndcg_at_1_max": 0.400718,
        "nauc_ndcg_at_1_std": -0.023285,
        "nauc_ndcg_at_1_diff1": 0.480992,
        "nauc_ndcg_at_3_max": 0.419781,
        "nauc_ndcg_at_3_std": -0.007569,
        "nauc_ndcg_at_3_diff1": 0.370039,
        "nauc_ndcg_at_5_max": 0.41883,
        "nauc_ndcg_at_5_std": 0.002128,
        "nauc_ndcg_at_5_diff1": 0.350848,
        "nauc_ndcg_at_10_max": 0.435822,
        "nauc_ndcg_at_10_std": 0.018905,
        "nauc_ndcg_at_10_diff1": 0.352503,
        "nauc_ndcg_at_20_max": 0.441725,
        "nauc_ndcg_at_20_std": 0.039255,
        "nauc_ndcg_at_20_diff1": 0.361255,
        "nauc_ndcg_at_25_max": 0.445553,
        "nauc_ndcg_at_25_std": 0.043534,
        "nauc_ndcg_at_25_diff1": 0.362126,
        "nauc_ndcg_at_50_max": 0.453045,
        "nauc_ndcg_at_50_std": 0.052658,
        "nauc_ndcg_at_50_diff1": 0.363252,
        "nauc_ndcg_at_100_max": 0.450063,
        "nauc_ndcg_at_100_std": 0.053634,
        "nauc_ndcg_at_100_diff1": 0.366659,
        "nauc_ndcg_at_1000_max": 0.446337,
        "nauc_ndcg_at_1000_std": 0.05259,
        "nauc_ndcg_at_1000_diff1": 0.368359,
        "nauc_map_at_1_max": 0.375018,
        "nauc_map_at_1_std": -0.037347,
        "nauc_map_at_1_diff1": 0.500324,
        "nauc_map_at_3_max": 0.414897,
        "nauc_map_at_3_std": -0.016237,
        "nauc_map_at_3_diff1": 0.370304,
        "nauc_map_at_5_max": 0.41822,
        "nauc_map_at_5_std": -0.004108,
        "nauc_map_at_5_diff1": 0.345136,
        "nauc_map_at_10_max": 0.428668,
        "nauc_map_at_10_std": 0.00474,
        "nauc_map_at_10_diff1": 0.344916,
        "nauc_map_at_20_max": 0.430335,
        "nauc_map_at_20_std": 0.012743,
        "nauc_map_at_20_diff1": 0.347655,
        "nauc_map_at_25_max": 0.431648,
        "nauc_map_at_25_std": 0.014251,
        "nauc_map_at_25_diff1": 0.347922,
        "nauc_map_at_50_max": 0.43313,
        "nauc_map_at_50_std": 0.016208,
        "nauc_map_at_50_diff1": 0.348387,
        "nauc_map_at_100_max": 0.4328,
        "nauc_map_at_100_std": 0.016418,
        "nauc_map_at_100_diff1": 0.348776,
        "nauc_map_at_1000_max": 0.432617,
        "nauc_map_at_1000_std": 0.016354,
        "nauc_map_at_1000_diff1": 0.348829,
        "nauc_recall_at_1_max": 0.375018,
        "nauc_recall_at_1_std": -0.037347,
        "nauc_recall_at_1_diff1": 0.500324,
        "nauc_recall_at_3_max": 0.415004,
        "nauc_recall_at_3_std": -0.002368,
        "nauc_recall_at_3_diff1": 0.33534,
        "nauc_recall_at_5_max": 0.400313,
        "nauc_recall_at_5_std": 0.018737,
        "nauc_recall_at_5_diff1": 0.278112,
        "nauc_recall_at_10_max": 0.428308,
        "nauc_recall_at_10_std": 0.055728,
        "nauc_recall_at_10_diff1": 0.27593,
        "nauc_recall_at_20_max": 0.443264,
        "nauc_recall_at_20_std": 0.122428,
        "nauc_recall_at_20_diff1": 0.294488,
        "nauc_recall_at_25_max": 0.45469,
        "nauc_recall_at_25_std": 0.140264,
        "nauc_recall_at_25_diff1": 0.294018,
        "nauc_recall_at_50_max": 0.490742,
        "nauc_recall_at_50_std": 0.190456,
        "nauc_recall_at_50_diff1": 0.292881,
        "nauc_recall_at_100_max": 0.484191,
        "nauc_recall_at_100_std": 0.222101,
        "nauc_recall_at_100_diff1": 0.306547,
        "nauc_recall_at_1000_max": 0.514628,
        "nauc_recall_at_1000_std": 0.408484,
        "nauc_recall_at_1000_diff1": 0.303676,
        "nauc_precision_at_1_max": 0.400718,
        "nauc_precision_at_1_std": -0.023285,
        "nauc_precision_at_1_diff1": 0.480992,
        "nauc_precision_at_3_max": 0.41974,
        "nauc_precision_at_3_std": 0.017372,
        "nauc_precision_at_3_diff1": 0.260892,
        "nauc_precision_at_5_max": 0.400894,
        "nauc_precision_at_5_std": 0.044265,
        "nauc_precision_at_5_diff1": 0.195997,
        "nauc_precision_at_10_max": 0.402833,
        "nauc_precision_at_10_std": 0.08431,
        "nauc_precision_at_10_diff1": 0.169705,
        "nauc_precision_at_20_max": 0.389514,
        "nauc_precision_at_20_std": 0.138507,
        "nauc_precision_at_20_diff1": 0.17016,
        "nauc_precision_at_25_max": 0.38998,
        "nauc_precision_at_25_std": 0.14951,
        "nauc_precision_at_25_diff1": 0.16425,
        "nauc_precision_at_50_max": 0.373642,
        "nauc_precision_at_50_std": 0.187009,
        "nauc_precision_at_50_diff1": 0.129362,
        "nauc_precision_at_100_max": 0.318818,
        "nauc_precision_at_100_std": 0.192679,
        "nauc_precision_at_100_diff1": 0.099199,
        "nauc_precision_at_1000_max": 0.086626,
        "nauc_precision_at_1000_std": 0.179672,
        "nauc_precision_at_1000_diff1": -0.08257,
        "nauc_mrr_at_1_max": 0.400718,
        "nauc_mrr_at_1_std": -0.023285,
        "nauc_mrr_at_1_diff1": 0.480992,
        "nauc_mrr_at_3_max": 0.415887,
        "nauc_mrr_at_3_std": -0.010869,
        "nauc_mrr_at_3_diff1": 0.443785,
        "nauc_mrr_at_5_max": 0.411574,
        "nauc_mrr_at_5_std": -0.009612,
        "nauc_mrr_at_5_diff1": 0.43846,
        "nauc_mrr_at_10_max": 0.415366,
        "nauc_mrr_at_10_std": -0.005076,
        "nauc_mrr_at_10_diff1": 0.440725,
        "nauc_mrr_at_20_max": 0.415673,
        "nauc_mrr_at_20_std": -0.003161,
        "nauc_mrr_at_20_diff1": 0.44219,
        "nauc_mrr_at_25_max": 0.415731,
        "nauc_mrr_at_25_std": -0.003483,
        "nauc_mrr_at_25_diff1": 0.442429,
        "nauc_mrr_at_50_max": 0.416658,
        "nauc_mrr_at_50_std": -0.002848,
        "nauc_mrr_at_50_diff1": 0.442566,
        "nauc_mrr_at_100_max": 0.41645,
        "nauc_mrr_at_100_std": -0.003169,
        "nauc_mrr_at_100_diff1": 0.442679,
        "nauc_mrr_at_1000_max": 0.416258,
        "nauc_mrr_at_1000_std": -0.00324,
        "nauc_mrr_at_1000_diff1": 0.44261,
        "hit_rate_at_1": 0.39273,
        "hit_rate_at_3": 0.54818,
        "hit_rate_at_5": 0.60182,
        "hit_rate_at_10": 0.66182,
        "hit_rate_at_20": 0.74455,
        "hit_rate_at_25": 0.75818,
        "hit_rate_at_50": 0.83364,
        "hit_rate_at_100": 0.87818,
        "hit_rate_at_1000": 0.97091,
        "R_cap_at_1": 0.392727,
        "R_cap_at_3": 0.347424,
        "R_cap_at_5": 0.407015,
        "R_cap_at_10": 0.483364,
        "R_cap_at_20": 0.562576,
        "R_cap_at_25": 0.581864,
        "R_cap_at_50": 0.655803,
        "R_cap_at_100": 0.726652,