{
  "dataset_revision": "bf110dabd08865a8aff2d40d03696984e76085e0",
  "task_name": "CovidQA",
  "mteb_version": "2.12.39",
  "scores": {
    "test": [
      {
        "ndcg_at_1": 0.56256,
        "ndcg_at_3": 0.67311,
        "ndcg_at_5": 0.70344,
        "ndcg_at_10": 0.72905,
        "ndcg_at_20": 0.74759,
        "ndcg_at_25": 0.75073,
        "ndcg_at_50": 0.75268,
        "ndcg_at_100": 0.75268,
        "ndcg_at_1000": 0.75268,
        "map_at_1": 0.56256,
        "map_at_3": 0.64626,
        "map_at_5": 0.66305,
        "map_at_10": 0.67379,
        "map_at_20": 0.67893,
        "map_at_25": 0.67956,
        "map_at_50": 0.67986,
        "map_at_100": 0.67986,
        "map_at_1000": 0.67986,
        "recall_at_1": 0.56256,
        "recall_at_3": 0.75068,
        "recall_at_5": 0.82448,
        "recall_at_10": 0.90279,
        "recall_at_20": 0.9757,
        "recall_at_25": 0.9901,
        "recall_at_50": 1.0,
        "recall_at_100": 1.0,
        "recall_at_1000": 1.0,
        "accuracy": 0.56256,
        "precision_at_1": 0.56256,
        "precision_at_3": 0.25023,
        "precision_at_5": 0.1649,
        "precision_at_10": 0.09028,
        "precision_at_20": 0.04878,
        "precision_at_25": 0.0396,
        "precision_at_50": 0.02,
        "precision_at_100": 0.01,
        "precision_at_1000": 0.001,
        "mrr_at_1": 0.561656,
        "mrr_at_3": 0.645815,
        "mrr_at_5": 0.662421,
        "mrr_at_10": 0.673285,
        "mrr_at_20": 0.678421,
        "mrr_at_25": 0.679049,
        "mrr_at_50": 0.679353,
        "mrr_at_100": 0.679353,
        "mrr_at_1000": 0.679353,
        "nauc_ndcg_at_1_max": 0.322466,
        "nauc_ndcg_at_1_std": 0.152974,
        "nauc_ndcg_at_1_diff1": 0.657222,
        "nauc_ndcg_at_3_max": 0.278446,
        "nauc_ndcg_at_3_std": 0.136547,
        "nauc_ndcg_at_3_diff1": 0.605333,
        "nauc_ndcg_at_5_max": 0.272613,
        "nauc_ndcg_at_5_std": 0.14986,
        "nauc_ndcg_at_5_diff1": 0.601484,
        "nauc_ndcg_at_10_max": 0.278842,
        "nauc_ndcg_at_10_std": 0.158812,
        "nauc_ndcg_at_10_diff1": 0.601502,
        "nauc_ndcg_at_20_max": 0.284776,
        "nauc_ndcg_at_20_std": 0.159596,
        "nauc_ndcg_at_20_diff1": 0.60847,
        "nauc_ndcg_at_25_max": 0.28443,
        "nauc_ndcg_at_25_std": 0.152454,
        "nauc_ndcg_at_25_diff1": 0.611515,
        "nauc_ndcg_at_50_max": 0.287931,
        "nauc_ndcg_at_50_std": 0.152068,
        "nauc_ndcg_at_50_diff1": 0.615772,
        "nauc_ndcg_at_100_max": 0.287931,
        "nauc_ndcg_at_100_std": 0.152068,
        "nauc_ndcg_at_100_diff1": 0.615772,
        "nauc_ndcg_at_1000_max": 0.287931,
        "nauc_ndcg_at_1000_std": 0.152068,
        "nauc_ndcg_at_1000_diff1": 0.615772,
        "nauc_map_at_1_max": 0.322466,
        "nauc_map_at_1_std": 0.152974,
        "nauc_map_at_1_diff1": 0.657222,
        "nauc_map_at_3_max": 0.289887,
        "nauc_map_at_3_std": 0.141407,
        "nauc_map_at_3_diff1": 0.619405,
        "nauc_map_at_5_max": 0.287401,
        "nauc_map_at_5_std": 0.148308,
        "nauc_map_at_5_diff1": 0.618047,
        "nauc_map_at_10_max": 0.289878,
        "nauc_map_at_10_std": 0.151921,
        "nauc_map_at_10_diff1": 0.618373,
        "nauc_map_at_20_max": 0.291688,
        "nauc_map_at_20_std": 0.152101,
        "nauc_map_at_20_diff1": 0.620258,
        "nauc_map_at_25_max": 0.291675,
        "nauc_map_at_25_std": 0.150981,
        "nauc_map_at_25_diff1": 0.620767,
        "nauc_map_at_50_max": 0.291989,
        "nauc_map_at_50_std": 0.150829,
        "nauc_map_at_50_diff1": 0.621255,
        "nauc_map_at_100_max": 0.291989,
        "nauc_map_at_100_std": 0.150829,
        "nauc_map_at_100_diff1": 0.621255,
        "nauc_map_at_1000_max": 0.291989,
        "nauc_map_at_1000_std": 0.150829,
        "nauc_map_at_1000_diff1": 0.621255,
        "nauc_recall_at_1_max": 0.322466,
        "nauc_recall_at_1_std": 0.152974,
        "nauc_recall_at_1_diff1": 0.657222,
        "nauc_recall_at_3_max": 0.237021,
        "nauc_recall_at_3_std": 0.118618,
        "nauc_recall_at_3_diff1": 0.554051,
        "nauc_recall_at_5_max": 0.202653,
        "nauc_recall_at_5_std": 0.160093,
        "nauc_recall_at_5_diff1": 0.52334,
        "nauc_recall_at_10_max": 0.200846,
        "nauc_recall_at_10_std": 0.223013,
        "nauc_recall_at_10_diff1": 0.472581,
        "nauc_recall_at_20_max": 0.139521,
        "nauc_recall_at_20_std": 0.429702,
        "nauc_recall_at_20_diff1": 0.313973,
        "nauc_recall_at_25_max": -0.109748,
        "nauc_recall_at_25_std": 0.157899,
        "nauc_recall_at_25_diff1": 0.166288,
        "nauc_recall_at_50_max": NaN,
        "nauc_recall_at_50_std": NaN,
        "nauc_recall_at_50_diff1": NaN,
        "nauc_recall_at_100_max": NaN,
        "nauc_recall_at_100_std": NaN,
        "nauc_recall_at_100_diff1": NaN,
        "nauc_recall_at_1000_max": NaN,
        "nauc_recall_at_1000_std": NaN,
        "nauc_recall_at_1000_diff1": NaN,
        "nauc_precision_at_1_max": 0.322466,
        "nauc_precision_at_1_std": 0.152974,
        "nauc_precision_at_1_diff1": 0.657222,
        "nauc_precision_at_3_max": 0.237021,
        "nauc_precision_at_3_std": 0.118618,
        "nauc_precision_at_3_diff1": 0.554051,
        "nauc_precision_at_5_max": 0.202653,
        "nauc_precision_at_5_std": 0.160093,
        "nauc_precision_at_5_diff1": 0.52334,
        "nauc_precision_at_10_max": 0.200846,
        "nauc_precision_at_10_std": 0.223013,
        "nauc_precision_at_10_diff1": 0.472581,
        "nauc_precision_at_20_max": 0.139521,
        "nauc_precision_at_20_std": 0.429702,
        "nauc_precision_at_20_diff1": 0.313973,
        "nauc_precision_at_25_max": -0.109748,
        "nauc_precision_at_25_std": 0.157899,
        "nauc_precision_at_25_diff1": 0.166288,
        "nauc_precision_at_50_max": 1.0,
        "nauc_precision_at_50_std": 1.0,
        "nauc_precision_at_50_diff1": 1.0,
        "nauc_precision_at_100_max": 1.0,
        "nauc_precision_at_100_std": 1.0,
        "nauc_precision_at_100_diff1": 1.0,
        "nauc_precision_at_1000_max": 1.0,
        "nauc_precision_at_1000_std": 1.0,
        "nauc_precision_at_1000_diff1": 1.0,
        "nauc_mrr_at_1_max": 0.318987,
        "nauc_mrr_at_1_std": 0.149662,
        "nauc_mrr_at_1_diff1": 0.659319,
        "nauc_mrr_at_3_max": 0.287884,
        "nauc_mrr_at_3_std": 0.13949,
        "nauc_mrr_at_3_diff1": 0.620644,
        "nauc_mrr_at_5_max": 0.285719,
        "nauc_mrr_at_5_std": 0.14645,
        "nauc_mrr_at_5_diff1": 0.619226,
        "nauc_mrr_at_10_max": 0.287766,
        "nauc_mrr_at_10_std": 0.149754,
        "nauc_mrr_at_10_diff1": 0.619713,
        "nauc_mrr_at_20_max": 0.289552,
        "nauc_mrr_at_20_std": 0.149915,
        "nauc_mrr_at_20_diff1": 0.621632,
        "nauc_mrr_at_25_max": 0.28953,
        "nauc_mrr_at_25_std": 0.148785,
        "nauc_mrr_at_25_diff1": 0.622143,
        "nauc_mrr_at_50_max": 0.289841,
        "nauc_mrr_at_50_std": 0.14863,
        "nauc_mrr_at_50_diff1": 0.622632,
        "nauc_mrr_at_100_max": 0.289841,
        "nauc_mrr_at_100_std": 0.14863,
        "nauc_mrr_at_100_diff1": 0.622632,
        "nauc_mrr_at_1000_max": 0.289841,
        "nauc_mrr_at_1000_std": 0.14863,
        "nauc_mrr_at_1000_diff1": 0.622632,
        "hit_rate_at_1": 0.56256,
        "hit_rate_at_3": 0.75068,
        "hit_rate_at_5": 0.82448,
        "hit_rate_at_10": 0.90279,
        "hit_rate_at_20": 0.9757,
        "hit_rate_at_25": 0.9901,
        "hit_rate_at_50": 1.0,
        "hit_rate_at_100": 1.0,
        "hit_rate_at_1000": 1.0,
        "R_cap_at_1": 0.561656,
        "R_cap_at_3": 0.750675,
        "R_cap_at_5": 0.823582,
        "R_cap_at_10": 0.90279,
        "R_cap_at_20": 0.975698,
        "R_cap_at_25": 0.990099,
        "R_cap_at_50": 1.0,
        "R_cap_at_100": 1.0,
        "R_cap_at_1000": 1.0,
        "main_score": 0.72905,
        "hf_subset": "Covid-QA",
        "languages": [
          "eng-Latn"
        ],