{
  "dataset_revision": "6757300d912abd580dda453bced37cb7f5b44c78",
  "task_name": "ESGReports",
  "mteb_version": "2.12.39",
  "scores": {
    "test": [
      {
        "ndcg_at_1": 0.27778,
        "ndcg_at_3": 0.30015,
        "ndcg_at_5": 0.31677,
        "ndcg_at_10": 0.37817,
        "ndcg_at_20": 0.42873,
        "ndcg_at_25": 0.43968,
        "ndcg_at_50": 0.47725,
        "ndcg_at_100": 0.49778,
        "ndcg_at_1000": 0.50148,
        "map_at_1": 0.20926,
        "map_at_3": 0.25926,
        "map_at_5": 0.27532,
        "map_at_10": 0.30029,
        "map_at_20": 0.31882,
        "map_at_25": 0.32237,
        "map_at_50": 0.33004,
        "map_at_100": 0.33381,
        "map_at_1000": 0.3343,
        "recall_at_1": 0.20926,
        "recall_at_3": 0.30602,
        "recall_at_5": 0.35556,
        "recall_at_10": 0.53333,
        "recall_at_20": 0.69815,
        "recall_at_25": 0.73287,
        "recall_at_50": 0.88565,
        "recall_at_100": 0.98148,
        "recall_at_1000": 1.0,
        "accuracy": 0.20926,
        "precision_at_1": 0.27778,
        "precision_at_3": 0.15741,
        "precision_at_5": 0.11667,
        "precision_at_10": 0.08611,
        "precision_at_20": 0.06111,
        "precision_at_25": 0.05333,
        "precision_at_50": 0.03389,
        "precision_at_100": 0.01944,
        "precision_at_1000": 0.002,
        "mrr_at_1": 0.277778,
        "mrr_at_3": 0.337963,
        "mrr_at_5": 0.351852,
        "mrr_at_10": 0.375761,
        "mrr_at_20": 0.385373,
        "mrr_at_25": 0.386581,
        "mrr_at_50": 0.390782,
        "mrr_at_100": 0.391091,
        "mrr_at_1000": 0.391091,
        "nauc_ndcg_at_1_max": 0.218172,
        "nauc_ndcg_at_1_std": 0.39385,
        "nauc_ndcg_at_1_diff1": 0.180105,
        "nauc_ndcg_at_3_max": 0.192341,
        "nauc_ndcg_at_3_std": 0.252693,
        "nauc_ndcg_at_3_diff1": 0.33515,
        "nauc_ndcg_at_5_max": 0.192112,
        "nauc_ndcg_at_5_std": 0.254995,
        "nauc_ndcg_at_5_diff1": 0.324389,
        "nauc_ndcg_at_10_max": 0.199931,
        "nauc_ndcg_at_10_std": 0.229912,
        "nauc_ndcg_at_10_diff1": 0.301099,
        "nauc_ndcg_at_20_max": 0.262138,
        "nauc_ndcg_at_20_std": 0.249085,
        "nauc_ndcg_at_20_diff1": 0.286555,
        "nauc_ndcg_at_25_max": 0.276438,
        "nauc_ndcg_at_25_std": 0.246675,
        "nauc_ndcg_at_25_diff1": 0.287409,
        "nauc_ndcg_at_50_max": 0.250283,
        "nauc_ndcg_at_50_std": 0.25859,
        "nauc_ndcg_at_50_diff1": 0.253398,
        "nauc_ndcg_at_100_max": 0.22626,
        "nauc_ndcg_at_100_std": 0.25939,
        "nauc_ndcg_at_100_diff1": 0.262739,
        "nauc_ndcg_at_1000_max": 0.217464,
        "nauc_ndcg_at_1000_std": 0.255735,
        "nauc_ndcg_at_1000_diff1": 0.254353,
        "nauc_map_at_1_max": 0.17889,
        "nauc_map_at_1_std": 0.291734,
        "nauc_map_at_1_diff1": 0.311766,
        "nauc_map_at_3_max": 0.187961,
        "nauc_map_at_3_std": 0.228283,
        "nauc_map_at_3_diff1": 0.356123,
        "nauc_map_at_5_max": 0.197269,
        "nauc_map_at_5_std": 0.247704,
        "nauc_map_at_5_diff1": 0.344579,
        "nauc_map_at_10_max": 0.200885,
        "nauc_map_at_10_std": 0.23665,
        "nauc_map_at_10_diff1": 0.339435,
        "nauc_map_at_20_max": 0.209512,
        "nauc_map_at_20_std": 0.23604,
        "nauc_map_at_20_diff1": 0.33221,
        "nauc_map_at_25_max": 0.217504,
        "nauc_map_at_25_std": 0.237549,
        "nauc_map_at_25_diff1": 0.331371,
        "nauc_map_at_50_max": 0.214263,
        "nauc_map_at_50_std": 0.237319,
        "nauc_map_at_50_diff1": 0.32389,
        "nauc_map_at_100_max": 0.210746,
        "nauc_map_at_100_std": 0.238272,
        "nauc_map_at_100_diff1": 0.321822,
        "nauc_map_at_1000_max": 0.209938,
        "nauc_map_at_1000_std": 0.237758,
        "nauc_map_at_1000_diff1": 0.320743,
        "nauc_recall_at_1_max": 0.17889,
        "nauc_recall_at_1_std": 0.291734,
        "nauc_recall_at_1_diff1": 0.311766,
        "nauc_recall_at_3_max": 0.169109,
        "nauc_recall_at_3_std": 0.147613,
        "nauc_recall_at_3_diff1": 0.409743,
        "nauc_recall_at_5_max": 0.154823,
        "nauc_recall_at_5_std": 0.157509,
        "nauc_recall_at_5_diff1": 0.361149,
        "nauc_recall_at_10_max": 0.172321,
        "nauc_recall_at_10_std": 0.076372,
        "nauc_recall_at_10_diff1": 0.267303,
        "nauc_recall_at_20_max": 0.401762,
        "nauc_recall_at_20_std": 0.094638,
        "nauc_recall_at_20_diff1": 0.201822,
        "nauc_recall_at_25_max": 0.479865,
        "nauc_recall_at_25_std": 0.078685,
        "nauc_recall_at_25_diff1": 0.224267,
        "nauc_recall_at_50_max": 0.490272,
        "nauc_recall_at_50_std": 0.194157,
        "nauc_recall_at_50_diff1": -0.055704,
        "nauc_recall_at_100_max": 0.631121,
        "nauc_recall_at_100_std": 0.231335,
        "nauc_recall_at_100_diff1": 0.519758,
        "nauc_recall_at_1000_max": NaN,
        "nauc_recall_at_1000_std": NaN,
        "nauc_recall_at_1000_diff1": NaN,
        "nauc_precision_at_1_max": 0.218172,
        "nauc_precision_at_1_std": 0.39385,
        "nauc_precision_at_1_diff1": 0.180105,
        "nauc_precision_at_3_max": 0.253198,
        "nauc_precision_at_3_std": 0.29034,
        "nauc_precision_at_3_diff1": 0.221934,
        "nauc_precision_at_5_max": 0.300411,
        "nauc_precision_at_5_std": 0.371277,
        "nauc_precision_at_5_diff1": 0.149794,
        "nauc_precision_at_10_max": 0.178941,
        "nauc_precision_at_10_std": 0.18211,
        "nauc_precision_at_10_diff1": -0.01356,
        "nauc_precision_at_20_max": 0.227395,
        "nauc_precision_at_20_std": 0.146522,
        "nauc_precision_at_20_diff1": -0.128672,
        "nauc_precision_at_25_max": 0.256668,
        "nauc_precision_at_25_std": 0.132406,
        "nauc_precision_at_25_diff1": -0.127896,
        "nauc_precision_at_50_max": 0.081705,
        "nauc_precision_at_50_std": 0.001843,
        "nauc_precision_at_50_diff1": -0.338506,
        "nauc_precision_at_100_max": -0.010089,
        "nauc_precision_at_100_std": -0.014672,
        "nauc_precision_at_100_diff1": -0.329078,
        "nauc_precision_at_1000_max": -0.035631,
        "nauc_precision_at_1000_std": -0.030339,
        "nauc_precision_at_1000_diff1": -0.349263,
        "nauc_mrr_at_1_max": 0.218172,
        "nauc_mrr_at_1_std": 0.39385,
        "nauc_mrr_at_1_diff1": 0.180105,
        "nauc_mrr_at_3_max": 0.176478,
        "nauc_mrr_at_3_std": 0.324938,
        "nauc_mrr_at_3_diff1": 0.24172,
        "nauc_mrr_at_5_max": 0.166406,
        "nauc_mrr_at_5_std": 0.319026,
        "nauc_mrr_at_5_diff1": 0.224548,
        "nauc_mrr_at_10_max": 0.172317,
        "nauc_mrr_at_10_std": 0.312731,
        "nauc_mrr_at_10_diff1": 0.209575,
        "nauc_mrr_at_20_max": 0.192424,
        "nauc_mrr_at_20_std": 0.32252,
        "nauc_mrr_at_20_diff1": 0.211275,
        "nauc_mrr_at_25_max": 0.189844,
        "nauc_mrr_at_25_std": 0.319869,
        "nauc_mrr_at_25_diff1": 0.212605,
        "nauc_mrr_at_50_max": 0.18419,
        "nauc_mrr_at_50_std": 0.321912,
        "nauc_mrr_at_50_diff1": 0.210345,
        "nauc_mrr_at_100_max": 0.184023,
        "nauc_mrr_at_100_std": 0.321531,
        "nauc_mrr_at_100_diff1": 0.212163,
        "nauc_mrr_at_1000_max": 0.184023,
        "nauc_mrr_at_1000_std": 0.321531,
        "nauc_mrr_at_1000_diff1": 0.212163,
        "hit_rate_at_1": 0.27778,
        "hit_rate_at_3": 0.41667,
        "hit_rate_at_5": 0.47222,
        "hit_rate_at_10": 0.66667,
        "hit_rate_at_20": 0.80556,
        "hit_rate_at_25": 0.83333,
        "hit_rate_at_50": 0.97222,
        "hit_rate_at_100": 1.0,
        "hit_rate_at_1000": 1.0,
        "R_cap_at_1": 0.277778,
        "R_cap_at_3": 0.319444,
        "R_cap_at_5": 0.355556,
        "R_cap_at_10": 0.533333,
        "R_cap_at_20": 0.698148,
        "R_cap_at_25": 0.73287,
        "R_cap_at_50": 0.885648,
        "R_cap_at_100": 0.981481,
        "R_cap_at_1000": 1.0,
        "main_score": 0.37817,