{
  "dataset_revision": "ebc723b2474ef92d098a47e8f131aa7d3542b7b0",
  "task_name": "LMEBMLDR",
  "mteb_version": "2.12.39",
  "scores": {
    "test": [
      {
        "ndcg_at_1": 0.58,
        "ndcg_at_3": 0.69964,
        "ndcg_at_5": 0.73234,
        "ndcg_at_10": 0.765,
        "ndcg_at_20": 0.77531,
        "ndcg_at_25": 0.77531,
        "ndcg_at_50": 0.77531,
        "ndcg_at_100": 0.77531,
        "ndcg_at_1000": 0.77531,
        "map_at_1": 0.58,
        "map_at_3": 0.67167,
        "map_at_5": 0.68967,
        "map_at_10": 0.70335,
        "map_at_20": 0.70627,
        "map_at_25": 0.70627,
        "map_at_50": 0.70627,
        "map_at_100": 0.70627,
        "map_at_1000": 0.70627,
        "recall_at_1": 0.58,
        "recall_at_3": 0.78,
        "recall_at_5": 0.86,
        "recall_at_10": 0.96,
        "recall_at_20": 1.0,
        "recall_at_25": 1.0,
        "recall_at_50": 1.0,
        "recall_at_100": 1.0,
        "recall_at_1000": 1.0,
        "accuracy": 0.58,
        "precision_at_1": 0.58,
        "precision_at_3": 0.26,
        "precision_at_5": 0.172,
        "precision_at_10": 0.096,
        "precision_at_20": 0.05,
        "precision_at_25": 0.04,
        "precision_at_50": 0.02,
        "precision_at_100": 0.01,
        "precision_at_1000": 0.001,
        "mrr_at_1": 0.58,
        "mrr_at_3": 0.67,
        "mrr_at_5": 0.688,
        "mrr_at_10": 0.701679,
        "mrr_at_20": 0.704604,
        "mrr_at_25": 0.704604,
        "mrr_at_50": 0.704604,
        "mrr_at_100": 0.704604,
        "mrr_at_1000": 0.704604,
        "nauc_ndcg_at_1_max": 0.328583,
        "nauc_ndcg_at_1_std": 0.172055,
        "nauc_ndcg_at_1_diff1": 0.438967,
        "nauc_ndcg_at_3_max": 0.241534,
        "nauc_ndcg_at_3_std": 0.111616,
        "nauc_ndcg_at_3_diff1": 0.503807,
        "nauc_ndcg_at_5_max": 0.28874,
        "nauc_ndcg_at_5_std": 0.113246,
        "nauc_ndcg_at_5_diff1": 0.461381,
        "nauc_ndcg_at_10_max": 0.270765,
        "nauc_ndcg_at_10_std": 0.118454,
        "nauc_ndcg_at_10_diff1": 0.457447,
        "nauc_ndcg_at_20_max": 0.288242,
        "nauc_ndcg_at_20_std": 0.139486,
        "nauc_ndcg_at_20_diff1": 0.464714,
        "nauc_ndcg_at_25_max": 0.288242,
        "nauc_ndcg_at_25_std": 0.139486,
        "nauc_ndcg_at_25_diff1": 0.464714,
        "nauc_ndcg_at_50_max": 0.288242,
        "nauc_ndcg_at_50_std": 0.139486,
        "nauc_ndcg_at_50_diff1": 0.464714,
        "nauc_ndcg_at_100_max": 0.288242,
        "nauc_ndcg_at_100_std": 0.139486,
        "nauc_ndcg_at_100_diff1": 0.464714,
        "nauc_ndcg_at_1000_max": 0.288242,
        "nauc_ndcg_at_1000_std": 0.139486,
        "nauc_ndcg_at_1000_diff1": 0.464714,
        "nauc_map_at_1_max": 0.328583,
        "nauc_map_at_1_std": 0.172055,
        "nauc_map_at_1_diff1": 0.438967,
        "nauc_map_at_3_max": 0.271691,
        "nauc_map_at_3_std": 0.13378,
        "nauc_map_at_3_diff1": 0.48454,
        "nauc_map_at_5_max": 0.295441,
        "nauc_map_at_5_std": 0.138768,
        "nauc_map_at_5_diff1": 0.462525,
        "nauc_map_at_10_max": 0.289543,
        "nauc_map_at_10_std": 0.14052,
        "nauc_map_at_10_diff1": 0.461342,
        "nauc_map_at_20_max": 0.293219,
        "nauc_map_at_20_std": 0.144976,
        "nauc_map_at_20_diff1": 0.46333,
        "nauc_map_at_25_max": 0.293219,
        "nauc_map_at_25_std": 0.144976,
        "nauc_map_at_25_diff1": 0.46333,
        "nauc_map_at_50_max": 0.293219,
        "nauc_map_at_50_std": 0.144976,
        "nauc_map_at_50_diff1": 0.46333,
        "nauc_map_at_100_max": 0.293219,
        "nauc_map_at_100_std": 0.144976,
        "nauc_map_at_100_diff1": 0.46333,
        "nauc_map_at_1000_max": 0.293219,
        "nauc_map_at_1000_std": 0.144976,
        "nauc_map_at_1000_diff1": 0.46333,
        "nauc_recall_at_1_max": 0.328583,
        "nauc_recall_at_1_std": 0.172055,
        "nauc_recall_at_1_diff1": 0.438967,
        "nauc_recall_at_3_max": 0.123197,
        "nauc_recall_at_3_std": 0.024088,
        "nauc_recall_at_3_diff1": 0.577943,
        "nauc_recall_at_5_max": 0.263891,
        "nauc_recall_at_5_std": -0.034987,
        "nauc_recall_at_5_diff1": 0.444367,
        "nauc_recall_at_10_max": -0.053688,
        "nauc_recall_at_10_std": -0.269024,
        "nauc_recall_at_10_diff1": 0.343721,
        "nauc_recall_at_20_max": NaN,
        "nauc_recall_at_20_std": NaN,
        "nauc_recall_at_20_diff1": NaN,
        "nauc_recall_at_25_max": NaN,
        "nauc_recall_at_25_std": NaN,
        "nauc_recall_at_25_diff1": NaN,
        "nauc_recall_at_50_max": NaN,
        "nauc_recall_at_50_std": NaN,
        "nauc_recall_at_50_diff1": NaN,
        "nauc_recall_at_100_max": NaN,
        "nauc_recall_at_100_std": NaN,
        "nauc_recall_at_100_diff1": NaN,
        "nauc_recall_at_1000_max": NaN,
        "nauc_recall_at_1000_std": NaN,
        "nauc_recall_at_1000_diff1": NaN,
        "nauc_precision_at_1_max": 0.328583,
        "nauc_precision_at_1_std": 0.172055,
        "nauc_precision_at_1_diff1": 0.438967,
        "nauc_precision_at_3_max": 0.123197,
        "nauc_precision_at_3_std": 0.024088,
        "nauc_precision_at_3_diff1": 0.577943,
        "nauc_precision_at_5_max": 0.263891,
        "nauc_precision_at_5_std": -0.034987,
        "nauc_precision_at_5_diff1": 0.444367,
        "nauc_precision_at_10_max": -0.053688,
        "nauc_precision_at_10_std": -0.269024,
        "nauc_precision_at_10_diff1": 0.343721,
        "nauc_precision_at_20_max": 1.0,
        "nauc_precision_at_20_std": 1.0,
        "nauc_precision_at_20_diff1": 1.0,
        "nauc_precision_at_25_max": NaN,
        "nauc_precision_at_25_std": NaN,
        "nauc_precision_at_25_diff1": NaN,
        "nauc_precision_at_50_max": NaN,
        "nauc_precision_at_50_std": NaN,
        "nauc_precision_at_50_diff1": NaN,
        "nauc_precision_at_100_max": NaN,
        "nauc_precision_at_100_std": NaN,
        "nauc_precision_at_100_diff1": NaN,
        "nauc_precision_at_1000_max": NaN,
        "nauc_precision_at_1000_std": NaN,
        "nauc_precision_at_1000_diff1": NaN,
        "nauc_mrr_at_1_max": 0.328583,
        "nauc_mrr_at_1_std": 0.172055,
        "nauc_mrr_at_1_diff1": 0.438967,
        "nauc_mrr_at_3_max": 0.263333,
        "nauc_mrr_at_3_std": 0.126039,
        "nauc_mrr_at_3_diff1": 0.485806,
        "nauc_mrr_at_5_max": 0.286479,
        "nauc_mrr_at_5_std": 0.130548,
        "nauc_mrr_at_5_diff1": 0.46397,
        "nauc_mrr_at_10_max": 0.280134,
        "nauc_mrr_at_10_std": 0.131855,
        "nauc_mrr_at_10_diff1": 0.46287,
        "nauc_mrr_at_20_max": 0.283676,
        "nauc_mrr_at_20_std": 0.136182,
        "nauc_mrr_at_20_diff1": 0.464867,
        "nauc_mrr_at_25_max": 0.283676,
        "nauc_mrr_at_25_std": 0.136182,
        "nauc_mrr_at_25_diff1": 0.464867,
        "nauc_mrr_at_50_max": 0.283676,
        "nauc_mrr_at_50_std": 0.136182,
        "nauc_mrr_at_50_diff1": 0.464867,
        "nauc_mrr_at_100_max": 0.283676,
        "nauc_mrr_at_100_std": 0.136182,
        "nauc_mrr_at_100_diff1": 0.464867,
        "nauc_mrr_at_1000_max": 0.283676,
        "nauc_mrr_at_1000_std": 0.136182,
        "nauc_mrr_at_1000_diff1": 0.464867,
        "hit_rate_at_1": 0.58,
        "hit_rate_at_3": 0.78,
        "hit_rate_at_5": 0.86,
        "hit_rate_at_10": 0.96,
        "hit_rate_at_20": 1.0,
        "hit_rate_at_25": 1.0,
        "hit_rate_at_50": 1.0,
        "hit_rate_at_100": 1.0,
        "hit_rate_at_1000": 1.0,
        "R_cap_at_1": 0.58,
        "R_cap_at_3": 0.78,
        "R_cap_at_5": 0.86,
        "R_cap_at_10": 0.96,
        "R_cap_at_20": 1.0,
        "R_cap_at_25": 1.0,
        "R_cap_at_50": 1.0,
        "R_cap_at_100": 1.0,
        "R_cap_at_1000": 1.0,
        "main_score": 0.765,
        "hf_subset": "MLDR",
        "languages": [
          "eng-Latn"
        ],
        "mteb_version": "2.12.39"
      }
    ]
  },
  "evaluation_time": 8.77214241027832,
  "kg_co2_emissions": null,
  "date": 1781364961.384691
}