{
  "dataset_revision": "432cf48c879c2de792720d5c0af6900312ebe7b6",
  "task_name": "LMEB_SciFact",
  "mteb_version": "2.12.39",
  "scores": {
    "test": [
      {
        "ndcg_at_1": 0.64362,
        "ndcg_at_3": 0.6913,
        "ndcg_at_5": 0.73438,
        "ndcg_at_10": 0.77973,
        "ndcg_at_20": 0.79673,
        "ndcg_at_25": 0.79772,
        "ndcg_at_50": 0.80045,
        "ndcg_at_100": 0.80095,
        "ndcg_at_1000": 0.80095,
        "map_at_1": 0.45041,
        "map_at_3": 0.61396,
        "map_at_5": 0.65768,
        "map_at_10": 0.69338,
        "map_at_20": 0.70287,
        "map_at_25": 0.70342,
        "map_at_50": 0.70454,
        "map_at_100": 0.7046,
        "map_at_1000": 0.7046,
        "recall_at_1": 0.45041,
        "recall_at_3": 0.71048,
        "recall_at_5": 0.82179,
        "recall_at_10": 0.93576,
        "recall_at_20": 0.98471,
        "recall_at_25": 0.98737,
        "recall_at_50": 0.99734,
        "recall_at_100": 1.0,
        "recall_at_1000": 1.0,
        "accuracy": 0.45041,
        "precision_at_1": 0.64362,
        "precision_at_3": 0.39362,
        "precision_at_5": 0.28723,
        "precision_at_10": 0.175,
        "precision_at_20": 0.09441,
        "precision_at_25": 0.07617,
        "precision_at_50": 0.03883,
        "precision_at_100": 0.01947,
        "precision_at_1000": 0.00195,
        "mrr_at_1": 0.643617,
        "mrr_at_3": 0.749113,
        "mrr_at_5": 0.763741,
        "mrr_at_10": 0.769877,
        "mrr_at_20": 0.771288,
        "mrr_at_25": 0.771288,
        "mrr_at_50": 0.771424,
        "mrr_at_100": 0.771424,
        "mrr_at_1000": 0.771424,
        "nauc_ndcg_at_1_max": 0.113745,
        "nauc_ndcg_at_1_std": -0.170515,
        "nauc_ndcg_at_1_diff1": 0.643351,
        "nauc_ndcg_at_3_max": 0.095872,
        "nauc_ndcg_at_3_std": -0.230511,
        "nauc_ndcg_at_3_diff1": 0.59364,
        "nauc_ndcg_at_5_max": 0.100992,
        "nauc_ndcg_at_5_std": -0.250015,
        "nauc_ndcg_at_5_diff1": 0.57696,
        "nauc_ndcg_at_10_max": 0.119327,
        "nauc_ndcg_at_10_std": -0.255893,
        "nauc_ndcg_at_10_diff1": 0.569098,
        "nauc_ndcg_at_20_max": 0.143473,
        "nauc_ndcg_at_20_std": -0.204467,
        "nauc_ndcg_at_20_diff1": 0.573948,
        "nauc_ndcg_at_25_max": 0.139208,
        "nauc_ndcg_at_25_std": -0.202881,
        "nauc_ndcg_at_25_diff1": 0.578281,
        "nauc_ndcg_at_50_max": 0.139607,
        "nauc_ndcg_at_50_std": -0.192516,
        "nauc_ndcg_at_50_diff1": 0.590109,
        "nauc_ndcg_at_100_max": 0.136642,
        "nauc_ndcg_at_100_std": -0.195726,
        "nauc_ndcg_at_100_diff1": 0.590899,
        "nauc_ndcg_at_1000_max": 0.136642,
        "nauc_ndcg_at_1000_std": -0.195726,
        "nauc_ndcg_at_1000_diff1": 0.590899,
        "nauc_map_at_1_max": 0.045734,
        "nauc_map_at_1_std": -0.214361,
        "nauc_map_at_1_diff1": 0.614794,
        "nauc_map_at_3_max": 0.087044,
        "nauc_map_at_3_std": -0.264482,
        "nauc_map_at_3_diff1": 0.589107,
        "nauc_map_at_5_max": 0.092529,
        "nauc_map_at_5_std": -0.266556,
        "nauc_map_at_5_diff1": 0.58874,
        "nauc_map_at_10_max": 0.108486,
        "nauc_map_at_10_std": -0.261357,
        "nauc_map_at_10_diff1": 0.577881,
        "nauc_map_at_20_max": 0.121106,
        "nauc_map_at_20_std": -0.235073,
        "nauc_map_at_20_diff1": 0.584174,
        "nauc_map_at_25_max": 0.119538,
        "nauc_map_at_25_std": -0.233606,
        "nauc_map_at_25_diff1": 0.58653,
        "nauc_map_at_50_max": 0.120482,
        "nauc_map_at_50_std": -0.227282,
        "nauc_map_at_50_diff1": 0.590305,
        "nauc_map_at_100_max": 0.120223,
        "nauc_map_at_100_std": -0.227559,
        "nauc_map_at_100_diff1": 0.590362,
        "nauc_map_at_1000_max": 0.120223,
        "nauc_map_at_1000_std": -0.227559,
        "nauc_map_at_1000_diff1": 0.590362,
        "nauc_recall_at_1_max": 0.045734,
        "nauc_recall_at_1_std": -0.214361,
        "nauc_recall_at_1_diff1": 0.614794,
        "nauc_recall_at_3_max": 0.042655,
        "nauc_recall_at_3_std": -0.339566,
        "nauc_recall_at_3_diff1": 0.49912,
        "nauc_recall_at_5_max": 0.039658,
        "nauc_recall_at_5_std": -0.37813,
        "nauc_recall_at_5_diff1": 0.394079,
        "nauc_recall_at_10_max": 0.075888,
        "nauc_recall_at_10_std": -0.518524,
        "nauc_recall_at_10_diff1": 0.267282,
        "nauc_recall_at_20_max": 0.493553,
        "nauc_recall_at_20_std": -0.04447,
        "nauc_recall_at_20_diff1": -0.175612,
        "nauc_recall_at_25_max": 0.418222,
        "nauc_recall_at_25_std": -0.033657,
        "nauc_recall_at_25_diff1": -0.209736,
        "nauc_recall_at_50_max": 1.0,
        "nauc_recall_at_50_std": 0.869126,
        "nauc_recall_at_50_diff1": 0.123092,
        "nauc_recall_at_100_max": NaN,
        "nauc_recall_at_100_std": NaN,
        "nauc_recall_at_100_diff1": NaN,
        "nauc_recall_at_1000_max": NaN,
        "nauc_recall_at_1000_std": NaN,
        "nauc_recall_at_1000_diff1": NaN,
        "nauc_precision_at_1_max": 0.113745,
        "nauc_precision_at_1_std": -0.170515,
        "nauc_precision_at_1_diff1": 0.643351,
        "nauc_precision_at_3_max": 0.146295,
        "nauc_precision_at_3_std": 0.004885,
        "nauc_precision_at_3_diff1": 0.072965,
        "nauc_precision_at_5_max": 0.125754,
        "nauc_precision_at_5_std": 0.12059,
        "nauc_precision_at_5_diff1": -0.104135,
        "nauc_precision_at_10_max": 0.12317,
        "nauc_precision_at_10_std": 0.224791,
        "nauc_precision_at_10_diff1": -0.220288,
        "nauc_precision_at_20_max": 0.143718,
        "nauc_precision_at_20_std": 0.329188,
        "nauc_precision_at_20_diff1": -0.245844,
        "nauc_precision_at_25_max": 0.129217,
        "nauc_precision_at_25_std": 0.336818,
        "nauc_precision_at_25_diff1": -0.231091,
        "nauc_precision_at_50_max": 0.127396,
        "nauc_precision_at_50_std": 0.369892,
        "nauc_precision_at_50_diff1": -0.208576,
        "nauc_precision_at_100_max": 0.122322,
        "nauc_precision_at_100_std": 0.365647,
        "nauc_precision_at_100_diff1": -0.209343,
        "nauc_precision_at_1000_max": 0.122322,
        "nauc_precision_at_1000_std": 0.365647,
        "nauc_precision_at_1000_diff1": -0.209343,
        "nauc_mrr_at_1_max": 0.113745,
        "nauc_mrr_at_1_std": -0.170515,
        "nauc_mrr_at_1_diff1": 0.643351,
        "nauc_mrr_at_3_max": 0.130349,
        "nauc_mrr_at_3_std": -0.181123,
        "nauc_mrr_at_3_diff1": 0.618029,
        "nauc_mrr_at_5_max": 0.127335,
        "nauc_mrr_at_5_std": -0.186703,
        "nauc_mrr_at_5_diff1": 0.608433,
        "nauc_mrr_at_10_max": 0.12659,
        "nauc_mrr_at_10_std": -0.174501,
        "nauc_mrr_at_10_diff1": 0.616982,
        "nauc_mrr_at_20_max": 0.127048,
        "nauc_mrr_at_20_std": -0.173997,
        "nauc_mrr_at_20_diff1": 0.616327,
        "nauc_mrr_at_25_max": 0.127048,
        "nauc_mrr_at_25_std": -0.173997,
        "nauc_mrr_at_25_diff1": 0.616327,
        "nauc_mrr_at_50_max": 0.126433,
        "nauc_mrr_at_50_std": -0.174824,
        "nauc_mrr_at_50_diff1": 0.61716,
        "nauc_mrr_at_100_max": 0.126433,
        "nauc_mrr_at_100_std": -0.174824,
        "nauc_mrr_at_100_diff1": 0.61716,
        "nauc_mrr_at_1000_max": 0.126433,
        "nauc_mrr_at_1000_std": -0.174824,
        "nauc_mrr_at_1000_diff1": 0.61716,
        "hit_rate_at_1": 0.64362,
        "hit_rate_at_3": 0.87234,
        "hit_rate_at_5": 0.93617,
        "hit_rate_at_10": 0.97872,
        "hit_rate_at_20": 0.99468,
        "hit_rate_at_25": 0.99468,
        "hit_rate_at_50": 1.0,
        "hit_rate_at_100": 1.0,
        "hit_rate_at_1000": 1.0,
        "R_cap_at_1": 0.643617,
        "R_cap_at_3": 0.733156,
        "R_cap_at_5": 0.826596,
        "R_cap_at_10": 0.936291,
        "R_cap_at_20": 0.984707,
        "R_cap_at_25": 0.987367,
        "R_cap_at_50": 0.99734,
        "R_cap_at_100": 1.0,
        "R_cap_at_1000": 1.0,