{
  "dataset_revision": "df52bb043564336892a1eb9127559130fcb0e62c",
  "task_name": "LooGLE",
  "mteb_version": "2.12.39",
  "scores": {
    "test": [
      {
        "ndcg_at_1": 0.33515,
        "ndcg_at_3": 0.30904,
        "ndcg_at_5": 0.33738,
        "ndcg_at_10": 0.38699,
        "ndcg_at_20": 0.43853,
        "ndcg_at_25": 0.45256,
        "ndcg_at_50": 0.49288,
        "ndcg_at_100": 0.51964,
        "ndcg_at_1000": 0.53053,
        "map_at_1": 0.13391,
        "map_at_3": 0.22581,
        "map_at_5": 0.25758,
        "map_at_10": 0.28588,
        "map_at_20": 0.3067,
        "map_at_25": 0.31143,
        "map_at_50": 0.32171,
        "map_at_100": 0.32625,
        "map_at_1000": 0.32746,
        "recall_at_1": 0.13391,
        "recall_at_3": 0.28293,
        "recall_at_5": 0.3657,
        "recall_at_10": 0.48047,
        "recall_at_20": 0.6265,
        "recall_at_25": 0.67149,
        "recall_at_50": 0.81996,
        "recall_at_100": 0.93719,
        "recall_at_1000": 0.99286,
        "accuracy": 0.13391,
        "precision_at_1": 0.33515,
        "precision_at_3": 0.2419,
        "precision_at_5": 0.19364,
        "precision_at_10": 0.13079,
        "precision_at_20": 0.08824,
        "precision_at_25": 0.07648,
        "precision_at_50": 0.04759,
        "precision_at_100": 0.02747,
        "precision_at_1000": 0.00291,
        "mrr_at_1": 0.334242,
        "mrr_at_3": 0.431577,
        "mrr_at_5": 0.452967,
        "mrr_at_10": 0.467066,
        "mrr_at_20": 0.475025,
        "mrr_at_25": 0.475918,
        "mrr_at_50": 0.477917,
        "mrr_at_100": 0.478431,
        "mrr_at_1000": 0.478475,
        "nauc_ndcg_at_1_max": 0.031149,
        "nauc_ndcg_at_1_std": -0.199769,
        "nauc_ndcg_at_1_diff1": 0.325123,
        "nauc_ndcg_at_3_max": 0.068381,
        "nauc_ndcg_at_3_std": -0.196368,
        "nauc_ndcg_at_3_diff1": 0.266453,
        "nauc_ndcg_at_5_max": 0.071655,
        "nauc_ndcg_at_5_std": -0.178226,
        "nauc_ndcg_at_5_diff1": 0.27141,
        "nauc_ndcg_at_10_max": 0.08411,
        "nauc_ndcg_at_10_std": -0.183859,
        "nauc_ndcg_at_10_diff1": 0.270409,
        "nauc_ndcg_at_20_max": 0.088811,
        "nauc_ndcg_at_20_std": -0.180017,
        "nauc_ndcg_at_20_diff1": 0.266925,
        "nauc_ndcg_at_25_max": 0.087577,
        "nauc_ndcg_at_25_std": -0.182134,
        "nauc_ndcg_at_25_diff1": 0.273111,
        "nauc_ndcg_at_50_max": 0.088722,
        "nauc_ndcg_at_50_std": -0.191062,
        "nauc_ndcg_at_50_diff1": 0.268933,
        "nauc_ndcg_at_100_max": 0.083513,
        "nauc_ndcg_at_100_std": -0.194117,
        "nauc_ndcg_at_100_diff1": 0.271153,
        "nauc_ndcg_at_1000_max": 0.080927,
        "nauc_ndcg_at_1000_std": -0.196805,
        "nauc_ndcg_at_1000_diff1": 0.269127,
        "nauc_map_at_1_max": 0.038952,
        "nauc_map_at_1_std": -0.178038,
        "nauc_map_at_1_diff1": 0.354137,
        "nauc_map_at_3_max": 0.070277,
        "nauc_map_at_3_std": -0.182998,
        "nauc_map_at_3_diff1": 0.292388,
        "nauc_map_at_5_max": 0.068799,
        "nauc_map_at_5_std": -0.178685,
        "nauc_map_at_5_diff1": 0.286812,
        "nauc_map_at_10_max": 0.077427,
        "nauc_map_at_10_std": -0.184077,
        "nauc_map_at_10_diff1": 0.282789,
        "nauc_map_at_20_max": 0.080712,
        "nauc_map_at_20_std": -0.18381,
        "nauc_map_at_20_diff1": 0.280435,
        "nauc_map_at_25_max": 0.080581,
        "nauc_map_at_25_std": -0.184994,
        "nauc_map_at_25_diff1": 0.282979,
        "nauc_map_at_50_max": 0.08117,
        "nauc_map_at_50_std": -0.188243,
        "nauc_map_at_50_diff1": 0.281495,
        "nauc_map_at_100_max": 0.079915,
        "nauc_map_at_100_std": -0.189498,
        "nauc_map_at_100_diff1": 0.281268,
        "nauc_map_at_1000_max": 0.079678,
        "nauc_map_at_1000_std": -0.189714,
        "nauc_map_at_1000_diff1": 0.280997,
        "nauc_recall_at_1_max": 0.038952,
        "nauc_recall_at_1_std": -0.178038,
        "nauc_recall_at_1_diff1": 0.354137,
        "nauc_recall_at_3_max": 0.078827,
        "nauc_recall_at_3_std": -0.170837,
        "nauc_recall_at_3_diff1": 0.237037,
        "nauc_recall_at_5_max": 0.075814,
        "nauc_recall_at_5_std": -0.144793,
        "nauc_recall_at_5_diff1": 0.221897,
        "nauc_recall_at_10_max": 0.096258,
        "nauc_recall_at_10_std": -0.145696,
        "nauc_recall_at_10_diff1": 0.211195,
        "nauc_recall_at_20_max": 0.10648,
        "nauc_recall_at_20_std": -0.117993,
        "nauc_recall_at_20_diff1": 0.192292,
        "nauc_recall_at_25_max": 0.101709,
        "nauc_recall_at_25_std": -0.119229,
        "nauc_recall_at_25_diff1": 0.20853,
        "nauc_recall_at_50_max": 0.114549,
        "nauc_recall_at_50_std": -0.120455,
        "nauc_recall_at_50_diff1": 0.181648,
        "nauc_recall_at_100_max": 0.12317,
        "nauc_recall_at_100_std": -0.084942,
        "nauc_recall_at_100_diff1": 0.195086,
        "nauc_recall_at_1000_max": 0.163599,
        "nauc_recall_at_1000_std": 0.066356,
        "nauc_recall_at_1000_diff1": -0.143668,
        "nauc_precision_at_1_max": 0.031149,
        "nauc_precision_at_1_std": -0.199769,
        "nauc_precision_at_1_diff1": 0.325123,
        "nauc_precision_at_3_max": 0.074337,
        "nauc_precision_at_3_std": -0.190372,
        "nauc_precision_at_3_diff1": 0.1935,
        "nauc_precision_at_5_max": 0.076448,
        "nauc_precision_at_5_std": -0.16131,
        "nauc_precision_at_5_diff1": 0.166056,
        "nauc_precision_at_10_max": 0.091767,
        "nauc_precision_at_10_std": -0.154136,
        "nauc_precision_at_10_diff1": 0.130407,
        "nauc_precision_at_20_max": 0.087338,
        "nauc_precision_at_20_std": -0.125956,
        "nauc_precision_at_20_diff1": 0.064063,
        "nauc_precision_at_25_max": 0.075767,
        "nauc_precision_at_25_std": -0.121711,
        "nauc_precision_at_25_diff1": 0.060853,
        "nauc_precision_at_50_max": 0.059003,
        "nauc_precision_at_50_std": -0.124598,
        "nauc_precision_at_50_diff1": -0.02552,
        "nauc_precision_at_100_max": 0.021877,
        "nauc_precision_at_100_std": -0.098892,
        "nauc_precision_at_100_diff1": -0.082639,
        "nauc_precision_at_1000_max": 0.00565,
        "nauc_precision_at_1000_std": -0.092252,
        "nauc_precision_at_1000_diff1": -0.11945,
        "nauc_mrr_at_1_max": 0.025293,
        "nauc_mrr_at_1_std": -0.202076,
        "nauc_mrr_at_1_diff1": 0.327852,
        "nauc_mrr_at_3_max": 0.052348,
        "nauc_mrr_at_3_std": -0.201635,
        "nauc_mrr_at_3_diff1": 0.291394,
        "nauc_mrr_at_5_max": 0.052145,
        "nauc_mrr_at_5_std": -0.192973,
        "nauc_mrr_at_5_diff1": 0.285938,
        "nauc_mrr_at_10_max": 0.054467,
        "nauc_mrr_at_10_std": -0.194801,
        "nauc_mrr_at_10_diff1": 0.289193,
        "nauc_mrr_at_20_max": 0.05375,
        "nauc_mrr_at_20_std": -0.193815,
        "nauc_mrr_at_20_diff1": 0.289098,
        "nauc_mrr_at_25_max": 0.053428,
        "nauc_mrr_at_25_std": -0.194105,
        "nauc_mrr_at_25_diff1": 0.289095,
        "nauc_mrr_at_50_max": 0.052757,
        "nauc_mrr_at_50_std": -0.194175,
        "nauc_mrr_at_50_diff1": 0.289684,
        "nauc_mrr_at_100_max": 0.052695,
        "nauc_mrr_at_100_std": -0.194285,
        "nauc_mrr_at_100_diff1": 0.289764,
        "nauc_mrr_at_1000_max": 0.052654,
        "nauc_mrr_at_1000_std": -0.194376,
        "nauc_mrr_at_1000_diff1": 0.289773,
        "hit_rate_at_1": 0.33515,
        "hit_rate_at_3": 0.5495,
        "hit_rate_at_5": 0.64578,
        "hit_rate_at_10": 0.75295,
        "hit_rate_at_20": 0.86739,
        "hit_rate_at_25": 0.88738,
        "hit_rate_at_50": 0.95731,
        "hit_rate_at_100": 0.99273,
        "hit_rate_at_1000": 0.99818,
        "R_cap_at_1": 0.334242,
        "R_cap_at_3": 0.310627,
        "R_cap_at_5": 0.367984,
        "R_cap_at_10": 0.480157,
        "R_cap_at_20": 0.62602,
        "R_cap_at_25": 0.67149,
        "R_cap_at_50": 0.820412,
        "R_cap_at_100": 0.937191,