{
  "dataset_revision": "6b2010c691a435a7a920088d32e55c898afa97f5",
  "task_name": "PeerQA",
  "mteb_version": "2.12.39",
  "scores": {
    "test": [
      {
        "ndcg_at_1": 0.21324,
        "ndcg_at_3": 0.24352,
        "ndcg_at_5": 0.26587,
        "ndcg_at_10": 0.30553,
        "ndcg_at_20": 0.35188,
        "ndcg_at_25": 0.3624,
        "ndcg_at_50": 0.39697,
        "ndcg_at_100": 0.4242,
        "ndcg_at_1000": 0.45739,
        "map_at_1": 0.13451,
        "map_at_3": 0.19217,
        "map_at_5": 0.21095,
        "map_at_10": 0.23135,
        "map_at_20": 0.24736,
        "map_at_25": 0.25046,
        "map_at_50": 0.25808,
        "map_at_100": 0.26252,
        "map_at_1000": 0.26568,
        "recall_at_1": 0.13451,
        "recall_at_3": 0.24867,
        "recall_at_5": 0.30973,
        "recall_at_10": 0.41281,
        "recall_at_20": 0.55562,
        "recall_at_25": 0.58911,
        "recall_at_50": 0.72229,
        "recall_at_100": 0.83149,
        "recall_at_1000": 1.0,
        "accuracy": 0.13451,
        "precision_at_1": 0.21324,
        "precision_at_3": 0.15686,
        "precision_at_5": 0.12794,
        "precision_at_10": 0.08971,
        "precision_at_20": 0.0636,
        "precision_at_25": 0.05559,
        "precision_at_50": 0.03559,
        "precision_at_100": 0.02243,
        "precision_at_1000": 0.00286,
        "mrr_at_1": 0.213235,
        "mrr_at_3": 0.28799,
        "mrr_at_5": 0.308578,
        "mrr_at_10": 0.324638,
        "mrr_at_20": 0.335929,
        "mrr_at_25": 0.337267,
        "mrr_at_50": 0.339959,
        "mrr_at_100": 0.340693,
        "mrr_at_1000": 0.341089,
        "nauc_ndcg_at_1_max": -0.042275,
        "nauc_ndcg_at_1_std": -0.231175,
        "nauc_ndcg_at_1_diff1": 0.233149,
        "nauc_ndcg_at_3_max": -0.067087,
        "nauc_ndcg_at_3_std": -0.229042,
        "nauc_ndcg_at_3_diff1": 0.20048,
        "nauc_ndcg_at_5_max": -0.04059,
        "nauc_ndcg_at_5_std": -0.217566,
        "nauc_ndcg_at_5_diff1": 0.175217,
        "nauc_ndcg_at_10_max": -0.042056,
        "nauc_ndcg_at_10_std": -0.213618,
        "nauc_ndcg_at_10_diff1": 0.141206,
        "nauc_ndcg_at_20_max": -0.012642,
        "nauc_ndcg_at_20_std": -0.176836,
        "nauc_ndcg_at_20_diff1": 0.114857,
        "nauc_ndcg_at_25_max": -0.00788,
        "nauc_ndcg_at_25_std": -0.171555,
        "nauc_ndcg_at_25_diff1": 0.113434,
        "nauc_ndcg_at_50_max": 0.017424,
        "nauc_ndcg_at_50_std": -0.143475,
        "nauc_ndcg_at_50_diff1": 0.119562,
        "nauc_ndcg_at_100_max": 0.031057,
        "nauc_ndcg_at_100_std": -0.121441,
        "nauc_ndcg_at_100_diff1": 0.133901,
        "nauc_ndcg_at_1000_max": 0.021074,
        "nauc_ndcg_at_1000_std": -0.154697,
        "nauc_ndcg_at_1000_diff1": 0.160321,
        "nauc_map_at_1_max": -0.053487,
        "nauc_map_at_1_std": -0.192442,
        "nauc_map_at_1_diff1": 0.296679,
        "nauc_map_at_3_max": -0.086521,
        "nauc_map_at_3_std": -0.222738,
        "nauc_map_at_3_diff1": 0.222705,
        "nauc_map_at_5_max": -0.068853,
        "nauc_map_at_5_std": -0.216767,
        "nauc_map_at_5_diff1": 0.197245,
        "nauc_map_at_10_max": -0.056925,
        "nauc_map_at_10_std": -0.212851,
        "nauc_map_at_10_diff1": 0.176981,
        "nauc_map_at_20_max": -0.04041,
        "nauc_map_at_20_std": -0.197921,
        "nauc_map_at_20_diff1": 0.166872,
        "nauc_map_at_25_max": -0.038705,
        "nauc_map_at_25_std": -0.196457,
        "nauc_map_at_25_diff1": 0.167554,
        "nauc_map_at_50_max": -0.032603,
        "nauc_map_at_50_std": -0.191487,
        "nauc_map_at_50_diff1": 0.167375,
        "nauc_map_at_100_max": -0.027261,
        "nauc_map_at_100_std": -0.184945,
        "nauc_map_at_100_diff1": 0.170795,
        "nauc_map_at_1000_max": -0.027129,
        "nauc_map_at_1000_std": -0.186736,
        "nauc_map_at_1000_diff1": 0.17349,
        "nauc_recall_at_1_max": -0.053487,
        "nauc_recall_at_1_std": -0.192442,
        "nauc_recall_at_1_diff1": 0.296679,
        "nauc_recall_at_3_max": -0.093165,
        "nauc_recall_at_3_std": -0.2232,
        "nauc_recall_at_3_diff1": 0.188165,
        "nauc_recall_at_5_max": -0.049197,
        "nauc_recall_at_5_std": -0.217646,
        "nauc_recall_at_5_diff1": 0.120282,
        "nauc_recall_at_10_max": -0.067069,
        "nauc_recall_at_10_std": -0.19881,
        "nauc_recall_at_10_diff1": 0.044172,
        "nauc_recall_at_20_max": 0.001353,
        "nauc_recall_at_20_std": -0.071379,
        "nauc_recall_at_20_diff1": -0.040245,
        "nauc_recall_at_25_max": 4.4e-05,
        "nauc_recall_at_25_std": -0.064008,
        "nauc_recall_at_25_diff1": -0.054164,
        "nauc_recall_at_50_max": 0.07908,
        "nauc_recall_at_50_std": 0.052331,
        "nauc_recall_at_50_diff1": -0.055293,
        "nauc_recall_at_100_max": 0.127315,
        "nauc_recall_at_100_std": 0.203971,
        "nauc_recall_at_100_diff1": -0.082576,
        "nauc_recall_at_1000_max": NaN,
        "nauc_recall_at_1000_std": NaN,
        "nauc_recall_at_1000_diff1": NaN,
        "nauc_precision_at_1_max": -0.042275,
        "nauc_precision_at_1_std": -0.231175,
        "nauc_precision_at_1_diff1": 0.233149,
        "nauc_precision_at_3_max": -0.048487,
        "nauc_precision_at_3_std": -0.230355,
        "nauc_precision_at_3_diff1": 0.092951,
        "nauc_precision_at_5_max": 0.080344,
        "nauc_precision_at_5_std": -0.143893,
        "nauc_precision_at_5_diff1": 0.003979,
        "nauc_precision_at_10_max": 0.13956,
        "nauc_precision_at_10_std": -0.090955,
        "nauc_precision_at_10_diff1": -0.038611,
        "nauc_precision_at_20_max": 0.227705,
        "nauc_precision_at_20_std": 0.025348,
        "nauc_precision_at_20_diff1": -0.111764,
        "nauc_precision_at_25_max": 0.259385,
        "nauc_precision_at_25_std": 0.06792,
        "nauc_precision_at_25_diff1": -0.105886,
        "nauc_precision_at_50_max": 0.330264,
        "nauc_precision_at_50_std": 0.209686,
        "nauc_precision_at_50_diff1": -0.121052,
        "nauc_precision_at_100_max": 0.35174,
        "nauc_precision_at_100_std": 0.318877,
        "nauc_precision_at_100_diff1": -0.052217,
        "nauc_precision_at_1000_max": 0.267909,
        "nauc_precision_at_1000_std": 0.212718,
        "nauc_precision_at_1000_diff1": 0.006666,
        "nauc_mrr_at_1_max": -0.042275,
        "nauc_mrr_at_1_std": -0.231175,
        "nauc_mrr_at_1_diff1": 0.233149,
        "nauc_mrr_at_3_max": -0.047989,
        "nauc_mrr_at_3_std": -0.227027,
        "nauc_mrr_at_3_diff1": 0.19681,
        "nauc_mrr_at_5_max": -0.027592,
        "nauc_mrr_at_5_std": -0.228202,
        "nauc_mrr_at_5_diff1": 0.175767,
        "nauc_mrr_at_10_max": -0.034523,
        "nauc_mrr_at_10_std": -0.228265,
        "nauc_mrr_at_10_diff1": 0.175023,
        "nauc_mrr_at_20_max": -0.034694,
        "nauc_mrr_at_20_std": -0.222447,
        "nauc_mrr_at_20_diff1": 0.172663,
        "nauc_mrr_at_25_max": -0.033021,
        "nauc_mrr_at_25_std": -0.220538,
        "nauc_mrr_at_25_diff1": 0.171912,
        "nauc_mrr_at_50_max": -0.031237,
        "nauc_mrr_at_50_std": -0.217913,
        "nauc_mrr_at_50_diff1": 0.174284,
        "nauc_mrr_at_100_max": -0.032363,
        "nauc_mrr_at_100_std": -0.219021,
        "nauc_mrr_at_100_diff1": 0.174675,
        "nauc_mrr_at_1000_max": -0.032838,
        "nauc_mrr_at_1000_std": -0.219846,
        "nauc_mrr_at_1000_diff1": 0.175144,
        "hit_rate_at_1": 0.21324,
        "hit_rate_at_3": 0.40441,
        "hit_rate_at_5": 0.49265,
        "hit_rate_at_10": 0.61029,
        "hit_rate_at_20": 0.76471,
        "hit_rate_at_25": 0.79412,
        "hit_rate_at_50": 0.88971,
        "hit_rate_at_100": 0.94118,
        "hit_rate_at_1000": 1.0,
        "R_cap_at_1": 0.213235,
        "R_cap_at_3": 0.26348,
        "R_cap_at_5": 0.315074,
        "R_cap_at_10": 0.413323,
        "R_cap_at_20": 0.5593,
        "R_cap_at_25": 0.589106,
        "R_cap_at_50": 0.72229,