{
  "dataset_revision": "898f2eced48890f19b6a88f1b616e9ca6c5dda1c",
  "task_name": "QASPER",
  "mteb_version": "2.12.39",
  "scores": {
    "test": [
      {
        "ndcg_at_1": 0.3191,
        "ndcg_at_3": 0.40826,
        "ndcg_at_5": 0.45419,
        "ndcg_at_10": 0.50982,
        "ndcg_at_20": 0.55215,
        "ndcg_at_25": 0.56425,
        "ndcg_at_50": 0.5798,
        "ndcg_at_100": 0.58252,
        "ndcg_at_1000": 0.58278,
        "map_at_1": 0.24761,
        "map_at_3": 0.35221,
        "map_at_5": 0.38627,
        "map_at_10": 0.41626,
        "map_at_20": 0.43224,
        "map_at_25": 0.43602,
        "map_at_50": 0.44043,
        "map_at_100": 0.44094,
        "map_at_1000": 0.44099,
        "recall_at_1": 0.24761,
        "recall_at_3": 0.46059,
        "recall_at_5": 0.57764,
        "recall_at_10": 0.73615,
        "recall_at_20": 0.88037,
        "recall_at_25": 0.92502,
        "recall_at_50": 0.98689,
        "recall_at_100": 0.99899,
        "recall_at_1000": 1.0,
        "accuracy": 0.24761,
        "precision_at_1": 0.3191,
        "precision_at_3": 0.21348,
        "precision_at_5": 0.16734,
        "precision_at_10": 0.11318,
        "precision_at_20": 0.07086,
        "precision_at_25": 0.06103,
        "precision_at_50": 0.03389,
        "precision_at_100": 0.01731,
        "precision_at_1000": 0.00174,
        "mrr_at_1": 0.319101,
        "mrr_at_3": 0.419725,
        "mrr_at_5": 0.446055,
        "mrr_at_10": 0.465321,
        "mrr_at_20": 0.473475,
        "mrr_at_25": 0.474894,
        "mrr_at_50": 0.475958,
        "mrr_at_100": 0.476039,
        "mrr_at_1000": 0.476039,
        "nauc_ndcg_at_1_max": 0.041571,
        "nauc_ndcg_at_1_std": -0.069428,
        "nauc_ndcg_at_1_diff1": 0.296131,
        "nauc_ndcg_at_3_max": 0.011973,
        "nauc_ndcg_at_3_std": -0.085671,
        "nauc_ndcg_at_3_diff1": 0.265221,
        "nauc_ndcg_at_5_max": -0.002042,
        "nauc_ndcg_at_5_std": -0.09382,
        "nauc_ndcg_at_5_diff1": 0.275281,
        "nauc_ndcg_at_10_max": 0.014885,
        "nauc_ndcg_at_10_std": -0.07504,
        "nauc_ndcg_at_10_diff1": 0.282588,
        "nauc_ndcg_at_20_max": 0.015531,
        "nauc_ndcg_at_20_std": -0.075127,
        "nauc_ndcg_at_20_diff1": 0.281426,
        "nauc_ndcg_at_25_max": 0.024884,
        "nauc_ndcg_at_25_std": -0.067028,
        "nauc_ndcg_at_25_diff1": 0.282199,
        "nauc_ndcg_at_50_max": 0.031482,
        "nauc_ndcg_at_50_std": -0.066086,
        "nauc_ndcg_at_50_diff1": 0.282079,
        "nauc_ndcg_at_100_max": 0.028785,
        "nauc_ndcg_at_100_std": -0.070762,
        "nauc_ndcg_at_100_diff1": 0.281838,
        "nauc_ndcg_at_1000_max": 0.030164,
        "nauc_ndcg_at_1000_std": -0.070242,
        "nauc_ndcg_at_1000_diff1": 0.282819,
        "nauc_map_at_1_max": 0.01204,
        "nauc_map_at_1_std": -0.080876,
        "nauc_map_at_1_diff1": 0.29329,
        "nauc_map_at_3_max": 0.007176,
        "nauc_map_at_3_std": -0.085275,
        "nauc_map_at_3_diff1": 0.269365,
        "nauc_map_at_5_max": 0.002849,
        "nauc_map_at_5_std": -0.089928,
        "nauc_map_at_5_diff1": 0.278483,
        "nauc_map_at_10_max": 0.014023,
        "nauc_map_at_10_std": -0.078179,
        "nauc_map_at_10_diff1": 0.283022,
        "nauc_map_at_20_max": 0.015188,
        "nauc_map_at_20_std": -0.078577,
        "nauc_map_at_20_diff1": 0.283607,
        "nauc_map_at_25_max": 0.018231,
        "nauc_map_at_25_std": -0.075794,
        "nauc_map_at_25_diff1": 0.283772,
        "nauc_map_at_50_max": 0.02174,
        "nauc_map_at_50_std": -0.07368,
        "nauc_map_at_50_diff1": 0.283676,
        "nauc_map_at_100_max": 0.02149,
        "nauc_map_at_100_std": -0.074203,
        "nauc_map_at_100_diff1": 0.283475,
        "nauc_map_at_1000_max": 0.021684,
        "nauc_map_at_1000_std": -0.074137,
        "nauc_map_at_1000_diff1": 0.283632,
        "nauc_recall_at_1_max": 0.01204,
        "nauc_recall_at_1_std": -0.080876,
        "nauc_recall_at_1_diff1": 0.29329,
        "nauc_recall_at_3_max": -0.023474,
        "nauc_recall_at_3_std": -0.09866,
        "nauc_recall_at_3_diff1": 0.218663,
        "nauc_recall_at_5_max": -0.047954,
        "nauc_recall_at_5_std": -0.116069,
        "nauc_recall_at_5_diff1": 0.239606,
        "nauc_recall_at_10_max": -0.006705,
        "nauc_recall_at_10_std": -0.058585,
        "nauc_recall_at_10_diff1": 0.257466,
        "nauc_recall_at_20_max": -0.04219,
        "nauc_recall_at_20_std": -0.051957,
        "nauc_recall_at_20_diff1": 0.234803,
        "nauc_recall_at_25_max": 0.010582,
        "nauc_recall_at_25_std": 0.035096,
        "nauc_recall_at_25_diff1": 0.223856,
        "nauc_recall_at_50_max": 0.20861,
        "nauc_recall_at_50_std": 0.333367,
        "nauc_recall_at_50_diff1": 0.155335,
        "nauc_recall_at_100_max": -1.158606,
        "nauc_recall_at_100_std": -0.54193,
        "nauc_recall_at_100_diff1": -0.595831,
        "nauc_recall_at_1000_max": NaN,
        "nauc_recall_at_1000_std": NaN,
        "nauc_recall_at_1000_diff1": NaN,
        "nauc_precision_at_1_max": 0.041571,
        "nauc_precision_at_1_std": -0.069428,
        "nauc_precision_at_1_diff1": 0.296131,
        "nauc_precision_at_3_max": 0.041502,
        "nauc_precision_at_3_std": -0.053132,
        "nauc_precision_at_3_diff1": 0.196395,
        "nauc_precision_at_5_max": 0.032869,
        "nauc_precision_at_5_std": -0.032459,
        "nauc_precision_at_5_diff1": 0.167214,
        "nauc_precision_at_10_max": 0.078125,
        "nauc_precision_at_10_std": 0.036028,
        "nauc_precision_at_10_diff1": 0.099327,
        "nauc_precision_at_20_max": 0.091654,
        "nauc_precision_at_20_std": 0.064533,
        "nauc_precision_at_20_diff1": 0.021337,
        "nauc_precision_at_25_max": 0.124835,
        "nauc_precision_at_25_std": 0.100194,
        "nauc_precision_at_25_diff1": -9.5e-05,
        "nauc_precision_at_50_max": 0.146341,
        "nauc_precision_at_50_std": 0.116604,
        "nauc_precision_at_50_diff1": -0.030061,
        "nauc_precision_at_100_max": 0.136088,
        "nauc_precision_at_100_std": 0.103933,
        "nauc_precision_at_100_diff1": -0.040867,
        "nauc_precision_at_1000_max": 0.142466,
        "nauc_precision_at_1000_std": 0.105319,
        "nauc_precision_at_1000_diff1": -0.035128,
        "nauc_mrr_at_1_max": 0.041571,
        "nauc_mrr_at_1_std": -0.069428,
        "nauc_mrr_at_1_diff1": 0.296131,
        "nauc_mrr_at_3_max": 0.026828,
        "nauc_mrr_at_3_std": -0.082103,
        "nauc_mrr_at_3_diff1": 0.27542,
        "nauc_mrr_at_5_max": 0.024393,
        "nauc_mrr_at_5_std": -0.082707,
        "nauc_mrr_at_5_diff1": 0.280464,
        "nauc_mrr_at_10_max": 0.032115,
        "nauc_mrr_at_10_std": -0.076102,
        "nauc_mrr_at_10_diff1": 0.285242,
        "nauc_mrr_at_20_max": 0.031827,
        "nauc_mrr_at_20_std": -0.076615,
        "nauc_mrr_at_20_diff1": 0.285007,
        "nauc_mrr_at_25_max": 0.032243,
        "nauc_mrr_at_25_std": -0.076234,
        "nauc_mrr_at_25_diff1": 0.284847,
        "nauc_mrr_at_50_max": 0.031973,
        "nauc_mrr_at_50_std": -0.076671,
        "nauc_mrr_at_50_diff1": 0.284814,
        "nauc_mrr_at_100_max": 0.031826,
        "nauc_mrr_at_100_std": -0.076839,
        "nauc_mrr_at_100_diff1": 0.284821,
        "nauc_mrr_at_1000_max": 0.031826,
        "nauc_mrr_at_1000_std": -0.076839,
        "nauc_mrr_at_1000_diff1": 0.284821,
        "hit_rate_at_1": 0.3191,
        "hit_rate_at_3": 0.55056,
        "hit_rate_at_5": 0.66742,
        "hit_rate_at_10": 0.81199,
        "hit_rate_at_20": 0.92959,
        "hit_rate_at_25": 0.96105,
        "hit_rate_at_50": 0.99476,
        "hit_rate_at_100": 1.0,
        "hit_rate_at_1000": 1.0,
        "R_cap_at_1": 0.319101,
        "R_cap_at_3": 0.477778,
        "R_cap_at_5": 0.583159,
        "R_cap_at_10": 0.73702,
        "R_cap_at_20": 0.881065,
        "R_cap_at_25": 0.92511,
        "R_cap_at_50": 0.98689,
        "R_cap_at_100": 0.998993,
        "R_cap_at_1000": 1.0,