{
  "dataset_revision": "6f868e5b4c46a9f04c89f7179ddc7c8f162c1068",
  "task_name": "ToolBench",
  "mteb_version": "2.12.39",
  "scores": {
    "test": [
      {
        "ndcg_at_1": 0.56545,
        "ndcg_at_3": 0.50303,
        "ndcg_at_5": 0.54095,
        "ndcg_at_10": 0.5821,
        "ndcg_at_20": 0.61035,
        "ndcg_at_25": 0.61705,
        "ndcg_at_50": 0.63361,
        "ndcg_at_100": 0.64625,
        "ndcg_at_1000": 0.65796,
        "map_at_1": 0.26868,
        "map_at_3": 0.43338,
        "map_at_5": 0.47001,
        "map_at_10": 0.49507,
        "map_at_20": 0.50647,
        "map_at_25": 0.50844,
        "map_at_50": 0.51212,
        "map_at_100": 0.51407,
        "map_at_1000": 0.51488,
        "recall_at_1": 0.26868,
        "recall_at_3": 0.48342,
        "recall_at_5": 0.56632,
        "recall_at_10": 0.6633,
        "recall_at_20": 0.74944,
        "recall_at_25": 0.77342,
        "recall_at_50": 0.83859,
        "recall_at_100": 0.89689,
        "recall_at_1000": 0.96429,
        "accuracy": 0.26868,
        "precision_at_1": 0.56545,
        "precision_at_3": 0.35606,
        "precision_at_5": 0.25473,
        "precision_at_10": 0.15182,
        "precision_at_20": 0.08632,
        "precision_at_25": 0.07124,
        "precision_at_50": 0.039,
        "precision_at_100": 0.02099,
        "precision_at_1000": 0.00228,
        "mrr_at_1": 0.565455,
        "mrr_at_3": 0.635758,
        "mrr_at_5": 0.647303,
        "mrr_at_10": 0.65659,
        "mrr_at_20": 0.660452,
        "mrr_at_25": 0.660987,
        "mrr_at_50": 0.661882,
        "mrr_at_100": 0.662069,
        "mrr_at_1000": 0.662168,
        "nauc_ndcg_at_1_max": 0.433927,
        "nauc_ndcg_at_1_std": -0.154788,
        "nauc_ndcg_at_1_diff1": 0.534823,
        "nauc_ndcg_at_3_max": 0.433443,
        "nauc_ndcg_at_3_std": -0.14819,
        "nauc_ndcg_at_3_diff1": 0.400812,
        "nauc_ndcg_at_5_max": 0.457514,
        "nauc_ndcg_at_5_std": -0.146976,
        "nauc_ndcg_at_5_diff1": 0.404924,
        "nauc_ndcg_at_10_max": 0.465358,
        "nauc_ndcg_at_10_std": -0.139226,
        "nauc_ndcg_at_10_diff1": 0.39868,
        "nauc_ndcg_at_20_max": 0.48061,
        "nauc_ndcg_at_20_std": -0.132188,
        "nauc_ndcg_at_20_diff1": 0.40298,
        "nauc_ndcg_at_25_max": 0.485498,
        "nauc_ndcg_at_25_std": -0.125555,
        "nauc_ndcg_at_25_diff1": 0.407701,
        "nauc_ndcg_at_50_max": 0.480777,
        "nauc_ndcg_at_50_std": -0.116385,
        "nauc_ndcg_at_50_diff1": 0.404936,
        "nauc_ndcg_at_100_max": 0.482051,
        "nauc_ndcg_at_100_std": -0.110377,
        "nauc_ndcg_at_100_diff1": 0.405816,
        "nauc_ndcg_at_1000_max": 0.473663,
        "nauc_ndcg_at_1000_std": -0.114946,
        "nauc_ndcg_at_1000_diff1": 0.41106,
        "nauc_map_at_1_max": 0.401825,
        "nauc_map_at_1_std": -0.145804,
        "nauc_map_at_1_diff1": 0.54461,
        "nauc_map_at_3_max": 0.415546,
        "nauc_map_at_3_std": -0.151507,
        "nauc_map_at_3_diff1": 0.390589,
        "nauc_map_at_5_max": 0.439908,
        "nauc_map_at_5_std": -0.151715,
        "nauc_map_at_5_diff1": 0.386729,
        "nauc_map_at_10_max": 0.444472,
        "nauc_map_at_10_std": -0.149817,
        "nauc_map_at_10_diff1": 0.382425,
        "nauc_map_at_20_max": 0.45014,
        "nauc_map_at_20_std": -0.14846,
        "nauc_map_at_20_diff1": 0.385603,
        "nauc_map_at_25_max": 0.451042,
        "nauc_map_at_25_std": -0.146634,
        "nauc_map_at_25_diff1": 0.38692,
        "nauc_map_at_50_max": 0.449634,
        "nauc_map_at_50_std": -0.145255,
        "nauc_map_at_50_diff1": 0.386154,
        "nauc_map_at_100_max": 0.449693,
        "nauc_map_at_100_std": -0.14449,
        "nauc_map_at_100_diff1": 0.386017,
        "nauc_map_at_1000_max": 0.449177,
        "nauc_map_at_1000_std": -0.144426,
        "nauc_map_at_1000_diff1": 0.386147,
        "nauc_recall_at_1_max": 0.401825,
        "nauc_recall_at_1_std": -0.145804,
        "nauc_recall_at_1_diff1": 0.54461,
        "nauc_recall_at_3_max": 0.427775,
        "nauc_recall_at_3_std": -0.137078,
        "nauc_recall_at_3_diff1": 0.359959,
        "nauc_recall_at_5_max": 0.458532,
        "nauc_recall_at_5_std": -0.133382,
        "nauc_recall_at_5_diff1": 0.341444,
        "nauc_recall_at_10_max": 0.469377,
        "nauc_recall_at_10_std": -0.106763,
        "nauc_recall_at_10_diff1": 0.310473,
        "nauc_recall_at_20_max": 0.52849,
        "nauc_recall_at_20_std": -0.069055,
        "nauc_recall_at_20_diff1": 0.303413,
        "nauc_recall_at_25_max": 0.56228,
        "nauc_recall_at_25_std": -0.030486,
        "nauc_recall_at_25_diff1": 0.321084,
        "nauc_recall_at_50_max": 0.569173,
        "nauc_recall_at_50_std": 0.062693,
        "nauc_recall_at_50_diff1": 0.283644,
        "nauc_recall_at_100_max": 0.648163,
        "nauc_recall_at_100_std": 0.204318,
        "nauc_recall_at_100_diff1": 0.25676,
        "nauc_recall_at_1000_max": 0.769498,
        "nauc_recall_at_1000_std": 0.487486,
        "nauc_recall_at_1000_diff1": 0.332281,
        "nauc_precision_at_1_max": 0.433927,
        "nauc_precision_at_1_std": -0.154788,
        "nauc_precision_at_1_diff1": 0.534823,
        "nauc_precision_at_3_max": 0.387519,
        "nauc_precision_at_3_std": -0.122633,
        "nauc_precision_at_3_diff1": 0.259442,
        "nauc_precision_at_5_max": 0.37963,
        "nauc_precision_at_5_std": -0.108344,
        "nauc_precision_at_5_diff1": 0.204879,
        "nauc_precision_at_10_max": 0.313375,
        "nauc_precision_at_10_std": -0.070489,
        "nauc_precision_at_10_diff1": 0.122472,
        "nauc_precision_at_20_max": 0.285273,
        "nauc_precision_at_20_std": -0.038848,
        "nauc_precision_at_20_diff1": 0.074736,
        "nauc_precision_at_25_max": 0.278719,
        "nauc_precision_at_25_std": -0.015653,
        "nauc_precision_at_25_diff1": 0.067843,
        "nauc_precision_at_50_max": 0.17796,
        "nauc_precision_at_50_std": 0.045622,
        "nauc_precision_at_50_diff1": -0.023849,
        "nauc_precision_at_100_max": 0.09294,
        "nauc_precision_at_100_std": 0.101648,
        "nauc_precision_at_100_diff1": -0.102429,
        "nauc_precision_at_1000_max": -0.085548,
        "nauc_precision_at_1000_std": 0.099854,
        "nauc_precision_at_1000_diff1": -0.189624,
        "nauc_mrr_at_1_max": 0.433927,
        "nauc_mrr_at_1_std": -0.154788,
        "nauc_mrr_at_1_diff1": 0.534823,
        "nauc_mrr_at_3_max": 0.474246,
        "nauc_mrr_at_3_std": -0.142702,
        "nauc_mrr_at_3_diff1": 0.520054,
        "nauc_mrr_at_5_max": 0.472983,
        "nauc_mrr_at_5_std": -0.142825,
        "nauc_mrr_at_5_diff1": 0.517784,
        "nauc_mrr_at_10_max": 0.47326,
        "nauc_mrr_at_10_std": -0.138788,
        "nauc_mrr_at_10_diff1": 0.516976,
        "nauc_mrr_at_20_max": 0.473884,
        "nauc_mrr_at_20_std": -0.136945,
        "nauc_mrr_at_20_diff1": 0.516114,
        "nauc_mrr_at_25_max": 0.474708,
        "nauc_mrr_at_25_std": -0.136786,
        "nauc_mrr_at_25_diff1": 0.516318,
        "nauc_mrr_at_50_max": 0.474437,
        "nauc_mrr_at_50_std": -0.13655,
        "nauc_mrr_at_50_diff1": 0.516595,
        "nauc_mrr_at_100_max": 0.474352,
        "nauc_mrr_at_100_std": -0.136665,
        "nauc_mrr_at_100_diff1": 0.51675,
        "nauc_mrr_at_1000_max": 0.474294,
        "nauc_mrr_at_1000_std": -0.136731,
        "nauc_mrr_at_1000_diff1": 0.516755,
        "hit_rate_at_1": 0.56545,
        "hit_rate_at_3": 0.72273,
        "hit_rate_at_5": 0.77455,
        "hit_rate_at_10": 0.84455,
        "hit_rate_at_20": 0.89818,
        "hit_rate_at_25": 0.91182,
        "hit_rate_at_50": 0.94455,
        "hit_rate_at_100": 0.95727,
        "hit_rate_at_1000": 0.98091,
        "R_cap_at_1": 0.565455,
        "R_cap_at_3": 0.493636,
        "R_cap_at_5": 0.567318,
        "R_cap_at_10": 0.663303,
        "R_cap_at_20": 0.749818,
        "R_cap_at_25": 0.773424,
        "R_cap_at_50": 0.838288,
        "R_cap_at_100": 0.896894,