{
  "dataset_revision": "a74d7350ea12af010cfb1c21e34f1f81fd2e615b",
  "task_name": "SIB200ClusteringS2S",
  "mteb_version": "2.16.3",
  "scores": {
    "test": [
      {
        "v_measures": {
          "Level 0": [
            0.586785,
            0.511907,
            0.557621,
            0.52182,
            0.570764,
            0.547618,
            0.600387,
            0.519403,
            0.545867,
            0.570483
          ]
        },
        "v_measure": 0.553265,
        "v_measure_std": 0.028104,
        "ami_scores": {
          "Level 0": [
            0.586544,
            0.511622,
            0.557363,
            0.521538,
            0.570514,
            0.547356,
            0.600154,
            0.519123,
            0.545595,
            0.57023
          ]
        },
        "ami": 0.553004,
        "ami_std": 0.028121,
        "main_score": 0.553265,
        "hf_subset": "asm_Beng",
        "languages": [
          "asm-Beng"
        ],
        "mteb_version": "2.16.3"
      },
      {
        "v_measures": {
          "Level 0": [
            0.595018,
            0.593066,
            0.618068,
            0.53818,
            0.581497,
            0.565084,
            0.543529,
            0.593194,
            0.551731,
            0.534968
          ]
        },
        "v_measure": 0.571434,
        "v_measure_std": 0.027233,
        "ami_scores": {
          "Level 0": [
            0.594783,
            0.592827,
            0.617844,
            0.537909,
            0.581251,
            0.564829,
            0.543265,
            0.592957,
            0.55147,
            0.534695
          ]
        },
        "ami": 0.571183,
        "ami_std": 0.027249,
        "main_score": 0.571434,
        "hf_subset": "awa_Deva",
        "languages": [
          "awa-Deva"
        ],
        "mteb_version": "2.16.3"
      },
      {
        "v_measures": {
          "Level 0": [
            0.57957,
            0.590182,
            0.629842,
            0.504331,
            0.574176,
            0.550232,
            0.598339,
            0.553933,
            0.525211,
            0.596013
          ]
        },
        "v_measure": 0.570183,
        "v_measure_std": 0.035418,
        "ami_scores": {
          "Level 0": [
            0.579325,
            0.589945,
            0.629625,
            0.504028,
            0.573929,
            0.54997,
            0.598102,
            0.553673,
            0.524935,
            0.595778
          ]
        },
        "ami": 0.569931,
        "ami_std": 0.035441,
        "main_score": 0.570183,
        "hf_subset": "ben_Beng",
        "languages": [
          "ben-Beng"
        ],
        "mteb_version": "2.16.3"
      },
      {
        "v_measures": {
          "Level 0": [
            0.532344,
            0.520846,
            0.528608,
            0.552158,
            0.57255,
            0.507108,
            0.5933,
            0.500093,
            0.513191,
            0.52457
          ]
        },
        "v_measure": 0.534477,
        "v_measure_std": 0.02816,
        "ami_scores": {
          "Level 0": [
            0.532068,
            0.520568,
            0.528334,
            0.551894,
            0.5723,
            0.506822,
            0.593064,
            0.499802,
            0.512906,
            0.524293
          ]
        },
        "ami": 0.534205,
        "ami_std": 0.028176,
        "main_score": 0.534477,
        "hf_subset": "bho_Deva",
        "languages": [
          "bho-Deva"
        ],
        "mteb_version": "2.16.3"
      },
      {
        "v_measures": {
          "Level 0": [
            0.519658,
            0.575585,
            0.579929,
            0.566907,
            0.585418,
            0.582775,
            0.531766,
            0.521946,
            0.573577,
            0.540186
          ]
        },
        "v_measure": 0.557775,
        "v_measure_std": 0.025005,
        "ami_scores": {
          "Level 0": [
            0.519379,
            0.575337,
            0.579684,
            0.566654,
            0.585176,
            0.582532,
            0.531487,
            0.521668,
            0.573323,
            0.539911
          ]
        },
        "ami": 0.557515,
        "ami_std": 0.02502,
        "main_score": 0.557775,
        "hf_subset": "guj_Gujr",
        "languages": [
          "guj-Gujr"
        ],
        "mteb_version": "2.16.3"
      },
      {
        "v_measures": {
          "Level 0": [
            0.638569,
            0.589131,
            0.524547,
            0.527308,
            0.588499,
            0.664372,
            0.560452,
            0.559407,
            0.583506,
            0.606807
          ]
        },
        "v_measure": 0.58426,
        "v_measure_std": 0.042322,
        "ami_scores": {
          "Level 0": [
            0.638358,
            0.588893,
            0.52427,
            0.527032,
            0.588259,
            0.664176,
            0.560197,
            0.559149,
            0.583262,
            0.606579
          ]
        },
        "ami": 0.584017,
        "ami_std": 0.042347,
        "main_score": 0.58426,
        "hf_subset": "hin_Deva",
        "languages": [
          "hin-Deva"
        ],
        "mteb_version": "2.16.3"
      },
      {
        "v_measures": {
          "Level 0": [
            0.575698,
            0.574197,
            0.51194,
            0.546266,
            0.502454,
            0.603213,
            0.602298,
            0.546608,
            0.524091,
            0.498576
          ]
        },
        "v_measure": 0.548534,
        "v_measure_std": 0.037204,
        "ami_scores": {
          "Level 0": [
            0.575451,
            0.57395,
            0.511657,
            0.546001,
            0.502157,
            0.602979,
            0.602066,
            0.546345,
            0.523811,
            0.498284
          ]
        },
        "ami": 0.54827,
        "ami_std": 0.037226,
        "main_score": 0.548534,
        "hf_subset": "hne_Deva",
        "languages": [
          "hne-Deva"
        ],
        "mteb_version": "2.16.3"
      },
      {
        "v_measures": {
          "Level 0": [
            0.575811,
            0.635328,
            0.551416,
            0.55714,
            0.545356,
            0.558981,
            0.57728,
            0.580293,
            0.587269,
            0.574326
          ]
        },
        "v_measure": 0.57432,
        "v_measure_std": 0.024146,
        "ami_scores": {
          "Level 0": [
            0.575564,
            0.635115,
            0.551155,
            0.55688,
            0.545093,
            0.558725,
            0.577034,
            0.580048,
            0.587029,
            0.574076
          ]
        },
        "ami": 0.574072,
        "ami_std": 0.02416,
        "main_score": 0.57432,
        "hf_subset": "kan_Knda",
        "languages": [
          "kan-Knda"
        ],
        "mteb_version": "2.16.3"
      },
      {
        "v_measures": {
          "Level 0": [
            0.4425,
            0.457143,
            0.409995,
            0.4426,
            0.480092,
            0.404782,
            0.479859,
            0.465612,
            0.396454,
            0.505186
          ]
        },
        "v_measure": 0.448422,
        "v_measure_std": 0.034257,
        "ami_scores": {
          "Level 0": [
            0.442169,
            0.456826,
            0.409645,
            0.442275,
            0.47979,
            0.404437,
            0.479556,
            0.465294,
            0.396099,
            0.504894
          ]
        },
        "ami": 0.448098,
        "ami_std": 0.034277,
        "main_score": 0.448422,
        "hf_subset": "kas_Deva",
        "languages": [
          "kas-Deva"
        ],