{
  "dataset_revision": "803771c366038ed587b21e3d8fe25f8f73134fad",
  "task_name": "WikipediaRerankingMultilingual",
  "mteb_version": "2.16.3",
  "scores": {
    "test": [
      {
        "ndcg_at_1": 0.78933,
        "ndcg_at_3": 0.8659,
        "ndcg_at_5": 0.8851,
        "ndcg_at_10": 0.89713,
        "ndcg_at_20": 0.89713,
        "ndcg_at_100": 0.89713,
        "ndcg_at_1000": 0.89713,
        "map_at_1": 0.78933,
        "map_at_3": 0.848,
        "map_at_5": 0.85863,
        "map_at_10": 0.86383,
        "map_at_20": 0.86383,
        "map_at_100": 0.86383,
        "map_at_1000": 0.86383,
        "recall_at_1": 0.78933,
        "recall_at_3": 0.91733,
        "recall_at_5": 0.964,
        "recall_at_10": 1.0,
        "recall_at_20": 1.0,
        "recall_at_100": 1.0,
        "recall_at_1000": 1.0,
        "accuracy": 0.78933,
        "precision_at_1": 0.78933,
        "precision_at_3": 0.30578,
        "precision_at_5": 0.1928,
        "precision_at_10": 0.1,
        "precision_at_20": 0.05,
        "precision_at_100": 0.01,
        "precision_at_1000": 0.001,
        "mrr_at_1": 0.789333,
        "mrr_at_3": 0.848,
        "mrr_at_5": 0.858633,
        "mrr_at_10": 0.863826,
        "mrr_at_20": 0.863826,
        "mrr_at_100": 0.863826,
        "mrr_at_1000": 0.863826,
        "nauc_ndcg_at_1_max": 0.434768,
        "nauc_ndcg_at_1_std": 0.228451,
        "nauc_ndcg_at_1_diff1": 0.76859,
        "nauc_ndcg_at_3_max": 0.464816,
        "nauc_ndcg_at_3_std": 0.23847,
        "nauc_ndcg_at_3_diff1": 0.719661,
        "nauc_ndcg_at_5_max": 0.465803,
        "nauc_ndcg_at_5_std": 0.250554,
        "nauc_ndcg_at_5_diff1": 0.73188,
        "nauc_ndcg_at_10_max": 0.451935,
        "nauc_ndcg_at_10_std": 0.240115,
        "nauc_ndcg_at_10_diff1": 0.740743,
        "nauc_ndcg_at_20_max": 0.451935,
        "nauc_ndcg_at_20_std": 0.240115,
        "nauc_ndcg_at_20_diff1": 0.740743,
        "nauc_ndcg_at_100_max": 0.451935,
        "nauc_ndcg_at_100_std": 0.240115,
        "nauc_ndcg_at_100_diff1": 0.740743,
        "nauc_ndcg_at_1000_max": 0.451935,
        "nauc_ndcg_at_1000_std": 0.240115,
        "nauc_ndcg_at_1000_diff1": 0.740743,
        "nauc_map_at_1_max": 0.434768,
        "nauc_map_at_1_std": 0.228451,
        "nauc_map_at_1_diff1": 0.76859,
        "nauc_map_at_3_max": 0.455949,
        "nauc_map_at_3_std": 0.236126,
        "nauc_map_at_3_diff1": 0.733257,
        "nauc_map_at_5_max": 0.455368,
        "nauc_map_at_5_std": 0.24179,
        "nauc_map_at_5_diff1": 0.73964,
        "nauc_map_at_10_max": 0.450434,
        "nauc_map_at_10_std": 0.238714,
        "nauc_map_at_10_diff1": 0.742831,
        "nauc_map_at_20_max": 0.450434,
        "nauc_map_at_20_std": 0.238714,
        "nauc_map_at_20_diff1": 0.742831,
        "nauc_map_at_100_max": 0.450434,
        "nauc_map_at_100_std": 0.238714,
        "nauc_map_at_100_diff1": 0.742831,
        "nauc_map_at_1000_max": 0.450434,
        "nauc_map_at_1000_std": 0.238714,
        "nauc_map_at_1000_diff1": 0.742831,
        "nauc_recall_at_1_max": 0.434768,
        "nauc_recall_at_1_std": 0.228451,
        "nauc_recall_at_1_diff1": 0.76859,
        "nauc_recall_at_3_max": 0.508603,
        "nauc_recall_at_3_std": 0.249556,
        "nauc_recall_at_3_diff1": 0.653192,
        "nauc_recall_at_5_max": 0.577498,
        "nauc_recall_at_5_std": 0.346881,
        "nauc_recall_at_5_diff1": 0.660399,
        "nauc_recall_at_10_max": NaN,
        "nauc_recall_at_10_std": NaN,
        "nauc_recall_at_10_diff1": NaN,
        "nauc_recall_at_20_max": NaN,
        "nauc_recall_at_20_std": NaN,
        "nauc_recall_at_20_diff1": NaN,
        "nauc_recall_at_100_max": NaN,
        "nauc_recall_at_100_std": NaN,
        "nauc_recall_at_100_diff1": NaN,
        "nauc_recall_at_1000_max": NaN,
        "nauc_recall_at_1000_std": NaN,
        "nauc_recall_at_1000_diff1": NaN,
        "nauc_precision_at_1_max": 0.434768,
        "nauc_precision_at_1_std": 0.228451,
        "nauc_precision_at_1_diff1": 0.76859,
        "nauc_precision_at_3_max": 0.508603,
        "nauc_precision_at_3_std": 0.249556,
        "nauc_precision_at_3_diff1": 0.653192,
        "nauc_precision_at_5_max": 0.577498,
        "nauc_precision_at_5_std": 0.346881,
        "nauc_precision_at_5_diff1": 0.660399,
        "nauc_precision_at_10_max": NaN,
        "nauc_precision_at_10_std": NaN,
        "nauc_precision_at_10_diff1": NaN,
        "nauc_precision_at_20_max": NaN,
        "nauc_precision_at_20_std": NaN,
        "nauc_precision_at_20_diff1": NaN,
        "nauc_precision_at_100_max": 1.0,
        "nauc_precision_at_100_std": 1.0,
        "nauc_precision_at_100_diff1": 1.0,
        "nauc_precision_at_1000_max": 1.0,
        "nauc_precision_at_1000_std": 1.0,
        "nauc_precision_at_1000_diff1": 1.0,
        "nauc_mrr_at_1_max": 0.434768,
        "nauc_mrr_at_1_std": 0.228451,
        "nauc_mrr_at_1_diff1": 0.76859,
        "nauc_mrr_at_3_max": 0.455949,
        "nauc_mrr_at_3_std": 0.236126,
        "nauc_mrr_at_3_diff1": 0.733257,
        "nauc_mrr_at_5_max": 0.455368,
        "nauc_mrr_at_5_std": 0.24179,
        "nauc_mrr_at_5_diff1": 0.73964,
        "nauc_mrr_at_10_max": 0.450434,
        "nauc_mrr_at_10_std": 0.238714,
        "nauc_mrr_at_10_diff1": 0.742831,
        "nauc_mrr_at_20_max": 0.450434,
        "nauc_mrr_at_20_std": 0.238714,
        "nauc_mrr_at_20_diff1": 0.742831,
        "nauc_mrr_at_100_max": 0.450434,
        "nauc_mrr_at_100_std": 0.238714,
        "nauc_mrr_at_100_diff1": 0.742831,
        "nauc_mrr_at_1000_max": 0.450434,
        "nauc_mrr_at_1000_std": 0.238714,
        "nauc_mrr_at_1000_diff1": 0.742831,
        "hit_rate_at_1": 0.78933,
        "hit_rate_at_3": 0.91733,
        "hit_rate_at_5": 0.964,
        "hit_rate_at_10": 1.0,
        "hit_rate_at_20": 1.0,
        "hit_rate_at_100": 1.0,
        "hit_rate_at_1000": 1.0,
        "main_score": 0.86383,
        "hf_subset": "bn",
        "languages": [
          "ben-Beng"
        ],
        "mteb_version": "2.16.3"
      },
      {
        "ndcg_at_1": 0.80067,
        "ndcg_at_3": 0.87435,
        "ndcg_at_5": 0.89265,
        "ndcg_at_10": 0.90282,
        "ndcg_at_20": 0.90282,
        "ndcg_at_100": 0.90282,
        "ndcg_at_1000": 0.90282,
        "map_at_1": 0.80067,
        "map_at_3": 0.85667,
        "map_at_5": 0.86693,
        "map_at_10": 0.87127,
        "map_at_20": 0.87127,
        "map_at_100": 0.87127,
        "map_at_1000": 0.87127,
        "recall_at_1": 0.80067,
        "recall_at_3": 0.92533,
        "recall_at_5": 0.96933,
        "recall_at_10": 1.0,
        "recall_at_20": 1.0,
        "recall_at_100": 1.0,
        "recall_at_1000": 1.0,
        "accuracy": 0.80067,
        "precision_at_1": 0.80067,
        "precision_at_3": 0.30844,
        "precision_at_5": 0.19387,
        "precision_at_10": 0.1,
        "precision_at_20": 0.05,
        "precision_at_100": 0.01,
        "precision_at_1000": 0.001,
        "mrr_at_1": 0.802,
        "mrr_at_3": 0.857333,
        "mrr_at_5": 0.8676,
        "mrr_at_10": 0.871945,
        "mrr_at_20": 0.871945,
        "mrr_at_100": 0.871945,
        "mrr_at_1000": 0.871945,
        "nauc_ndcg_at_1_max": 0.403943,
        "nauc_ndcg_at_1_std": 0.203966,
        "nauc_ndcg_at_1_diff1": 0.798712,
        "nauc_ndcg_at_3_max": 0.454157,
        "nauc_ndcg_at_3_std": 0.23789,
        "nauc_ndcg_at_3_diff1": 0.766585,
        "nauc_ndcg_at_5_max": 0.457409,
        "nauc_ndcg_at_5_std": 0.232918,
        "nauc_ndcg_at_5_diff1": 0.768147,
        "nauc_ndcg_at_10_max": 0.434987,
        "nauc_ndcg_at_10_std": 0.224592,
        "nauc_ndcg_at_10_diff1": 0.780208,
        "nauc_ndcg_at_20_max": 0.434987,
        "nauc_ndcg_at_20_std": 0.224592,
        "nauc_ndcg_at_20_diff1": 0.780208,
        "nauc_ndcg_at_100_max": 0.434987,
        "nauc_ndcg_at_100_std": 0.224592,
        "nauc_ndcg_at_100_diff1": 0.780208,
        "nauc_ndcg_at_1000_max": 0.434987,
        "nauc_ndcg_at_1000_std": 0.224592,