{
  "dataset_revision": "09698e0180d87dc247ca447d3a1248b931ac0cdb",
  "task_name": "XNLI",
  "mteb_version": "2.16.3",
  "scores": {
    "test": [
      {
        "similarity_accuracy": 0.724542,
        "similarity_f1": 0.748887,
        "similarity_precision": 0.661055,
        "similarity_recall": 0.863636,
        "similarity_ap": 0.802062,
        "cosine_accuracy": 0.724542,
        "cosine_f1": 0.748887,
        "cosine_precision": 0.661055,
        "cosine_recall": 0.863636,
        "cosine_ap": 0.802063,
        "manhattan_accuracy": 0.72381,
        "manhattan_f1": 0.748082,
        "manhattan_precision": 0.663265,
        "manhattan_recall": 0.857771,
        "manhattan_ap": 0.800003,
        "euclidean_accuracy": 0.724542,
        "euclidean_f1": 0.74856,
        "euclidean_precision": 0.664018,
        "euclidean_recall": 0.857771,
        "euclidean_ap": 0.802075,
        "dot_accuracy": 0.72381,
        "dot_f1": 0.74904,
        "dot_precision": 0.664773,
        "dot_recall": 0.857771,
        "dot_ap": 0.802104,
        "max_accuracy": 0.724542,
        "max_f1": 0.74904,
        "max_precision": 0.664773,
        "max_recall": 0.863636,
        "max_ap": 0.802104,
        "main_score": 0.802104,
        "hf_subset": "hi",
        "languages": [
          "hin-Deva"
        ],
        "mteb_version": "2.16.3"
      }
    ],
    "validation": [
      {
        "similarity_accuracy": 0.753846,
        "similarity_f1": 0.755376,
        "similarity_precision": 0.69727,
        "similarity_recall": 0.824047,
        "similarity_ap": 0.822717,
        "cosine_accuracy": 0.753846,
        "cosine_f1": 0.755376,
        "cosine_precision": 0.69727,
        "cosine_recall": 0.824047,
        "cosine_ap": 0.822715,
        "manhattan_accuracy": 0.748718,
        "manhattan_f1": 0.750167,
        "manhattan_precision": 0.690506,
        "manhattan_recall": 0.821114,
        "manhattan_ap": 0.819615,
        "euclidean_accuracy": 0.755311,
        "euclidean_f1": 0.755884,
        "euclidean_precision": 0.698137,
        "euclidean_recall": 0.824047,
        "euclidean_ap": 0.822697,
        "dot_accuracy": 0.752381,
        "dot_f1": 0.754768,
        "dot_precision": 0.704835,
        "dot_recall": 0.812317,
        "dot_ap": 0.822423,
        "max_accuracy": 0.755311,
        "max_f1": 0.755884,
        "max_precision": 0.704835,
        "max_recall": 0.824047,
        "max_ap": 0.822717,
        "main_score": 0.822717,
        "hf_subset": "hi",
        "languages": [
          "hin-Deva"
        ],
        "mteb_version": "2.16.3"
      }
    ]
  },
  "evaluation_time": 25.441972255706787,
  "kg_co2_emissions": null,
  "date": null,
  "evaluation_phases": null
}