{
  "dataset_revision": "51adfef1c1287aab1d2d91b5bead9bcfb9c68583",
  "task_name": "XQuADRetrieval",
  "mteb_version": "2.16.3",
  "scores": {
    "validation": [
      {
        "ndcg_at_1": 0.92139,
        "ndcg_at_3": 0.95962,
        "ndcg_at_5": 0.96409,
        "ndcg_at_10": 0.96494,
        "ndcg_at_20": 0.96494,
        "ndcg_at_100": 0.96526,
        "ndcg_at_1000": 0.96526,
        "map_at_1": 0.92139,
        "map_at_3": 0.95083,
        "map_at_5": 0.95328,
        "map_at_10": 0.95365,
        "map_at_20": 0.95365,
        "map_at_100": 0.9537,
        "map_at_1000": 0.9537,
        "recall_at_1": 0.92139,
        "recall_at_3": 0.98478,
        "recall_at_5": 0.99577,
        "recall_at_10": 0.99831,
        "recall_at_20": 0.99831,
        "recall_at_100": 1.0,
        "recall_at_1000": 1.0,
        "accuracy": 0.92139,
        "precision_at_1": 0.92139,
        "precision_at_3": 0.32826,
        "precision_at_5": 0.19915,
        "precision_at_10": 0.09983,
        "precision_at_20": 0.04992,
        "precision_at_100": 0.01,
        "precision_at_1000": 0.001,
        "mrr_at_1": 0.921386,
        "mrr_at_3": 0.950831,
        "mrr_at_5": 0.953283,
        "mrr_at_10": 0.953649,
        "mrr_at_20": 0.953649,
        "mrr_at_100": 0.9537,
        "mrr_at_1000": 0.9537,
        "nauc_ndcg_at_1_max": 0.523117,
        "nauc_ndcg_at_1_std": -0.07285,
        "nauc_ndcg_at_1_diff1": 0.887876,
        "nauc_ndcg_at_3_max": 0.621177,
        "nauc_ndcg_at_3_std": 0.049874,
        "nauc_ndcg_at_3_diff1": 0.895379,
        "nauc_ndcg_at_5_max": 0.583673,
        "nauc_ndcg_at_5_std": 0.0122,
        "nauc_ndcg_at_5_diff1": 0.883672,
        "nauc_ndcg_at_10_max": 0.575654,
        "nauc_ndcg_at_10_std": -0.002178,
        "nauc_ndcg_at_10_diff1": 0.887478,
        "nauc_ndcg_at_20_max": 0.575654,
        "nauc_ndcg_at_20_std": -0.002178,
        "nauc_ndcg_at_20_diff1": 0.887478,
        "nauc_ndcg_at_100_max": 0.571627,
        "nauc_ndcg_at_100_std": -0.011687,
        "nauc_ndcg_at_100_diff1": 0.88641,
        "nauc_ndcg_at_1000_max": 0.571627,
        "nauc_ndcg_at_1000_std": -0.011687,
        "nauc_ndcg_at_1000_diff1": 0.88641,
        "nauc_map_at_1_max": 0.523117,
        "nauc_map_at_1_std": -0.07285,
        "nauc_map_at_1_diff1": 0.887876,
        "nauc_map_at_3_max": 0.587657,
        "nauc_map_at_3_std": 0.00535,
        "nauc_map_at_3_diff1": 0.890337,
        "nauc_map_at_5_max": 0.569998,
        "nauc_map_at_5_std": -0.013383,
        "nauc_map_at_5_diff1": 0.885173,
        "nauc_map_at_10_max": 0.567236,
        "nauc_map_at_10_std": -0.018217,
        "nauc_map_at_10_diff1": 0.886321,
        "nauc_map_at_20_max": 0.567236,
        "nauc_map_at_20_std": -0.018217,
        "nauc_map_at_20_diff1": 0.886321,
        "nauc_map_at_100_max": 0.566754,
        "nauc_map_at_100_std": -0.01935,
        "nauc_map_at_100_diff1": 0.886194,
        "nauc_map_at_1000_max": 0.566754,
        "nauc_map_at_1000_std": -0.01935,
        "nauc_map_at_1000_diff1": 0.886194,
        "nauc_recall_at_1_max": 0.523117,
        "nauc_recall_at_1_std": -0.07285,
        "nauc_recall_at_1_diff1": 0.887876,
        "nauc_recall_at_3_max": 0.928038,
        "nauc_recall_at_3_std": 0.461348,
        "nauc_recall_at_3_diff1": 0.945275,
        "nauc_recall_at_5_max": 0.947727,
        "nauc_recall_at_5_std": 0.768958,
        "nauc_recall_at_5_diff1": 0.829125,
        "nauc_recall_at_10_max": 1.0,
        "nauc_recall_at_10_std": 1.0,
        "nauc_recall_at_10_diff1": 1.0,
        "nauc_recall_at_20_max": 1.0,
        "nauc_recall_at_20_std": 1.0,
        "nauc_recall_at_20_diff1": 1.0,
        "nauc_recall_at_100_max": NaN,
        "nauc_recall_at_100_std": NaN,
        "nauc_recall_at_100_diff1": NaN,
        "nauc_recall_at_1000_max": NaN,
        "nauc_recall_at_1000_std": NaN,
        "nauc_recall_at_1000_diff1": NaN,
        "nauc_precision_at_1_max": 0.523117,
        "nauc_precision_at_1_std": -0.07285,
        "nauc_precision_at_1_diff1": 0.887876,
        "nauc_precision_at_3_max": 0.928038,
        "nauc_precision_at_3_std": 0.461348,
        "nauc_precision_at_3_diff1": 0.945275,
        "nauc_precision_at_5_max": 0.947727,
        "nauc_precision_at_5_std": 0.768958,
        "nauc_precision_at_5_diff1": 0.829125,
        "nauc_precision_at_10_max": 1.0,
        "nauc_precision_at_10_std": 1.0,
        "nauc_precision_at_10_diff1": 1.0,
        "nauc_precision_at_20_max": 1.0,
        "nauc_precision_at_20_std": 1.0,
        "nauc_precision_at_20_diff1": 1.0,
        "nauc_precision_at_100_max": 1.0,
        "nauc_precision_at_100_std": 1.0,
        "nauc_precision_at_100_diff1": 1.0,
        "nauc_precision_at_1000_max": 1.0,
        "nauc_precision_at_1000_std": 1.0,
        "nauc_precision_at_1000_diff1": 1.0,
        "nauc_mrr_at_1_max": 0.523117,
        "nauc_mrr_at_1_std": -0.07285,
        "nauc_mrr_at_1_diff1": 0.887876,
        "nauc_mrr_at_3_max": 0.587657,
        "nauc_mrr_at_3_std": 0.00535,
        "nauc_mrr_at_3_diff1": 0.890337,
        "nauc_mrr_at_5_max": 0.569998,
        "nauc_mrr_at_5_std": -0.013383,
        "nauc_mrr_at_5_diff1": 0.885173,
        "nauc_mrr_at_10_max": 0.567236,
        "nauc_mrr_at_10_std": -0.018217,
        "nauc_mrr_at_10_diff1": 0.886321,
        "nauc_mrr_at_20_max": 0.567236,
        "nauc_mrr_at_20_std": -0.018217,
        "nauc_mrr_at_20_diff1": 0.886321,
        "nauc_mrr_at_100_max": 0.566754,
        "nauc_mrr_at_100_std": -0.01935,
        "nauc_mrr_at_100_diff1": 0.886194,
        "nauc_mrr_at_1000_max": 0.566754,
        "nauc_mrr_at_1000_std": -0.01935,
        "nauc_mrr_at_1000_diff1": 0.886194,
        "hit_rate_at_1": 0.92139,
        "hit_rate_at_3": 0.98478,
        "hit_rate_at_5": 0.99577,
        "hit_rate_at_10": 0.99831,
        "hit_rate_at_20": 0.99831,
        "hit_rate_at_100": 1.0,
        "hit_rate_at_1000": 1.0,
        "main_score": 0.96494,
        "hf_subset": "hi",
        "languages": [
          "hin-Deva"
        ],
        "mteb_version": "2.16.3"
      }
    ]
  },
  "evaluation_time": 12.58344054222107,
  "kg_co2_emissions": null,
  "date": null,
  "evaluation_phases": null
}