{
  "dataset_revision": "bf110dabd08865a8aff2d40d03696984e76085e0",
  "task_name": "CovidQA",
  "mteb_version": "2.12.39",
  "scores": {
    "test": [
      {
        "ndcg_at_1": 0.64356,
        "ndcg_at_3": 0.75767,
        "ndcg_at_5": 0.78099,
        "ndcg_at_10": 0.79909,
        "ndcg_at_20": 0.80793,
        "ndcg_at_25": 0.8099,
        "ndcg_at_50": 0.8115,
        "ndcg_at_100": 0.8115,
        "ndcg_at_1000": 0.8115,
        "map_at_1": 0.64356,
        "map_at_3": 0.73042,
        "map_at_5": 0.74334,
        "map_at_10": 0.75101,
        "map_at_20": 0.75342,
        "map_at_25": 0.75382,
        "map_at_50": 0.75407,
        "map_at_100": 0.75407,
        "map_at_1000": 0.75407,
        "recall_at_1": 0.64356,
        "recall_at_3": 0.83618,
        "recall_at_5": 0.89289,
        "recall_at_10": 0.94779,
        "recall_at_20": 0.9829,
        "recall_at_25": 0.9919,
        "recall_at_50": 1.0,
        "recall_at_100": 1.0,
        "recall_at_1000": 1.0,
        "accuracy": 0.64356,
        "precision_at_1": 0.64356,
        "precision_at_3": 0.27873,
        "precision_at_5": 0.17858,
        "precision_at_10": 0.09478,
        "precision_at_20": 0.04914,
        "precision_at_25": 0.03968,
        "precision_at_50": 0.02,
        "precision_at_100": 0.01,
        "precision_at_1000": 0.001,
        "mrr_at_1": 0.643564,
        "mrr_at_3": 0.730423,
        "mrr_at_5": 0.743339,
        "mrr_at_10": 0.751015,
        "mrr_at_20": 0.753421,
        "mrr_at_25": 0.753815,
        "mrr_at_50": 0.754067,
        "mrr_at_100": 0.754067,
        "mrr_at_1000": 0.754067,
        "nauc_ndcg_at_1_max": 0.18252,
        "nauc_ndcg_at_1_std": 0.084923,
        "nauc_ndcg_at_1_diff1": 0.61033,
        "nauc_ndcg_at_3_max": 0.142209,
        "nauc_ndcg_at_3_std": 0.099957,
        "nauc_ndcg_at_3_diff1": 0.574542,
        "nauc_ndcg_at_5_max": 0.145066,
        "nauc_ndcg_at_5_std": 0.099135,
        "nauc_ndcg_at_5_diff1": 0.575979,
        "nauc_ndcg_at_10_max": 0.147972,
        "nauc_ndcg_at_10_std": 0.095367,
        "nauc_ndcg_at_10_diff1": 0.581023,
        "nauc_ndcg_at_20_max": 0.158856,
        "nauc_ndcg_at_20_std": 0.10611,
        "nauc_ndcg_at_20_diff1": 0.582455,
        "nauc_ndcg_at_25_max": 0.156055,
        "nauc_ndcg_at_25_std": 0.101607,
        "nauc_ndcg_at_25_diff1": 0.582129,
        "nauc_ndcg_at_50_max": 0.159047,
        "nauc_ndcg_at_50_std": 0.099217,
        "nauc_ndcg_at_50_diff1": 0.585272,
        "nauc_ndcg_at_100_max": 0.159047,
        "nauc_ndcg_at_100_std": 0.099217,
        "nauc_ndcg_at_100_diff1": 0.585272,
        "nauc_ndcg_at_1000_max": 0.159047,
        "nauc_ndcg_at_1000_std": 0.099217,
        "nauc_ndcg_at_1000_diff1": 0.585272,
        "nauc_map_at_1_max": 0.18252,
        "nauc_map_at_1_std": 0.084923,
        "nauc_map_at_1_diff1": 0.61033,
        "nauc_map_at_3_max": 0.155083,
        "nauc_map_at_3_std": 0.097336,
        "nauc_map_at_3_diff1": 0.584661,
        "nauc_map_at_5_max": 0.157718,
        "nauc_map_at_5_std": 0.097319,
        "nauc_map_at_5_diff1": 0.585815,
        "nauc_map_at_10_max": 0.159464,
        "nauc_map_at_10_std": 0.096176,
        "nauc_map_at_10_diff1": 0.587846,
        "nauc_map_at_20_max": 0.162119,
        "nauc_map_at_20_std": 0.09877,
        "nauc_map_at_20_diff1": 0.588024,
        "nauc_map_at_25_max": 0.16166,
        "nauc_map_at_25_std": 0.098036,
        "nauc_map_at_25_diff1": 0.587948,
        "nauc_map_at_50_max": 0.162024,
        "nauc_map_at_50_std": 0.097715,
        "nauc_map_at_50_diff1": 0.588343,
        "nauc_map_at_100_max": 0.162024,
        "nauc_map_at_100_std": 0.097715,
        "nauc_map_at_100_diff1": 0.588343,
        "nauc_map_at_1000_max": 0.162024,
        "nauc_map_at_1000_std": 0.097715,
        "nauc_map_at_1000_diff1": 0.588343,
        "nauc_recall_at_1_max": 0.18252,
        "nauc_recall_at_1_std": 0.084923,
        "nauc_recall_at_1_diff1": 0.61033,
        "nauc_recall_at_3_max": 0.086711,
        "nauc_recall_at_3_std": 0.109983,
        "nauc_recall_at_3_diff1": 0.531681,
        "nauc_recall_at_5_max": 0.068323,
        "nauc_recall_at_5_std": 0.106645,
        "nauc_recall_at_5_diff1": 0.518557,
        "nauc_recall_at_10_max": 0.01254,
        "nauc_recall_at_10_std": 0.072122,
        "nauc_recall_at_10_diff1": 0.511511,
        "nauc_recall_at_20_max": 0.131772,
        "nauc_recall_at_20_std": 0.407182,
        "nauc_recall_at_20_diff1": 0.443252,
        "nauc_recall_at_25_max": -0.148096,
        "nauc_recall_at_25_std": 0.33313,
        "nauc_recall_at_25_diff1": 0.267744,
        "nauc_recall_at_50_max": NaN,
        "nauc_recall_at_50_std": NaN,
        "nauc_recall_at_50_diff1": NaN,
        "nauc_recall_at_100_max": NaN,
        "nauc_recall_at_100_std": NaN,
        "nauc_recall_at_100_diff1": NaN,
        "nauc_recall_at_1000_max": NaN,
        "nauc_recall_at_1000_std": NaN,
        "nauc_recall_at_1000_diff1": NaN,
        "nauc_precision_at_1_max": 0.18252,
        "nauc_precision_at_1_std": 0.084923,
        "nauc_precision_at_1_diff1": 0.61033,
        "nauc_precision_at_3_max": 0.086711,
        "nauc_precision_at_3_std": 0.109983,
        "nauc_precision_at_3_diff1": 0.531681,
        "nauc_precision_at_5_max": 0.068323,
        "nauc_precision_at_5_std": 0.106645,
        "nauc_precision_at_5_diff1": 0.518557,
        "nauc_precision_at_10_max": 0.01254,
        "nauc_precision_at_10_std": 0.072122,
        "nauc_precision_at_10_diff1": 0.511511,
        "nauc_precision_at_20_max": 0.131772,
        "nauc_precision_at_20_std": 0.407182,
        "nauc_precision_at_20_diff1": 0.443252,
        "nauc_precision_at_25_max": -0.148096,
        "nauc_precision_at_25_std": 0.33313,
        "nauc_precision_at_25_diff1": 0.267744,
        "nauc_precision_at_50_max": 1.0,
        "nauc_precision_at_50_std": 1.0,
        "nauc_precision_at_50_diff1": 1.0,
        "nauc_precision_at_100_max": 1.0,
        "nauc_precision_at_100_std": 1.0,
        "nauc_precision_at_100_diff1": 1.0,
        "nauc_precision_at_1000_max": 1.0,
        "nauc_precision_at_1000_std": 1.0,
        "nauc_precision_at_1000_diff1": 1.0,
        "nauc_mrr_at_1_max": 0.18252,
        "nauc_mrr_at_1_std": 0.084923,
        "nauc_mrr_at_1_diff1": 0.61033,
        "nauc_mrr_at_3_max": 0.155083,
        "nauc_mrr_at_3_std": 0.097336,
        "nauc_mrr_at_3_diff1": 0.584661,
        "nauc_mrr_at_5_max": 0.157718,
        "nauc_mrr_at_5_std": 0.097319,
        "nauc_mrr_at_5_diff1": 0.585815,
        "nauc_mrr_at_10_max": 0.159464,
        "nauc_mrr_at_10_std": 0.096176,
        "nauc_mrr_at_10_diff1": 0.587846,
        "nauc_mrr_at_20_max": 0.162119,
        "nauc_mrr_at_20_std": 0.09877,
        "nauc_mrr_at_20_diff1": 0.588024,
        "nauc_mrr_at_25_max": 0.16166,
        "nauc_mrr_at_25_std": 0.098036,
        "nauc_mrr_at_25_diff1": 0.587948,
        "nauc_mrr_at_50_max": 0.162024,
        "nauc_mrr_at_50_std": 0.097715,
        "nauc_mrr_at_50_diff1": 0.588343,
        "nauc_mrr_at_100_max": 0.162024,
        "nauc_mrr_at_100_std": 0.097715,
        "nauc_mrr_at_100_diff1": 0.588343,
        "nauc_mrr_at_1000_max": 0.162024,
        "nauc_mrr_at_1000_std": 0.097715,
        "nauc_mrr_at_1000_diff1": 0.588343,
        "hit_rate_at_1": 0.64356,
        "hit_rate_at_3": 0.83618,
        "hit_rate_at_5": 0.89289,
        "hit_rate_at_10": 0.94779,
        "hit_rate_at_20": 0.9829,
        "hit_rate_at_25": 0.9919,
        "hit_rate_at_50": 1.0,
        "hit_rate_at_100": 1.0,
        "hit_rate_at_1000": 1.0,
        "R_cap_at_1": 0.643564,
        "R_cap_at_3": 0.836184,
        "R_cap_at_5": 0.892889,
        "R_cap_at_10": 0.947795,
        "R_cap_at_20": 0.982898,
        "R_cap_at_25": 0.991899,
        "R_cap_at_50": 1.0,
        "R_cap_at_100": 1.0,
        "R_cap_at_1000": 1.0,
        "main_score": 0.79909,
        "hf_subset": "Covid-QA",
        "languages": [
          "eng-Latn"
        ],