{
  "dataset_revision": "6757300d912abd580dda453bced37cb7f5b44c78",
  "task_name": "ESGReports",
  "mteb_version": "2.12.39",
  "scores": {
    "test": [
      {
        "ndcg_at_1": 0.30556,
        "ndcg_at_3": 0.33886,
        "ndcg_at_5": 0.39377,
        "ndcg_at_10": 0.46798,
        "ndcg_at_20": 0.50737,
        "ndcg_at_25": 0.50737,
        "ndcg_at_50": 0.54138,
        "ndcg_at_100": 0.55075,
        "ndcg_at_1000": 0.55075,
        "map_at_1": 0.1838,
        "map_at_3": 0.27608,
        "map_at_5": 0.31451,
        "map_at_10": 0.35235,
        "map_at_20": 0.36819,
        "map_at_25": 0.36819,
        "map_at_50": 0.37634,
        "map_at_100": 0.3785,
        "map_at_1000": 0.3785,
        "recall_at_1": 0.1838,
        "recall_at_3": 0.3662,
        "recall_at_5": 0.50833,
        "recall_at_10": 0.69769,
        "recall_at_20": 0.81991,
        "recall_at_25": 0.81991,
        "recall_at_50": 0.96204,
        "recall_at_100": 1.0,
        "recall_at_1000": 1.0,
        "accuracy": 0.1838,
        "precision_at_1": 0.30556,
        "precision_at_3": 0.19444,
        "precision_at_5": 0.16667,
        "precision_at_10": 0.12222,
        "precision_at_20": 0.07639,
        "precision_at_25": 0.06111,
        "precision_at_50": 0.03722,
        "precision_at_100": 0.02,
        "precision_at_1000": 0.002,
        "mrr_at_1": 0.305556,
        "mrr_at_3": 0.398148,
        "mrr_at_5": 0.435648,
        "mrr_at_10": 0.463724,
        "mrr_at_20": 0.467711,
        "mrr_at_25": 0.467711,
        "mrr_at_50": 0.469079,
        "mrr_at_100": 0.469079,
        "mrr_at_1000": 0.469079,
        "nauc_ndcg_at_1_max": 0.311466,
        "nauc_ndcg_at_1_std": 0.230521,
        "nauc_ndcg_at_1_diff1": 0.261829,
        "nauc_ndcg_at_3_max": 0.176196,
        "nauc_ndcg_at_3_std": 0.044963,
        "nauc_ndcg_at_3_diff1": 0.36354,
        "nauc_ndcg_at_5_max": 0.110857,
        "nauc_ndcg_at_5_std": -0.060832,
        "nauc_ndcg_at_5_diff1": 0.334193,
        "nauc_ndcg_at_10_max": 0.120843,
        "nauc_ndcg_at_10_std": 0.101356,
        "nauc_ndcg_at_10_diff1": 0.310933,
        "nauc_ndcg_at_20_max": 0.23842,
        "nauc_ndcg_at_20_std": 0.087616,
        "nauc_ndcg_at_20_diff1": 0.392835,
        "nauc_ndcg_at_25_max": 0.23842,
        "nauc_ndcg_at_25_std": 0.087616,
        "nauc_ndcg_at_25_diff1": 0.392835,
        "nauc_ndcg_at_50_max": 0.224886,
        "nauc_ndcg_at_50_std": 0.092285,
        "nauc_ndcg_at_50_diff1": 0.376929,
        "nauc_ndcg_at_100_max": 0.195988,
        "nauc_ndcg_at_100_std": 0.054864,
        "nauc_ndcg_at_100_diff1": 0.343266,
        "nauc_ndcg_at_1000_max": 0.195988,
        "nauc_ndcg_at_1000_std": 0.054864,
        "nauc_ndcg_at_1000_diff1": 0.343266,
        "nauc_map_at_1_max": 0.249035,
        "nauc_map_at_1_std": -0.025162,
        "nauc_map_at_1_diff1": 0.428193,
        "nauc_map_at_3_max": 0.202733,
        "nauc_map_at_3_std": -0.000302,
        "nauc_map_at_3_diff1": 0.40888,
        "nauc_map_at_5_max": 0.152341,
        "nauc_map_at_5_std": -0.029564,
        "nauc_map_at_5_diff1": 0.381731,
        "nauc_map_at_10_max": 0.162622,
        "nauc_map_at_10_std": 0.077943,
        "nauc_map_at_10_diff1": 0.359344,
        "nauc_map_at_20_max": 0.208828,
        "nauc_map_at_20_std": 0.066632,
        "nauc_map_at_20_diff1": 0.396428,
        "nauc_map_at_25_max": 0.208828,
        "nauc_map_at_25_std": 0.066632,
        "nauc_map_at_25_diff1": 0.396428,
        "nauc_map_at_50_max": 0.207071,
        "nauc_map_at_50_std": 0.064819,
        "nauc_map_at_50_diff1": 0.393682,
        "nauc_map_at_100_max": 0.201306,
        "nauc_map_at_100_std": 0.057794,
        "nauc_map_at_100_diff1": 0.387951,
        "nauc_map_at_1000_max": 0.201306,
        "nauc_map_at_1000_std": 0.057794,
        "nauc_map_at_1000_diff1": 0.387951,
        "nauc_recall_at_1_max": 0.249035,
        "nauc_recall_at_1_std": -0.025162,
        "nauc_recall_at_1_diff1": 0.428193,
        "nauc_recall_at_3_max": 0.110734,
        "nauc_recall_at_3_std": -0.074585,
        "nauc_recall_at_3_diff1": 0.37453,
        "nauc_recall_at_5_max": -0.075008,
        "nauc_recall_at_5_std": -0.244513,
        "nauc_recall_at_5_diff1": 0.236432,
        "nauc_recall_at_10_max": -0.091913,
        "nauc_recall_at_10_std": 0.12779,
        "nauc_recall_at_10_diff1": 0.189277,
        "nauc_recall_at_20_max": 0.368973,
        "nauc_recall_at_20_std": 0.167969,
        "nauc_recall_at_20_diff1": 0.495195,
        "nauc_recall_at_25_max": 0.368973,
        "nauc_recall_at_25_std": 0.167969,
        "nauc_recall_at_25_diff1": 0.495195,
        "nauc_recall_at_50_max": 0.741971,
        "nauc_recall_at_50_std": 0.899817,
        "nauc_recall_at_50_diff1": 0.967719,
        "nauc_recall_at_100_max": NaN,
        "nauc_recall_at_100_std": NaN,
        "nauc_recall_at_100_diff1": NaN,
        "nauc_recall_at_1000_max": NaN,
        "nauc_recall_at_1000_std": NaN,
        "nauc_recall_at_1000_diff1": NaN,
        "nauc_precision_at_1_max": 0.311466,
        "nauc_precision_at_1_std": 0.230521,
        "nauc_precision_at_1_diff1": 0.261829,
        "nauc_precision_at_3_max": 0.054048,
        "nauc_precision_at_3_std": 0.116599,
        "nauc_precision_at_3_diff1": 0.1662,
        "nauc_precision_at_5_max": -0.024727,
        "nauc_precision_at_5_std": 0.057786,
        "nauc_precision_at_5_diff1": 0.069447,
        "nauc_precision_at_10_max": -0.018482,
        "nauc_precision_at_10_std": 0.370852,
        "nauc_precision_at_10_diff1": -0.085924,
        "nauc_precision_at_20_max": 0.20411,
        "nauc_precision_at_20_std": 0.156907,
        "nauc_precision_at_20_diff1": 0.075933,
        "nauc_precision_at_25_max": 0.20411,
        "nauc_precision_at_25_std": 0.156907,
        "nauc_precision_at_25_diff1": 0.075933,
        "nauc_precision_at_50_max": 0.098099,
        "nauc_precision_at_50_std": 0.073805,
        "nauc_precision_at_50_diff1": -0.057708,
        "nauc_precision_at_100_max": -0.012756,
        "nauc_precision_at_100_std": -0.042833,
        "nauc_precision_at_100_diff1": -0.163579,
        "nauc_precision_at_1000_max": -0.012756,
        "nauc_precision_at_1000_std": -0.042833,
        "nauc_precision_at_1000_diff1": -0.163579,
        "nauc_mrr_at_1_max": 0.311466,
        "nauc_mrr_at_1_std": 0.230521,
        "nauc_mrr_at_1_diff1": 0.261829,
        "nauc_mrr_at_3_max": 0.23515,
        "nauc_mrr_at_3_std": 0.145879,
        "nauc_mrr_at_3_diff1": 0.272223,
        "nauc_mrr_at_5_max": 0.217067,
        "nauc_mrr_at_5_std": 0.092397,
        "nauc_mrr_at_5_diff1": 0.255905,
        "nauc_mrr_at_10_max": 0.209657,
        "nauc_mrr_at_10_std": 0.129224,
        "nauc_mrr_at_10_diff1": 0.255611,
        "nauc_mrr_at_20_max": 0.225197,
        "nauc_mrr_at_20_std": 0.133534,
        "nauc_mrr_at_20_diff1": 0.258674,
        "nauc_mrr_at_25_max": 0.225197,
        "nauc_mrr_at_25_std": 0.133534,
        "nauc_mrr_at_25_diff1": 0.258674,
        "nauc_mrr_at_50_max": 0.22584,
        "nauc_mrr_at_50_std": 0.136569,
        "nauc_mrr_at_50_diff1": 0.2588,
        "nauc_mrr_at_100_max": 0.22584,
        "nauc_mrr_at_100_std": 0.136569,
        "nauc_mrr_at_100_diff1": 0.2588,
        "nauc_mrr_at_1000_max": 0.22584,
        "nauc_mrr_at_1000_std": 0.136569,
        "nauc_mrr_at_1000_diff1": 0.2588,
        "hit_rate_at_1": 0.30556,
        "hit_rate_at_3": 0.52778,
        "hit_rate_at_5": 0.69444,
        "hit_rate_at_10": 0.88889,
        "hit_rate_at_20": 0.94444,
        "hit_rate_at_25": 0.94444,
        "hit_rate_at_50": 1.0,
        "hit_rate_at_100": 1.0,
        "hit_rate_at_1000": 1.0,
        "R_cap_at_1": 0.305556,
        "R_cap_at_3": 0.384259,
        "R_cap_at_5": 0.510185,
        "R_cap_at_10": 0.697685,
        "R_cap_at_20": 0.819907,
        "R_cap_at_25": 0.819907,
        "R_cap_at_50": 0.962037,
        "R_cap_at_100": 1.0,
        "R_cap_at_1000": 1.0,
        "main_score": 0.46798,