{
  "dataset_revision": "432cf48c879c2de792720d5c0af6900312ebe7b6",
  "task_name": "LMEB_SciFact",
  "mteb_version": "2.12.39",
  "scores": {
    "test": [
      {
        "ndcg_at_1": 0.73936,
        "ndcg_at_3": 0.74606,
        "ndcg_at_5": 0.79995,
        "ndcg_at_10": 0.83918,
        "ndcg_at_20": 0.8456,
        "ndcg_at_25": 0.8466,
        "ndcg_at_50": 0.84759,
        "ndcg_at_100": 0.84759,
        "ndcg_at_1000": 0.84828,
        "map_at_1": 0.51933,
        "map_at_3": 0.67423,
        "map_at_5": 0.73216,
        "map_at_10": 0.76391,
        "map_at_20": 0.76837,
        "map_at_25": 0.76909,
        "map_at_50": 0.76979,
        "map_at_100": 0.76979,
        "map_at_1000": 0.76981,
        "recall_at_1": 0.51933,
        "recall_at_3": 0.73986,
        "recall_at_5": 0.87302,
        "recall_at_10": 0.97347,
        "recall_at_20": 0.99028,
        "recall_at_25": 0.99237,
        "recall_at_50": 0.99468,
        "recall_at_100": 0.99468,
        "recall_at_1000": 1.0,
        "accuracy": 0.51933,
        "precision_at_1": 0.73936,
        "precision_at_3": 0.41312,
        "precision_at_5": 0.3117,
        "precision_at_10": 0.18298,
        "precision_at_20": 0.09495,
        "precision_at_25": 0.07681,
        "precision_at_50": 0.03883,
        "precision_at_100": 0.01941,
        "precision_at_1000": 0.00195,
        "mrr_at_1": 0.739362,
        "mrr_at_3": 0.812943,
        "mrr_at_5": 0.827571,
        "mrr_at_10": 0.83212,
        "mrr_at_20": 0.83212,
        "mrr_at_25": 0.83212,
        "mrr_at_50": 0.83212,
        "mrr_at_100": 0.83212,
        "mrr_at_1000": 0.832144,
        "nauc_ndcg_at_1_max": 0.499305,
        "nauc_ndcg_at_1_std": 0.06127,
        "nauc_ndcg_at_1_diff1": 0.602497,
        "nauc_ndcg_at_3_max": 0.245593,
        "nauc_ndcg_at_3_std": -0.147566,
        "nauc_ndcg_at_3_diff1": 0.517369,
        "nauc_ndcg_at_5_max": 0.332424,
        "nauc_ndcg_at_5_std": -0.147751,
        "nauc_ndcg_at_5_diff1": 0.546431,
        "nauc_ndcg_at_10_max": 0.370908,
        "nauc_ndcg_at_10_std": -0.111572,
        "nauc_ndcg_at_10_diff1": 0.549407,
        "nauc_ndcg_at_20_max": 0.383725,
        "nauc_ndcg_at_20_std": -0.053053,
        "nauc_ndcg_at_20_diff1": 0.544559,
        "nauc_ndcg_at_25_max": 0.38368,
        "nauc_ndcg_at_25_std": -0.048099,
        "nauc_ndcg_at_25_diff1": 0.548113,
        "nauc_ndcg_at_50_max": 0.385205,
        "nauc_ndcg_at_50_std": -0.040123,
        "nauc_ndcg_at_50_diff1": 0.549538,
        "nauc_ndcg_at_100_max": 0.385205,
        "nauc_ndcg_at_100_std": -0.040123,
        "nauc_ndcg_at_100_diff1": 0.549538,
        "nauc_ndcg_at_1000_max": 0.381906,
        "nauc_ndcg_at_1000_std": -0.045705,
        "nauc_ndcg_at_1000_diff1": 0.548614,
        "nauc_map_at_1_max": 0.207311,
        "nauc_map_at_1_std": -0.173913,
        "nauc_map_at_1_diff1": 0.557763,
        "nauc_map_at_3_max": 0.216557,
        "nauc_map_at_3_std": -0.221758,
        "nauc_map_at_3_diff1": 0.526878,
        "nauc_map_at_5_max": 0.268519,
        "nauc_map_at_5_std": -0.213382,
        "nauc_map_at_5_diff1": 0.533261,
        "nauc_map_at_10_max": 0.299507,
        "nauc_map_at_10_std": -0.169086,
        "nauc_map_at_10_diff1": 0.532897,
        "nauc_map_at_20_max": 0.305211,
        "nauc_map_at_20_std": -0.142186,
        "nauc_map_at_20_diff1": 0.532318,
        "nauc_map_at_25_max": 0.3051,
        "nauc_map_at_25_std": -0.140257,
        "nauc_map_at_25_diff1": 0.534533,
        "nauc_map_at_50_max": 0.305583,
        "nauc_map_at_50_std": -0.137033,
        "nauc_map_at_50_diff1": 0.535683,
        "nauc_map_at_100_max": 0.305583,
        "nauc_map_at_100_std": -0.137033,
        "nauc_map_at_100_diff1": 0.535683,
        "nauc_map_at_1000_max": 0.305492,
        "nauc_map_at_1000_std": -0.137182,
        "nauc_map_at_1000_diff1": 0.535659,
        "nauc_recall_at_1_max": 0.207311,
        "nauc_recall_at_1_std": -0.173913,
        "nauc_recall_at_1_diff1": 0.557763,
        "nauc_recall_at_3_max": 0.110287,
        "nauc_recall_at_3_std": -0.290903,
        "nauc_recall_at_3_diff1": 0.468046,
        "nauc_recall_at_5_max": 0.217634,
        "nauc_recall_at_5_std": -0.345804,
        "nauc_recall_at_5_diff1": 0.444714,
        "nauc_recall_at_10_max": 0.285588,
        "nauc_recall_at_10_std": -0.711267,
        "nauc_recall_at_10_diff1": 0.511375,
        "nauc_recall_at_20_max": 0.609424,
        "nauc_recall_at_20_std": 0.119037,
        "nauc_recall_at_20_diff1": 0.44656,
        "nauc_recall_at_25_max": 0.701605,
        "nauc_recall_at_25_std": 0.353945,
        "nauc_recall_at_25_diff1": 0.568042,
        "nauc_recall_at_50_max": 1.0,
        "nauc_recall_at_50_std": 1.0,
        "nauc_recall_at_50_diff1": 0.721675,
        "nauc_recall_at_100_max": 1.0,
        "nauc_recall_at_100_std": 1.0,
        "nauc_recall_at_100_diff1": 0.721675,
        "nauc_recall_at_1000_max": NaN,
        "nauc_recall_at_1000_std": NaN,
        "nauc_recall_at_1000_diff1": NaN,
        "nauc_precision_at_1_max": 0.499305,
        "nauc_precision_at_1_std": 0.06127,
        "nauc_precision_at_1_diff1": 0.602497,
        "nauc_precision_at_3_max": 0.130732,
        "nauc_precision_at_3_std": 0.133637,
        "nauc_precision_at_3_diff1": -0.073428,
        "nauc_precision_at_5_max": 0.129191,
        "nauc_precision_at_5_std": 0.229612,
        "nauc_precision_at_5_diff1": -0.201944,
        "nauc_precision_at_10_max": 0.094401,
        "nauc_precision_at_10_std": 0.332373,
        "nauc_precision_at_10_diff1": -0.280586,
        "nauc_precision_at_20_max": 0.085807,
        "nauc_precision_at_20_std": 0.392669,
        "nauc_precision_at_20_diff1": -0.284502,
        "nauc_precision_at_25_max": 0.076277,
        "nauc_precision_at_25_std": 0.390157,
        "nauc_precision_at_25_diff1": -0.270304,
        "nauc_precision_at_50_max": 0.072168,
        "nauc_precision_at_50_std": 0.39582,
        "nauc_precision_at_50_diff1": -0.26186,
        "nauc_precision_at_100_max": 0.072168,
        "nauc_precision_at_100_std": 0.39582,
        "nauc_precision_at_100_diff1": -0.26186,
        "nauc_precision_at_1000_max": 0.067385,
        "nauc_precision_at_1000_std": 0.392705,
        "nauc_precision_at_1000_diff1": -0.26693,
        "nauc_mrr_at_1_max": 0.499305,
        "nauc_mrr_at_1_std": 0.06127,
        "nauc_mrr_at_1_diff1": 0.602497,
        "nauc_mrr_at_3_max": 0.497277,
        "nauc_mrr_at_3_std": 0.062156,
        "nauc_mrr_at_3_diff1": 0.579422,
        "nauc_mrr_at_5_max": 0.521999,
        "nauc_mrr_at_5_std": 0.090545,
        "nauc_mrr_at_5_diff1": 0.586591,
        "nauc_mrr_at_10_max": 0.512361,
        "nauc_mrr_at_10_std": 0.074647,
        "nauc_mrr_at_10_diff1": 0.588231,
        "nauc_mrr_at_20_max": 0.512361,
        "nauc_mrr_at_20_std": 0.074647,
        "nauc_mrr_at_20_diff1": 0.588231,
        "nauc_mrr_at_25_max": 0.512361,
        "nauc_mrr_at_25_std": 0.074647,
        "nauc_mrr_at_25_diff1": 0.588231,
        "nauc_mrr_at_50_max": 0.512361,
        "nauc_mrr_at_50_std": 0.074647,
        "nauc_mrr_at_50_diff1": 0.588231,
        "nauc_mrr_at_100_max": 0.512361,
        "nauc_mrr_at_100_std": 0.074647,
        "nauc_mrr_at_100_diff1": 0.588231,
        "nauc_mrr_at_1000_max": 0.512282,
        "nauc_mrr_at_1000_std": 0.074499,
        "nauc_mrr_at_1000_diff1": 0.58821,
        "hit_rate_at_1": 0.73936,
        "hit_rate_at_3": 0.89894,
        "hit_rate_at_5": 0.96277,
        "hit_rate_at_10": 0.99468,
        "hit_rate_at_20": 0.99468,
        "hit_rate_at_25": 0.99468,
        "hit_rate_at_50": 0.99468,
        "hit_rate_at_100": 0.99468,
        "hit_rate_at_1000": 1.0,
        "R_cap_at_1": 0.739362,
        "R_cap_at_3": 0.766844,
        "R_cap_at_5": 0.878723,
        "R_cap_at_10": 0.973911,
        "R_cap_at_20": 0.99028,
        "R_cap_at_25": 0.99237,
        "R_cap_at_50": 0.994681,
        "R_cap_at_100": 0.994681,
        "R_cap_at_1000": 1.0,