{
  "dataset_revision": "ebc723b2474ef92d098a47e8f131aa7d3542b7b0",
  "task_name": "LMEBMLDR",
  "mteb_version": "2.12.39",
  "scores": {
    "test": [
      {
        "ndcg_at_1": 0.7,
        "ndcg_at_3": 0.83357,
        "ndcg_at_5": 0.8413,
        "ndcg_at_10": 0.85404,
        "ndcg_at_20": 0.85933,
        "ndcg_at_25": 0.85933,
        "ndcg_at_50": 0.85933,
        "ndcg_at_100": 0.85933,
        "ndcg_at_1000": 0.85933,
        "map_at_1": 0.7,
        "map_at_3": 0.80333,
        "map_at_5": 0.80733,
        "map_at_10": 0.81247,
        "map_at_20": 0.81405,
        "map_at_25": 0.81405,
        "map_at_50": 0.81405,
        "map_at_100": 0.81405,
        "map_at_1000": 0.81405,
        "recall_at_1": 0.7,
        "recall_at_3": 0.92,
        "recall_at_5": 0.94,
        "recall_at_10": 0.98,
        "recall_at_20": 1.0,
        "recall_at_25": 1.0,
        "recall_at_50": 1.0,
        "recall_at_100": 1.0,
        "recall_at_1000": 1.0,
        "accuracy": 0.7,
        "precision_at_1": 0.7,
        "precision_at_3": 0.30667,
        "precision_at_5": 0.188,
        "precision_at_10": 0.098,
        "precision_at_20": 0.05,
        "precision_at_25": 0.04,
        "precision_at_50": 0.02,
        "precision_at_100": 0.01,
        "precision_at_1000": 0.001,
        "mrr_at_1": 0.7,
        "mrr_at_3": 0.803333,
        "mrr_at_5": 0.807333,
        "mrr_at_10": 0.812472,
        "mrr_at_20": 0.814048,
        "mrr_at_25": 0.814048,
        "mrr_at_50": 0.814048,
        "mrr_at_100": 0.814048,
        "mrr_at_1000": 0.814048,
        "nauc_ndcg_at_1_max": 0.330427,
        "nauc_ndcg_at_1_std": 0.349072,
        "nauc_ndcg_at_1_diff1": 0.607044,
        "nauc_ndcg_at_3_max": 0.326712,
        "nauc_ndcg_at_3_std": 0.44787,
        "nauc_ndcg_at_3_diff1": 0.604262,
        "nauc_ndcg_at_5_max": 0.39596,
        "nauc_ndcg_at_5_std": 0.418054,
        "nauc_ndcg_at_5_diff1": 0.614077,
        "nauc_ndcg_at_10_max": 0.361565,
        "nauc_ndcg_at_10_std": 0.418918,
        "nauc_ndcg_at_10_diff1": 0.604355,
        "nauc_ndcg_at_20_max": 0.346413,
        "nauc_ndcg_at_20_std": 0.407191,
        "nauc_ndcg_at_20_diff1": 0.599457,
        "nauc_ndcg_at_25_max": 0.346413,
        "nauc_ndcg_at_25_std": 0.407191,
        "nauc_ndcg_at_25_diff1": 0.599457,
        "nauc_ndcg_at_50_max": 0.346413,
        "nauc_ndcg_at_50_std": 0.407191,
        "nauc_ndcg_at_50_diff1": 0.599457,
        "nauc_ndcg_at_100_max": 0.346413,
        "nauc_ndcg_at_100_std": 0.407191,
        "nauc_ndcg_at_100_diff1": 0.599457,
        "nauc_ndcg_at_1000_max": 0.346413,
        "nauc_ndcg_at_1000_std": 0.407191,
        "nauc_ndcg_at_1000_diff1": 0.599457,
        "nauc_map_at_1_max": 0.330427,
        "nauc_map_at_1_std": 0.349072,
        "nauc_map_at_1_diff1": 0.607044,
        "nauc_map_at_3_max": 0.329216,
        "nauc_map_at_3_std": 0.419224,
        "nauc_map_at_3_diff1": 0.600019,
        "nauc_map_at_5_max": 0.35913,
        "nauc_map_at_5_std": 0.405702,
        "nauc_map_at_5_diff1": 0.604152,
        "nauc_map_at_10_max": 0.346809,
        "nauc_map_at_10_std": 0.405542,
        "nauc_map_at_10_diff1": 0.600366,
        "nauc_map_at_20_max": 0.343094,
        "nauc_map_at_20_std": 0.40246,
        "nauc_map_at_20_diff1": 0.599072,
        "nauc_map_at_25_max": 0.343094,
        "nauc_map_at_25_std": 0.40246,
        "nauc_map_at_25_diff1": 0.599072,
        "nauc_map_at_50_max": 0.343094,
        "nauc_map_at_50_std": 0.40246,
        "nauc_map_at_50_diff1": 0.599072,
        "nauc_map_at_100_max": 0.343094,
        "nauc_map_at_100_std": 0.40246,
        "nauc_map_at_100_diff1": 0.599072,
        "nauc_map_at_1000_max": 0.343094,
        "nauc_map_at_1000_std": 0.40246,
        "nauc_map_at_1000_diff1": 0.599072,
        "nauc_recall_at_1_max": 0.330427,
        "nauc_recall_at_1_std": 0.349072,
        "nauc_recall_at_1_diff1": 0.607044,
        "nauc_recall_at_3_max": 0.309757,
        "nauc_recall_at_3_std": 0.623658,
        "nauc_recall_at_3_diff1": 0.635913,
        "nauc_recall_at_5_max": 0.731559,
        "nauc_recall_at_5_std": 0.49821,
        "nauc_recall_at_5_diff1": 0.707049,
        "nauc_recall_at_10_max": 0.711718,
        "nauc_recall_at_10_std": 0.679038,
        "nauc_recall_at_10_diff1": 0.711718,
        "nauc_recall_at_20_max": NaN,
        "nauc_recall_at_20_std": NaN,
        "nauc_recall_at_20_diff1": NaN,
        "nauc_recall_at_25_max": NaN,
        "nauc_recall_at_25_std": NaN,
        "nauc_recall_at_25_diff1": NaN,
        "nauc_recall_at_50_max": NaN,
        "nauc_recall_at_50_std": NaN,
        "nauc_recall_at_50_diff1": NaN,
        "nauc_recall_at_100_max": NaN,
        "nauc_recall_at_100_std": NaN,
        "nauc_recall_at_100_diff1": NaN,
        "nauc_recall_at_1000_max": NaN,
        "nauc_recall_at_1000_std": NaN,
        "nauc_recall_at_1000_diff1": NaN,
        "nauc_precision_at_1_max": 0.330427,
        "nauc_precision_at_1_std": 0.349072,
        "nauc_precision_at_1_diff1": 0.607044,
        "nauc_precision_at_3_max": 0.309757,
        "nauc_precision_at_3_std": 0.623658,
        "nauc_precision_at_3_diff1": 0.635913,
        "nauc_precision_at_5_max": 0.731559,
        "nauc_precision_at_5_std": 0.49821,
        "nauc_precision_at_5_diff1": 0.707049,
        "nauc_precision_at_10_max": 0.711718,
        "nauc_precision_at_10_std": 0.679038,
        "nauc_precision_at_10_diff1": 0.711718,
        "nauc_precision_at_20_max": 1.0,
        "nauc_precision_at_20_std": 1.0,
        "nauc_precision_at_20_diff1": 1.0,
        "nauc_precision_at_25_max": NaN,
        "nauc_precision_at_25_std": NaN,
        "nauc_precision_at_25_diff1": NaN,
        "nauc_precision_at_50_max": NaN,
        "nauc_precision_at_50_std": NaN,
        "nauc_precision_at_50_diff1": NaN,
        "nauc_precision_at_100_max": NaN,
        "nauc_precision_at_100_std": NaN,
        "nauc_precision_at_100_diff1": NaN,
        "nauc_precision_at_1000_max": NaN,
        "nauc_precision_at_1000_std": NaN,
        "nauc_precision_at_1000_diff1": NaN,
        "nauc_mrr_at_1_max": 0.330427,
        "nauc_mrr_at_1_std": 0.349072,
        "nauc_mrr_at_1_diff1": 0.607044,
        "nauc_mrr_at_3_max": 0.329216,
        "nauc_mrr_at_3_std": 0.419224,
        "nauc_mrr_at_3_diff1": 0.600019,
        "nauc_mrr_at_5_max": 0.35913,
        "nauc_mrr_at_5_std": 0.405702,
        "nauc_mrr_at_5_diff1": 0.604152,
        "nauc_mrr_at_10_max": 0.346809,
        "nauc_mrr_at_10_std": 0.405542,
        "nauc_mrr_at_10_diff1": 0.600366,
        "nauc_mrr_at_20_max": 0.343094,
        "nauc_mrr_at_20_std": 0.40246,
        "nauc_mrr_at_20_diff1": 0.599072,
        "nauc_mrr_at_25_max": 0.343094,
        "nauc_mrr_at_25_std": 0.40246,
        "nauc_mrr_at_25_diff1": 0.599072,
        "nauc_mrr_at_50_max": 0.343094,
        "nauc_mrr_at_50_std": 0.40246,
        "nauc_mrr_at_50_diff1": 0.599072,
        "nauc_mrr_at_100_max": 0.343094,
        "nauc_mrr_at_100_std": 0.40246,
        "nauc_mrr_at_100_diff1": 0.599072,
        "nauc_mrr_at_1000_max": 0.343094,
        "nauc_mrr_at_1000_std": 0.40246,
        "nauc_mrr_at_1000_diff1": 0.599072,
        "hit_rate_at_1": 0.7,
        "hit_rate_at_3": 0.92,
        "hit_rate_at_5": 0.94,
        "hit_rate_at_10": 0.98,
        "hit_rate_at_20": 1.0,
        "hit_rate_at_25": 1.0,
        "hit_rate_at_50": 1.0,
        "hit_rate_at_100": 1.0,
        "hit_rate_at_1000": 1.0,
        "R_cap_at_1": 0.7,
        "R_cap_at_3": 0.92,
        "R_cap_at_5": 0.94,
        "R_cap_at_10": 0.98,
        "R_cap_at_20": 1.0,
        "R_cap_at_25": 1.0,
        "R_cap_at_50": 1.0,
        "R_cap_at_100": 1.0,
        "R_cap_at_1000": 1.0,
        "main_score": 0.85404,
        "hf_subset": "MLDR",
        "languages": [
          "eng-Latn"
        ],
        "mteb_version": "2.12.39"
      }
    ]
  },
  "evaluation_time": 43.26288723945618,
  "kg_co2_emissions": null,
  "date": 1780372832.104574
}