{
  "dataset_revision": "df52bb043564336892a1eb9127559130fcb0e62c",
  "task_name": "LooGLE",
  "mteb_version": "2.12.39",
  "scores": {
    "test": [
      {
        "ndcg_at_1": 0.41326,
        "ndcg_at_3": 0.38074,
        "ndcg_at_5": 0.41122,
        "ndcg_at_10": 0.47207,
        "ndcg_at_20": 0.51935,
        "ndcg_at_25": 0.52989,
        "ndcg_at_50": 0.56003,
        "ndcg_at_100": 0.58263,
        "ndcg_at_1000": 0.59028,
        "map_at_1": 0.16805,
        "map_at_3": 0.28733,
        "map_at_5": 0.32782,
        "map_at_10": 0.36501,
        "map_at_20": 0.38571,
        "map_at_25": 0.38935,
        "map_at_50": 0.39739,
        "map_at_100": 0.40125,
        "map_at_1000": 0.40214,
        "recall_at_1": 0.16805,
        "recall_at_3": 0.34963,
        "recall_at_5": 0.44284,
        "recall_at_10": 0.5808,
        "recall_at_20": 0.71245,
        "recall_at_25": 0.74543,
        "recall_at_50": 0.8553,
        "recall_at_100": 0.95431,
        "recall_at_1000": 0.99286,
        "accuracy": 0.16805,
        "precision_at_1": 0.41326,
        "precision_at_3": 0.29942,
        "precision_at_5": 0.23379,
        "precision_at_10": 0.15895,
        "precision_at_20": 0.10059,
        "precision_at_25": 0.08512,
        "precision_at_50": 0.04968,
        "precision_at_100": 0.02792,
        "precision_at_1000": 0.00291,
        "mrr_at_1": 0.413261,
        "mrr_at_3": 0.509688,
        "mrr_at_5": 0.528126,
        "mrr_at_10": 0.543609,
        "mrr_at_20": 0.549665,
        "mrr_at_25": 0.550195,
        "mrr_at_50": 0.551426,
        "mrr_at_100": 0.55177,
        "mrr_at_1000": 0.55182,
        "nauc_ndcg_at_1_max": 0.13512,
        "nauc_ndcg_at_1_std": 0.042678,
        "nauc_ndcg_at_1_diff1": 0.330494,
        "nauc_ndcg_at_3_max": 0.130346,
        "nauc_ndcg_at_3_std": 0.07263,
        "nauc_ndcg_at_3_diff1": 0.302103,
        "nauc_ndcg_at_5_max": 0.115062,
        "nauc_ndcg_at_5_std": 0.087834,
        "nauc_ndcg_at_5_diff1": 0.302278,
        "nauc_ndcg_at_10_max": 0.129733,
        "nauc_ndcg_at_10_std": 0.105535,
        "nauc_ndcg_at_10_diff1": 0.30026,
        "nauc_ndcg_at_20_max": 0.137069,
        "nauc_ndcg_at_20_std": 0.117807,
        "nauc_ndcg_at_20_diff1": 0.307693,
        "nauc_ndcg_at_25_max": 0.142631,
        "nauc_ndcg_at_25_std": 0.117917,
        "nauc_ndcg_at_25_diff1": 0.306665,
        "nauc_ndcg_at_50_max": 0.147506,
        "nauc_ndcg_at_50_std": 0.108968,
        "nauc_ndcg_at_50_diff1": 0.304915,
        "nauc_ndcg_at_100_max": 0.144719,
        "nauc_ndcg_at_100_std": 0.10151,
        "nauc_ndcg_at_100_diff1": 0.304849,
        "nauc_ndcg_at_1000_max": 0.141793,
        "nauc_ndcg_at_1000_std": 0.091212,
        "nauc_ndcg_at_1000_diff1": 0.300903,
        "nauc_map_at_1_max": 0.090992,
        "nauc_map_at_1_std": 0.044466,
        "nauc_map_at_1_diff1": 0.334192,
        "nauc_map_at_3_max": 0.121005,
        "nauc_map_at_3_std": 0.078993,
        "nauc_map_at_3_diff1": 0.30984,
        "nauc_map_at_5_max": 0.114673,
        "nauc_map_at_5_std": 0.084932,
        "nauc_map_at_5_diff1": 0.305317,
        "nauc_map_at_10_max": 0.121823,
        "nauc_map_at_10_std": 0.095265,
        "nauc_map_at_10_diff1": 0.302489,
        "nauc_map_at_20_max": 0.123849,
        "nauc_map_at_20_std": 0.100475,
        "nauc_map_at_20_diff1": 0.302904,
        "nauc_map_at_25_max": 0.125125,
        "nauc_map_at_25_std": 0.099849,
        "nauc_map_at_25_diff1": 0.302843,
        "nauc_map_at_50_max": 0.127048,
        "nauc_map_at_50_std": 0.097458,
        "nauc_map_at_50_diff1": 0.302241,
        "nauc_map_at_100_max": 0.126849,
        "nauc_map_at_100_std": 0.096278,
        "nauc_map_at_100_diff1": 0.301904,
        "nauc_map_at_1000_max": 0.126545,
        "nauc_map_at_1000_std": 0.09523,
        "nauc_map_at_1000_diff1": 0.301566,
        "nauc_recall_at_1_max": 0.090992,
        "nauc_recall_at_1_std": 0.044466,
        "nauc_recall_at_1_diff1": 0.334192,
        "nauc_recall_at_3_max": 0.110903,
        "nauc_recall_at_3_std": 0.093859,
        "nauc_recall_at_3_diff1": 0.278067,
        "nauc_recall_at_5_max": 0.088666,
        "nauc_recall_at_5_std": 0.106433,
        "nauc_recall_at_5_diff1": 0.259183,
        "nauc_recall_at_10_max": 0.108837,
        "nauc_recall_at_10_std": 0.141151,
        "nauc_recall_at_10_diff1": 0.249719,
        "nauc_recall_at_20_max": 0.127926,
        "nauc_recall_at_20_std": 0.199146,
        "nauc_recall_at_20_diff1": 0.276037,
        "nauc_recall_at_25_max": 0.150658,
        "nauc_recall_at_25_std": 0.214213,
        "nauc_recall_at_25_diff1": 0.271342,
        "nauc_recall_at_50_max": 0.181467,
        "nauc_recall_at_50_std": 0.228826,
        "nauc_recall_at_50_diff1": 0.270909,
        "nauc_recall_at_100_max": 0.201494,
        "nauc_recall_at_100_std": 0.361948,
        "nauc_recall_at_100_diff1": 0.308669,
        "nauc_recall_at_1000_max": 0.208025,
        "nauc_recall_at_1000_std": 0.384,
        "nauc_recall_at_1000_diff1": 0.012696,
        "nauc_precision_at_1_max": 0.13512,
        "nauc_precision_at_1_std": 0.042678,
        "nauc_precision_at_1_diff1": 0.330494,
        "nauc_precision_at_3_max": 0.135795,
        "nauc_precision_at_3_std": 0.075379,
        "nauc_precision_at_3_diff1": 0.237332,
        "nauc_precision_at_5_max": 0.104466,
        "nauc_precision_at_5_std": 0.07876,
        "nauc_precision_at_5_diff1": 0.19825,
        "nauc_precision_at_10_max": 0.113556,
        "nauc_precision_at_10_std": 0.078176,
        "nauc_precision_at_10_diff1": 0.133884,
        "nauc_precision_at_20_max": 0.09759,
        "nauc_precision_at_20_std": 0.068432,
        "nauc_precision_at_20_diff1": 0.079686,
        "nauc_precision_at_25_max": 0.099337,
        "nauc_precision_at_25_std": 0.05123,
        "nauc_precision_at_25_diff1": 0.05537,
        "nauc_precision_at_50_max": 0.082115,
        "nauc_precision_at_50_std": -0.00996,
        "nauc_precision_at_50_diff1": -0.023714,
        "nauc_precision_at_100_max": 0.044102,
        "nauc_precision_at_100_std": -0.067071,
        "nauc_precision_at_100_diff1": -0.094077,
        "nauc_precision_at_1000_max": 0.021975,
        "nauc_precision_at_1000_std": -0.110687,
        "nauc_precision_at_1000_diff1": -0.131742,
        "nauc_mrr_at_1_max": 0.13512,
        "nauc_mrr_at_1_std": 0.042678,
        "nauc_mrr_at_1_diff1": 0.330494,
        "nauc_mrr_at_3_max": 0.146026,
        "nauc_mrr_at_3_std": 0.063086,
        "nauc_mrr_at_3_diff1": 0.319948,
        "nauc_mrr_at_5_max": 0.144525,
        "nauc_mrr_at_5_std": 0.065964,
        "nauc_mrr_at_5_diff1": 0.317801,
        "nauc_mrr_at_10_max": 0.147579,
        "nauc_mrr_at_10_std": 0.06681,
        "nauc_mrr_at_10_diff1": 0.317224,
        "nauc_mrr_at_20_max": 0.148205,
        "nauc_mrr_at_20_std": 0.066336,
        "nauc_mrr_at_20_diff1": 0.318694,
        "nauc_mrr_at_25_max": 0.14863,
        "nauc_mrr_at_25_std": 0.066393,
        "nauc_mrr_at_25_diff1": 0.318663,
        "nauc_mrr_at_50_max": 0.147935,
        "nauc_mrr_at_50_std": 0.065792,
        "nauc_mrr_at_50_diff1": 0.318613,
        "nauc_mrr_at_100_max": 0.147713,
        "nauc_mrr_at_100_std": 0.065656,
        "nauc_mrr_at_100_diff1": 0.31893,
        "nauc_mrr_at_1000_max": 0.147708,
        "nauc_mrr_at_1000_std": 0.065629,
        "nauc_mrr_at_1000_diff1": 0.318901,
        "hit_rate_at_1": 0.41326,
        "hit_rate_at_3": 0.63579,
        "hit_rate_at_5": 0.71571,
        "hit_rate_at_10": 0.83197,
        "hit_rate_at_20": 0.91826,
        "hit_rate_at_25": 0.93006,
        "hit_rate_at_50": 0.97094,
        "hit_rate_at_100": 0.99273,
        "hit_rate_at_1000": 0.99818,
        "R_cap_at_1": 0.413261,
        "R_cap_at_3": 0.382682,
        "R_cap_at_5": 0.445353,
        "R_cap_at_10": 0.581052,
        "R_cap_at_20": 0.712483,
        "R_cap_at_25": 0.745434,
        "R_cap_at_50": 0.855296,
        "R_cap_at_100": 0.954306,
        "R_cap_at_1000": 0.992861,