{
  "dataset_revision": "6b2010c691a435a7a920088d32e55c898afa97f5",
  "task_name": "PeerQA",
  "mteb_version": "2.12.39",
  "scores": {
    "test": [
      {
        "ndcg_at_1": 0.20588,
        "ndcg_at_3": 0.24664,
        "ndcg_at_5": 0.2663,
        "ndcg_at_10": 0.3266,
        "ndcg_at_20": 0.36682,
        "ndcg_at_25": 0.37334,
        "ndcg_at_50": 0.41164,
        "ndcg_at_100": 0.44073,
        "ndcg_at_1000": 0.46893,
        "map_at_1": 0.13468,
        "map_at_3": 0.19372,
        "map_at_5": 0.21321,
        "map_at_10": 0.24178,
        "map_at_20": 0.25721,
        "map_at_25": 0.25899,
        "map_at_50": 0.26796,
        "map_at_100": 0.27269,
        "map_at_1000": 0.27572,
        "recall_at_1": 0.13468,
        "recall_at_3": 0.24558,
        "recall_at_5": 0.30943,
        "recall_at_10": 0.46266,
        "recall_at_20": 0.57988,
        "recall_at_25": 0.60187,
        "recall_at_50": 0.74159,
        "recall_at_100": 0.86492,
        "recall_at_1000": 1.0,
        "accuracy": 0.13468,
        "precision_at_1": 0.20588,
        "precision_at_3": 0.15196,
        "precision_at_5": 0.11912,
        "precision_at_10": 0.09779,
        "precision_at_20": 0.06654,
        "precision_at_25": 0.05588,
        "precision_at_50": 0.03721,
        "precision_at_100": 0.02294,
        "precision_at_1000": 0.00286,
        "mrr_at_1": 0.205882,
        "mrr_at_3": 0.290441,
        "mrr_at_5": 0.313235,
        "mrr_at_10": 0.339869,
        "mrr_at_20": 0.348334,
        "mrr_at_25": 0.349284,
        "mrr_at_50": 0.351782,
        "mrr_at_100": 0.352797,
        "mrr_at_1000": 0.353014,
        "nauc_ndcg_at_1_max": 0.14968,
        "nauc_ndcg_at_1_std": -0.109283,
        "nauc_ndcg_at_1_diff1": 0.414953,
        "nauc_ndcg_at_3_max": 0.102477,
        "nauc_ndcg_at_3_std": -0.151315,
        "nauc_ndcg_at_3_diff1": 0.349087,
        "nauc_ndcg_at_5_max": 0.120047,
        "nauc_ndcg_at_5_std": -0.11305,
        "nauc_ndcg_at_5_diff1": 0.311233,
        "nauc_ndcg_at_10_max": 0.140783,
        "nauc_ndcg_at_10_std": -0.074063,
        "nauc_ndcg_at_10_diff1": 0.305885,
        "nauc_ndcg_at_20_max": 0.16849,
        "nauc_ndcg_at_20_std": -0.063297,
        "nauc_ndcg_at_20_diff1": 0.298314,
        "nauc_ndcg_at_25_max": 0.187082,
        "nauc_ndcg_at_25_std": -0.048918,
        "nauc_ndcg_at_25_diff1": 0.303441,
        "nauc_ndcg_at_50_max": 0.174474,
        "nauc_ndcg_at_50_std": -0.056177,
        "nauc_ndcg_at_50_diff1": 0.298798,
        "nauc_ndcg_at_100_max": 0.17148,
        "nauc_ndcg_at_100_std": -0.068439,
        "nauc_ndcg_at_100_diff1": 0.295017,
        "nauc_ndcg_at_1000_max": 0.164826,
        "nauc_ndcg_at_1000_std": -0.061913,
        "nauc_ndcg_at_1000_diff1": 0.310182,
        "nauc_map_at_1_max": 0.142236,
        "nauc_map_at_1_std": -0.171521,
        "nauc_map_at_1_diff1": 0.558955,
        "nauc_map_at_3_max": 0.108275,
        "nauc_map_at_3_std": -0.1727,
        "nauc_map_at_3_diff1": 0.412721,
        "nauc_map_at_5_max": 0.123037,
        "nauc_map_at_5_std": -0.143596,
        "nauc_map_at_5_diff1": 0.373674,
        "nauc_map_at_10_max": 0.146678,
        "nauc_map_at_10_std": -0.112943,
        "nauc_map_at_10_diff1": 0.365136,
        "nauc_map_at_20_max": 0.160133,
        "nauc_map_at_20_std": -0.102351,
        "nauc_map_at_20_diff1": 0.359483,
        "nauc_map_at_25_max": 0.16579,
        "nauc_map_at_25_std": -0.097619,
        "nauc_map_at_25_diff1": 0.36005,
        "nauc_map_at_50_max": 0.16647,
        "nauc_map_at_50_std": -0.095581,
        "nauc_map_at_50_diff1": 0.35898,
        "nauc_map_at_100_max": 0.16541,
        "nauc_map_at_100_std": -0.097614,
        "nauc_map_at_100_diff1": 0.359733,
        "nauc_map_at_1000_max": 0.165166,
        "nauc_map_at_1000_std": -0.096472,
        "nauc_map_at_1000_diff1": 0.360605,
        "nauc_recall_at_1_max": 0.142236,
        "nauc_recall_at_1_std": -0.171521,
        "nauc_recall_at_1_diff1": 0.558955,
        "nauc_recall_at_3_max": 0.057369,
        "nauc_recall_at_3_std": -0.192186,
        "nauc_recall_at_3_diff1": 0.33445,
        "nauc_recall_at_5_max": 0.078687,
        "nauc_recall_at_5_std": -0.098067,
        "nauc_recall_at_5_diff1": 0.212727,
        "nauc_recall_at_10_max": 0.10514,
        "nauc_recall_at_10_std": -0.015434,
        "nauc_recall_at_10_diff1": 0.179324,
        "nauc_recall_at_20_max": 0.169444,
        "nauc_recall_at_20_std": 0.009098,
        "nauc_recall_at_20_diff1": 0.148305,
        "nauc_recall_at_25_max": 0.228771,
        "nauc_recall_at_25_std": 0.059454,
        "nauc_recall_at_25_diff1": 0.166014,
        "nauc_recall_at_50_max": 0.167818,
        "nauc_recall_at_50_std": 0.023292,
        "nauc_recall_at_50_diff1": 0.114266,
        "nauc_recall_at_100_max": 0.149595,
        "nauc_recall_at_100_std": -0.069959,
        "nauc_recall_at_100_diff1": -0.03581,
        "nauc_recall_at_1000_max": NaN,
        "nauc_recall_at_1000_std": NaN,
        "nauc_recall_at_1000_diff1": NaN,
        "nauc_precision_at_1_max": 0.14968,
        "nauc_precision_at_1_std": -0.109283,
        "nauc_precision_at_1_diff1": 0.414953,
        "nauc_precision_at_3_max": 0.086816,
        "nauc_precision_at_3_std": -0.071386,
        "nauc_precision_at_3_diff1": 0.158071,
        "nauc_precision_at_5_max": 0.180224,
        "nauc_precision_at_5_std": 0.066475,
        "nauc_precision_at_5_diff1": 0.043558,
        "nauc_precision_at_10_max": 0.18675,
        "nauc_precision_at_10_std": 0.192502,
        "nauc_precision_at_10_diff1": -0.031161,
        "nauc_precision_at_20_max": 0.210052,
        "nauc_precision_at_20_std": 0.228388,
        "nauc_precision_at_20_diff1": -0.092061,
        "nauc_precision_at_25_max": 0.245358,
        "nauc_precision_at_25_std": 0.260352,
        "nauc_precision_at_25_diff1": -0.095538,
        "nauc_precision_at_50_max": 0.155904,
        "nauc_precision_at_50_std": 0.238945,
        "nauc_precision_at_50_diff1": -0.143401,
        "nauc_precision_at_100_max": 0.102661,
        "nauc_precision_at_100_std": 0.217221,
        "nauc_precision_at_100_diff1": -0.17531,
        "nauc_precision_at_1000_max": 0.026371,
        "nauc_precision_at_1000_std": 0.206767,
        "nauc_precision_at_1000_diff1": -0.181879,
        "nauc_mrr_at_1_max": 0.14968,
        "nauc_mrr_at_1_std": -0.109283,
        "nauc_mrr_at_1_diff1": 0.414953,
        "nauc_mrr_at_3_max": 0.085613,
        "nauc_mrr_at_3_std": -0.151552,
        "nauc_mrr_at_3_diff1": 0.3201,
        "nauc_mrr_at_5_max": 0.10804,
        "nauc_mrr_at_5_std": -0.108745,
        "nauc_mrr_at_5_diff1": 0.288142,
        "nauc_mrr_at_10_max": 0.107271,
        "nauc_mrr_at_10_std": -0.106387,
        "nauc_mrr_at_10_diff1": 0.30086,
        "nauc_mrr_at_20_max": 0.110764,
        "nauc_mrr_at_20_std": -0.109407,
        "nauc_mrr_at_20_diff1": 0.301622,
        "nauc_mrr_at_25_max": 0.112711,
        "nauc_mrr_at_25_std": -0.10924,
        "nauc_mrr_at_25_diff1": 0.303191,
        "nauc_mrr_at_50_max": 0.110588,
        "nauc_mrr_at_50_std": -0.110678,
        "nauc_mrr_at_50_diff1": 0.304858,
        "nauc_mrr_at_100_max": 0.111357,
        "nauc_mrr_at_100_std": -0.110098,
        "nauc_mrr_at_100_diff1": 0.304513,
        "nauc_mrr_at_1000_max": 0.111181,
        "nauc_mrr_at_1000_std": -0.110242,
        "nauc_mrr_at_1000_diff1": 0.305124,
        "hit_rate_at_1": 0.20588,
        "hit_rate_at_3": 0.38971,
        "hit_rate_at_5": 0.48529,
        "hit_rate_at_10": 0.68382,
        "hit_rate_at_20": 0.80147,
        "hit_rate_at_25": 0.82353,
        "hit_rate_at_50": 0.90441,
        "hit_rate_at_100": 0.97059,
        "hit_rate_at_1000": 1.0,
        "R_cap_at_1": 0.205882,
        "R_cap_at_3": 0.269608,
        "R_cap_at_5": 0.313971,
        "R_cap_at_10": 0.463402,
        "R_cap_at_20": 0.579877,
        "R_cap_at_25": 0.601875,
        "R_cap_at_50": 0.741594,
        "R_cap_at_100": 0.864919,
        "R_cap_at_1000": 1.0,