{
  "dataset_revision": "898f2eced48890f19b6a88f1b616e9ca6c5dda1c",
  "task_name": "QASPER",
  "mteb_version": "2.12.39",
  "scores": {
    "test": [
      {
        "ndcg_at_1": 0.33258,
        "ndcg_at_3": 0.42775,
        "ndcg_at_5": 0.4764,
        "ndcg_at_10": 0.52789,
        "ndcg_at_20": 0.5704,
        "ndcg_at_25": 0.58058,
        "ndcg_at_50": 0.59398,
        "ndcg_at_100": 0.59653,
        "ndcg_at_1000": 0.59653,
        "map_at_1": 0.25012,
        "map_at_3": 0.36774,
        "map_at_5": 0.40434,
        "map_at_10": 0.43358,
        "map_at_20": 0.44957,
        "map_at_25": 0.4526,
        "map_at_50": 0.45651,
        "map_at_100": 0.45706,
        "map_at_1000": 0.45706,
        "recall_at_1": 0.25012,
        "recall_at_3": 0.48544,
        "recall_at_5": 0.60751,
        "recall_at_10": 0.75458,
        "recall_at_20": 0.89857,
        "recall_at_25": 0.93768,
        "recall_at_50": 0.98956,
        "recall_at_100": 1.0,
        "recall_at_1000": 1.0,
        "accuracy": 0.25012,
        "precision_at_1": 0.33258,
        "precision_at_3": 0.22871,
        "precision_at_5": 0.17933,
        "precision_at_10": 0.11678,
        "precision_at_20": 0.07266,
        "precision_at_25": 0.06145,
        "precision_at_50": 0.03393,
        "precision_at_100": 0.01737,
        "precision_at_1000": 0.00174,
        "mrr_at_1": 0.332584,
        "mrr_at_3": 0.439201,
        "mrr_at_5": 0.467328,
        "mrr_at_10": 0.484697,
        "mrr_at_20": 0.492865,
        "mrr_at_25": 0.494128,
        "mrr_at_50": 0.494935,
        "mrr_at_100": 0.495008,
        "mrr_at_1000": 0.495008,
        "nauc_ndcg_at_1_max": 0.067319,
        "nauc_ndcg_at_1_std": 0.023964,
        "nauc_ndcg_at_1_diff1": 0.269286,
        "nauc_ndcg_at_3_max": 0.038447,
        "nauc_ndcg_at_3_std": 0.012365,
        "nauc_ndcg_at_3_diff1": 0.235182,
        "nauc_ndcg_at_5_max": 0.038997,
        "nauc_ndcg_at_5_std": 0.018011,
        "nauc_ndcg_at_5_diff1": 0.230977,
        "nauc_ndcg_at_10_max": 0.046564,
        "nauc_ndcg_at_10_std": 0.031616,
        "nauc_ndcg_at_10_diff1": 0.228008,
        "nauc_ndcg_at_20_max": 0.054662,
        "nauc_ndcg_at_20_std": 0.026896,
        "nauc_ndcg_at_20_diff1": 0.232814,
        "nauc_ndcg_at_25_max": 0.053933,
        "nauc_ndcg_at_25_std": 0.030044,
        "nauc_ndcg_at_25_diff1": 0.235541,
        "nauc_ndcg_at_50_max": 0.056761,
        "nauc_ndcg_at_50_std": 0.028757,
        "nauc_ndcg_at_50_diff1": 0.233286,
        "nauc_ndcg_at_100_max": 0.057786,
        "nauc_ndcg_at_100_std": 0.028612,
        "nauc_ndcg_at_100_diff1": 0.237927,
        "nauc_ndcg_at_1000_max": 0.057786,
        "nauc_ndcg_at_1000_std": 0.028612,
        "nauc_ndcg_at_1000_diff1": 0.237927,
        "nauc_map_at_1_max": 0.020375,
        "nauc_map_at_1_std": -0.001246,
        "nauc_map_at_1_diff1": 0.257309,
        "nauc_map_at_3_max": 0.017293,
        "nauc_map_at_3_std": -0.003949,
        "nauc_map_at_3_diff1": 0.230356,
        "nauc_map_at_5_max": 0.025521,
        "nauc_map_at_5_std": 0.005166,
        "nauc_map_at_5_diff1": 0.233346,
        "nauc_map_at_10_max": 0.034867,
        "nauc_map_at_10_std": 0.018383,
        "nauc_map_at_10_diff1": 0.234771,
        "nauc_map_at_20_max": 0.041259,
        "nauc_map_at_20_std": 0.020834,
        "nauc_map_at_20_diff1": 0.235878,
        "nauc_map_at_25_max": 0.041811,
        "nauc_map_at_25_std": 0.021536,
        "nauc_map_at_25_diff1": 0.237152,
        "nauc_map_at_50_max": 0.044463,
        "nauc_map_at_50_std": 0.022066,
        "nauc_map_at_50_diff1": 0.236423,
        "nauc_map_at_100_max": 0.044601,
        "nauc_map_at_100_std": 0.022036,
        "nauc_map_at_100_diff1": 0.237134,
        "nauc_map_at_1000_max": 0.044601,
        "nauc_map_at_1000_std": 0.022036,
        "nauc_map_at_1000_diff1": 0.237134,
        "nauc_recall_at_1_max": 0.020375,
        "nauc_recall_at_1_std": -0.001246,
        "nauc_recall_at_1_diff1": 0.257309,
        "nauc_recall_at_3_max": 0.0122,
        "nauc_recall_at_3_std": 0.000413,
        "nauc_recall_at_3_diff1": 0.187805,
        "nauc_recall_at_5_max": 0.013746,
        "nauc_recall_at_5_std": 0.011132,
        "nauc_recall_at_5_diff1": 0.186525,
        "nauc_recall_at_10_max": 0.035616,
        "nauc_recall_at_10_std": 0.057054,
        "nauc_recall_at_10_diff1": 0.167331,
        "nauc_recall_at_20_max": 0.051446,
        "nauc_recall_at_20_std": 0.009483,
        "nauc_recall_at_20_diff1": 0.156654,
        "nauc_recall_at_25_max": 0.027108,
        "nauc_recall_at_25_std": 0.058345,
        "nauc_recall_at_25_diff1": 0.150767,
        "nauc_recall_at_50_max": -0.030405,
        "nauc_recall_at_50_std": 0.074825,
        "nauc_recall_at_50_diff1": -0.288999,
        "nauc_recall_at_100_max": NaN,
        "nauc_recall_at_100_std": NaN,
        "nauc_recall_at_100_diff1": NaN,
        "nauc_recall_at_1000_max": NaN,
        "nauc_recall_at_1000_std": NaN,
        "nauc_recall_at_1000_diff1": NaN,
        "nauc_precision_at_1_max": 0.067319,
        "nauc_precision_at_1_std": 0.023964,
        "nauc_precision_at_1_diff1": 0.269286,
        "nauc_precision_at_3_max": 0.073629,
        "nauc_precision_at_3_std": 0.034434,
        "nauc_precision_at_3_diff1": 0.179007,
        "nauc_precision_at_5_max": 0.108842,
        "nauc_precision_at_5_std": 0.0788,
        "nauc_precision_at_5_diff1": 0.135987,
        "nauc_precision_at_10_max": 0.148672,
        "nauc_precision_at_10_std": 0.130731,
        "nauc_precision_at_10_diff1": 0.082538,
        "nauc_precision_at_20_max": 0.179819,
        "nauc_precision_at_20_std": 0.13678,
        "nauc_precision_at_20_diff1": 0.034533,
        "nauc_precision_at_25_max": 0.175919,
        "nauc_precision_at_25_std": 0.133917,
        "nauc_precision_at_25_diff1": 0.029109,
        "nauc_precision_at_50_max": 0.181743,
        "nauc_precision_at_50_std": 0.121104,
        "nauc_precision_at_50_diff1": -0.001288,
        "nauc_precision_at_100_max": 0.17778,
        "nauc_precision_at_100_std": 0.117762,
        "nauc_precision_at_100_diff1": 0.009624,
        "nauc_precision_at_1000_max": 0.17778,
        "nauc_precision_at_1000_std": 0.117762,
        "nauc_precision_at_1000_diff1": 0.009624,
        "nauc_mrr_at_1_max": 0.067319,
        "nauc_mrr_at_1_std": 0.023964,
        "nauc_mrr_at_1_diff1": 0.269286,
        "nauc_mrr_at_3_max": 0.065197,
        "nauc_mrr_at_3_std": 0.025811,
        "nauc_mrr_at_3_diff1": 0.24796,
        "nauc_mrr_at_5_max": 0.065237,
        "nauc_mrr_at_5_std": 0.027381,
        "nauc_mrr_at_5_diff1": 0.247434,
        "nauc_mrr_at_10_max": 0.065736,
        "nauc_mrr_at_10_std": 0.029866,
        "nauc_mrr_at_10_diff1": 0.246957,
        "nauc_mrr_at_20_max": 0.065211,
        "nauc_mrr_at_20_std": 0.026696,
        "nauc_mrr_at_20_diff1": 0.248931,
        "nauc_mrr_at_25_max": 0.064919,
        "nauc_mrr_at_25_std": 0.027355,
        "nauc_mrr_at_25_diff1": 0.248844,
        "nauc_mrr_at_50_max": 0.064694,
        "nauc_mrr_at_50_std": 0.027234,
        "nauc_mrr_at_50_diff1": 0.248342,
        "nauc_mrr_at_100_max": 0.064714,
        "nauc_mrr_at_100_std": 0.027206,
        "nauc_mrr_at_100_diff1": 0.248512,
        "nauc_mrr_at_1000_max": 0.064714,
        "nauc_mrr_at_1000_std": 0.027206,
        "nauc_mrr_at_1000_diff1": 0.248512,
        "hit_rate_at_1": 0.33258,
        "hit_rate_at_3": 0.57828,
        "hit_rate_at_5": 0.70037,
        "hit_rate_at_10": 0.82622,
        "hit_rate_at_20": 0.94007,
        "hit_rate_at_25": 0.96854,
        "hit_rate_at_50": 0.99551,
        "hit_rate_at_100": 1.0,
        "hit_rate_at_1000": 1.0,
        "R_cap_at_1": 0.332584,
        "R_cap_at_3": 0.502247,
        "R_cap_at_5": 0.613321,
        "R_cap_at_10": 0.755313,
        "R_cap_at_20": 0.898901,
        "R_cap_at_25": 0.937773,
        "R_cap_at_50": 0.989559,
        "R_cap_at_100": 1.0,
        "R_cap_at_1000": 1.0,
        "main_score": 0.52789,