{
  "dataset_revision": "6f868e5b4c46a9f04c89f7179ddc7c8f162c1068",
  "task_name": "ToolBench",
  "mteb_version": "2.12.39",
  "scores": {
    "test": [
      {
        "ndcg_at_1": 0.61636,
        "ndcg_at_3": 0.55256,
        "ndcg_at_5": 0.58635,
        "ndcg_at_10": 0.62643,
        "ndcg_at_20": 0.65047,
        "ndcg_at_25": 0.65559,
        "ndcg_at_50": 0.67077,
        "ndcg_at_100": 0.68033,
        "ndcg_at_1000": 0.6921,
        "map_at_1": 0.29042,
        "map_at_3": 0.48212,
        "map_at_5": 0.51692,
        "map_at_10": 0.54228,
        "map_at_20": 0.55217,
        "map_at_25": 0.55369,
        "map_at_50": 0.55723,
        "map_at_100": 0.55865,
        "map_at_1000": 0.55942,
        "recall_at_1": 0.29042,
        "recall_at_3": 0.53602,
        "recall_at_5": 0.61024,
        "recall_at_10": 0.70498,
        "recall_at_20": 0.77759,
        "recall_at_25": 0.79511,
        "recall_at_50": 0.85503,
        "recall_at_100": 0.89908,
        "recall_at_1000": 0.96735,
        "accuracy": 0.29042,
        "precision_at_1": 0.61636,
        "precision_at_3": 0.39667,
        "precision_at_5": 0.27582,
        "precision_at_10": 0.16136,
        "precision_at_20": 0.08977,
        "precision_at_25": 0.07367,
        "precision_at_50": 0.0398,
        "precision_at_100": 0.02107,
        "precision_at_1000": 0.00229,
        "mrr_at_1": 0.616364,
        "mrr_at_3": 0.683788,
        "mrr_at_5": 0.691152,
        "mrr_at_10": 0.699075,
        "mrr_at_20": 0.702273,
        "mrr_at_25": 0.702633,
        "mrr_at_50": 0.703349,
        "mrr_at_100": 0.703574,
        "mrr_at_1000": 0.703707,
        "nauc_ndcg_at_1_max": 0.402097,
        "nauc_ndcg_at_1_std": -0.138878,
        "nauc_ndcg_at_1_diff1": 0.575101,
        "nauc_ndcg_at_3_max": 0.389833,
        "nauc_ndcg_at_3_std": -0.16008,
        "nauc_ndcg_at_3_diff1": 0.418472,
        "nauc_ndcg_at_5_max": 0.39938,
        "nauc_ndcg_at_5_std": -0.170297,
        "nauc_ndcg_at_5_diff1": 0.436211,
        "nauc_ndcg_at_10_max": 0.421486,
        "nauc_ndcg_at_10_std": -0.167351,
        "nauc_ndcg_at_10_diff1": 0.435773,
        "nauc_ndcg_at_20_max": 0.4287,
        "nauc_ndcg_at_20_std": -0.148454,
        "nauc_ndcg_at_20_diff1": 0.432856,
        "nauc_ndcg_at_25_max": 0.427401,
        "nauc_ndcg_at_25_std": -0.149887,
        "nauc_ndcg_at_25_diff1": 0.434849,
        "nauc_ndcg_at_50_max": 0.435567,
        "nauc_ndcg_at_50_std": -0.136275,
        "nauc_ndcg_at_50_diff1": 0.447177,
        "nauc_ndcg_at_100_max": 0.43663,
        "nauc_ndcg_at_100_std": -0.129794,
        "nauc_ndcg_at_100_diff1": 0.443402,
        "nauc_ndcg_at_1000_max": 0.429311,
        "nauc_ndcg_at_1000_std": -0.134011,
        "nauc_ndcg_at_1000_diff1": 0.442458,
        "nauc_map_at_1_max": 0.384566,
        "nauc_map_at_1_std": -0.140254,
        "nauc_map_at_1_diff1": 0.568343,
        "nauc_map_at_3_max": 0.375536,
        "nauc_map_at_3_std": -0.16149,
        "nauc_map_at_3_diff1": 0.401047,
        "nauc_map_at_5_max": 0.388886,
        "nauc_map_at_5_std": -0.173717,
        "nauc_map_at_5_diff1": 0.410107,
        "nauc_map_at_10_max": 0.400963,
        "nauc_map_at_10_std": -0.175172,
        "nauc_map_at_10_diff1": 0.409224,
        "nauc_map_at_20_max": 0.403511,
        "nauc_map_at_20_std": -0.169757,
        "nauc_map_at_20_diff1": 0.408775,
        "nauc_map_at_25_max": 0.403177,
        "nauc_map_at_25_std": -0.170252,
        "nauc_map_at_25_diff1": 0.4092,
        "nauc_map_at_50_max": 0.404686,
        "nauc_map_at_50_std": -0.167286,
        "nauc_map_at_50_diff1": 0.411386,
        "nauc_map_at_100_max": 0.404736,
        "nauc_map_at_100_std": -0.166241,
        "nauc_map_at_100_diff1": 0.410752,
        "nauc_map_at_1000_max": 0.404283,
        "nauc_map_at_1000_std": -0.166039,
        "nauc_map_at_1000_diff1": 0.410466,
        "nauc_recall_at_1_max": 0.384566,
        "nauc_recall_at_1_std": -0.140254,
        "nauc_recall_at_1_diff1": 0.568343,
        "nauc_recall_at_3_max": 0.373373,
        "nauc_recall_at_3_std": -0.163655,
        "nauc_recall_at_3_diff1": 0.373259,
        "nauc_recall_at_5_max": 0.387964,
        "nauc_recall_at_5_std": -0.174341,
        "nauc_recall_at_5_diff1": 0.381675,
        "nauc_recall_at_10_max": 0.440917,
        "nauc_recall_at_10_std": -0.159696,
        "nauc_recall_at_10_diff1": 0.365466,
        "nauc_recall_at_20_max": 0.478513,
        "nauc_recall_at_20_std": -0.087886,
        "nauc_recall_at_20_diff1": 0.340912,
        "nauc_recall_at_25_max": 0.477277,
        "nauc_recall_at_25_std": -0.091678,
        "nauc_recall_at_25_diff1": 0.347203,
        "nauc_recall_at_50_max": 0.55733,
        "nauc_recall_at_50_std": 0.012317,
        "nauc_recall_at_50_diff1": 0.414586,
        "nauc_recall_at_100_max": 0.63309,
        "nauc_recall_at_100_std": 0.13362,
        "nauc_recall_at_100_diff1": 0.375078,
        "nauc_recall_at_1000_max": 0.868488,
        "nauc_recall_at_1000_std": 0.403647,
        "nauc_recall_at_1000_diff1": 0.361632,
        "nauc_precision_at_1_max": 0.402097,
        "nauc_precision_at_1_std": -0.138878,
        "nauc_precision_at_1_diff1": 0.575101,
        "nauc_precision_at_3_max": 0.320077,
        "nauc_precision_at_3_std": -0.132881,
        "nauc_precision_at_3_diff1": 0.263234,
        "nauc_precision_at_5_max": 0.290199,
        "nauc_precision_at_5_std": -0.129379,
        "nauc_precision_at_5_diff1": 0.22396,
        "nauc_precision_at_10_max": 0.26757,
        "nauc_precision_at_10_std": -0.095319,
        "nauc_precision_at_10_diff1": 0.14817,
        "nauc_precision_at_20_max": 0.22526,
        "nauc_precision_at_20_std": -0.024004,
        "nauc_precision_at_20_diff1": 0.072709,
        "nauc_precision_at_25_max": 0.205939,
        "nauc_precision_at_25_std": -0.019903,
        "nauc_precision_at_25_diff1": 0.056484,
        "nauc_precision_at_50_max": 0.1742,
        "nauc_precision_at_50_std": 0.058509,
        "nauc_precision_at_50_diff1": 0.024188,
        "nauc_precision_at_100_max": 0.108085,
        "nauc_precision_at_100_std": 0.113308,
        "nauc_precision_at_100_diff1": -0.063746,
        "nauc_precision_at_1000_max": -0.055919,
        "nauc_precision_at_1000_std": 0.118019,
        "nauc_precision_at_1000_diff1": -0.197472,
        "nauc_mrr_at_1_max": 0.402097,
        "nauc_mrr_at_1_std": -0.138878,
        "nauc_mrr_at_1_diff1": 0.575101,
        "nauc_mrr_at_3_max": 0.416783,
        "nauc_mrr_at_3_std": -0.148171,
        "nauc_mrr_at_3_diff1": 0.562505,
        "nauc_mrr_at_5_max": 0.413965,
        "nauc_mrr_at_5_std": -0.142197,
        "nauc_mrr_at_5_diff1": 0.561431,
        "nauc_mrr_at_10_max": 0.41805,
        "nauc_mrr_at_10_std": -0.139416,
        "nauc_mrr_at_10_diff1": 0.559014,
        "nauc_mrr_at_20_max": 0.41889,
        "nauc_mrr_at_20_std": -0.134993,
        "nauc_mrr_at_20_diff1": 0.558727,
        "nauc_mrr_at_25_max": 0.418453,
        "nauc_mrr_at_25_std": -0.135325,
        "nauc_mrr_at_25_diff1": 0.559013,
        "nauc_mrr_at_50_max": 0.419335,
        "nauc_mrr_at_50_std": -0.134867,
        "nauc_mrr_at_50_diff1": 0.55943,
        "nauc_mrr_at_100_max": 0.419186,
        "nauc_mrr_at_100_std": -0.135175,
        "nauc_mrr_at_100_diff1": 0.559511,
        "nauc_mrr_at_1000_max": 0.419065,
        "nauc_mrr_at_1000_std": -0.135339,
        "nauc_mrr_at_1000_diff1": 0.559495,
        "hit_rate_at_1": 0.61636,
        "hit_rate_at_3": 0.76727,
        "hit_rate_at_5": 0.79909,
        "hit_rate_at_10": 0.85545,
        "hit_rate_at_20": 0.90364,
        "hit_rate_at_25": 0.91182,
        "hit_rate_at_50": 0.93727,
        "hit_rate_at_100": 0.95273,
        "hit_rate_at_1000": 0.97818,
        "R_cap_at_1": 0.616364,
        "R_cap_at_3": 0.546061,
        "R_cap_at_5": 0.610606,
        "R_cap_at_10": 0.704985,
        "R_cap_at_20": 0.777591,
        "R_cap_at_25": 0.795106,
        "R_cap_at_50": 0.85503,
        "R_cap_at_100": 0.899076,