{
  "dataset_revision": "c5691e3c48741d5f83b5cc8e630653d7a8cfc048",
  "task_name": "AskUbuntuDupQuestions",
  "mteb_version": "2.14.2",
  "scores": {
    "test": [
      {
        "ndcg_at_1": 0.66482,
        "ndcg_at_3": 0.62647,
        "ndcg_at_5": 0.63504,
        "ndcg_at_10": 0.68505,
        "ndcg_at_20": 0.78099,
        "ndcg_at_100": 0.78099,
        "ndcg_at_1000": 0.78099,
        "map_at_1": 0.18717,
        "map_at_3": 0.33961,
        "map_at_5": 0.42372,
        "map_at_10": 0.53432,
        "map_at_20": 0.63339,
        "map_at_100": 0.63339,
        "map_at_1000": 0.63339,
        "recall_at_1": 0.18717,
        "recall_at_3": 0.38516,
        "recall_at_5": 0.52825,
        "recall_at_10": 0.7541,
        "recall_at_20": 1.0,
        "recall_at_100": 1.0,
        "recall_at_1000": 1.0,
        "accuracy": 0.18717,
        "precision_at_1": 0.66482,
        "precision_at_3": 0.54571,
        "precision_at_5": 0.48366,
        "precision_at_10": 0.37701,
        "precision_at_20": 0.27355,
        "precision_at_100": 0.05471,
        "precision_at_1000": 0.00547,
        "mrr_at_1": 0.66482,
        "mrr_at_3": 0.740074,
        "mrr_at_5": 0.758356,
        "mrr_at_10": 0.764829,
        "mrr_at_20": 0.767216,
        "mrr_at_100": 0.767216,
        "mrr_at_1000": 0.767216,
        "nauc_ndcg_at_1_max": 0.423653,
        "nauc_ndcg_at_1_std": 0.173072,
        "nauc_ndcg_at_1_diff1": 0.222272,
        "nauc_ndcg_at_3_max": 0.277909,
        "nauc_ndcg_at_3_std": 0.11991,
        "nauc_ndcg_at_3_diff1": 0.107609,
        "nauc_ndcg_at_5_max": 0.231119,
        "nauc_ndcg_at_5_std": 0.158971,
        "nauc_ndcg_at_5_diff1": 0.117982,
        "nauc_ndcg_at_10_max": 0.221373,
        "nauc_ndcg_at_10_std": 0.187953,
        "nauc_ndcg_at_10_diff1": 0.113751,
        "nauc_ndcg_at_20_max": 0.297367,
        "nauc_ndcg_at_20_std": 0.14789,
        "nauc_ndcg_at_20_diff1": 0.129165,
        "nauc_ndcg_at_100_max": 0.297367,
        "nauc_ndcg_at_100_std": 0.14789,
        "nauc_ndcg_at_100_diff1": 0.129165,
        "nauc_ndcg_at_1000_max": 0.297367,
        "nauc_ndcg_at_1000_std": 0.14789,
        "nauc_ndcg_at_1000_diff1": 0.129165,
        "nauc_map_at_1_max": -0.023294,
        "nauc_map_at_1_std": -0.052223,
        "nauc_map_at_1_diff1": 0.291834,
        "nauc_map_at_3_max": 0.016135,
        "nauc_map_at_3_std": 0.049953,
        "nauc_map_at_3_diff1": 0.194425,
        "nauc_map_at_5_max": 0.049903,
        "nauc_map_at_5_std": 0.119845,
        "nauc_map_at_5_diff1": 0.16692,
        "nauc_map_at_10_max": 0.137264,
        "nauc_map_at_10_std": 0.167395,
        "nauc_map_at_10_diff1": 0.124031,
        "nauc_map_at_20_max": 0.230845,
        "nauc_map_at_20_std": 0.138121,
        "nauc_map_at_20_diff1": 0.106685,
        "nauc_map_at_100_max": 0.230845,
        "nauc_map_at_100_std": 0.138121,
        "nauc_map_at_100_diff1": 0.106685,
        "nauc_map_at_1000_max": 0.230845,
        "nauc_map_at_1000_std": 0.138121,
        "nauc_map_at_1000_diff1": 0.106685,
        "nauc_recall_at_1_max": -0.023294,
        "nauc_recall_at_1_std": -0.052223,
        "nauc_recall_at_1_diff1": 0.291834,
        "nauc_recall_at_3_max": -0.041312,
        "nauc_recall_at_3_std": 0.058926,
        "nauc_recall_at_3_diff1": 0.157202,
        "nauc_recall_at_5_max": -0.058658,
        "nauc_recall_at_5_std": 0.142264,
        "nauc_recall_at_5_diff1": 0.131672,
        "nauc_recall_at_10_max": -0.03862,
        "nauc_recall_at_10_std": 0.212311,
        "nauc_recall_at_10_diff1": 0.071836,
        "nauc_recall_at_20_max": NaN,
        "nauc_recall_at_20_std": NaN,
        "nauc_recall_at_20_diff1": NaN,
        "nauc_recall_at_100_max": NaN,
        "nauc_recall_at_100_std": NaN,
        "nauc_recall_at_100_diff1": NaN,
        "nauc_recall_at_1000_max": NaN,
        "nauc_recall_at_1000_std": NaN,
        "nauc_recall_at_1000_diff1": NaN,
        "nauc_precision_at_1_max": 0.423653,
        "nauc_precision_at_1_std": 0.173072,
        "nauc_precision_at_1_diff1": 0.222272,
        "nauc_precision_at_3_max": 0.305751,
        "nauc_precision_at_3_std": 0.169266,
        "nauc_precision_at_3_diff1": -0.038888,
        "nauc_precision_at_5_max": 0.307209,
        "nauc_precision_at_5_std": 0.19991,
        "nauc_precision_at_5_diff1": -0.081413,
        "nauc_precision_at_10_max": 0.298447,
        "nauc_precision_at_10_std": 0.128564,
        "nauc_precision_at_10_diff1": -0.121246,
        "nauc_precision_at_20_max": 0.265044,
        "nauc_precision_at_20_std": 0.023607,
        "nauc_precision_at_20_diff1": -0.101464,
        "nauc_precision_at_100_max": 0.265044,
        "nauc_precision_at_100_std": 0.023607,
        "nauc_precision_at_100_diff1": -0.101464,
        "nauc_precision_at_1000_max": 0.265044,
        "nauc_precision_at_1000_std": 0.023607,
        "nauc_precision_at_1000_diff1": -0.101464,
        "nauc_mrr_at_1_max": 0.423653,
        "nauc_mrr_at_1_std": 0.173072,
        "nauc_mrr_at_1_diff1": 0.222272,
        "nauc_mrr_at_3_max": 0.397737,
        "nauc_mrr_at_3_std": 0.164426,
        "nauc_mrr_at_3_diff1": 0.21912,
        "nauc_mrr_at_5_max": 0.4049,
        "nauc_mrr_at_5_std": 0.174712,
        "nauc_mrr_at_5_diff1": 0.225207,
        "nauc_mrr_at_10_max": 0.40803,
        "nauc_mrr_at_10_std": 0.174824,
        "nauc_mrr_at_10_diff1": 0.223717,
        "nauc_mrr_at_20_max": 0.408129,
        "nauc_mrr_at_20_std": 0.172028,
        "nauc_mrr_at_20_diff1": 0.223985,
        "nauc_mrr_at_100_max": 0.408129,
        "nauc_mrr_at_100_std": 0.172028,
        "nauc_mrr_at_100_diff1": 0.223985,
        "nauc_mrr_at_1000_max": 0.408129,
        "nauc_mrr_at_1000_std": 0.172028,
        "nauc_mrr_at_1000_diff1": 0.223985,
        "hit_rate_at_1": 0.66482,
        "hit_rate_at_3": 0.83657,
        "hit_rate_at_5": 0.9169,
        "hit_rate_at_10": 0.96676,
        "hit_rate_at_20": 1.0,
        "hit_rate_at_100": 1.0,
        "hit_rate_at_1000": 1.0,
        "main_score": 0.63339,
        "hf_subset": "default",
        "languages": [
          "eng-Latn"
        ],
        "mteb_version": "2.14.2"
      }
    ]
  },
  "evaluation_time": 26.280765056610107,
  "kg_co2_emissions": null,
  "date": null
}