{
  "dataset_revision": "3a309e201f3c2c4b13bd4a367a8f37eee2ec1d21",
  "task_name": "ClimateFEVERHardNegatives",
  "mteb_version": "2.14.2",
  "scores": {
    "test": [
      {
        "ndcg_at_1": 0.197,
        "ndcg_at_3": 0.18613,
        "ndcg_at_5": 0.20194,
        "ndcg_at_10": 0.23529,
        "ndcg_at_20": 0.25987,
        "ndcg_at_100": 0.30657,
        "ndcg_at_1000": 0.34866,
        "map_at_1": 0.09135,
        "map_at_3": 0.13704,
        "map_at_5": 0.14896,
        "map_at_10": 0.16375,
        "map_at_20": 0.17162,
        "map_at_100": 0.17991,
        "map_at_1000": 0.18211,
        "recall_at_1": 0.09135,
        "recall_at_3": 0.18008,
        "recall_at_5": 0.22287,
        "recall_at_10": 0.29973,
        "recall_at_20": 0.37002,
        "recall_at_100": 0.54998,
        "recall_at_1000": 0.78545,
        "accuracy": 0.09135,
        "precision_at_1": 0.197,
        "precision_at_3": 0.13633,
        "precision_at_5": 0.1046,
        "precision_at_10": 0.0735,
        "precision_at_20": 0.0473,
        "precision_at_100": 0.01509,
        "precision_at_1000": 0.00229,
        "mrr_at_1": 0.197,
        "mrr_at_3": 0.27,
        "mrr_at_5": 0.2885,
        "mrr_at_10": 0.304358,
        "mrr_at_20": 0.310643,
        "mrr_at_100": 0.315354,
        "mrr_at_1000": 0.315954,
        "nauc_ndcg_at_1_max": 0.256855,
        "nauc_ndcg_at_1_std": 0.048775,
        "nauc_ndcg_at_1_diff1": 0.231932,
        "nauc_ndcg_at_3_max": 0.243185,
        "nauc_ndcg_at_3_std": 0.034511,
        "nauc_ndcg_at_3_diff1": 0.143225,
        "nauc_ndcg_at_5_max": 0.252431,
        "nauc_ndcg_at_5_std": 0.057714,
        "nauc_ndcg_at_5_diff1": 0.14905,
        "nauc_ndcg_at_10_max": 0.276615,
        "nauc_ndcg_at_10_std": 0.092059,
        "nauc_ndcg_at_10_diff1": 0.156634,
        "nauc_ndcg_at_20_max": 0.282616,
        "nauc_ndcg_at_20_std": 0.10254,
        "nauc_ndcg_at_20_diff1": 0.156579,
        "nauc_ndcg_at_100_max": 0.293126,
        "nauc_ndcg_at_100_std": 0.122126,
        "nauc_ndcg_at_100_diff1": 0.164976,
        "nauc_ndcg_at_1000_max": 0.294451,
        "nauc_ndcg_at_1000_std": 0.114181,
        "nauc_ndcg_at_1000_diff1": 0.169609,
        "nauc_map_at_1_max": 0.299425,
        "nauc_map_at_1_std": 0.02444,
        "nauc_map_at_1_diff1": 0.262122,
        "nauc_map_at_3_max": 0.267045,
        "nauc_map_at_3_std": 0.02614,
        "nauc_map_at_3_diff1": 0.176818,
        "nauc_map_at_5_max": 0.268862,
        "nauc_map_at_5_std": 0.041525,
        "nauc_map_at_5_diff1": 0.174726,
        "nauc_map_at_10_max": 0.279233,
        "nauc_map_at_10_std": 0.060418,
        "nauc_map_at_10_diff1": 0.176187,
        "nauc_map_at_20_max": 0.281384,
        "nauc_map_at_20_std": 0.066229,
        "nauc_map_at_20_diff1": 0.173825,
        "nauc_map_at_100_max": 0.283835,
        "nauc_map_at_100_std": 0.071502,
        "nauc_map_at_100_diff1": 0.175583,
        "nauc_map_at_1000_max": 0.283596,
        "nauc_map_at_1000_std": 0.071289,
        "nauc_map_at_1000_diff1": 0.175638,
        "nauc_recall_at_1_max": 0.299425,
        "nauc_recall_at_1_std": 0.02444,
        "nauc_recall_at_1_diff1": 0.262122,
        "nauc_recall_at_3_max": 0.215731,
        "nauc_recall_at_3_std": 0.024079,
        "nauc_recall_at_3_diff1": 0.10034,
        "nauc_recall_at_5_max": 0.212942,
        "nauc_recall_at_5_std": 0.058168,
        "nauc_recall_at_5_diff1": 0.099432,
        "nauc_recall_at_10_max": 0.2453,
        "nauc_recall_at_10_std": 0.119083,
        "nauc_recall_at_10_diff1": 0.111913,
        "nauc_recall_at_20_max": 0.25649,
        "nauc_recall_at_20_std": 0.142596,
        "nauc_recall_at_20_diff1": 0.109638,
        "nauc_recall_at_100_max": 0.266729,
        "nauc_recall_at_100_std": 0.194688,
        "nauc_recall_at_100_diff1": 0.123671,
        "nauc_recall_at_1000_max": 0.304038,
        "nauc_recall_at_1000_std": 0.199291,
        "nauc_recall_at_1000_diff1": 0.147933,
        "nauc_precision_at_1_max": 0.256855,
        "nauc_precision_at_1_std": 0.048775,
        "nauc_precision_at_1_diff1": 0.231932,
        "nauc_precision_at_3_max": 0.209316,
        "nauc_precision_at_3_std": 0.057262,
        "nauc_precision_at_3_diff1": 0.076238,
        "nauc_precision_at_5_max": 0.21623,
        "nauc_precision_at_5_std": 0.109571,
        "nauc_precision_at_5_diff1": 0.081335,
        "nauc_precision_at_10_max": 0.259007,
        "nauc_precision_at_10_std": 0.180515,
        "nauc_precision_at_10_diff1": 0.08727,
        "nauc_precision_at_20_max": 0.238551,
        "nauc_precision_at_20_std": 0.181424,
        "nauc_precision_at_20_diff1": 0.079993,
        "nauc_precision_at_100_max": 0.204885,
        "nauc_precision_at_100_std": 0.201714,
        "nauc_precision_at_100_diff1": 0.076732,
        "nauc_precision_at_1000_max": 0.103289,
        "nauc_precision_at_1000_std": 0.11573,
        "nauc_precision_at_1000_diff1": 0.049526,
        "nauc_mrr_at_1_max": 0.256855,
        "nauc_mrr_at_1_std": 0.048775,
        "nauc_mrr_at_1_diff1": 0.231932,
        "nauc_mrr_at_3_max": 0.240275,
        "nauc_mrr_at_3_std": 0.054157,
        "nauc_mrr_at_3_diff1": 0.151186,
        "nauc_mrr_at_5_max": 0.240628,
        "nauc_mrr_at_5_std": 0.063532,
        "nauc_mrr_at_5_diff1": 0.15489,
        "nauc_mrr_at_10_max": 0.251735,
        "nauc_mrr_at_10_std": 0.073019,
        "nauc_mrr_at_10_diff1": 0.160921,
        "nauc_mrr_at_20_max": 0.252367,
        "nauc_mrr_at_20_std": 0.072977,
        "nauc_mrr_at_20_diff1": 0.163601,
        "nauc_mrr_at_100_max": 0.252394,
        "nauc_mrr_at_100_std": 0.073042,
        "nauc_mrr_at_100_diff1": 0.163492,
        "nauc_mrr_at_1000_max": 0.252116,
        "nauc_mrr_at_1000_std": 0.072696,
        "nauc_mrr_at_1000_diff1": 0.163357,
        "hit_rate_at_1": 0.197,
        "hit_rate_at_3": 0.363,
        "hit_rate_at_5": 0.444,
        "hit_rate_at_10": 0.562,
        "hit_rate_at_20": 0.655,
        "hit_rate_at_100": 0.831,
        "hit_rate_at_1000": 0.951,
        "main_score": 0.23529,
        "hf_subset": "default",
        "languages": [
          "eng-Latn"
        ],
        "mteb_version": "2.14.2"
      }
    ]
  },
  "evaluation_time": 433.53354930877686,
  "kg_co2_emissions": null,
  "date": null
}