{
  "dataset_revision": "6c6430d3a6d36f8d2a829195bc5dc94d7e063e53",
  "task_name": "CQADupstackUnixRetrieval",
  "mteb_version": "2.14.2",
  "scores": {
    "test": [
      {
        "ndcg_at_1": 0.39272,
        "ndcg_at_3": 0.4484,
        "ndcg_at_5": 0.47354,
        "ndcg_at_10": 0.50272,
        "ndcg_at_20": 0.52295,
        "ndcg_at_100": 0.55393,
        "ndcg_at_1000": 0.57119,
        "map_at_1": 0.33293,
        "map_at_3": 0.40972,
        "map_at_5": 0.429,
        "map_at_10": 0.44408,
        "map_at_20": 0.45068,
        "map_at_100": 0.45579,
        "map_at_1000": 0.4567,
        "recall_at_1": 0.33293,
        "recall_at_3": 0.48937,
        "recall_at_5": 0.55314,
        "recall_at_10": 0.63645,
        "recall_at_20": 0.70869,
        "recall_at_100": 0.85691,
        "recall_at_1000": 0.97101,
        "accuracy": 0.33293,
        "precision_at_1": 0.39272,
        "precision_at_3": 0.2046,
        "precision_at_5": 0.14347,
        "precision_at_10": 0.08591,
        "precision_at_20": 0.04874,
        "precision_at_100": 0.01235,
        "precision_at_1000": 0.00149,
        "mrr_at_1": 0.392724,
        "mrr_at_3": 0.462065,
        "mrr_at_5": 0.475544,
        "mrr_at_10": 0.486709,
        "mrr_at_20": 0.491434,
        "mrr_at_100": 0.49469,
        "mrr_at_1000": 0.495139,
        "nauc_ndcg_at_1_max": 0.437134,
        "nauc_ndcg_at_1_std": -0.03717,
        "nauc_ndcg_at_1_diff1": 0.532647,
        "nauc_ndcg_at_3_max": 0.39854,
        "nauc_ndcg_at_3_std": -0.04212,
        "nauc_ndcg_at_3_diff1": 0.476119,
        "nauc_ndcg_at_5_max": 0.402897,
        "nauc_ndcg_at_5_std": -0.033026,
        "nauc_ndcg_at_5_diff1": 0.471394,
        "nauc_ndcg_at_10_max": 0.407575,
        "nauc_ndcg_at_10_std": -0.019595,
        "nauc_ndcg_at_10_diff1": 0.46189,
        "nauc_ndcg_at_20_max": 0.410321,
        "nauc_ndcg_at_20_std": -0.018913,
        "nauc_ndcg_at_20_diff1": 0.463607,
        "nauc_ndcg_at_100_max": 0.414024,
        "nauc_ndcg_at_100_std": -0.016979,
        "nauc_ndcg_at_100_diff1": 0.471551,
        "nauc_ndcg_at_1000_max": 0.415393,
        "nauc_ndcg_at_1000_std": -0.015768,
        "nauc_ndcg_at_1000_diff1": 0.474319,
        "nauc_map_at_1_max": 0.381875,
        "nauc_map_at_1_std": -0.049655,
        "nauc_map_at_1_diff1": 0.543447,
        "nauc_map_at_3_max": 0.3873,
        "nauc_map_at_3_std": -0.050534,
        "nauc_map_at_3_diff1": 0.495427,
        "nauc_map_at_5_max": 0.397185,
        "nauc_map_at_5_std": -0.043184,
        "nauc_map_at_5_diff1": 0.490013,
        "nauc_map_at_10_max": 0.401344,
        "nauc_map_at_10_std": -0.036796,
        "nauc_map_at_10_diff1": 0.484357,
        "nauc_map_at_20_max": 0.403794,
        "nauc_map_at_20_std": -0.035411,
        "nauc_map_at_20_diff1": 0.48466,
        "nauc_map_at_100_max": 0.404603,
        "nauc_map_at_100_std": -0.035111,
        "nauc_map_at_100_diff1": 0.485776,
        "nauc_map_at_1000_max": 0.404658,
        "nauc_map_at_1000_std": -0.034854,
        "nauc_map_at_1000_diff1": 0.485895,
        "nauc_recall_at_1_max": 0.381875,
        "nauc_recall_at_1_std": -0.049655,
        "nauc_recall_at_1_diff1": 0.543447,
        "nauc_recall_at_3_max": 0.352676,
        "nauc_recall_at_3_std": -0.044763,
        "nauc_recall_at_3_diff1": 0.425057,
        "nauc_recall_at_5_max": 0.362807,
        "nauc_recall_at_5_std": -0.020953,
        "nauc_recall_at_5_diff1": 0.401316,
        "nauc_recall_at_10_max": 0.371502,
        "nauc_recall_at_10_std": 0.023121,
        "nauc_recall_at_10_diff1": 0.368331,
        "nauc_recall_at_20_max": 0.367769,
        "nauc_recall_at_20_std": 0.02324,
        "nauc_recall_at_20_diff1": 0.359894,
        "nauc_recall_at_100_max": 0.389303,
        "nauc_recall_at_100_std": 0.070957,
        "nauc_recall_at_100_diff1": 0.385979,
        "nauc_recall_at_1000_max": 0.557205,
        "nauc_recall_at_1000_std": 0.470711,
        "nauc_recall_at_1000_diff1": 0.387639,
        "nauc_precision_at_1_max": 0.437134,
        "nauc_precision_at_1_std": -0.03717,
        "nauc_precision_at_1_diff1": 0.532647,
        "nauc_precision_at_3_max": 0.385434,
        "nauc_precision_at_3_std": -0.007156,
        "nauc_precision_at_3_diff1": 0.315089,
        "nauc_precision_at_5_max": 0.363604,
        "nauc_precision_at_5_std": 0.027296,
        "nauc_precision_at_5_diff1": 0.227929,
        "nauc_precision_at_10_max": 0.308971,
        "nauc_precision_at_10_std": 0.052969,
        "nauc_precision_at_10_diff1": 0.12064,
        "nauc_precision_at_20_max": 0.279515,
        "nauc_precision_at_20_std": 0.071727,
        "nauc_precision_at_20_diff1": 0.075577,
        "nauc_precision_at_100_max": 0.154309,
        "nauc_precision_at_100_std": 0.092838,
        "nauc_precision_at_100_diff1": -0.034045,
        "nauc_precision_at_1000_max": 0.001569,
        "nauc_precision_at_1000_std": 0.05554,
        "nauc_precision_at_1000_diff1": -0.153502,
        "nauc_mrr_at_1_max": 0.437134,
        "nauc_mrr_at_1_std": -0.03717,
        "nauc_mrr_at_1_diff1": 0.532647,
        "nauc_mrr_at_3_max": 0.425517,
        "nauc_mrr_at_3_std": -0.030212,
        "nauc_mrr_at_3_diff1": 0.489207,
        "nauc_mrr_at_5_max": 0.427582,
        "nauc_mrr_at_5_std": -0.024801,
        "nauc_mrr_at_5_diff1": 0.487351,
        "nauc_mrr_at_10_max": 0.428363,
        "nauc_mrr_at_10_std": -0.021225,
        "nauc_mrr_at_10_diff1": 0.484113,
        "nauc_mrr_at_20_max": 0.427175,
        "nauc_mrr_at_20_std": -0.022942,
        "nauc_mrr_at_20_diff1": 0.485166,
        "nauc_mrr_at_100_max": 0.427268,
        "nauc_mrr_at_100_std": -0.023339,
        "nauc_mrr_at_100_diff1": 0.486352,
        "nauc_mrr_at_1000_max": 0.427301,
        "nauc_mrr_at_1000_std": -0.023252,
        "nauc_mrr_at_1000_diff1": 0.48647,
        "hit_rate_at_1": 0.39272,
        "hit_rate_at_3": 0.55317,
        "hit_rate_at_5": 0.61101,
        "hit_rate_at_10": 0.69403,
        "hit_rate_at_20": 0.76306,
        "hit_rate_at_100": 0.89179,
        "hit_rate_at_1000": 0.98321,
        "main_score": 0.50272,
        "hf_subset": "default",
        "languages": [
          "eng-Latn"
        ],
        "mteb_version": "2.14.2"
      }
    ]
  },
  "evaluation_time": 475.17930603027344,
  "kg_co2_emissions": null,
  "date": null
}