{
  "dataset_revision": "4885aa143210c98657558c04aaf3dc47cfb54340",
  "task_name": "CQADupstackGamingRetrieval",
  "mteb_version": "2.14.2",
  "scores": {
    "test": [
      {
        "ndcg_at_1": 0.49718,
        "ndcg_at_3": 0.57811,
        "ndcg_at_5": 0.60594,
        "ndcg_at_10": 0.63504,
        "ndcg_at_20": 0.6506,
        "ndcg_at_100": 0.66916,
        "ndcg_at_1000": 0.67729,
        "map_at_1": 0.43376,
        "map_at_3": 0.53722,
        "map_at_5": 0.55725,
        "map_at_10": 0.57269,
        "map_at_20": 0.57867,
        "map_at_100": 0.58209,
        "map_at_1000": 0.58252,
        "recall_at_1": 0.43376,
        "recall_at_3": 0.63266,
        "recall_at_5": 0.69949,
        "recall_at_10": 0.78368,
        "recall_at_20": 0.84052,
        "recall_at_100": 0.92943,
        "recall_at_1000": 0.98627,
        "accuracy": 0.43376,
        "precision_at_1": 0.49718,
        "precision_at_3": 0.25852,
        "precision_at_5": 0.17781,
        "precision_at_10": 0.10251,
        "precision_at_20": 0.05636,
        "precision_at_100": 0.01287,
        "precision_at_1000": 0.00139,
        "mrr_at_1": 0.497179,
        "mrr_at_3": 0.581923,
        "mrr_at_5": 0.59628,
        "mrr_at_10": 0.606192,
        "mrr_at_20": 0.609593,
        "mrr_at_100": 0.61154,
        "mrr_at_1000": 0.611739,
        "nauc_ndcg_at_1_max": 0.36236,
        "nauc_ndcg_at_1_std": -0.117811,
        "nauc_ndcg_at_1_diff1": 0.578301,
        "nauc_ndcg_at_3_max": 0.373494,
        "nauc_ndcg_at_3_std": -0.126643,
        "nauc_ndcg_at_3_diff1": 0.542229,
        "nauc_ndcg_at_5_max": 0.386355,
        "nauc_ndcg_at_5_std": -0.118656,
        "nauc_ndcg_at_5_diff1": 0.536782,
        "nauc_ndcg_at_10_max": 0.398726,
        "nauc_ndcg_at_10_std": -0.093304,
        "nauc_ndcg_at_10_diff1": 0.531083,
        "nauc_ndcg_at_20_max": 0.399943,
        "nauc_ndcg_at_20_std": -0.083488,
        "nauc_ndcg_at_20_diff1": 0.531987,
        "nauc_ndcg_at_100_max": 0.401823,
        "nauc_ndcg_at_100_std": -0.077716,
        "nauc_ndcg_at_100_diff1": 0.535901,
        "nauc_ndcg_at_1000_max": 0.398568,
        "nauc_ndcg_at_1000_std": -0.082992,
        "nauc_ndcg_at_1000_diff1": 0.540158,
        "nauc_map_at_1_max": 0.307381,
        "nauc_map_at_1_std": -0.14018,
        "nauc_map_at_1_diff1": 0.588049,
        "nauc_map_at_3_max": 0.361514,
        "nauc_map_at_3_std": -0.14294,
        "nauc_map_at_3_diff1": 0.560331,
        "nauc_map_at_5_max": 0.371709,
        "nauc_map_at_5_std": -0.134244,
        "nauc_map_at_5_diff1": 0.555664,
        "nauc_map_at_10_max": 0.378399,
        "nauc_map_at_10_std": -0.121134,
        "nauc_map_at_10_diff1": 0.551801,
        "nauc_map_at_20_max": 0.380407,
        "nauc_map_at_20_std": -0.115179,
        "nauc_map_at_20_diff1": 0.551461,
        "nauc_map_at_100_max": 0.381261,
        "nauc_map_at_100_std": -0.112432,
        "nauc_map_at_100_diff1": 0.551622,
        "nauc_map_at_1000_max": 0.381278,
        "nauc_map_at_1000_std": -0.112427,
        "nauc_map_at_1000_diff1": 0.551837,
        "nauc_recall_at_1_max": 0.307381,
        "nauc_recall_at_1_std": -0.14018,
        "nauc_recall_at_1_diff1": 0.588049,
        "nauc_recall_at_3_max": 0.358244,
        "nauc_recall_at_3_std": -0.142644,
        "nauc_recall_at_3_diff1": 0.497586,
        "nauc_recall_at_5_max": 0.387822,
        "nauc_recall_at_5_std": -0.12026,
        "nauc_recall_at_5_diff1": 0.473032,
        "nauc_recall_at_10_max": 0.435968,
        "nauc_recall_at_10_std": -0.019665,
        "nauc_recall_at_10_diff1": 0.431935,
        "nauc_recall_at_20_max": 0.457391,
        "nauc_recall_at_20_std": 0.063036,
        "nauc_recall_at_20_diff1": 0.412129,
        "nauc_recall_at_100_max": 0.547515,
        "nauc_recall_at_100_std": 0.250071,
        "nauc_recall_at_100_diff1": 0.382864,
        "nauc_recall_at_1000_max": 0.738078,
        "nauc_recall_at_1000_std": 0.694448,
        "nauc_recall_at_1000_diff1": 0.407911,
        "nauc_precision_at_1_max": 0.36236,
        "nauc_precision_at_1_std": -0.117811,
        "nauc_precision_at_1_diff1": 0.578301,
        "nauc_precision_at_3_max": 0.3586,
        "nauc_precision_at_3_std": -0.035,
        "nauc_precision_at_3_diff1": 0.289998,
        "nauc_precision_at_5_max": 0.324866,
        "nauc_precision_at_5_std": 0.045915,
        "nauc_precision_at_5_diff1": 0.16519,
        "nauc_precision_at_10_max": 0.283904,
        "nauc_precision_at_10_std": 0.152638,
        "nauc_precision_at_10_diff1": 0.039072,
        "nauc_precision_at_20_max": 0.237102,
        "nauc_precision_at_20_std": 0.224942,
        "nauc_precision_at_20_diff1": -0.037488,
        "nauc_precision_at_100_max": 0.174305,
        "nauc_precision_at_100_std": 0.295077,
        "nauc_precision_at_100_diff1": -0.123459,
        "nauc_precision_at_1000_max": 0.120227,
        "nauc_precision_at_1000_std": 0.287657,
        "nauc_precision_at_1000_diff1": -0.152304,
        "nauc_mrr_at_1_max": 0.36236,
        "nauc_mrr_at_1_std": -0.117811,
        "nauc_mrr_at_1_diff1": 0.578301,
        "nauc_mrr_at_3_max": 0.378865,
        "nauc_mrr_at_3_std": -0.110657,
        "nauc_mrr_at_3_diff1": 0.544412,
        "nauc_mrr_at_5_max": 0.383303,
        "nauc_mrr_at_5_std": -0.10864,
        "nauc_mrr_at_5_diff1": 0.541772,
        "nauc_mrr_at_10_max": 0.386891,
        "nauc_mrr_at_10_std": -0.099539,
        "nauc_mrr_at_10_diff1": 0.541286,
        "nauc_mrr_at_20_max": 0.386345,
        "nauc_mrr_at_20_std": -0.098073,
        "nauc_mrr_at_20_diff1": 0.541827,
        "nauc_mrr_at_100_max": 0.386138,
        "nauc_mrr_at_100_std": -0.098259,
        "nauc_mrr_at_100_diff1": 0.54242,
        "nauc_mrr_at_1000_max": 0.386003,
        "nauc_mrr_at_1000_std": -0.098455,
        "nauc_mrr_at_1000_diff1": 0.54255,
        "hit_rate_at_1": 0.49718,
        "hit_rate_at_3": 0.6884,
        "hit_rate_at_5": 0.7511,
        "hit_rate_at_10": 0.82382,
        "hit_rate_at_20": 0.87147,
        "hit_rate_at_100": 0.94734,
        "hit_rate_at_1000": 0.98997,
        "main_score": 0.63504,
        "hf_subset": "default",
        "languages": [
          "eng-Latn"
        ],
        "mteb_version": "2.14.2"
      }
    ]
  },
  "evaluation_time": 244.61469507217407,
  "kg_co2_emissions": null,
  "date": null
}