{
  "dataset_revision": "080c9ed6267b65029207906e815d44a9240bafca",
  "task_name": "FEVERHardNegatives",
  "mteb_version": "2.14.2",
  "scores": {
    "test": [
      {
        "ndcg_at_1": 0.629,
        "ndcg_at_3": 0.72639,
        "ndcg_at_5": 0.74383,
        "ndcg_at_10": 0.76194,
        "ndcg_at_20": 0.7697,
        "ndcg_at_100": 0.77829,
        "ndcg_at_1000": 0.78109,
        "map_at_1": 0.5896,
        "map_at_3": 0.68591,
        "map_at_5": 0.6967,
        "map_at_10": 0.70496,
        "map_at_20": 0.70729,
        "map_at_100": 0.70875,
        "map_at_1000": 0.70892,
        "recall_at_1": 0.5896,
        "recall_at_3": 0.8013,
        "recall_at_5": 0.84613,
        "recall_at_10": 0.89965,
        "recall_at_20": 0.92951,
        "recall_at_100": 0.97062,
        "recall_at_1000": 0.98694,
        "accuracy": 0.5896,
        "precision_at_1": 0.629,
        "precision_at_3": 0.286,
        "precision_at_5": 0.1814,
        "precision_at_10": 0.0973,
        "precision_at_20": 0.05045,
        "precision_at_100": 0.01074,
        "precision_at_1000": 0.00112,
        "mrr_at_1": 0.629,
        "mrr_at_3": 0.726833,
        "mrr_at_5": 0.736933,
        "mrr_at_10": 0.74415,
        "mrr_at_20": 0.745927,
        "mrr_at_100": 0.746828,
        "mrr_at_1000": 0.746828,
        "nauc_ndcg_at_1_max": 0.214254,
        "nauc_ndcg_at_1_std": -0.154896,
        "nauc_ndcg_at_1_diff1": 0.536256,
        "nauc_ndcg_at_3_max": 0.244112,
        "nauc_ndcg_at_3_std": -0.17118,
        "nauc_ndcg_at_3_diff1": 0.470936,
        "nauc_ndcg_at_5_max": 0.23494,
        "nauc_ndcg_at_5_std": -0.166906,
        "nauc_ndcg_at_5_diff1": 0.463511,
        "nauc_ndcg_at_10_max": 0.244846,
        "nauc_ndcg_at_10_std": -0.151825,
        "nauc_ndcg_at_10_diff1": 0.480001,
        "nauc_ndcg_at_20_max": 0.240348,
        "nauc_ndcg_at_20_std": -0.154708,
        "nauc_ndcg_at_20_diff1": 0.484469,
        "nauc_ndcg_at_100_max": 0.230526,
        "nauc_ndcg_at_100_std": -0.149115,
        "nauc_ndcg_at_100_diff1": 0.481786,
        "nauc_ndcg_at_1000_max": 0.23191,
        "nauc_ndcg_at_1000_std": -0.150497,
        "nauc_ndcg_at_1000_diff1": 0.484102,
        "nauc_map_at_1_max": 0.183162,
        "nauc_map_at_1_std": -0.136827,
        "nauc_map_at_1_diff1": 0.491611,
        "nauc_map_at_3_max": 0.218658,
        "nauc_map_at_3_std": -0.159409,
        "nauc_map_at_3_diff1": 0.469548,
        "nauc_map_at_5_max": 0.2151,
        "nauc_map_at_5_std": -0.158051,
        "nauc_map_at_5_diff1": 0.467735,
        "nauc_map_at_10_max": 0.219202,
        "nauc_map_at_10_std": -0.152473,
        "nauc_map_at_10_diff1": 0.474352,
        "nauc_map_at_20_max": 0.218205,
        "nauc_map_at_20_std": -0.153212,
        "nauc_map_at_20_diff1": 0.475615,
        "nauc_map_at_100_max": 0.216998,
        "nauc_map_at_100_std": -0.152419,
        "nauc_map_at_100_diff1": 0.475484,
        "nauc_map_at_1000_max": 0.217061,
        "nauc_map_at_1000_std": -0.152456,
        "nauc_map_at_1000_diff1": 0.475564,
        "nauc_recall_at_1_max": 0.183162,
        "nauc_recall_at_1_std": -0.136827,
        "nauc_recall_at_1_diff1": 0.491611,
        "nauc_recall_at_3_max": 0.282389,
        "nauc_recall_at_3_std": -0.188073,
        "nauc_recall_at_3_diff1": 0.401392,
        "nauc_recall_at_5_max": 0.261487,
        "nauc_recall_at_5_std": -0.173635,
        "nauc_recall_at_5_diff1": 0.353421,
        "nauc_recall_at_10_max": 0.327891,
        "nauc_recall_at_10_std": -0.086112,
        "nauc_recall_at_10_diff1": 0.386787,
        "nauc_recall_at_20_max": 0.308958,
        "nauc_recall_at_20_std": -0.088733,
        "nauc_recall_at_20_diff1": 0.390204,
        "nauc_recall_at_100_max": 0.107331,
        "nauc_recall_at_100_std": 0.138265,
        "nauc_recall_at_100_diff1": 0.215553,
        "nauc_recall_at_1000_max": 0.121927,
        "nauc_recall_at_1000_std": 0.301878,
        "nauc_recall_at_1000_diff1": 0.234514,
        "nauc_precision_at_1_max": 0.214254,
        "nauc_precision_at_1_std": -0.154896,
        "nauc_precision_at_1_diff1": 0.536256,
        "nauc_precision_at_3_max": 0.366819,
        "nauc_precision_at_3_std": -0.226197,
        "nauc_precision_at_3_diff1": 0.446522,
        "nauc_precision_at_5_max": 0.35042,
        "nauc_precision_at_5_std": -0.218031,
        "nauc_precision_at_5_diff1": 0.378602,
        "nauc_precision_at_10_max": 0.371922,
        "nauc_precision_at_10_std": -0.079439,
        "nauc_precision_at_10_diff1": 0.320161,
        "nauc_precision_at_20_max": 0.292479,
        "nauc_precision_at_20_std": -0.055708,
        "nauc_precision_at_20_diff1": 0.225068,
        "nauc_precision_at_100_max": 0.090606,
        "nauc_precision_at_100_std": 0.097434,
        "nauc_precision_at_100_diff1": -0.030501,
        "nauc_precision_at_1000_max": 0.043125,
        "nauc_precision_at_1000_std": 0.081002,
        "nauc_precision_at_1000_diff1": -0.069051,
        "nauc_mrr_at_1_max": 0.214254,
        "nauc_mrr_at_1_std": -0.154896,
        "nauc_mrr_at_1_diff1": 0.536256,
        "nauc_mrr_at_3_max": 0.256992,
        "nauc_mrr_at_3_std": -0.175056,
        "nauc_mrr_at_3_diff1": 0.51499,
        "nauc_mrr_at_5_max": 0.25026,
        "nauc_mrr_at_5_std": -0.174016,
        "nauc_mrr_at_5_diff1": 0.510069,
        "nauc_mrr_at_10_max": 0.252386,
        "nauc_mrr_at_10_std": -0.168476,
        "nauc_mrr_at_10_diff1": 0.51724,
        "nauc_mrr_at_20_max": 0.251219,
        "nauc_mrr_at_20_std": -0.168989,
        "nauc_mrr_at_20_diff1": 0.518208,
        "nauc_mrr_at_100_max": 0.249513,
        "nauc_mrr_at_100_std": -0.168842,
        "nauc_mrr_at_100_diff1": 0.517672,
        "nauc_mrr_at_1000_max": 0.249513,
        "nauc_mrr_at_1000_std": -0.168842,
        "nauc_mrr_at_1000_diff1": 0.517672,
        "hit_rate_at_1": 0.629,
        "hit_rate_at_3": 0.848,
        "hit_rate_at_5": 0.892,
        "hit_rate_at_10": 0.943,
        "hit_rate_at_20": 0.969,
        "hit_rate_at_100": 1.0,
        "hit_rate_at_1000": 1.0,
        "main_score": 0.76194,
        "hf_subset": "default",
        "languages": [
          "eng-Latn"
        ],
        "mteb_version": "2.14.2"
      }
    ]
  },
  "evaluation_time": 1122.8078474998474,
  "kg_co2_emissions": null,
  "date": null
}