{
  "dataset_revision": "27a168819829fe9bcd655c2df245fb19452e8e06",
  "task_name": "FiQA2018",
  "mteb_version": "2.14.2",
  "scores": {
    "test": [
      {
        "ndcg_at_1": 0.47994,
        "ndcg_at_3": 0.4501,
        "ndcg_at_5": 0.46194,
        "ndcg_at_10": 0.49267,
        "ndcg_at_20": 0.52005,
        "ndcg_at_100": 0.55989,
        "ndcg_at_1000": 0.58326,
        "map_at_1": 0.25998,
        "map_at_3": 0.3571,
        "map_at_5": 0.38442,
        "map_at_10": 0.40937,
        "map_at_20": 0.42094,
        "map_at_100": 0.42982,
        "map_at_1000": 0.43133,
        "recall_at_1": 0.25998,
        "recall_at_3": 0.40751,
        "recall_at_5": 0.47101,
        "recall_at_10": 0.56702,
        "recall_at_20": 0.65113,
        "recall_at_100": 0.81075,
        "recall_at_1000": 0.94959,
        "accuracy": 0.25998,
        "precision_at_1": 0.47994,
        "precision_at_3": 0.2963,
        "precision_at_5": 0.21698,
        "precision_at_10": 0.13596,
        "precision_at_20": 0.07971,
        "precision_at_100": 0.02071,
        "precision_at_1000": 0.00248,
        "mrr_at_1": 0.479938,
        "mrr_at_3": 0.547325,
        "mrr_at_5": 0.560597,
        "mrr_at_10": 0.569955,
        "mrr_at_20": 0.573698,
        "mrr_at_100": 0.576404,
        "mrr_at_1000": 0.576718,
        "nauc_ndcg_at_1_max": 0.328701,
        "nauc_ndcg_at_1_std": -0.139845,
        "nauc_ndcg_at_1_diff1": 0.554422,
        "nauc_ndcg_at_3_max": 0.305991,
        "nauc_ndcg_at_3_std": -0.11056,
        "nauc_ndcg_at_3_diff1": 0.421646,
        "nauc_ndcg_at_5_max": 0.29422,
        "nauc_ndcg_at_5_std": -0.117947,
        "nauc_ndcg_at_5_diff1": 0.42309,
        "nauc_ndcg_at_10_max": 0.29673,
        "nauc_ndcg_at_10_std": -0.112289,
        "nauc_ndcg_at_10_diff1": 0.43037,
        "nauc_ndcg_at_20_max": 0.307437,
        "nauc_ndcg_at_20_std": -0.084395,
        "nauc_ndcg_at_20_diff1": 0.425222,
        "nauc_ndcg_at_100_max": 0.32906,
        "nauc_ndcg_at_100_std": -0.065778,
        "nauc_ndcg_at_100_diff1": 0.425472,
        "nauc_ndcg_at_1000_max": 0.333256,
        "nauc_ndcg_at_1000_std": -0.06983,
        "nauc_ndcg_at_1000_diff1": 0.432503,
        "nauc_map_at_1_max": 0.136233,
        "nauc_map_at_1_std": -0.15393,
        "nauc_map_at_1_diff1": 0.474413,
        "nauc_map_at_3_max": 0.214171,
        "nauc_map_at_3_std": -0.134273,
        "nauc_map_at_3_diff1": 0.436052,
        "nauc_map_at_5_max": 0.241457,
        "nauc_map_at_5_std": -0.134819,
        "nauc_map_at_5_diff1": 0.428414,
        "nauc_map_at_10_max": 0.262587,
        "nauc_map_at_10_std": -0.129494,
        "nauc_map_at_10_diff1": 0.425054,
        "nauc_map_at_20_max": 0.270761,
        "nauc_map_at_20_std": -0.119246,
        "nauc_map_at_20_diff1": 0.422758,
        "nauc_map_at_100_max": 0.277002,
        "nauc_map_at_100_std": -0.113439,
        "nauc_map_at_100_diff1": 0.421102,
        "nauc_map_at_1000_max": 0.277801,
        "nauc_map_at_1000_std": -0.113247,
        "nauc_map_at_1000_diff1": 0.421495,
        "nauc_recall_at_1_max": 0.136233,
        "nauc_recall_at_1_std": -0.15393,
        "nauc_recall_at_1_diff1": 0.474413,
        "nauc_recall_at_3_max": 0.185154,
        "nauc_recall_at_3_std": -0.10578,
        "nauc_recall_at_3_diff1": 0.367646,
        "nauc_recall_at_5_max": 0.216292,
        "nauc_recall_at_5_std": -0.107864,
        "nauc_recall_at_5_diff1": 0.343904,
        "nauc_recall_at_10_max": 0.245417,
        "nauc_recall_at_10_std": -0.091186,
        "nauc_recall_at_10_diff1": 0.33465,
        "nauc_recall_at_20_max": 0.262168,
        "nauc_recall_at_20_std": 0.003394,
        "nauc_recall_at_20_diff1": 0.31067,
        "nauc_recall_at_100_max": 0.34356,
        "nauc_recall_at_100_std": 0.136324,
        "nauc_recall_at_100_diff1": 0.285834,
        "nauc_recall_at_1000_max": 0.421104,
        "nauc_recall_at_1000_std": 0.354113,
        "nauc_recall_at_1000_diff1": 0.330774,
        "nauc_precision_at_1_max": 0.328701,
        "nauc_precision_at_1_std": -0.139845,
        "nauc_precision_at_1_diff1": 0.554422,
        "nauc_precision_at_3_max": 0.371723,
        "nauc_precision_at_3_std": -0.04071,
        "nauc_precision_at_3_diff1": 0.239211,
        "nauc_precision_at_5_max": 0.386347,
        "nauc_precision_at_5_std": -0.01926,
        "nauc_precision_at_5_diff1": 0.167761,
        "nauc_precision_at_10_max": 0.400941,
        "nauc_precision_at_10_std": 0.027996,
        "nauc_precision_at_10_diff1": 0.113179,
        "nauc_precision_at_20_max": 0.390394,
        "nauc_precision_at_20_std": 0.094315,
        "nauc_precision_at_20_diff1": 0.054955,
        "nauc_precision_at_100_max": 0.37093,
        "nauc_precision_at_100_std": 0.161107,
        "nauc_precision_at_100_diff1": -0.029976,
        "nauc_precision_at_1000_max": 0.329058,
        "nauc_precision_at_1000_std": 0.166437,
        "nauc_precision_at_1000_diff1": -0.074805,
        "nauc_mrr_at_1_max": 0.328701,
        "nauc_mrr_at_1_std": -0.139845,
        "nauc_mrr_at_1_diff1": 0.554422,
        "nauc_mrr_at_3_max": 0.342341,
        "nauc_mrr_at_3_std": -0.110442,
        "nauc_mrr_at_3_diff1": 0.508067,
        "nauc_mrr_at_5_max": 0.34668,
        "nauc_mrr_at_5_std": -0.111074,
        "nauc_mrr_at_5_diff1": 0.506594,
        "nauc_mrr_at_10_max": 0.350493,
        "nauc_mrr_at_10_std": -0.104963,
        "nauc_mrr_at_10_diff1": 0.506698,
        "nauc_mrr_at_20_max": 0.351039,
        "nauc_mrr_at_20_std": -0.099789,
        "nauc_mrr_at_20_diff1": 0.506806,
        "nauc_mrr_at_100_max": 0.350882,
        "nauc_mrr_at_100_std": -0.101025,
        "nauc_mrr_at_100_diff1": 0.50744,
        "nauc_mrr_at_1000_max": 0.350623,
        "nauc_mrr_at_1000_std": -0.101359,
        "nauc_mrr_at_1000_diff1": 0.507593,
        "hit_rate_at_1": 0.47994,
        "hit_rate_at_3": 0.6358,
        "hit_rate_at_5": 0.6929,
        "hit_rate_at_10": 0.76235,
        "hit_rate_at_20": 0.8179,
        "hit_rate_at_100": 0.91667,
        "hit_rate_at_1000": 0.98302,
        "main_score": 0.49267,
        "hf_subset": "default",
        "languages": [
          "eng-Latn"
        ],
        "mteb_version": "2.14.2"
      }
    ]
  },
  "evaluation_time": 405.43420577049255,
  "kg_co2_emissions": null,
  "date": null
}