{
  "dataset_revision": "617612fa63afcb60e3b134bed8b7216a99707c37",
  "task_name": "HotpotQAHardNegatives",
  "mteb_version": "2.14.2",
  "scores": {
    "test": [
      {
        "ndcg_at_1": 0.768,
        "ndcg_at_3": 0.60695,
        "ndcg_at_5": 0.63181,
        "ndcg_at_10": 0.65382,
        "ndcg_at_20": 0.67041,
        "ndcg_at_100": 0.69425,
        "ndcg_at_1000": 0.71118,
        "map_at_1": 0.384,
        "map_at_3": 0.52942,
        "map_at_5": 0.54894,
        "map_at_10": 0.56202,
        "map_at_20": 0.56875,
        "map_at_100": 0.57348,
        "map_at_1000": 0.57446,
        "recall_at_1": 0.384,
        "recall_at_3": 0.5695,
        "recall_at_5": 0.6185,
        "recall_at_10": 0.6735,
        "recall_at_20": 0.726,
        "recall_at_100": 0.833,
        "recall_at_1000": 0.9425,
        "accuracy": 0.384,
        "precision_at_1": 0.768,
        "precision_at_3": 0.37967,
        "precision_at_5": 0.2474,
        "precision_at_10": 0.1347,
        "precision_at_20": 0.0726,
        "precision_at_100": 0.01666,
        "precision_at_1000": 0.00188,
        "mrr_at_1": 0.768,
        "mrr_at_3": 0.817167,
        "mrr_at_5": 0.823317,
        "mrr_at_10": 0.827197,
        "mrr_at_20": 0.829108,
        "mrr_at_100": 0.829806,
        "mrr_at_1000": 0.829884,
        "nauc_ndcg_at_1_max": 0.504341,
        "nauc_ndcg_at_1_std": -0.081286,
        "nauc_ndcg_at_1_diff1": 0.699658,
        "nauc_ndcg_at_3_max": 0.24251,
        "nauc_ndcg_at_3_std": -0.05889,
        "nauc_ndcg_at_3_diff1": 0.213067,
        "nauc_ndcg_at_5_max": 0.23065,
        "nauc_ndcg_at_5_std": -0.049564,
        "nauc_ndcg_at_5_diff1": 0.183851,
        "nauc_ndcg_at_10_max": 0.234333,
        "nauc_ndcg_at_10_std": -0.0275,
        "nauc_ndcg_at_10_diff1": 0.177158,
        "nauc_ndcg_at_20_max": 0.224085,
        "nauc_ndcg_at_20_std": -0.021922,
        "nauc_ndcg_at_20_diff1": 0.164096,
        "nauc_ndcg_at_100_max": 0.221597,
        "nauc_ndcg_at_100_std": -0.005801,
        "nauc_ndcg_at_100_diff1": 0.16639,
        "nauc_ndcg_at_1000_max": 0.236109,
        "nauc_ndcg_at_1000_std": -0.006521,
        "nauc_ndcg_at_1000_diff1": 0.188973,
        "nauc_map_at_1_max": 0.504341,
        "nauc_map_at_1_std": -0.081286,
        "nauc_map_at_1_diff1": 0.699658,
        "nauc_map_at_3_max": 0.189627,
        "nauc_map_at_3_std": -0.057035,
        "nauc_map_at_3_diff1": 0.14327,
        "nauc_map_at_5_max": 0.181482,
        "nauc_map_at_5_std": -0.050534,
        "nauc_map_at_5_diff1": 0.124354,
        "nauc_map_at_10_max": 0.18454,
        "nauc_map_at_10_std": -0.039357,
        "nauc_map_at_10_diff1": 0.123108,
        "nauc_map_at_20_max": 0.182,
        "nauc_map_at_20_std": -0.037584,
        "nauc_map_at_20_diff1": 0.119681,
        "nauc_map_at_100_max": 0.181551,
        "nauc_map_at_100_std": -0.034881,
        "nauc_map_at_100_diff1": 0.119662,
        "nauc_map_at_1000_max": 0.182131,
        "nauc_map_at_1000_std": -0.034739,
        "nauc_map_at_1000_diff1": 0.120555,
        "nauc_recall_at_1_max": 0.504341,
        "nauc_recall_at_1_std": -0.081286,
        "nauc_recall_at_1_diff1": 0.699658,
        "nauc_recall_at_3_max": 0.157196,
        "nauc_recall_at_3_std": -0.045088,
        "nauc_recall_at_3_diff1": 0.058865,
        "nauc_recall_at_5_max": 0.128695,
        "nauc_recall_at_5_std": -0.027161,
        "nauc_recall_at_5_diff1": -0.000304,
        "nauc_recall_at_10_max": 0.12401,
        "nauc_recall_at_10_std": 0.029343,
        "nauc_recall_at_10_diff1": -0.03213,
        "nauc_recall_at_20_max": 0.077364,
        "nauc_recall_at_20_std": 0.054962,
        "nauc_recall_at_20_diff1": -0.096802,
        "nauc_recall_at_100_max": 0.006924,
        "nauc_recall_at_100_std": 0.178845,
        "nauc_recall_at_100_diff1": -0.179294,
        "nauc_recall_at_1000_max": 0.018205,
        "nauc_recall_at_1000_std": 0.408411,
        "nauc_recall_at_1000_diff1": -0.207079,
        "nauc_precision_at_1_max": 0.504341,
        "nauc_precision_at_1_std": -0.081286,
        "nauc_precision_at_1_diff1": 0.699658,
        "nauc_precision_at_3_max": 0.157196,
        "nauc_precision_at_3_std": -0.045088,
        "nauc_precision_at_3_diff1": 0.058865,
        "nauc_precision_at_5_max": 0.128695,
        "nauc_precision_at_5_std": -0.027161,
        "nauc_precision_at_5_diff1": -0.000304,
        "nauc_precision_at_10_max": 0.12401,
        "nauc_precision_at_10_std": 0.029343,
        "nauc_precision_at_10_diff1": -0.03213,
        "nauc_precision_at_20_max": 0.077364,
        "nauc_precision_at_20_std": 0.054962,
        "nauc_precision_at_20_diff1": -0.096802,
        "nauc_precision_at_100_max": 0.006924,
        "nauc_precision_at_100_std": 0.178845,
        "nauc_precision_at_100_diff1": -0.179294,
        "nauc_precision_at_1000_max": 0.018205,
        "nauc_precision_at_1000_std": 0.408411,
        "nauc_precision_at_1000_diff1": -0.207079,
        "nauc_mrr_at_1_max": 0.504341,
        "nauc_mrr_at_1_std": -0.081286,
        "nauc_mrr_at_1_diff1": 0.699658,
        "nauc_mrr_at_3_max": 0.53673,
        "nauc_mrr_at_3_std": -0.085505,
        "nauc_mrr_at_3_diff1": 0.681881,
        "nauc_mrr_at_5_max": 0.54404,
        "nauc_mrr_at_5_std": -0.082085,
        "nauc_mrr_at_5_diff1": 0.684132,
        "nauc_mrr_at_10_max": 0.547425,
        "nauc_mrr_at_10_std": -0.077423,
        "nauc_mrr_at_10_diff1": 0.686523,
        "nauc_mrr_at_20_max": 0.544699,
        "nauc_mrr_at_20_std": -0.078396,
        "nauc_mrr_at_20_diff1": 0.686131,
        "nauc_mrr_at_100_max": 0.543558,
        "nauc_mrr_at_100_std": -0.078504,
        "nauc_mrr_at_100_diff1": 0.686484,
        "nauc_mrr_at_1000_max": 0.543491,
        "nauc_mrr_at_1000_std": -0.078482,
        "nauc_mrr_at_1000_diff1": 0.686467,
        "hit_rate_at_1": 0.768,
        "hit_rate_at_3": 0.877,
        "hit_rate_at_5": 0.904,
        "hit_rate_at_10": 0.932,
        "hit_rate_at_20": 0.958,
        "hit_rate_at_100": 0.987,
        "hit_rate_at_1000": 0.999,
        "main_score": 0.65382,
        "hf_subset": "default",
        "languages": [
          "eng-Latn"
        ],
        "mteb_version": "2.14.2"
      }
    ]
  },
  "evaluation_time": 927.8798370361328,
  "kg_co2_emissions": null,
  "date": null
}