{
  "dataset_revision": "227478e3235572039f4f7661840e059f31ef6eb1",
  "task_name": "MindSmallReranking",
  "mteb_version": "2.14.2",
  "scores": {
    "test": [
      {
        "ndcg_at_1": 0.13868,
        "ndcg_at_3": 0.21384,
        "ndcg_at_5": 0.25993,
        "ndcg_at_10": 0.32238,
        "ndcg_at_20": 0.37474,
        "ndcg_at_100": 0.43626,
        "ndcg_at_1000": 0.43963,
        "map_at_1": 0.10559,
        "map_at_3": 0.17613,
        "map_at_5": 0.20369,
        "map_at_10": 0.23182,
        "map_at_20": 0.24907,
        "map_at_100": 0.26235,
        "map_at_1000": 0.26277,
        "recall_at_1": 0.10559,
        "recall_at_3": 0.26339,
        "recall_at_5": 0.3734,
        "recall_at_10": 0.5499,
        "recall_at_20": 0.72794,
        "recall_at_100": 0.98371,
        "recall_at_1000": 1.0,
        "accuracy": 0.10559,
        "precision_at_1": 0.13868,
        "precision_at_3": 0.11785,
        "precision_at_5": 0.10283,
        "precision_at_10": 0.07971,
        "precision_at_20": 0.05643,
        "precision_at_100": 0.01767,
        "precision_at_1000": 0.00183,
        "mrr_at_1": 0.138682,
        "mrr_at_3": 0.222461,
        "mrr_at_5": 0.251913,
        "mrr_at_10": 0.277571,
        "mrr_at_20": 0.289484,
        "mrr_at_100": 0.29463,
        "mrr_at_1000": 0.294674,
        "nauc_ndcg_at_1_max": -0.077005,
        "nauc_ndcg_at_1_std": 0.031574,
        "nauc_ndcg_at_1_diff1": 0.111729,
        "nauc_ndcg_at_3_max": -0.177064,
        "nauc_ndcg_at_3_std": -0.000457,
        "nauc_ndcg_at_3_diff1": 0.102552,
        "nauc_ndcg_at_5_max": -0.211919,
        "nauc_ndcg_at_5_std": -0.006489,
        "nauc_ndcg_at_5_diff1": 0.097426,
        "nauc_ndcg_at_10_max": -0.246898,
        "nauc_ndcg_at_10_std": -0.009971,
        "nauc_ndcg_at_10_diff1": 0.093851,
        "nauc_ndcg_at_20_max": -0.254723,
        "nauc_ndcg_at_20_std": -0.005211,
        "nauc_ndcg_at_20_diff1": 0.094314,
        "nauc_ndcg_at_100_max": -0.193607,
        "nauc_ndcg_at_100_std": 0.004766,
        "nauc_ndcg_at_100_diff1": 0.09592,
        "nauc_ndcg_at_1000_max": -0.182928,
        "nauc_ndcg_at_1000_std": 0.005017,
        "nauc_ndcg_at_1000_diff1": 0.095813,
        "nauc_map_at_1_max": -0.144613,
        "nauc_map_at_1_std": 0.004507,
        "nauc_map_at_1_diff1": 0.126883,
        "nauc_map_at_3_max": -0.189869,
        "nauc_map_at_3_std": -0.006263,
        "nauc_map_at_3_diff1": 0.110669,
        "nauc_map_at_5_max": -0.206892,
        "nauc_map_at_5_std": -0.007813,
        "nauc_map_at_5_diff1": 0.106271,
        "nauc_map_at_10_max": -0.221182,
        "nauc_map_at_10_std": -0.008022,
        "nauc_map_at_10_diff1": 0.103898,
        "nauc_map_at_20_max": -0.221842,
        "nauc_map_at_20_std": -0.005554,
        "nauc_map_at_20_diff1": 0.103733,
        "nauc_map_at_100_max": -0.209223,
        "nauc_map_at_100_std": -0.002886,
        "nauc_map_at_100_diff1": 0.103895,
        "nauc_map_at_1000_max": -0.20811,
        "nauc_map_at_1000_std": -0.002846,
        "nauc_map_at_1000_diff1": 0.10389,
        "nauc_recall_at_1_max": -0.144613,
        "nauc_recall_at_1_std": 0.004507,
        "nauc_recall_at_1_diff1": 0.126883,
        "nauc_recall_at_3_max": -0.22128,
        "nauc_recall_at_3_std": -0.016796,
        "nauc_recall_at_3_diff1": 0.094597,
        "nauc_recall_at_5_max": -0.270597,
        "nauc_recall_at_5_std": -0.025598,
        "nauc_recall_at_5_diff1": 0.082035,
        "nauc_recall_at_10_max": -0.356539,
        "nauc_recall_at_10_std": -0.037647,
        "nauc_recall_at_10_diff1": 0.070882,
        "nauc_recall_at_20_max": -0.449498,
        "nauc_recall_at_20_std": -0.035872,
        "nauc_recall_at_20_diff1": 0.068032,
        "nauc_recall_at_100_max": -0.753693,
        "nauc_recall_at_100_std": -0.006705,
        "nauc_recall_at_100_diff1": 0.073383,
        "nauc_recall_at_1000_max": -0.951728,
        "nauc_recall_at_1000_std": -0.290943,
        "nauc_recall_at_1000_diff1": 0.054902,
        "nauc_precision_at_1_max": -0.077005,
        "nauc_precision_at_1_std": 0.031574,
        "nauc_precision_at_1_diff1": 0.111729,
        "nauc_precision_at_3_max": -0.133346,
        "nauc_precision_at_3_std": 0.023301,
        "nauc_precision_at_3_diff1": 0.078805,
        "nauc_precision_at_5_max": -0.151493,
        "nauc_precision_at_5_std": 0.024699,
        "nauc_precision_at_5_diff1": 0.060058,
        "nauc_precision_at_10_max": -0.133537,
        "nauc_precision_at_10_std": 0.031246,
        "nauc_precision_at_10_diff1": 0.030008,
        "nauc_precision_at_20_max": -0.033593,
        "nauc_precision_at_20_std": 0.048999,
        "nauc_precision_at_20_diff1": 0.000795,
        "nauc_precision_at_100_max": 0.244305,
        "nauc_precision_at_100_std": 0.056175,
        "nauc_precision_at_100_diff1": -0.039014,
        "nauc_precision_at_1000_max": 0.271725,
        "nauc_precision_at_1000_std": 0.053568,
        "nauc_precision_at_1000_diff1": -0.040625,
        "nauc_mrr_at_1_max": -0.077005,
        "nauc_mrr_at_1_std": 0.031574,
        "nauc_mrr_at_1_diff1": 0.111729,
        "nauc_mrr_at_3_max": -0.12136,
        "nauc_mrr_at_3_std": 0.018313,
        "nauc_mrr_at_3_diff1": 0.09765,
        "nauc_mrr_at_5_max": -0.136117,
        "nauc_mrr_at_5_std": 0.01568,
        "nauc_mrr_at_5_diff1": 0.094497,
        "nauc_mrr_at_10_max": -0.14634,
        "nauc_mrr_at_10_std": 0.01419,
        "nauc_mrr_at_10_diff1": 0.093771,
        "nauc_mrr_at_20_max": -0.146438,
        "nauc_mrr_at_20_std": 0.014907,
        "nauc_mrr_at_20_diff1": 0.094559,
        "nauc_mrr_at_100_max": -0.142682,
        "nauc_mrr_at_100_std": 0.015457,
        "nauc_mrr_at_100_diff1": 0.095144,
        "nauc_mrr_at_1000_max": -0.14258,
        "nauc_mrr_at_1000_std": 0.015458,
        "nauc_mrr_at_1000_diff1": 0.095147,
        "hit_rate_at_1": 0.13868,
        "hit_rate_at_3": 0.33369,
        "hit_rate_at_5": 0.46327,
        "hit_rate_at_10": 0.65538,
        "hit_rate_at_20": 0.82441,
        "hit_rate_at_100": 0.99452,
        "hit_rate_at_1000": 1.0,
        "max_over_subqueries_ndcg_at_1": 0.18192,
        "max_over_subqueries_ndcg_at_3": 0.28167,
        "max_over_subqueries_ndcg_at_5": 0.33249,
        "max_over_subqueries_ndcg_at_10": 0.39392,
        "max_over_subqueries_ndcg_at_20": 0.43916,
        "max_over_subqueries_ndcg_at_100": 0.48218,
        "max_over_subqueries_ndcg_at_1000": 0.48383,
        "max_over_subqueries_map_at_1": 0.15186,
        "max_over_subqueries_map_at_3": 0.24108,
        "max_over_subqueries_map_at_5": 0.27119,
        "max_over_subqueries_map_at_10": 0.29888,
        "max_over_subqueries_map_at_20": 0.31373,
        "max_over_subqueries_map_at_100": 0.3228,
        "max_over_subqueries_map_at_1000": 0.32298,
        "max_over_subqueries_recall_at_1": 0.15186,
        "max_over_subqueries_recall_at_3": 0.35104,
        "max_over_subqueries_recall_at_5": 0.47128,
        "max_over_subqueries_recall_at_10": 0.64651,
        "max_over_subqueries_recall_at_20": 0.80443,
        "max_over_subqueries_recall_at_100": 0.99128,
        "max_over_subqueries_recall_at_1000": 0.99999,
        "max_over_subqueries_accuracy": 0.15186,
        "max_over_subqueries_precision_at_1": 0.18192,
        "max_over_subqueries_precision_at_3": 0.14408,
        "max_over_subqueries_precision_at_5": 0.11876,
        "max_over_subqueries_precision_at_10": 0.08506,
        "max_over_subqueries_precision_at_20": 0.0556,
        "max_over_subqueries_precision_at_100": 0.01497,
        "max_over_subqueries_precision_at_1000": 0.00152,
        "max_over_subqueries_mrr_at_1": 0.181919,
        "max_over_subqueries_mrr_at_3": 0.281086,
        "max_over_subqueries_mrr_at_5": 0.311073,
        "max_over_subqueries_mrr_at_10": 0.335224,
        "max_over_subqueries_mrr_at_20": 0.345357,
        "max_over_subqueries_mrr_at_100": 0.349371,
        "max_over_subqueries_mrr_at_1000": 0.3494,