{
  "dataset_revision": "431886eaecc48f067a3975b70d0949ea2862463c",
  "task_name": "Touche2020Retrieval.v3",
  "mteb_version": "2.14.2",
  "scores": {
    "test": [
      {
        "ndcg_at_1": 0.78571,
        "ndcg_at_3": 0.70979,
        "ndcg_at_5": 0.6654,
        "ndcg_at_10": 0.61286,
        "ndcg_at_20": 0.55692,
        "ndcg_at_100": 0.63227,
        "ndcg_at_1000": 0.74352,
        "map_at_1": 0.03107,
        "map_at_3": 0.08034,
        "map_at_5": 0.1194,
        "map_at_10": 0.1975,
        "map_at_20": 0.28826,
        "map_at_100": 0.40238,
        "map_at_1000": 0.43384,
        "recall_at_1": 0.03107,
        "recall_at_3": 0.08517,
        "recall_at_5": 0.13054,
        "recall_at_10": 0.22884,
        "recall_at_20": 0.36358,
        "recall_at_100": 0.65512,
        "recall_at_1000": 0.93597,
        "accuracy": 0.03107,
        "precision_at_1": 0.83673,
        "precision_at_3": 0.7551,
        "precision_at_5": 0.69796,
        "precision_at_10": 0.61633,
        "precision_at_20": 0.50714,
        "precision_at_100": 0.2049,
        "precision_at_1000": 0.03229,
        "mrr_at_1": 0.836735,
        "mrr_at_3": 0.901361,
        "mrr_at_5": 0.905442,
        "mrr_at_10": 0.905442,
        "mrr_at_20": 0.905442,
        "mrr_at_100": 0.905442,
        "mrr_at_1000": 0.905442,
        "nauc_ndcg_at_1_max": -0.075218,
        "nauc_ndcg_at_1_std": 0.624091,
        "nauc_ndcg_at_1_diff1": 0.260736,
        "nauc_ndcg_at_3_max": -0.093341,
        "nauc_ndcg_at_3_std": 0.403203,
        "nauc_ndcg_at_3_diff1": 0.285322,
        "nauc_ndcg_at_5_max": 0.059781,
        "nauc_ndcg_at_5_std": 0.287585,
        "nauc_ndcg_at_5_diff1": 0.329019,
        "nauc_ndcg_at_10_max": 0.06804,
        "nauc_ndcg_at_10_std": 0.263376,
        "nauc_ndcg_at_10_diff1": 0.244168,
        "nauc_ndcg_at_20_max": 0.041884,
        "nauc_ndcg_at_20_std": 0.136568,
        "nauc_ndcg_at_20_diff1": 0.304532,
        "nauc_ndcg_at_100_max": -0.04232,
        "nauc_ndcg_at_100_std": 0.331273,
        "nauc_ndcg_at_100_diff1": 0.230034,
        "nauc_ndcg_at_1000_max": 0.111533,
        "nauc_ndcg_at_1000_std": 0.43678,
        "nauc_ndcg_at_1000_diff1": 0.211356,
        "nauc_map_at_1_max": -0.245187,
        "nauc_map_at_1_std": -0.102273,
        "nauc_map_at_1_diff1": 0.506704,
        "nauc_map_at_3_max": -0.2211,
        "nauc_map_at_3_std": -0.162935,
        "nauc_map_at_3_diff1": 0.475631,
        "nauc_map_at_5_max": -0.120103,
        "nauc_map_at_5_std": -0.200551,
        "nauc_map_at_5_diff1": 0.449551,
        "nauc_map_at_10_max": -0.021693,
        "nauc_map_at_10_std": -0.142123,
        "nauc_map_at_10_diff1": 0.349598,
        "nauc_map_at_20_max": 0.002946,
        "nauc_map_at_20_std": -0.104993,
        "nauc_map_at_20_diff1": 0.314116,
        "nauc_map_at_100_max": 0.026764,
        "nauc_map_at_100_std": 0.117519,
        "nauc_map_at_100_diff1": 0.21166,
        "nauc_map_at_1000_max": 0.062605,
        "nauc_map_at_1000_std": 0.149228,
        "nauc_map_at_1000_diff1": 0.194332,
        "nauc_recall_at_1_max": -0.245187,
        "nauc_recall_at_1_std": -0.102273,
        "nauc_recall_at_1_diff1": 0.506704,
        "nauc_recall_at_3_max": -0.253019,
        "nauc_recall_at_3_std": -0.223018,
        "nauc_recall_at_3_diff1": 0.484711,
        "nauc_recall_at_5_max": -0.153956,
        "nauc_recall_at_5_std": -0.258607,
        "nauc_recall_at_5_diff1": 0.478627,
        "nauc_recall_at_10_max": -0.07583,
        "nauc_recall_at_10_std": -0.173894,
        "nauc_recall_at_10_diff1": 0.342406,
        "nauc_recall_at_20_max": -0.074726,
        "nauc_recall_at_20_std": -0.130711,
        "nauc_recall_at_20_diff1": 0.322704,
        "nauc_recall_at_100_max": -0.137749,
        "nauc_recall_at_100_std": 0.321062,
        "nauc_recall_at_100_diff1": 0.138025,
        "nauc_recall_at_1000_max": 0.190565,
        "nauc_recall_at_1000_std": 0.651821,
        "nauc_recall_at_1000_diff1": 0.108426,
        "nauc_precision_at_1_max": -0.16945,
        "nauc_precision_at_1_std": 0.593622,
        "nauc_precision_at_1_diff1": 0.395173,
        "nauc_precision_at_3_max": -0.136232,
        "nauc_precision_at_3_std": 0.177773,
        "nauc_precision_at_3_diff1": 0.414736,
        "nauc_precision_at_5_max": 0.069075,
        "nauc_precision_at_5_std": 0.004329,
        "nauc_precision_at_5_diff1": 0.391458,
        "nauc_precision_at_10_max": 0.123148,
        "nauc_precision_at_10_std": 0.138384,
        "nauc_precision_at_10_diff1": 0.173237,
        "nauc_precision_at_20_max": 0.164182,
        "nauc_precision_at_20_std": 0.231848,
        "nauc_precision_at_20_diff1": 0.10486,
        "nauc_precision_at_100_max": 0.219642,
        "nauc_precision_at_100_std": 0.699928,
        "nauc_precision_at_100_diff1": -0.318022,
        "nauc_precision_at_1000_max": 0.375094,
        "nauc_precision_at_1000_std": 0.257825,
        "nauc_precision_at_1000_diff1": -0.354337,
        "nauc_mrr_at_1_max": -0.16945,
        "nauc_mrr_at_1_std": 0.593622,
        "nauc_mrr_at_1_diff1": 0.395173,
        "nauc_mrr_at_3_max": -0.072797,
        "nauc_mrr_at_3_std": 0.592162,
        "nauc_mrr_at_3_diff1": 0.452981,
        "nauc_mrr_at_5_max": -0.100944,
        "nauc_mrr_at_5_std": 0.602951,
        "nauc_mrr_at_5_diff1": 0.440891,
        "nauc_mrr_at_10_max": -0.100944,
        "nauc_mrr_at_10_std": 0.602951,
        "nauc_mrr_at_10_diff1": 0.440891,
        "nauc_mrr_at_20_max": -0.100944,
        "nauc_mrr_at_20_std": 0.602951,
        "nauc_mrr_at_20_diff1": 0.440891,
        "nauc_mrr_at_100_max": -0.100944,
        "nauc_mrr_at_100_std": 0.602951,
        "nauc_mrr_at_100_diff1": 0.440891,
        "nauc_mrr_at_1000_max": -0.100944,
        "nauc_mrr_at_1000_std": 0.602951,
        "nauc_mrr_at_1000_diff1": 0.440891,
        "hit_rate_at_1": 0.83673,
        "hit_rate_at_3": 0.97959,
        "hit_rate_at_5": 1.0,
        "hit_rate_at_10": 1.0,
        "hit_rate_at_20": 1.0,
        "hit_rate_at_100": 1.0,
        "hit_rate_at_1000": 1.0,
        "main_score": 0.61286,
        "hf_subset": "default",
        "languages": [
          "eng-Latn"
        ],
        "mteb_version": "2.14.2"
      }
    ]
  },
  "evaluation_time": 3557.8767375946045,
  "kg_co2_emissions": null,
  "date": null
}