{
  "dataset_revision": "2c8dbaaec94aae36e55d45c8440c7560a8b077ce",
  "task_name": "WorldQAVideoAudioCentricQA",
  "mteb_version": "2.14.2",
  "scores": {
    "test": [
      {
        "ndcg_at_1": 0.38002,
        "ndcg_at_3": 0.62387,
        "ndcg_at_5": 0.70794,
        "ndcg_at_10": 0.70794,
        "ndcg_at_20": 0.70794,
        "ndcg_at_100": 0.70794,
        "ndcg_at_1000": 0.70794,
        "map_at_1": 0.38002,
        "map_at_3": 0.56166,
        "map_at_5": 0.61046,
        "map_at_10": 0.61046,
        "map_at_20": 0.61046,
        "map_at_100": 0.61046,
        "map_at_1000": 0.61046,
        "recall_at_1": 0.38002,
        "recall_at_3": 0.80481,
        "recall_at_5": 1.0,
        "recall_at_10": 1.0,
        "recall_at_20": 1.0,
        "recall_at_100": 1.0,
        "recall_at_1000": 1.0,
        "accuracy": 0.38002,
        "precision_at_1": 0.38002,
        "precision_at_3": 0.26827,
        "precision_at_5": 0.2,
        "precision_at_10": 0.1,
        "precision_at_20": 0.05,
        "precision_at_100": 0.01,
        "precision_at_1000": 0.001,
        "mrr_at_1": 0.380024,
        "mrr_at_3": 0.561663,
        "mrr_at_5": 0.61046,
        "mrr_at_10": 0.61046,
        "mrr_at_20": 0.61046,
        "mrr_at_100": 0.61046,
        "mrr_at_1000": 0.61046,
        "nauc_ndcg_at_1_max": 0.120496,
        "nauc_ndcg_at_1_std": 0.136762,
        "nauc_ndcg_at_1_diff1": 0.270953,
        "nauc_ndcg_at_3_max": 0.102721,
        "nauc_ndcg_at_3_std": 0.065774,
        "nauc_ndcg_at_3_diff1": 0.202176,
        "nauc_ndcg_at_5_max": 0.107795,
        "nauc_ndcg_at_5_std": 0.108849,
        "nauc_ndcg_at_5_diff1": 0.242651,
        "nauc_ndcg_at_10_max": 0.107795,
        "nauc_ndcg_at_10_std": 0.108849,
        "nauc_ndcg_at_10_diff1": 0.242651,
        "nauc_ndcg_at_20_max": 0.107795,
        "nauc_ndcg_at_20_std": 0.108849,
        "nauc_ndcg_at_20_diff1": 0.242651,
        "nauc_ndcg_at_100_max": 0.107795,
        "nauc_ndcg_at_100_std": 0.108849,
        "nauc_ndcg_at_100_diff1": 0.242651,
        "nauc_ndcg_at_1000_max": 0.107795,
        "nauc_ndcg_at_1000_std": 0.108849,
        "nauc_ndcg_at_1000_diff1": 0.242651,
        "nauc_map_at_1_max": 0.120496,
        "nauc_map_at_1_std": 0.136762,
        "nauc_map_at_1_diff1": 0.270953,
        "nauc_map_at_3_max": 0.105653,
        "nauc_map_at_3_std": 0.087684,
        "nauc_map_at_3_diff1": 0.222842,
        "nauc_map_at_5_max": 0.108419,
        "nauc_map_at_5_std": 0.11061,
        "nauc_map_at_5_diff1": 0.244398,
        "nauc_map_at_10_max": 0.108419,
        "nauc_map_at_10_std": 0.11061,
        "nauc_map_at_10_diff1": 0.244398,
        "nauc_map_at_20_max": 0.108419,
        "nauc_map_at_20_std": 0.11061,
        "nauc_map_at_20_diff1": 0.244398,
        "nauc_map_at_100_max": 0.108419,
        "nauc_map_at_100_std": 0.11061,
        "nauc_map_at_100_diff1": 0.244398,
        "nauc_map_at_1000_max": 0.108419,
        "nauc_map_at_1000_std": 0.11061,
        "nauc_map_at_1000_diff1": 0.244398,
        "nauc_recall_at_1_max": 0.120496,
        "nauc_recall_at_1_std": 0.136762,
        "nauc_recall_at_1_diff1": 0.270953,
        "nauc_recall_at_3_max": 0.090797,
        "nauc_recall_at_3_std": -0.035459,
        "nauc_recall_at_3_diff1": 0.107056,
        "nauc_recall_at_5_max": NaN,
        "nauc_recall_at_5_std": NaN,
        "nauc_recall_at_5_diff1": NaN,
        "nauc_recall_at_10_max": NaN,
        "nauc_recall_at_10_std": NaN,
        "nauc_recall_at_10_diff1": NaN,
        "nauc_recall_at_20_max": NaN,
        "nauc_recall_at_20_std": NaN,
        "nauc_recall_at_20_diff1": NaN,
        "nauc_recall_at_100_max": NaN,
        "nauc_recall_at_100_std": NaN,
        "nauc_recall_at_100_diff1": NaN,
        "nauc_recall_at_1000_max": NaN,
        "nauc_recall_at_1000_std": NaN,
        "nauc_recall_at_1000_diff1": NaN,
        "nauc_precision_at_1_max": 0.120496,
        "nauc_precision_at_1_std": 0.136762,
        "nauc_precision_at_1_diff1": 0.270953,
        "nauc_precision_at_3_max": 0.090797,
        "nauc_precision_at_3_std": -0.035459,
        "nauc_precision_at_3_diff1": 0.107056,
        "nauc_precision_at_5_max": NaN,
        "nauc_precision_at_5_std": NaN,
        "nauc_precision_at_5_diff1": NaN,
        "nauc_precision_at_10_max": NaN,
        "nauc_precision_at_10_std": NaN,
        "nauc_precision_at_10_diff1": NaN,
        "nauc_precision_at_20_max": NaN,
        "nauc_precision_at_20_std": NaN,
        "nauc_precision_at_20_diff1": NaN,
        "nauc_precision_at_100_max": NaN,
        "nauc_precision_at_100_std": NaN,
        "nauc_precision_at_100_diff1": NaN,
        "nauc_precision_at_1000_max": NaN,
        "nauc_precision_at_1000_std": NaN,
        "nauc_precision_at_1000_diff1": NaN,
        "nauc_mrr_at_1_max": 0.120496,
        "nauc_mrr_at_1_std": 0.136762,
        "nauc_mrr_at_1_diff1": 0.270953,
        "nauc_mrr_at_3_max": 0.105653,
        "nauc_mrr_at_3_std": 0.087684,
        "nauc_mrr_at_3_diff1": 0.222842,
        "nauc_mrr_at_5_max": 0.108419,
        "nauc_mrr_at_5_std": 0.11061,
        "nauc_mrr_at_5_diff1": 0.244398,
        "nauc_mrr_at_10_max": 0.108419,
        "nauc_mrr_at_10_std": 0.11061,
        "nauc_mrr_at_10_diff1": 0.244398,
        "nauc_mrr_at_20_max": 0.108419,
        "nauc_mrr_at_20_std": 0.11061,
        "nauc_mrr_at_20_diff1": 0.244398,
        "nauc_mrr_at_100_max": 0.108419,
        "nauc_mrr_at_100_std": 0.11061,
        "nauc_mrr_at_100_diff1": 0.244398,
        "nauc_mrr_at_1000_max": 0.108419,
        "nauc_mrr_at_1000_std": 0.11061,
        "nauc_mrr_at_1000_diff1": 0.244398,
        "hit_rate_at_1": 0.38002,
        "hit_rate_at_3": 0.80481,
        "hit_rate_at_5": 1.0,
        "hit_rate_at_10": 1.0,
        "hit_rate_at_20": 1.0,
        "hit_rate_at_100": 1.0,
        "hit_rate_at_1000": 1.0,
        "main_score": 0.38002,
        "hf_subset": "default",
        "languages": [
          "eng-Latn"
        ],
        "mteb_version": "2.14.2"
      }
    ]
  },
  "evaluation_time": 13125.971103429794,
  "kg_co2_emissions": null,
  "date": null
}