{
  "dataset_revision": "bf110dabd08865a8aff2d40d03696984e76085e0",
  "task_name": "CovidQA",
  "mteb_version": "2.12.39",
  "scores": {
    "test": [
      {
        "ndcg_at_1": 0.64806,
        "ndcg_at_3": 0.75077,
        "ndcg_at_5": 0.77374,
        "ndcg_at_10": 0.79137,
        "ndcg_at_20": 0.80382,
        "ndcg_at_25": 0.80519,
        "ndcg_at_50": 0.80731,
        "ndcg_at_100": 0.80731,
        "ndcg_at_1000": 0.80731,
        "map_at_1": 0.64806,
        "map_at_3": 0.72532,
        "map_at_5": 0.73806,
        "map_at_10": 0.74543,
        "map_at_20": 0.74894,
        "map_at_25": 0.74921,
        "map_at_50": 0.74954,
        "map_at_100": 0.74954,
        "map_at_1000": 0.74954,
        "recall_at_1": 0.64806,
        "recall_at_3": 0.82448,
        "recall_at_5": 0.88029,
        "recall_at_10": 0.93429,
        "recall_at_20": 0.9829,
        "recall_at_25": 0.9892,
        "recall_at_50": 1.0,
        "recall_at_100": 1.0,
        "recall_at_1000": 1.0,
        "accuracy": 0.64806,
        "precision_at_1": 0.64806,
        "precision_at_3": 0.27483,
        "precision_at_5": 0.17606,
        "precision_at_10": 0.09343,
        "precision_at_20": 0.04914,
        "precision_at_25": 0.03957,
        "precision_at_50": 0.02,
        "precision_at_100": 0.01,
        "precision_at_1000": 0.001,
        "mrr_at_1": 0.648065,
        "mrr_at_3": 0.725323,
        "mrr_at_5": 0.738059,
        "mrr_at_10": 0.745429,
        "mrr_at_20": 0.748938,
        "mrr_at_25": 0.749215,
        "mrr_at_50": 0.749541,
        "mrr_at_100": 0.749541,
        "mrr_at_1000": 0.749541,
        "nauc_ndcg_at_1_max": 0.204817,
        "nauc_ndcg_at_1_std": 0.057209,
        "nauc_ndcg_at_1_diff1": 0.661085,
        "nauc_ndcg_at_3_max": 0.211183,
        "nauc_ndcg_at_3_std": 0.102966,
        "nauc_ndcg_at_3_diff1": 0.616523,
        "nauc_ndcg_at_5_max": 0.209318,
        "nauc_ndcg_at_5_std": 0.112824,
        "nauc_ndcg_at_5_diff1": 0.61521,
        "nauc_ndcg_at_10_max": 0.196146,
        "nauc_ndcg_at_10_std": 0.093561,
        "nauc_ndcg_at_10_diff1": 0.618763,
        "nauc_ndcg_at_20_max": 0.203592,
        "nauc_ndcg_at_20_std": 0.095026,
        "nauc_ndcg_at_20_diff1": 0.619273,
        "nauc_ndcg_at_25_max": 0.201032,
        "nauc_ndcg_at_25_std": 0.092136,
        "nauc_ndcg_at_25_diff1": 0.618208,
        "nauc_ndcg_at_50_max": 0.203866,
        "nauc_ndcg_at_50_std": 0.089802,
        "nauc_ndcg_at_50_diff1": 0.626465,
        "nauc_ndcg_at_100_max": 0.203866,
        "nauc_ndcg_at_100_std": 0.089802,
        "nauc_ndcg_at_100_diff1": 0.626465,
        "nauc_ndcg_at_1000_max": 0.203866,
        "nauc_ndcg_at_1000_std": 0.089802,
        "nauc_ndcg_at_1000_diff1": 0.626465,
        "nauc_map_at_1_max": 0.204817,
        "nauc_map_at_1_std": 0.057209,
        "nauc_map_at_1_diff1": 0.661085,
        "nauc_map_at_3_max": 0.209783,
        "nauc_map_at_3_std": 0.091005,
        "nauc_map_at_3_diff1": 0.629284,
        "nauc_map_at_5_max": 0.208477,
        "nauc_map_at_5_std": 0.094709,
        "nauc_map_at_5_diff1": 0.629048,
        "nauc_map_at_10_max": 0.204129,
        "nauc_map_at_10_std": 0.087838,
        "nauc_map_at_10_diff1": 0.630466,
        "nauc_map_at_20_max": 0.205469,
        "nauc_map_at_20_std": 0.087574,
        "nauc_map_at_20_diff1": 0.630631,
        "nauc_map_at_25_max": 0.205069,
        "nauc_map_at_25_std": 0.087088,
        "nauc_map_at_25_diff1": 0.630474,
        "nauc_map_at_50_max": 0.205323,
        "nauc_map_at_50_std": 0.086729,
        "nauc_map_at_50_diff1": 0.631425,
        "nauc_map_at_100_max": 0.205323,
        "nauc_map_at_100_std": 0.086729,
        "nauc_map_at_100_diff1": 0.631425,
        "nauc_map_at_1000_max": 0.205323,
        "nauc_map_at_1000_std": 0.086729,
        "nauc_map_at_1000_diff1": 0.631425,
        "nauc_recall_at_1_max": 0.204817,
        "nauc_recall_at_1_std": 0.057209,
        "nauc_recall_at_1_diff1": 0.661085,
        "nauc_recall_at_3_max": 0.21664,
        "nauc_recall_at_3_std": 0.151087,
        "nauc_recall_at_3_diff1": 0.564449,
        "nauc_recall_at_5_max": 0.213843,
        "nauc_recall_at_5_std": 0.215524,
        "nauc_recall_at_5_diff1": 0.539282,
        "nauc_recall_at_10_max": 0.102323,
        "nauc_recall_at_10_std": 0.126838,
        "nauc_recall_at_10_diff1": 0.514559,
        "nauc_recall_at_20_max": 0.162534,
        "nauc_recall_at_20_std": 0.322723,
        "nauc_recall_at_20_diff1": 0.250527,
        "nauc_recall_at_25_max": -0.042162,
        "nauc_recall_at_25_std": 0.255877,
        "nauc_recall_at_25_diff1": -0.038866,
        "nauc_recall_at_50_max": NaN,
        "nauc_recall_at_50_std": NaN,
        "nauc_recall_at_50_diff1": NaN,
        "nauc_recall_at_100_max": NaN,
        "nauc_recall_at_100_std": NaN,
        "nauc_recall_at_100_diff1": NaN,
        "nauc_recall_at_1000_max": NaN,
        "nauc_recall_at_1000_std": NaN,
        "nauc_recall_at_1000_diff1": NaN,
        "nauc_precision_at_1_max": 0.204817,
        "nauc_precision_at_1_std": 0.057209,
        "nauc_precision_at_1_diff1": 0.661085,
        "nauc_precision_at_3_max": 0.21664,
        "nauc_precision_at_3_std": 0.151087,
        "nauc_precision_at_3_diff1": 0.564449,
        "nauc_precision_at_5_max": 0.213843,
        "nauc_precision_at_5_std": 0.215524,
        "nauc_precision_at_5_diff1": 0.539282,
        "nauc_precision_at_10_max": 0.102323,
        "nauc_precision_at_10_std": 0.126838,
        "nauc_precision_at_10_diff1": 0.514559,
        "nauc_precision_at_20_max": 0.162534,
        "nauc_precision_at_20_std": 0.322723,
        "nauc_precision_at_20_diff1": 0.250527,
        "nauc_precision_at_25_max": -0.042162,
        "nauc_precision_at_25_std": 0.255877,
        "nauc_precision_at_25_diff1": -0.038866,
        "nauc_precision_at_50_max": 1.0,
        "nauc_precision_at_50_std": 1.0,
        "nauc_precision_at_50_diff1": 1.0,
        "nauc_precision_at_100_max": 1.0,
        "nauc_precision_at_100_std": 1.0,
        "nauc_precision_at_100_diff1": 1.0,
        "nauc_precision_at_1000_max": 1.0,
        "nauc_precision_at_1000_std": 1.0,
        "nauc_precision_at_1000_diff1": 1.0,
        "nauc_mrr_at_1_max": 0.204817,
        "nauc_mrr_at_1_std": 0.057209,
        "nauc_mrr_at_1_diff1": 0.661085,
        "nauc_mrr_at_3_max": 0.209783,
        "nauc_mrr_at_3_std": 0.091005,
        "nauc_mrr_at_3_diff1": 0.629284,
        "nauc_mrr_at_5_max": 0.208477,
        "nauc_mrr_at_5_std": 0.094709,
        "nauc_mrr_at_5_diff1": 0.629048,
        "nauc_mrr_at_10_max": 0.204129,
        "nauc_mrr_at_10_std": 0.087838,
        "nauc_mrr_at_10_diff1": 0.630466,
        "nauc_mrr_at_20_max": 0.205469,
        "nauc_mrr_at_20_std": 0.087574,
        "nauc_mrr_at_20_diff1": 0.630631,
        "nauc_mrr_at_25_max": 0.205069,
        "nauc_mrr_at_25_std": 0.087088,
        "nauc_mrr_at_25_diff1": 0.630474,
        "nauc_mrr_at_50_max": 0.205323,
        "nauc_mrr_at_50_std": 0.086729,
        "nauc_mrr_at_50_diff1": 0.631425,
        "nauc_mrr_at_100_max": 0.205323,
        "nauc_mrr_at_100_std": 0.086729,
        "nauc_mrr_at_100_diff1": 0.631425,
        "nauc_mrr_at_1000_max": 0.205323,
        "nauc_mrr_at_1000_std": 0.086729,
        "nauc_mrr_at_1000_diff1": 0.631425,
        "hit_rate_at_1": 0.64806,
        "hit_rate_at_3": 0.82448,
        "hit_rate_at_5": 0.88029,
        "hit_rate_at_10": 0.93429,
        "hit_rate_at_20": 0.9829,
        "hit_rate_at_25": 0.9892,
        "hit_rate_at_50": 1.0,
        "hit_rate_at_100": 1.0,
        "hit_rate_at_1000": 1.0,
        "R_cap_at_1": 0.648065,
        "R_cap_at_3": 0.824482,
        "R_cap_at_5": 0.880288,
        "R_cap_at_10": 0.934293,
        "R_cap_at_20": 0.982898,
        "R_cap_at_25": 0.989199,
        "R_cap_at_50": 1.0,
        "R_cap_at_100": 1.0,
        "R_cap_at_1000": 1.0,
        "main_score": 0.79137,
        "hf_subset": "Covid-QA",
        "languages": [
          "eng-Latn"
        ],