{
  "dataset_revision": "6757300d912abd580dda453bced37cb7f5b44c78",
  "task_name": "ESGReports",
  "mteb_version": "2.12.39",
  "scores": {
    "test": [
      {
        "ndcg_at_1": 0.27778,
        "ndcg_at_3": 0.32161,
        "ndcg_at_5": 0.37773,
        "ndcg_at_10": 0.42883,
        "ndcg_at_20": 0.46315,
        "ndcg_at_25": 0.4849,
        "ndcg_at_50": 0.51328,
        "ndcg_at_100": 0.53276,
        "ndcg_at_1000": 0.53276,
        "map_at_1": 0.20463,
        "map_at_3": 0.27423,
        "map_at_5": 0.31173,
        "map_at_10": 0.33972,
        "map_at_20": 0.352,
        "map_at_25": 0.35892,
        "map_at_50": 0.36668,
        "map_at_100": 0.3696,
        "map_at_1000": 0.3696,
        "recall_at_1": 0.20463,
        "recall_at_3": 0.33981,
        "recall_at_5": 0.4912,
        "recall_at_10": 0.6213,
        "recall_at_20": 0.71806,
        "recall_at_25": 0.78935,
        "recall_at_50": 0.90278,
        "recall_at_100": 1.0,
        "recall_at_1000": 1.0,
        "accuracy": 0.20463,
        "precision_at_1": 0.27778,
        "precision_at_3": 0.16667,
        "precision_at_5": 0.13889,
        "precision_at_10": 0.09722,
        "precision_at_20": 0.06389,
        "precision_at_25": 0.06,
        "precision_at_50": 0.03556,
        "precision_at_100": 0.02,
        "precision_at_1000": 0.002,
        "mrr_at_1": 0.277778,
        "mrr_at_3": 0.356481,
        "mrr_at_5": 0.393981,
        "mrr_at_10": 0.409325,
        "mrr_at_20": 0.417445,
        "mrr_at_25": 0.41986,
        "mrr_at_50": 0.421209,
        "mrr_at_100": 0.422024,
        "mrr_at_1000": 0.422024,
        "nauc_ndcg_at_1_max": -0.025696,
        "nauc_ndcg_at_1_std": -0.15922,
        "nauc_ndcg_at_1_diff1": 0.511037,
        "nauc_ndcg_at_3_max": -0.110919,
        "nauc_ndcg_at_3_std": -0.126752,
        "nauc_ndcg_at_3_diff1": 0.396558,
        "nauc_ndcg_at_5_max": -0.141962,
        "nauc_ndcg_at_5_std": -0.197303,
        "nauc_ndcg_at_5_diff1": 0.396758,
        "nauc_ndcg_at_10_max": -0.124666,
        "nauc_ndcg_at_10_std": -0.134297,
        "nauc_ndcg_at_10_diff1": 0.433954,
        "nauc_ndcg_at_20_max": -0.084648,
        "nauc_ndcg_at_20_std": -0.122992,
        "nauc_ndcg_at_20_diff1": 0.471183,
        "nauc_ndcg_at_25_max": -0.097658,
        "nauc_ndcg_at_25_std": -0.141476,
        "nauc_ndcg_at_25_diff1": 0.474271,
        "nauc_ndcg_at_50_max": -0.08519,
        "nauc_ndcg_at_50_std": -0.122047,
        "nauc_ndcg_at_50_diff1": 0.46976,
        "nauc_ndcg_at_100_max": -0.107298,
        "nauc_ndcg_at_100_std": -0.138177,
        "nauc_ndcg_at_100_diff1": 0.457387,
        "nauc_ndcg_at_1000_max": -0.107298,
        "nauc_ndcg_at_1000_std": -0.138177,
        "nauc_ndcg_at_1000_diff1": 0.457387,
        "nauc_map_at_1_max": -0.144291,
        "nauc_map_at_1_std": -0.191686,
        "nauc_map_at_1_diff1": 0.413152,
        "nauc_map_at_3_max": -0.146865,
        "nauc_map_at_3_std": -0.156282,
        "nauc_map_at_3_diff1": 0.373789,
        "nauc_map_at_5_max": -0.139439,
        "nauc_map_at_5_std": -0.176273,
        "nauc_map_at_5_diff1": 0.396995,
        "nauc_map_at_10_max": -0.133427,
        "nauc_map_at_10_std": -0.133605,
        "nauc_map_at_10_diff1": 0.412269,
        "nauc_map_at_20_max": -0.126899,
        "nauc_map_at_20_std": -0.131657,
        "nauc_map_at_20_diff1": 0.430906,
        "nauc_map_at_25_max": -0.125435,
        "nauc_map_at_25_std": -0.133052,
        "nauc_map_at_25_diff1": 0.438116,
        "nauc_map_at_50_max": -0.118914,
        "nauc_map_at_50_std": -0.128473,
        "nauc_map_at_50_diff1": 0.440758,
        "nauc_map_at_100_max": -0.124165,
        "nauc_map_at_100_std": -0.132964,
        "nauc_map_at_100_diff1": 0.438283,
        "nauc_map_at_1000_max": -0.124165,
        "nauc_map_at_1000_std": -0.132964,
        "nauc_map_at_1000_diff1": 0.438283,
        "nauc_recall_at_1_max": -0.144291,
        "nauc_recall_at_1_std": -0.191686,
        "nauc_recall_at_1_diff1": 0.413152,
        "nauc_recall_at_3_max": -0.181944,
        "nauc_recall_at_3_std": -0.128884,
        "nauc_recall_at_3_diff1": 0.298178,
        "nauc_recall_at_5_max": -0.185084,
        "nauc_recall_at_5_std": -0.250209,
        "nauc_recall_at_5_diff1": 0.325901,
        "nauc_recall_at_10_max": -0.13869,
        "nauc_recall_at_10_std": -0.142671,
        "nauc_recall_at_10_diff1": 0.399656,
        "nauc_recall_at_20_max": 0.018975,
        "nauc_recall_at_20_std": -0.088663,
        "nauc_recall_at_20_diff1": 0.49208,
        "nauc_recall_at_25_max": -0.034923,
        "nauc_recall_at_25_std": -0.196133,
        "nauc_recall_at_25_diff1": 0.537244,
        "nauc_recall_at_50_max": 0.0673,
        "nauc_recall_at_50_std": -0.047936,
        "nauc_recall_at_50_diff1": 0.530665,
        "nauc_recall_at_100_max": NaN,
        "nauc_recall_at_100_std": NaN,
        "nauc_recall_at_100_diff1": NaN,
        "nauc_recall_at_1000_max": NaN,
        "nauc_recall_at_1000_std": NaN,
        "nauc_recall_at_1000_diff1": NaN,
        "nauc_precision_at_1_max": -0.025696,
        "nauc_precision_at_1_std": -0.15922,
        "nauc_precision_at_1_diff1": 0.511037,
        "nauc_precision_at_3_max": -0.012059,
        "nauc_precision_at_3_std": -0.035283,
        "nauc_precision_at_3_diff1": 0.316436,
        "nauc_precision_at_5_max": 0.09504,
        "nauc_precision_at_5_std": 0.034826,
        "nauc_precision_at_5_diff1": 0.387812,
        "nauc_precision_at_10_max": 0.122125,
        "nauc_precision_at_10_std": 0.181803,
        "nauc_precision_at_10_diff1": 0.42673,
        "nauc_precision_at_20_max": 0.174218,
        "nauc_precision_at_20_std": 0.138497,
        "nauc_precision_at_20_diff1": 0.368026,
        "nauc_precision_at_25_max": 0.121528,
        "nauc_precision_at_25_std": 0.083582,
        "nauc_precision_at_25_diff1": 0.335112,
        "nauc_precision_at_50_max": 0.166982,
        "nauc_precision_at_50_std": 0.141049,
        "nauc_precision_at_50_diff1": 0.212001,
        "nauc_precision_at_100_max": 0.057244,
        "nauc_precision_at_100_std": 0.051521,
        "nauc_precision_at_100_diff1": 0.076856,
        "nauc_precision_at_1000_max": 0.057244,
        "nauc_precision_at_1000_std": 0.051521,
        "nauc_precision_at_1000_diff1": 0.076856,
        "nauc_mrr_at_1_max": -0.025696,
        "nauc_mrr_at_1_std": -0.15922,
        "nauc_mrr_at_1_diff1": 0.511037,
        "nauc_mrr_at_3_max": -0.086039,
        "nauc_mrr_at_3_std": -0.169277,
        "nauc_mrr_at_3_diff1": 0.42696,
        "nauc_mrr_at_5_max": -0.09358,
        "nauc_mrr_at_5_std": -0.189566,
        "nauc_mrr_at_5_diff1": 0.424103,
        "nauc_mrr_at_10_max": -0.079472,
        "nauc_mrr_at_10_std": -0.172755,
        "nauc_mrr_at_10_diff1": 0.451973,
        "nauc_mrr_at_20_max": -0.061999,
        "nauc_mrr_at_20_std": -0.166388,
        "nauc_mrr_at_20_diff1": 0.455215,
        "nauc_mrr_at_25_max": -0.068947,
        "nauc_mrr_at_25_std": -0.171254,
        "nauc_mrr_at_25_diff1": 0.452823,
        "nauc_mrr_at_50_max": -0.072048,
        "nauc_mrr_at_50_std": -0.171897,
        "nauc_mrr_at_50_diff1": 0.450491,
        "nauc_mrr_at_100_max": -0.070803,
        "nauc_mrr_at_100_std": -0.170666,
        "nauc_mrr_at_100_diff1": 0.450671,
        "nauc_mrr_at_1000_max": -0.070803,
        "nauc_mrr_at_1000_std": -0.170666,
        "nauc_mrr_at_1000_diff1": 0.450671,
        "hit_rate_at_1": 0.27778,
        "hit_rate_at_3": 0.44444,
        "hit_rate_at_5": 0.61111,
        "hit_rate_at_10": 0.72222,
        "hit_rate_at_20": 0.83333,
        "hit_rate_at_25": 0.88889,
        "hit_rate_at_50": 0.94444,
        "hit_rate_at_100": 1.0,
        "hit_rate_at_1000": 1.0,
        "R_cap_at_1": 0.277778,
        "R_cap_at_3": 0.351852,
        "R_cap_at_5": 0.49213,
        "R_cap_at_10": 0.621296,
        "R_cap_at_20": 0.718056,
        "R_cap_at_25": 0.789352,
        "R_cap_at_50": 0.902778,
        "R_cap_at_100": 1.0,
        "R_cap_at_1000": 1.0,