{
  "dataset_revision": "432cf48c879c2de792720d5c0af6900312ebe7b6",
  "task_name": "LMEB_SciFact",
  "mteb_version": "2.12.39",
  "scores": {
    "test": [
      {
        "ndcg_at_1": 0.62766,
        "ndcg_at_3": 0.70051,
        "ndcg_at_5": 0.74232,
        "ndcg_at_10": 0.78714,
        "ndcg_at_20": 0.80367,
        "ndcg_at_25": 0.80444,
        "ndcg_at_50": 0.80557,
        "ndcg_at_100": 0.80557,
        "ndcg_at_1000": 0.80557,
        "map_at_1": 0.44038,
        "map_at_3": 0.61822,
        "map_at_5": 0.66449,
        "map_at_10": 0.70049,
        "map_at_20": 0.71081,
        "map_at_25": 0.71127,
        "map_at_50": 0.71177,
        "map_at_100": 0.71177,
        "map_at_1000": 0.71177,
        "recall_at_1": 0.44038,
        "recall_at_3": 0.73419,
        "recall_at_5": 0.83735,
        "recall_at_10": 0.95016,
        "recall_at_20": 0.99414,
        "recall_at_25": 0.99623,
        "recall_at_50": 1.0,
        "recall_at_100": 1.0,
        "recall_at_1000": 1.0,
        "accuracy": 0.44038,
        "precision_at_1": 0.62766,
        "precision_at_3": 0.40426,
        "precision_at_5": 0.29468,
        "precision_at_10": 0.17553,
        "precision_at_20": 0.09601,
        "precision_at_25": 0.07723,
        "precision_at_50": 0.03894,
        "precision_at_100": 0.01947,
        "precision_at_1000": 0.00195,
        "mrr_at_1": 0.62766,
        "mrr_at_3": 0.753546,
        "mrr_at_5": 0.763652,
        "mrr_at_10": 0.77027,
        "mrr_at_20": 0.771026,
        "mrr_at_25": 0.771026,
        "mrr_at_50": 0.771026,
        "mrr_at_100": 0.771026,
        "mrr_at_1000": 0.771026,
        "nauc_ndcg_at_1_max": 0.236072,
        "nauc_ndcg_at_1_std": -0.20541,
        "nauc_ndcg_at_1_diff1": 0.626976,
        "nauc_ndcg_at_3_max": 0.197128,
        "nauc_ndcg_at_3_std": -0.226998,
        "nauc_ndcg_at_3_diff1": 0.541665,
        "nauc_ndcg_at_5_max": 0.183462,
        "nauc_ndcg_at_5_std": -0.289511,
        "nauc_ndcg_at_5_diff1": 0.575764,
        "nauc_ndcg_at_10_max": 0.213028,
        "nauc_ndcg_at_10_std": -0.32501,
        "nauc_ndcg_at_10_diff1": 0.598543,
        "nauc_ndcg_at_20_max": 0.228795,
        "nauc_ndcg_at_20_std": -0.240419,
        "nauc_ndcg_at_20_diff1": 0.599325,
        "nauc_ndcg_at_25_max": 0.228375,
        "nauc_ndcg_at_25_std": -0.232499,
        "nauc_ndcg_at_25_diff1": 0.597213,
        "nauc_ndcg_at_50_max": 0.228718,
        "nauc_ndcg_at_50_std": -0.221623,
        "nauc_ndcg_at_50_diff1": 0.594677,
        "nauc_ndcg_at_100_max": 0.228718,
        "nauc_ndcg_at_100_std": -0.221623,
        "nauc_ndcg_at_100_diff1": 0.594677,
        "nauc_ndcg_at_1000_max": 0.228718,
        "nauc_ndcg_at_1000_std": -0.221623,
        "nauc_ndcg_at_1000_diff1": 0.594677,
        "nauc_map_at_1_max": 0.079881,
        "nauc_map_at_1_std": -0.31425,
        "nauc_map_at_1_diff1": 0.634757,
        "nauc_map_at_3_max": 0.153586,
        "nauc_map_at_3_std": -0.30266,
        "nauc_map_at_3_diff1": 0.574763,
        "nauc_map_at_5_max": 0.152519,
        "nauc_map_at_5_std": -0.325024,
        "nauc_map_at_5_diff1": 0.595552,
        "nauc_map_at_10_max": 0.181472,
        "nauc_map_at_10_std": -0.321726,
        "nauc_map_at_10_diff1": 0.605737,
        "nauc_map_at_20_max": 0.188603,
        "nauc_map_at_20_std": -0.281065,
        "nauc_map_at_20_diff1": 0.602918,
        "nauc_map_at_25_max": 0.188383,
        "nauc_map_at_25_std": -0.277768,
        "nauc_map_at_25_diff1": 0.602059,
        "nauc_map_at_50_max": 0.188485,
        "nauc_map_at_50_std": -0.274618,
        "nauc_map_at_50_diff1": 0.601299,
        "nauc_map_at_100_max": 0.188485,
        "nauc_map_at_100_std": -0.274618,
        "nauc_map_at_100_diff1": 0.601299,
        "nauc_map_at_1000_max": 0.188485,
        "nauc_map_at_1000_std": -0.274618,
        "nauc_map_at_1000_diff1": 0.601299,
        "nauc_recall_at_1_max": 0.079881,
        "nauc_recall_at_1_std": -0.31425,
        "nauc_recall_at_1_diff1": 0.634757,
        "nauc_recall_at_3_max": 0.131268,
        "nauc_recall_at_3_std": -0.339629,
        "nauc_recall_at_3_diff1": 0.430573,
        "nauc_recall_at_5_max": 0.06825,
        "nauc_recall_at_5_std": -0.455009,
        "nauc_recall_at_5_diff1": 0.444479,
        "nauc_recall_at_10_max": 0.0794,
        "nauc_recall_at_10_std": -1.017497,
        "nauc_recall_at_10_diff1": 0.446412,
        "nauc_recall_at_20_max": 0.228132,
        "nauc_recall_at_20_std": -1.686808,
        "nauc_recall_at_20_diff1": 0.839133,
        "nauc_recall_at_25_max": 0.203344,
        "nauc_recall_at_25_std": -1.662379,
        "nauc_recall_at_25_diff1": 0.806046,
        "nauc_recall_at_50_max": NaN,
        "nauc_recall_at_50_std": NaN,
        "nauc_recall_at_50_diff1": NaN,
        "nauc_recall_at_100_max": NaN,
        "nauc_recall_at_100_std": NaN,
        "nauc_recall_at_100_diff1": NaN,
        "nauc_recall_at_1000_max": NaN,
        "nauc_recall_at_1000_std": NaN,
        "nauc_recall_at_1000_diff1": NaN,
        "nauc_precision_at_1_max": 0.236072,
        "nauc_precision_at_1_std": -0.20541,
        "nauc_precision_at_1_diff1": 0.626976,
        "nauc_precision_at_3_max": 0.223086,
        "nauc_precision_at_3_std": 0.149839,
        "nauc_precision_at_3_diff1": -0.031343,
        "nauc_precision_at_5_max": 0.121129,
        "nauc_precision_at_5_std": 0.16383,
        "nauc_precision_at_5_diff1": -0.13357,
        "nauc_precision_at_10_max": 0.111307,
        "nauc_precision_at_10_std": 0.227922,
        "nauc_precision_at_10_diff1": -0.222285,
        "nauc_precision_at_20_max": 0.078265,
        "nauc_precision_at_20_std": 0.382456,
        "nauc_precision_at_20_diff1": -0.271106,
        "nauc_precision_at_25_max": 0.074558,
        "nauc_precision_at_25_std": 0.394837,
        "nauc_precision_at_25_diff1": -0.276041,
        "nauc_precision_at_50_max": 0.074185,
        "nauc_precision_at_50_std": 0.411809,
        "nauc_precision_at_50_diff1": -0.282348,
        "nauc_precision_at_100_max": 0.074185,
        "nauc_precision_at_100_std": 0.411809,
        "nauc_precision_at_100_diff1": -0.282348,
        "nauc_precision_at_1000_max": 0.074185,
        "nauc_precision_at_1000_std": 0.411809,
        "nauc_precision_at_1000_diff1": -0.282348,
        "nauc_mrr_at_1_max": 0.236072,
        "nauc_mrr_at_1_std": -0.20541,
        "nauc_mrr_at_1_diff1": 0.626976,
        "nauc_mrr_at_3_max": 0.296035,
        "nauc_mrr_at_3_std": -0.15057,
        "nauc_mrr_at_3_diff1": 0.582426,
        "nauc_mrr_at_5_max": 0.285463,
        "nauc_mrr_at_5_std": -0.161445,
        "nauc_mrr_at_5_diff1": 0.602442,
        "nauc_mrr_at_10_max": 0.279257,
        "nauc_mrr_at_10_std": -0.169558,
        "nauc_mrr_at_10_diff1": 0.600071,
        "nauc_mrr_at_20_max": 0.277438,
        "nauc_mrr_at_20_std": -0.167636,
        "nauc_mrr_at_20_diff1": 0.601358,
        "nauc_mrr_at_25_max": 0.277438,
        "nauc_mrr_at_25_std": -0.167636,
        "nauc_mrr_at_25_diff1": 0.601358,
        "nauc_mrr_at_50_max": 0.277438,
        "nauc_mrr_at_50_std": -0.167636,
        "nauc_mrr_at_50_diff1": 0.601358,
        "nauc_mrr_at_100_max": 0.277438,
        "nauc_mrr_at_100_std": -0.167636,
        "nauc_mrr_at_100_diff1": 0.601358,
        "nauc_mrr_at_1000_max": 0.277438,
        "nauc_mrr_at_1000_std": -0.167636,
        "nauc_mrr_at_1000_diff1": 0.601358,
        "hit_rate_at_1": 0.62766,
        "hit_rate_at_3": 0.90426,
        "hit_rate_at_5": 0.94681,
        "hit_rate_at_10": 0.98936,
        "hit_rate_at_20": 1.0,
        "hit_rate_at_25": 1.0,
        "hit_rate_at_50": 1.0,
        "hit_rate_at_100": 1.0,
        "hit_rate_at_1000": 1.0,
        "R_cap_at_1": 0.62766,
        "R_cap_at_3": 0.758865,
        "R_cap_at_5": 0.843706,
        "R_cap_at_10": 0.950519,
        "R_cap_at_20": 0.994143,
        "R_cap_at_25": 0.996232,
        "R_cap_at_50": 1.0,
        "R_cap_at_100": 1.0,
        "R_cap_at_1000": 1.0,
        "main_score": 0.78714,