{
  "dataset_revision": "ebc723b2474ef92d098a47e8f131aa7d3542b7b0",
  "task_name": "LMEBMLDR",
  "mteb_version": "2.12.39",
  "scores": {
    "test": [
      {
        "ndcg_at_1": 0.6,
        "ndcg_at_3": 0.71595,
        "ndcg_at_5": 0.74953,
        "ndcg_at_10": 0.77638,
        "ndcg_at_20": 0.78922,
        "ndcg_at_25": 0.78922,
        "ndcg_at_50": 0.78922,
        "ndcg_at_100": 0.78922,
        "ndcg_at_1000": 0.78922,
        "map_at_1": 0.6,
        "map_at_3": 0.69,
        "map_at_5": 0.709,
        "map_at_10": 0.72065,
        "map_at_20": 0.72428,
        "map_at_25": 0.72428,
        "map_at_50": 0.72428,
        "map_at_100": 0.72428,
        "map_at_1000": 0.72428,
        "recall_at_1": 0.6,
        "recall_at_3": 0.79,
        "recall_at_5": 0.87,
        "recall_at_10": 0.95,
        "recall_at_20": 1.0,
        "recall_at_25": 1.0,
        "recall_at_50": 1.0,
        "recall_at_100": 1.0,
        "recall_at_1000": 1.0,
        "accuracy": 0.6,
        "precision_at_1": 0.6,
        "precision_at_3": 0.26333,
        "precision_at_5": 0.174,
        "precision_at_10": 0.095,
        "precision_at_20": 0.05,
        "precision_at_25": 0.04,
        "precision_at_50": 0.02,
        "precision_at_100": 0.01,
        "precision_at_1000": 0.001,
        "mrr_at_1": 0.6,
        "mrr_at_3": 0.69,
        "mrr_at_5": 0.709,
        "mrr_at_10": 0.720647,
        "mrr_at_20": 0.724283,
        "mrr_at_25": 0.724283,
        "mrr_at_50": 0.724283,
        "mrr_at_100": 0.724283,
        "mrr_at_1000": 0.724283,
        "nauc_ndcg_at_1_max": 0.000416,
        "nauc_ndcg_at_1_std": 0.106575,
        "nauc_ndcg_at_1_diff1": 0.222484,
        "nauc_ndcg_at_3_max": -0.086277,
        "nauc_ndcg_at_3_std": -0.039603,
        "nauc_ndcg_at_3_diff1": 0.050389,
        "nauc_ndcg_at_5_max": -0.028424,
        "nauc_ndcg_at_5_std": 0.002449,
        "nauc_ndcg_at_5_diff1": 0.132994,
        "nauc_ndcg_at_10_max": -0.04993,
        "nauc_ndcg_at_10_std": 0.00377,
        "nauc_ndcg_at_10_diff1": 0.128602,
        "nauc_ndcg_at_20_max": -0.049174,
        "nauc_ndcg_at_20_std": 0.015011,
        "nauc_ndcg_at_20_diff1": 0.131875,
        "nauc_ndcg_at_25_max": -0.049174,
        "nauc_ndcg_at_25_std": 0.015011,
        "nauc_ndcg_at_25_diff1": 0.131875,
        "nauc_ndcg_at_50_max": -0.049174,
        "nauc_ndcg_at_50_std": 0.015011,
        "nauc_ndcg_at_50_diff1": 0.131875,
        "nauc_ndcg_at_100_max": -0.049174,
        "nauc_ndcg_at_100_std": 0.015011,
        "nauc_ndcg_at_100_diff1": 0.131875,
        "nauc_ndcg_at_1000_max": -0.049174,
        "nauc_ndcg_at_1000_std": 0.015011,
        "nauc_ndcg_at_1000_diff1": 0.131875,
        "nauc_map_at_1_max": 0.000416,
        "nauc_map_at_1_std": 0.106575,
        "nauc_map_at_1_diff1": 0.222484,
        "nauc_map_at_3_max": -0.066716,
        "nauc_map_at_3_std": -0.003176,
        "nauc_map_at_3_diff1": 0.096178,
        "nauc_map_at_5_max": -0.036898,
        "nauc_map_at_5_std": 0.021005,
        "nauc_map_at_5_diff1": 0.139616,
        "nauc_map_at_10_max": -0.044914,
        "nauc_map_at_10_std": 0.021338,
        "nauc_map_at_10_diff1": 0.138973,
        "nauc_map_at_20_max": -0.045713,
        "nauc_map_at_20_std": 0.02307,
        "nauc_map_at_20_diff1": 0.138697,
        "nauc_map_at_25_max": -0.045713,
        "nauc_map_at_25_std": 0.02307,
        "nauc_map_at_25_diff1": 0.138697,
        "nauc_map_at_50_max": -0.045713,
        "nauc_map_at_50_std": 0.02307,
        "nauc_map_at_50_diff1": 0.138697,
        "nauc_map_at_100_max": -0.045713,
        "nauc_map_at_100_std": 0.02307,
        "nauc_map_at_100_diff1": 0.138697,
        "nauc_map_at_1000_max": -0.045713,
        "nauc_map_at_1000_std": 0.02307,
        "nauc_map_at_1000_diff1": 0.138697,
        "nauc_recall_at_1_max": 0.000416,
        "nauc_recall_at_1_std": 0.106575,
        "nauc_recall_at_1_diff1": 0.222484,
        "nauc_recall_at_3_max": -0.15803,
        "nauc_recall_at_3_std": -0.17568,
        "nauc_recall_at_3_diff1": -0.122538,
        "nauc_recall_at_5_max": 0.038399,
        "nauc_recall_at_5_std": -0.086351,
        "nauc_recall_at_5_diff1": 0.122491,
        "nauc_recall_at_10_max": -0.098226,
        "nauc_recall_at_10_std": -0.18282,
        "nauc_recall_at_10_diff1": 0.042297,
        "nauc_recall_at_20_max": NaN,
        "nauc_recall_at_20_std": NaN,
        "nauc_recall_at_20_diff1": NaN,
        "nauc_recall_at_25_max": NaN,
        "nauc_recall_at_25_std": NaN,
        "nauc_recall_at_25_diff1": NaN,
        "nauc_recall_at_50_max": NaN,
        "nauc_recall_at_50_std": NaN,
        "nauc_recall_at_50_diff1": NaN,
        "nauc_recall_at_100_max": NaN,
        "nauc_recall_at_100_std": NaN,
        "nauc_recall_at_100_diff1": NaN,
        "nauc_recall_at_1000_max": NaN,
        "nauc_recall_at_1000_std": NaN,
        "nauc_recall_at_1000_diff1": NaN,
        "nauc_precision_at_1_max": 0.000416,
        "nauc_precision_at_1_std": 0.106575,
        "nauc_precision_at_1_diff1": 0.222484,
        "nauc_precision_at_3_max": -0.15803,
        "nauc_precision_at_3_std": -0.17568,
        "nauc_precision_at_3_diff1": -0.122538,
        "nauc_precision_at_5_max": 0.038399,
        "nauc_precision_at_5_std": -0.086351,
        "nauc_precision_at_5_diff1": 0.122491,
        "nauc_precision_at_10_max": -0.098226,
        "nauc_precision_at_10_std": -0.18282,
        "nauc_precision_at_10_diff1": 0.042297,
        "nauc_precision_at_20_max": 1.0,
        "nauc_precision_at_20_std": 1.0,
        "nauc_precision_at_20_diff1": 1.0,
        "nauc_precision_at_25_max": NaN,
        "nauc_precision_at_25_std": NaN,
        "nauc_precision_at_25_diff1": NaN,
        "nauc_precision_at_50_max": NaN,
        "nauc_precision_at_50_std": NaN,
        "nauc_precision_at_50_diff1": NaN,
        "nauc_precision_at_100_max": NaN,
        "nauc_precision_at_100_std": NaN,
        "nauc_precision_at_100_diff1": NaN,
        "nauc_precision_at_1000_max": NaN,
        "nauc_precision_at_1000_std": NaN,
        "nauc_precision_at_1000_diff1": NaN,
        "nauc_mrr_at_1_max": 0.000416,
        "nauc_mrr_at_1_std": 0.106575,
        "nauc_mrr_at_1_diff1": 0.222484,
        "nauc_mrr_at_3_max": -0.066716,
        "nauc_mrr_at_3_std": -0.003176,
        "nauc_mrr_at_3_diff1": 0.096178,
        "nauc_mrr_at_5_max": -0.036898,
        "nauc_mrr_at_5_std": 0.021005,
        "nauc_mrr_at_5_diff1": 0.139616,
        "nauc_mrr_at_10_max": -0.044914,
        "nauc_mrr_at_10_std": 0.021338,
        "nauc_mrr_at_10_diff1": 0.138973,
        "nauc_mrr_at_20_max": -0.045713,
        "nauc_mrr_at_20_std": 0.02307,
        "nauc_mrr_at_20_diff1": 0.138697,
        "nauc_mrr_at_25_max": -0.045713,
        "nauc_mrr_at_25_std": 0.02307,
        "nauc_mrr_at_25_diff1": 0.138697,
        "nauc_mrr_at_50_max": -0.045713,
        "nauc_mrr_at_50_std": 0.02307,
        "nauc_mrr_at_50_diff1": 0.138697,
        "nauc_mrr_at_100_max": -0.045713,
        "nauc_mrr_at_100_std": 0.02307,
        "nauc_mrr_at_100_diff1": 0.138697,
        "nauc_mrr_at_1000_max": -0.045713,
        "nauc_mrr_at_1000_std": 0.02307,
        "nauc_mrr_at_1000_diff1": 0.138697,
        "hit_rate_at_1": 0.6,
        "hit_rate_at_3": 0.79,
        "hit_rate_at_5": 0.87,
        "hit_rate_at_10": 0.95,
        "hit_rate_at_20": 1.0,
        "hit_rate_at_25": 1.0,
        "hit_rate_at_50": 1.0,
        "hit_rate_at_100": 1.0,
        "hit_rate_at_1000": 1.0,
        "R_cap_at_1": 0.6,
        "R_cap_at_3": 0.79,
        "R_cap_at_5": 0.87,
        "R_cap_at_10": 0.95,
        "R_cap_at_20": 1.0,
        "R_cap_at_25": 1.0,
        "R_cap_at_50": 1.0,
        "R_cap_at_100": 1.0,
        "R_cap_at_1000": 1.0,
        "main_score": 0.77638,
        "hf_subset": "MLDR",
        "languages": [
          "eng-Latn"
        ],
        "mteb_version": "2.12.39"
      }
    ]
  },
  "evaluation_time": 34.2811005115509,
  "kg_co2_emissions": null,
  "date": 1780521944.734917
}