{
  "dataset_revision": "df52bb043564336892a1eb9127559130fcb0e62c",
  "task_name": "LooGLE",
  "mteb_version": "2.12.39",
  "scores": {
    "test": [
      {
        "ndcg_at_1": 0.39237,
        "ndcg_at_3": 0.36297,
        "ndcg_at_5": 0.39155,
        "ndcg_at_10": 0.44586,
        "ndcg_at_20": 0.49086,
        "ndcg_at_25": 0.5024,
        "ndcg_at_50": 0.53804,
        "ndcg_at_100": 0.56375,
        "ndcg_at_1000": 0.57141,
        "map_at_1": 0.15596,
        "map_at_3": 0.27074,
        "map_at_5": 0.30768,
        "map_at_10": 0.33977,
        "map_at_20": 0.35922,
        "map_at_25": 0.36308,
        "map_at_50": 0.37235,
        "map_at_100": 0.37673,
        "map_at_1000": 0.37759,
        "recall_at_1": 0.15596,
        "recall_at_3": 0.3339,
        "recall_at_5": 0.42264,
        "recall_at_10": 0.54744,
        "recall_at_20": 0.67198,
        "recall_at_25": 0.71028,
        "recall_at_50": 0.84163,
        "recall_at_100": 0.95409,
        "recall_at_1000": 0.99286,
        "accuracy": 0.15596,
        "precision_at_1": 0.39237,
        "precision_at_3": 0.28792,
        "precision_at_5": 0.22416,
        "precision_at_10": 0.15032,
        "precision_at_20": 0.09559,
        "precision_at_25": 0.08113,
        "precision_at_50": 0.04888,
        "precision_at_100": 0.02791,
        "precision_at_1000": 0.00291,
        "mrr_at_1": 0.392371,
        "mrr_at_3": 0.491977,
        "mrr_at_5": 0.511051,
        "mrr_at_10": 0.525334,
        "mrr_at_20": 0.530956,
        "mrr_at_25": 0.53191,
        "mrr_at_50": 0.533482,
        "mrr_at_100": 0.533895,
        "mrr_at_1000": 0.533946,
        "nauc_ndcg_at_1_max": 0.084128,
        "nauc_ndcg_at_1_std": -0.167852,
        "nauc_ndcg_at_1_diff1": 0.295269,
        "nauc_ndcg_at_3_max": 0.052914,
        "nauc_ndcg_at_3_std": -0.155937,
        "nauc_ndcg_at_3_diff1": 0.247464,
        "nauc_ndcg_at_5_max": 0.039127,
        "nauc_ndcg_at_5_std": -0.156982,
        "nauc_ndcg_at_5_diff1": 0.252623,
        "nauc_ndcg_at_10_max": 0.061581,
        "nauc_ndcg_at_10_std": -0.138858,
        "nauc_ndcg_at_10_diff1": 0.251457,
        "nauc_ndcg_at_20_max": 0.066258,
        "nauc_ndcg_at_20_std": -0.15009,
        "nauc_ndcg_at_20_diff1": 0.254502,
        "nauc_ndcg_at_25_max": 0.067817,
        "nauc_ndcg_at_25_std": -0.152159,
        "nauc_ndcg_at_25_diff1": 0.259245,
        "nauc_ndcg_at_50_max": 0.074208,
        "nauc_ndcg_at_50_std": -0.149328,
        "nauc_ndcg_at_50_diff1": 0.253225,
        "nauc_ndcg_at_100_max": 0.075987,
        "nauc_ndcg_at_100_std": -0.152591,
        "nauc_ndcg_at_100_diff1": 0.260871,
        "nauc_ndcg_at_1000_max": 0.071027,
        "nauc_ndcg_at_1000_std": -0.158584,
        "nauc_ndcg_at_1000_diff1": 0.254682,
        "nauc_map_at_1_max": 0.051588,
        "nauc_map_at_1_std": -0.127384,
        "nauc_map_at_1_diff1": 0.31745,
        "nauc_map_at_3_max": 0.048118,
        "nauc_map_at_3_std": -0.132327,
        "nauc_map_at_3_diff1": 0.274951,
        "nauc_map_at_5_max": 0.038978,
        "nauc_map_at_5_std": -0.147817,
        "nauc_map_at_5_diff1": 0.263486,
        "nauc_map_at_10_max": 0.051844,
        "nauc_map_at_10_std": -0.142163,
        "nauc_map_at_10_diff1": 0.262648,
        "nauc_map_at_20_max": 0.053094,
        "nauc_map_at_20_std": -0.148121,
        "nauc_map_at_20_diff1": 0.262753,
        "nauc_map_at_25_max": 0.052819,
        "nauc_map_at_25_std": -0.148962,
        "nauc_map_at_25_diff1": 0.263761,
        "nauc_map_at_50_max": 0.054414,
        "nauc_map_at_50_std": -0.149767,
        "nauc_map_at_50_diff1": 0.262481,
        "nauc_map_at_100_max": 0.054769,
        "nauc_map_at_100_std": -0.150483,
        "nauc_map_at_100_diff1": 0.263678,
        "nauc_map_at_1000_max": 0.054412,
        "nauc_map_at_1000_std": -0.151049,
        "nauc_map_at_1000_diff1": 0.263196,
        "nauc_recall_at_1_max": 0.051588,
        "nauc_recall_at_1_std": -0.127384,
        "nauc_recall_at_1_diff1": 0.31745,
        "nauc_recall_at_3_max": 0.033893,
        "nauc_recall_at_3_std": -0.108496,
        "nauc_recall_at_3_diff1": 0.230126,
        "nauc_recall_at_5_max": 0.009469,
        "nauc_recall_at_5_std": -0.126159,
        "nauc_recall_at_5_diff1": 0.205012,
        "nauc_recall_at_10_max": 0.054057,
        "nauc_recall_at_10_std": -0.0827,
        "nauc_recall_at_10_diff1": 0.198265,
        "nauc_recall_at_20_max": 0.067808,
        "nauc_recall_at_20_std": -0.10086,
        "nauc_recall_at_20_diff1": 0.202655,
        "nauc_recall_at_25_max": 0.072567,
        "nauc_recall_at_25_std": -0.102413,
        "nauc_recall_at_25_diff1": 0.220427,
        "nauc_recall_at_50_max": 0.109095,
        "nauc_recall_at_50_std": -0.048095,
        "nauc_recall_at_50_diff1": 0.185282,
        "nauc_recall_at_100_max": 0.230268,
        "nauc_recall_at_100_std": 0.095211,
        "nauc_recall_at_100_diff1": 0.297436,
        "nauc_recall_at_1000_max": 0.336362,
        "nauc_recall_at_1000_std": 0.423405,
        "nauc_recall_at_1000_diff1": -0.164011,
        "nauc_precision_at_1_max": 0.084128,
        "nauc_precision_at_1_std": -0.167852,
        "nauc_precision_at_1_diff1": 0.295269,
        "nauc_precision_at_3_max": 0.0536,
        "nauc_precision_at_3_std": -0.15841,
        "nauc_precision_at_3_diff1": 0.184544,
        "nauc_precision_at_5_max": 0.032247,
        "nauc_precision_at_5_std": -0.181613,
        "nauc_precision_at_5_diff1": 0.140064,
        "nauc_precision_at_10_max": 0.064107,
        "nauc_precision_at_10_std": -0.134606,
        "nauc_precision_at_10_diff1": 0.095741,
        "nauc_precision_at_20_max": 0.049375,
        "nauc_precision_at_20_std": -0.141204,
        "nauc_precision_at_20_diff1": 0.052143,
        "nauc_precision_at_25_max": 0.050096,
        "nauc_precision_at_25_std": -0.141985,
        "nauc_precision_at_25_diff1": 0.047515,
        "nauc_precision_at_50_max": 0.059266,
        "nauc_precision_at_50_std": -0.115553,
        "nauc_precision_at_50_diff1": -0.027829,
        "nauc_precision_at_100_max": 0.049436,
        "nauc_precision_at_100_std": -0.101777,
        "nauc_precision_at_100_diff1": -0.06835,
        "nauc_precision_at_1000_max": 0.029511,
        "nauc_precision_at_1000_std": -0.113081,
        "nauc_precision_at_1000_diff1": -0.105547,
        "nauc_mrr_at_1_max": 0.084128,
        "nauc_mrr_at_1_std": -0.167852,
        "nauc_mrr_at_1_diff1": 0.295269,
        "nauc_mrr_at_3_max": 0.074753,
        "nauc_mrr_at_3_std": -0.167987,
        "nauc_mrr_at_3_diff1": 0.265931,
        "nauc_mrr_at_5_max": 0.072659,
        "nauc_mrr_at_5_std": -0.171313,
        "nauc_mrr_at_5_diff1": 0.265747,
        "nauc_mrr_at_10_max": 0.078562,
        "nauc_mrr_at_10_std": -0.164296,
        "nauc_mrr_at_10_diff1": 0.264901,
        "nauc_mrr_at_20_max": 0.079406,
        "nauc_mrr_at_20_std": -0.166094,
        "nauc_mrr_at_20_diff1": 0.266677,
        "nauc_mrr_at_25_max": 0.079648,
        "nauc_mrr_at_25_std": -0.16678,
        "nauc_mrr_at_25_diff1": 0.267395,
        "nauc_mrr_at_50_max": 0.079286,
        "nauc_mrr_at_50_std": -0.16614,
        "nauc_mrr_at_50_diff1": 0.267465,
        "nauc_mrr_at_100_max": 0.079014,
        "nauc_mrr_at_100_std": -0.166239,
        "nauc_mrr_at_100_diff1": 0.267432,
        "nauc_mrr_at_1000_max": 0.078937,
        "nauc_mrr_at_1000_std": -0.166271,
        "nauc_mrr_at_1000_diff1": 0.267362,
        "hit_rate_at_1": 0.39237,
        "hit_rate_at_3": 0.61853,
        "hit_rate_at_5": 0.703,
        "hit_rate_at_10": 0.81108,
        "hit_rate_at_20": 0.88919,
        "hit_rate_at_25": 0.91099,
        "hit_rate_at_50": 0.96458,
        "hit_rate_at_100": 0.99183,
        "hit_rate_at_1000": 0.99818,
        "R_cap_at_1": 0.392371,
        "R_cap_at_3": 0.365274,
        "R_cap_at_5": 0.425068,
        "R_cap_at_10": 0.547691,
        "R_cap_at_20": 0.672033,
        "R_cap_at_25": 0.710285,
        "R_cap_at_50": 0.841633,