{
  "dataset_revision": "6b2010c691a435a7a920088d32e55c898afa97f5",
  "task_name": "PeerQA",
  "mteb_version": "2.12.39",
  "scores": {
    "test": [
      {
        "ndcg_at_1": 0.22059,
        "ndcg_at_3": 0.22345,
        "ndcg_at_5": 0.25143,
        "ndcg_at_10": 0.29706,
        "ndcg_at_20": 0.34463,
        "ndcg_at_25": 0.35888,
        "ndcg_at_50": 0.38878,
        "ndcg_at_100": 0.41892,
        "ndcg_at_1000": 0.45262,
        "map_at_1": 0.14468,
        "map_at_3": 0.18046,
        "map_at_5": 0.20065,
        "map_at_10": 0.22422,
        "map_at_20": 0.24223,
        "map_at_25": 0.24629,
        "map_at_50": 0.25289,
        "map_at_100": 0.25747,
        "map_at_1000": 0.26075,
        "recall_at_1": 0.14468,
        "recall_at_3": 0.22078,
        "recall_at_5": 0.28999,
        "recall_at_10": 0.40415,
        "recall_at_20": 0.54043,
        "recall_at_25": 0.59209,
        "recall_at_50": 0.703,
        "recall_at_100": 0.82719,
        "recall_at_1000": 1.0,
        "accuracy": 0.14468,
        "precision_at_1": 0.22059,
        "precision_at_3": 0.1299,
        "precision_at_5": 0.11176,
        "precision_at_10": 0.08456,
        "precision_at_20": 0.06287,
        "precision_at_25": 0.05529,
        "precision_at_50": 0.03515,
        "precision_at_100": 0.0225,
        "precision_at_1000": 0.00286,
        "mrr_at_1": 0.220588,
        "mrr_at_3": 0.275735,
        "mrr_at_5": 0.300368,
        "mrr_at_10": 0.317253,
        "mrr_at_20": 0.328616,
        "mrr_at_25": 0.329915,
        "mrr_at_50": 0.332414,
        "mrr_at_100": 0.33336,
        "mrr_at_1000": 0.333801,
        "nauc_ndcg_at_1_max": -0.060704,
        "nauc_ndcg_at_1_std": -0.325637,
        "nauc_ndcg_at_1_diff1": 0.374143,
        "nauc_ndcg_at_3_max": -0.024805,
        "nauc_ndcg_at_3_std": -0.278414,
        "nauc_ndcg_at_3_diff1": 0.279424,
        "nauc_ndcg_at_5_max": -0.020235,
        "nauc_ndcg_at_5_std": -0.273121,
        "nauc_ndcg_at_5_diff1": 0.251031,
        "nauc_ndcg_at_10_max": 0.022773,
        "nauc_ndcg_at_10_std": -0.25167,
        "nauc_ndcg_at_10_diff1": 0.219536,
        "nauc_ndcg_at_20_max": 0.036004,
        "nauc_ndcg_at_20_std": -0.236515,
        "nauc_ndcg_at_20_diff1": 0.221108,
        "nauc_ndcg_at_25_max": 0.03867,
        "nauc_ndcg_at_25_std": -0.229417,
        "nauc_ndcg_at_25_diff1": 0.210624,
        "nauc_ndcg_at_50_max": 0.042735,
        "nauc_ndcg_at_50_std": -0.213592,
        "nauc_ndcg_at_50_diff1": 0.213129,
        "nauc_ndcg_at_100_max": 0.041132,
        "nauc_ndcg_at_100_std": -0.20564,
        "nauc_ndcg_at_100_diff1": 0.218491,
        "nauc_ndcg_at_1000_max": 0.030128,
        "nauc_ndcg_at_1000_std": -0.220245,
        "nauc_ndcg_at_1000_diff1": 0.233703,
        "nauc_map_at_1_max": -0.001462,
        "nauc_map_at_1_std": -0.272979,
        "nauc_map_at_1_diff1": 0.332959,
        "nauc_map_at_3_max": -0.026088,
        "nauc_map_at_3_std": -0.275654,
        "nauc_map_at_3_diff1": 0.283767,
        "nauc_map_at_5_max": -0.024397,
        "nauc_map_at_5_std": -0.27633,
        "nauc_map_at_5_diff1": 0.272274,
        "nauc_map_at_10_max": 0.002728,
        "nauc_map_at_10_std": -0.260889,
        "nauc_map_at_10_diff1": 0.254808,
        "nauc_map_at_20_max": 0.009017,
        "nauc_map_at_20_std": -0.254792,
        "nauc_map_at_20_diff1": 0.249619,
        "nauc_map_at_25_max": 0.010778,
        "nauc_map_at_25_std": -0.252156,
        "nauc_map_at_25_diff1": 0.247907,
        "nauc_map_at_50_max": 0.012317,
        "nauc_map_at_50_std": -0.248488,
        "nauc_map_at_50_diff1": 0.250169,
        "nauc_map_at_100_max": 0.012263,
        "nauc_map_at_100_std": -0.247176,
        "nauc_map_at_100_diff1": 0.250476,
        "nauc_map_at_1000_max": 0.011788,
        "nauc_map_at_1000_std": -0.247487,
        "nauc_map_at_1000_diff1": 0.251351,
        "nauc_recall_at_1_max": -0.001462,
        "nauc_recall_at_1_std": -0.272979,
        "nauc_recall_at_1_diff1": 0.332959,
        "nauc_recall_at_3_max": -0.043519,
        "nauc_recall_at_3_std": -0.263533,
        "nauc_recall_at_3_diff1": 0.219036,
        "nauc_recall_at_5_max": -0.034915,
        "nauc_recall_at_5_std": -0.248388,
        "nauc_recall_at_5_diff1": 0.159276,
        "nauc_recall_at_10_max": 0.056646,
        "nauc_recall_at_10_std": -0.195794,
        "nauc_recall_at_10_diff1": 0.089912,
        "nauc_recall_at_20_max": 0.090441,
        "nauc_recall_at_20_std": -0.155816,
        "nauc_recall_at_20_diff1": 0.117798,
        "nauc_recall_at_25_max": 0.093157,
        "nauc_recall_at_25_std": -0.132722,
        "nauc_recall_at_25_diff1": 0.066189,
        "nauc_recall_at_50_max": 0.11788,
        "nauc_recall_at_50_std": -0.060226,
        "nauc_recall_at_50_diff1": 0.030453,
        "nauc_recall_at_100_max": 0.133217,
        "nauc_recall_at_100_std": 0.024162,
        "nauc_recall_at_100_diff1": 0.00973,
        "nauc_recall_at_1000_max": NaN,
        "nauc_recall_at_1000_std": NaN,
        "nauc_recall_at_1000_diff1": NaN,
        "nauc_precision_at_1_max": -0.060704,
        "nauc_precision_at_1_std": -0.325637,
        "nauc_precision_at_1_diff1": 0.374143,
        "nauc_precision_at_3_max": -0.002549,
        "nauc_precision_at_3_std": -0.247262,
        "nauc_precision_at_3_diff1": 0.231634,
        "nauc_precision_at_5_max": 0.019175,
        "nauc_precision_at_5_std": -0.233654,
        "nauc_precision_at_5_diff1": 0.189575,
        "nauc_precision_at_10_max": 0.128595,
        "nauc_precision_at_10_std": -0.140074,
        "nauc_precision_at_10_diff1": 0.114417,
        "nauc_precision_at_20_max": 0.162585,
        "nauc_precision_at_20_std": -0.012526,
        "nauc_precision_at_20_diff1": 0.042217,
        "nauc_precision_at_25_max": 0.17093,
        "nauc_precision_at_25_std": 0.024912,
        "nauc_precision_at_25_diff1": 0.021583,
        "nauc_precision_at_50_max": 0.151947,
        "nauc_precision_at_50_std": 0.116629,
        "nauc_precision_at_50_diff1": 0.007503,
        "nauc_precision_at_100_max": 0.131022,
        "nauc_precision_at_100_std": 0.205384,
        "nauc_precision_at_100_diff1": -0.045653,
        "nauc_precision_at_1000_max": 0.085972,
        "nauc_precision_at_1000_std": 0.225076,
        "nauc_precision_at_1000_diff1": -0.064359,
        "nauc_mrr_at_1_max": -0.060704,
        "nauc_mrr_at_1_std": -0.325637,
        "nauc_mrr_at_1_diff1": 0.374143,
        "nauc_mrr_at_3_max": -0.024766,
        "nauc_mrr_at_3_std": -0.278036,
        "nauc_mrr_at_3_diff1": 0.297048,
        "nauc_mrr_at_5_max": -0.010071,
        "nauc_mrr_at_5_std": -0.272358,
        "nauc_mrr_at_5_diff1": 0.277894,
        "nauc_mrr_at_10_max": -0.007817,
        "nauc_mrr_at_10_std": -0.272471,
        "nauc_mrr_at_10_diff1": 0.277104,
        "nauc_mrr_at_20_max": -0.010196,
        "nauc_mrr_at_20_std": -0.271392,
        "nauc_mrr_at_20_diff1": 0.281423,
        "nauc_mrr_at_25_max": -0.011685,
        "nauc_mrr_at_25_std": -0.271244,
        "nauc_mrr_at_25_diff1": 0.279868,
        "nauc_mrr_at_50_max": -0.012135,
        "nauc_mrr_at_50_std": -0.270294,
        "nauc_mrr_at_50_diff1": 0.280292,
        "nauc_mrr_at_100_max": -0.012124,
        "nauc_mrr_at_100_std": -0.270828,
        "nauc_mrr_at_100_diff1": 0.281244,
        "nauc_mrr_at_1000_max": -0.012815,
        "nauc_mrr_at_1000_std": -0.271409,
        "nauc_mrr_at_1000_diff1": 0.281381,
        "hit_rate_at_1": 0.22059,
        "hit_rate_at_3": 0.35294,
        "hit_rate_at_5": 0.46324,
        "hit_rate_at_10": 0.58824,
        "hit_rate_at_20": 0.75,
        "hit_rate_at_25": 0.77941,
        "hit_rate_at_50": 0.86765,
        "hit_rate_at_100": 0.93382,
        "hit_rate_at_1000": 1.0,
        "R_cap_at_1": 0.220588,
        "R_cap_at_3": 0.234069,
        "R_cap_at_5": 0.292892,
        "R_cap_at_10": 0.404149,
        "R_cap_at_20": 0.540428,
        "R_cap_at_25": 0.592091,
        "R_cap_at_50": 0.702999,
        "R_cap_at_100": 0.827188,