{
  "dataset_revision": "898f2eced48890f19b6a88f1b616e9ca6c5dda1c",
  "task_name": "QASPER",
  "mteb_version": "2.12.39",
  "scores": {
    "test": [
      {
        "ndcg_at_1": 0.2824,
        "ndcg_at_3": 0.36526,
        "ndcg_at_5": 0.41344,
        "ndcg_at_10": 0.47169,
        "ndcg_at_20": 0.51802,
        "ndcg_at_25": 0.53201,
        "ndcg_at_50": 0.54927,
        "ndcg_at_100": 0.55288,
        "ndcg_at_1000": 0.55296,
        "map_at_1": 0.21291,
        "map_at_3": 0.31148,
        "map_at_5": 0.34632,
        "map_at_10": 0.37734,
        "map_at_20": 0.39449,
        "map_at_25": 0.39851,
        "map_at_50": 0.40317,
        "map_at_100": 0.40385,
        "map_at_1000": 0.40386,
        "recall_at_1": 0.21291,
        "recall_at_3": 0.41486,
        "recall_at_5": 0.53483,
        "recall_at_10": 0.70056,
        "recall_at_20": 0.85833,
        "recall_at_25": 0.9137,
        "recall_at_50": 0.98331,
        "recall_at_100": 0.99966,
        "recall_at_1000": 1.0,
        "accuracy": 0.21291,
        "precision_at_1": 0.2824,
        "precision_at_3": 0.19526,
        "precision_at_5": 0.15655,
        "precision_at_10": 0.10846,
        "precision_at_20": 0.06985,
        "precision_at_25": 0.0601,
        "precision_at_50": 0.03378,
        "precision_at_100": 0.01736,
        "precision_at_1000": 0.00174,
        "mrr_at_1": 0.282397,
        "mrr_at_3": 0.377528,
        "mrr_at_5": 0.405955,
        "mrr_at_10": 0.426979,
        "mrr_at_20": 0.436222,
        "mrr_at_25": 0.437954,
        "mrr_at_50": 0.439216,
        "mrr_at_100": 0.439388,
        "mrr_at_1000": 0.439388,
        "nauc_ndcg_at_1_max": 0.026496,
        "nauc_ndcg_at_1_std": 0.000187,
        "nauc_ndcg_at_1_diff1": 0.250135,
        "nauc_ndcg_at_3_max": 0.012864,
        "nauc_ndcg_at_3_std": -0.021303,
        "nauc_ndcg_at_3_diff1": 0.233129,
        "nauc_ndcg_at_5_max": 0.018369,
        "nauc_ndcg_at_5_std": -0.010743,
        "nauc_ndcg_at_5_diff1": 0.229249,
        "nauc_ndcg_at_10_max": 0.019077,
        "nauc_ndcg_at_10_std": -0.001294,
        "nauc_ndcg_at_10_diff1": 0.224827,
        "nauc_ndcg_at_20_max": 0.026237,
        "nauc_ndcg_at_20_std": 0.002769,
        "nauc_ndcg_at_20_diff1": 0.229462,
        "nauc_ndcg_at_25_max": 0.029066,
        "nauc_ndcg_at_25_std": 0.004901,
        "nauc_ndcg_at_25_diff1": 0.232961,
        "nauc_ndcg_at_50_max": 0.030451,
        "nauc_ndcg_at_50_std": 0.001082,
        "nauc_ndcg_at_50_diff1": 0.235287,
        "nauc_ndcg_at_100_max": 0.032242,
        "nauc_ndcg_at_100_std": 0.00132,
        "nauc_ndcg_at_100_diff1": 0.23549,
        "nauc_ndcg_at_1000_max": 0.032637,
        "nauc_ndcg_at_1000_std": 0.0018,
        "nauc_ndcg_at_1000_diff1": 0.23535,
        "nauc_map_at_1_max": 0.02272,
        "nauc_map_at_1_std": 0.008168,
        "nauc_map_at_1_diff1": 0.263603,
        "nauc_map_at_3_max": 0.014521,
        "nauc_map_at_3_std": -0.014914,
        "nauc_map_at_3_diff1": 0.229806,
        "nauc_map_at_5_max": 0.019312,
        "nauc_map_at_5_std": -0.008048,
        "nauc_map_at_5_diff1": 0.229635,
        "nauc_map_at_10_max": 0.019813,
        "nauc_map_at_10_std": -0.002655,
        "nauc_map_at_10_diff1": 0.231146,
        "nauc_map_at_20_max": 0.021461,
        "nauc_map_at_20_std": -0.00096,
        "nauc_map_at_20_diff1": 0.231877,
        "nauc_map_at_25_max": 0.022615,
        "nauc_map_at_25_std": -0.000406,
        "nauc_map_at_25_diff1": 0.232876,
        "nauc_map_at_50_max": 0.024523,
        "nauc_map_at_50_std": -0.000186,
        "nauc_map_at_50_diff1": 0.233669,
        "nauc_map_at_100_max": 0.024967,
        "nauc_map_at_100_std": -0.000201,
        "nauc_map_at_100_diff1": 0.234148,
        "nauc_map_at_1000_max": 0.025018,
        "nauc_map_at_1000_std": -0.000138,
        "nauc_map_at_1000_diff1": 0.234131,
        "nauc_recall_at_1_max": 0.02272,
        "nauc_recall_at_1_std": 0.008168,
        "nauc_recall_at_1_diff1": 0.263603,
        "nauc_recall_at_3_max": -0.004418,
        "nauc_recall_at_3_std": -0.038235,
        "nauc_recall_at_3_diff1": 0.203862,
        "nauc_recall_at_5_max": 0.006679,
        "nauc_recall_at_5_std": -0.020447,
        "nauc_recall_at_5_diff1": 0.201118,
        "nauc_recall_at_10_max": -0.005547,
        "nauc_recall_at_10_std": 0.00532,
        "nauc_recall_at_10_diff1": 0.1736,
        "nauc_recall_at_20_max": 0.019176,
        "nauc_recall_at_20_std": 0.031089,
        "nauc_recall_at_20_diff1": 0.173147,
        "nauc_recall_at_25_max": 0.033586,
        "nauc_recall_at_25_std": 0.06852,
        "nauc_recall_at_25_diff1": 0.187014,
        "nauc_recall_at_50_max": -0.071172,
        "nauc_recall_at_50_std": -0.039189,
        "nauc_recall_at_50_diff1": 0.249577,
        "nauc_recall_at_100_max": -1.152538,
        "nauc_recall_at_100_std": -1.414959,
        "nauc_recall_at_100_diff1": 0.554011,
        "nauc_recall_at_1000_max": NaN,
        "nauc_recall_at_1000_std": NaN,
        "nauc_recall_at_1000_diff1": NaN,
        "nauc_precision_at_1_max": 0.026496,
        "nauc_precision_at_1_std": 0.000187,
        "nauc_precision_at_1_diff1": 0.250135,
        "nauc_precision_at_3_max": 0.011543,
        "nauc_precision_at_3_std": -0.028623,
        "nauc_precision_at_3_diff1": 0.16426,
        "nauc_precision_at_5_max": 0.024435,
        "nauc_precision_at_5_std": 0.000632,
        "nauc_precision_at_5_diff1": 0.131672,
        "nauc_precision_at_10_max": 0.031711,
        "nauc_precision_at_10_std": 0.022096,
        "nauc_precision_at_10_diff1": 0.098829,
        "nauc_precision_at_20_max": 0.048986,
        "nauc_precision_at_20_std": 0.037631,
        "nauc_precision_at_20_diff1": 0.050202,
        "nauc_precision_at_25_max": 0.060248,
        "nauc_precision_at_25_std": 0.043306,
        "nauc_precision_at_25_diff1": 0.03816,
        "nauc_precision_at_50_max": 0.079811,
        "nauc_precision_at_50_std": 0.043534,
        "nauc_precision_at_50_diff1": 0.018719,
        "nauc_precision_at_100_max": 0.085277,
        "nauc_precision_at_100_std": 0.0433,
        "nauc_precision_at_100_diff1": 0.018903,
        "nauc_precision_at_1000_max": 0.086703,
        "nauc_precision_at_1000_std": 0.045249,
        "nauc_precision_at_1000_diff1": 0.01807,
        "nauc_mrr_at_1_max": 0.026496,
        "nauc_mrr_at_1_std": 0.000187,
        "nauc_mrr_at_1_diff1": 0.250135,
        "nauc_mrr_at_3_max": 0.023704,
        "nauc_mrr_at_3_std": -0.013497,
        "nauc_mrr_at_3_diff1": 0.233403,
        "nauc_mrr_at_5_max": 0.029735,
        "nauc_mrr_at_5_std": -0.006509,
        "nauc_mrr_at_5_diff1": 0.234787,
        "nauc_mrr_at_10_max": 0.030152,
        "nauc_mrr_at_10_std": -0.004737,
        "nauc_mrr_at_10_diff1": 0.232437,
        "nauc_mrr_at_20_max": 0.03158,
        "nauc_mrr_at_20_std": -0.003597,
        "nauc_mrr_at_20_diff1": 0.234824,
        "nauc_mrr_at_25_max": 0.03136,
        "nauc_mrr_at_25_std": -0.003528,
        "nauc_mrr_at_25_diff1": 0.235002,
        "nauc_mrr_at_50_max": 0.030729,
        "nauc_mrr_at_50_std": -0.004256,
        "nauc_mrr_at_50_diff1": 0.234878,
        "nauc_mrr_at_100_max": 0.030777,
        "nauc_mrr_at_100_std": -0.004222,
        "nauc_mrr_at_100_diff1": 0.234777,
        "nauc_mrr_at_1000_max": 0.030777,
        "nauc_mrr_at_1000_std": -0.004222,
        "nauc_mrr_at_1000_diff1": 0.234777,
        "hit_rate_at_1": 0.2824,
        "hit_rate_at_3": 0.50037,
        "hit_rate_at_5": 0.62172,
        "hit_rate_at_10": 0.77753,
        "hit_rate_at_20": 0.90936,
        "hit_rate_at_25": 0.94831,
        "hit_rate_at_50": 0.99026,
        "hit_rate_at_100": 1.0,
        "hit_rate_at_1000": 1.0,
        "R_cap_at_1": 0.282397,
        "R_cap_at_3": 0.430212,
        "R_cap_at_5": 0.539925,
        "R_cap_at_10": 0.701216,
        "R_cap_at_20": 0.858486,
        "R_cap_at_25": 0.913796,
        "R_cap_at_50": 0.983314,
        "R_cap_at_100": 0.999663,
        "R_cap_at_1000": 1.0,