{
  "dataset_revision": "6f868e5b4c46a9f04c89f7179ddc7c8f162c1068",
  "task_name": "ToolBench",
  "mteb_version": "2.12.39",
  "scores": {
    "test": [
      {
        "ndcg_at_1": 0.42909,
        "ndcg_at_3": 0.40289,
        "ndcg_at_5": 0.44427,
        "ndcg_at_10": 0.48927,
        "ndcg_at_20": 0.52241,
        "ndcg_at_25": 0.53093,
        "ndcg_at_50": 0.55139,
        "ndcg_at_100": 0.56471,
        "ndcg_at_1000": 0.58253,
        "map_at_1": 0.21023,
        "map_at_3": 0.33889,
        "map_at_5": 0.37191,
        "map_at_10": 0.39657,
        "map_at_20": 0.40899,
        "map_at_25": 0.41131,
        "map_at_50": 0.41606,
        "map_at_100": 0.41806,
        "map_at_1000": 0.41921,
        "recall_at_1": 0.21023,
        "recall_at_3": 0.39818,
        "recall_at_5": 0.48497,
        "recall_at_10": 0.59245,
        "recall_at_20": 0.69261,
        "recall_at_25": 0.72159,
        "recall_at_50": 0.80145,
        "recall_at_100": 0.86255,
        "recall_at_1000": 0.96797,
        "accuracy": 0.21023,
        "precision_at_1": 0.42909,
        "precision_at_3": 0.28636,
        "precision_at_5": 0.21218,
        "precision_at_10": 0.13209,
        "precision_at_20": 0.07868,
        "precision_at_25": 0.06607,
        "precision_at_50": 0.037,
        "precision_at_100": 0.02012,
        "precision_at_1000": 0.00229,
        "mrr_at_1": 0.429091,
        "mrr_at_3": 0.519242,
        "mrr_at_5": 0.53747,
        "mrr_at_10": 0.550657,
        "mrr_at_20": 0.555977,
        "mrr_at_25": 0.557185,
        "mrr_at_50": 0.558268,
        "mrr_at_100": 0.558535,
        "mrr_at_1000": 0.558629,
        "nauc_ndcg_at_1_max": 0.381099,
        "nauc_ndcg_at_1_std": -0.117657,
        "nauc_ndcg_at_1_diff1": 0.318325,
        "nauc_ndcg_at_3_max": 0.465833,
        "nauc_ndcg_at_3_std": -0.098376,
        "nauc_ndcg_at_3_diff1": 0.271778,
        "nauc_ndcg_at_5_max": 0.488518,
        "nauc_ndcg_at_5_std": -0.097935,
        "nauc_ndcg_at_5_diff1": 0.262466,
        "nauc_ndcg_at_10_max": 0.51663,
        "nauc_ndcg_at_10_std": -0.078878,
        "nauc_ndcg_at_10_diff1": 0.248456,
        "nauc_ndcg_at_20_max": 0.513696,
        "nauc_ndcg_at_20_std": -0.06216,
        "nauc_ndcg_at_20_diff1": 0.243231,
        "nauc_ndcg_at_25_max": 0.510078,
        "nauc_ndcg_at_25_std": -0.056771,
        "nauc_ndcg_at_25_diff1": 0.245288,
        "nauc_ndcg_at_50_max": 0.50829,
        "nauc_ndcg_at_50_std": -0.034425,
        "nauc_ndcg_at_50_diff1": 0.253615,
        "nauc_ndcg_at_100_max": 0.500961,
        "nauc_ndcg_at_100_std": -0.033918,
        "nauc_ndcg_at_100_diff1": 0.258741,
        "nauc_ndcg_at_1000_max": 0.493456,
        "nauc_ndcg_at_1000_std": -0.051526,
        "nauc_ndcg_at_1000_diff1": 0.266237,
        "nauc_map_at_1_max": 0.404212,
        "nauc_map_at_1_std": -0.110214,
        "nauc_map_at_1_diff1": 0.365876,
        "nauc_map_at_3_max": 0.46941,
        "nauc_map_at_3_std": -0.100023,
        "nauc_map_at_3_diff1": 0.284409,
        "nauc_map_at_5_max": 0.490018,
        "nauc_map_at_5_std": -0.09747,
        "nauc_map_at_5_diff1": 0.272054,
        "nauc_map_at_10_max": 0.505052,
        "nauc_map_at_10_std": -0.08705,
        "nauc_map_at_10_diff1": 0.263655,
        "nauc_map_at_20_max": 0.504879,
        "nauc_map_at_20_std": -0.081198,
        "nauc_map_at_20_diff1": 0.26158,
        "nauc_map_at_25_max": 0.503994,
        "nauc_map_at_25_std": -0.079886,
        "nauc_map_at_25_diff1": 0.261931,
        "nauc_map_at_50_max": 0.504038,
        "nauc_map_at_50_std": -0.075844,
        "nauc_map_at_50_diff1": 0.263937,
        "nauc_map_at_100_max": 0.50329,
        "nauc_map_at_100_std": -0.075232,
        "nauc_map_at_100_diff1": 0.264638,
        "nauc_map_at_1000_max": 0.502849,
        "nauc_map_at_1000_std": -0.075859,
        "nauc_map_at_1000_diff1": 0.265153,
        "nauc_recall_at_1_max": 0.404212,
        "nauc_recall_at_1_std": -0.110214,
        "nauc_recall_at_1_diff1": 0.365876,
        "nauc_recall_at_3_max": 0.485156,
        "nauc_recall_at_3_std": -0.084549,
        "nauc_recall_at_3_diff1": 0.245734,
        "nauc_recall_at_5_max": 0.510424,
        "nauc_recall_at_5_std": -0.081283,
        "nauc_recall_at_5_diff1": 0.210287,
        "nauc_recall_at_10_max": 0.557314,
        "nauc_recall_at_10_std": -0.028783,
        "nauc_recall_at_10_diff1": 0.15708,
        "nauc_recall_at_20_max": 0.541287,
        "nauc_recall_at_20_std": 0.03855,
        "nauc_recall_at_20_diff1": 0.117551,
        "nauc_recall_at_25_max": 0.525984,
        "nauc_recall_at_25_std": 0.069427,
        "nauc_recall_at_25_diff1": 0.114984,
        "nauc_recall_at_50_max": 0.526754,
        "nauc_recall_at_50_std": 0.234141,
        "nauc_recall_at_50_diff1": 0.125993,
        "nauc_recall_at_100_max": 0.493161,
        "nauc_recall_at_100_std": 0.318861,
        "nauc_recall_at_100_diff1": 0.140642,
        "nauc_recall_at_1000_max": 0.437181,
        "nauc_recall_at_1000_std": 0.501032,
        "nauc_recall_at_1000_diff1": 0.235326,
        "nauc_precision_at_1_max": 0.381099,
        "nauc_precision_at_1_std": -0.117657,
        "nauc_precision_at_1_diff1": 0.318325,
        "nauc_precision_at_3_max": 0.440751,
        "nauc_precision_at_3_std": -0.084849,
        "nauc_precision_at_3_diff1": 0.1818,
        "nauc_precision_at_5_max": 0.440385,
        "nauc_precision_at_5_std": -0.072114,
        "nauc_precision_at_5_diff1": 0.134394,
        "nauc_precision_at_10_max": 0.437819,
        "nauc_precision_at_10_std": -0.010633,
        "nauc_precision_at_10_diff1": 0.0633,
        "nauc_precision_at_20_max": 0.342894,
        "nauc_precision_at_20_std": 0.062771,
        "nauc_precision_at_20_diff1": -0.003711,
        "nauc_precision_at_25_max": 0.293452,
        "nauc_precision_at_25_std": 0.090025,
        "nauc_precision_at_25_diff1": -0.018371,
        "nauc_precision_at_50_max": 0.212613,
        "nauc_precision_at_50_std": 0.2065,
        "nauc_precision_at_50_diff1": -0.031242,
        "nauc_precision_at_100_max": 0.09057,
        "nauc_precision_at_100_std": 0.218091,
        "nauc_precision_at_100_diff1": -0.045031,
        "nauc_precision_at_1000_max": -0.129607,
        "nauc_precision_at_1000_std": 0.125565,
        "nauc_precision_at_1000_diff1": -0.093901,
        "nauc_mrr_at_1_max": 0.381099,
        "nauc_mrr_at_1_std": -0.117657,
        "nauc_mrr_at_1_diff1": 0.318325,
        "nauc_mrr_at_3_max": 0.410895,
        "nauc_mrr_at_3_std": -0.109957,
        "nauc_mrr_at_3_diff1": 0.290582,
        "nauc_mrr_at_5_max": 0.415332,
        "nauc_mrr_at_5_std": -0.111036,
        "nauc_mrr_at_5_diff1": 0.289506,
        "nauc_mrr_at_10_max": 0.420888,
        "nauc_mrr_at_10_std": -0.106747,
        "nauc_mrr_at_10_diff1": 0.289812,
        "nauc_mrr_at_20_max": 0.418104,
        "nauc_mrr_at_20_std": -0.10617,
        "nauc_mrr_at_20_diff1": 0.290537,
        "nauc_mrr_at_25_max": 0.417605,
        "nauc_mrr_at_25_std": -0.105452,
        "nauc_mrr_at_25_diff1": 0.291434,
        "nauc_mrr_at_50_max": 0.417155,
        "nauc_mrr_at_50_std": -0.104391,
        "nauc_mrr_at_50_diff1": 0.291729,
        "nauc_mrr_at_100_max": 0.416895,
        "nauc_mrr_at_100_std": -0.10496,
        "nauc_mrr_at_100_diff1": 0.291752,
        "nauc_mrr_at_1000_max": 0.416872,
        "nauc_mrr_at_1000_std": -0.105131,
        "nauc_mrr_at_1000_diff1": 0.291789,
        "hit_rate_at_1": 0.42909,
        "hit_rate_at_3": 0.63,
        "hit_rate_at_5": 0.71182,
        "hit_rate_at_10": 0.80636,
        "hit_rate_at_20": 0.88455,
        "hit_rate_at_25": 0.91182,
        "hit_rate_at_50": 0.94818,
        "hit_rate_at_100": 0.96636,
        "hit_rate_at_1000": 0.99,
        "R_cap_at_1": 0.429091,
        "R_cap_at_3": 0.404697,
        "R_cap_at_5": 0.485242,
        "R_cap_at_10": 0.592455,
        "R_cap_at_20": 0.692606,
        "R_cap_at_25": 0.721591,
        "R_cap_at_50": 0.801455,
        "R_cap_at_100": 0.862545,