{
  "dataset_revision": "c22ab2a51041ffd869aaddef7af8d8215647e41a",
  "task_name": "ArguAna",
  "mteb_version": "2.12.32",
  "scores": {
    "test": [
      {
        "ndcg_at_1": 0.29872,
        "ndcg_at_3": 0.42149,
        "ndcg_at_5": 0.46474,
        "ndcg_at_10": 0.50514,
        "ndcg_at_20": 0.52856,
        "ndcg_at_100": 0.54666,
        "ndcg_at_1000": 0.55385,
        "map_at_1": 0.29872,
        "map_at_3": 0.39118,
        "map_at_5": 0.41529,
        "map_at_10": 0.43205,
        "map_at_20": 0.43879,
        "map_at_100": 0.44136,
        "map_at_1000": 0.44163,
        "recall_at_1": 0.29872,
        "recall_at_3": 0.50925,
        "recall_at_5": 0.6138,
        "recall_at_10": 0.73826,
        "recall_at_20": 0.82859,
        "recall_at_100": 0.92532,
        "recall_at_1000": 0.98222,
        "accuracy": 0.29872,
        "precision_at_1": 0.29872,
        "precision_at_3": 0.16975,
        "precision_at_5": 0.12276,
        "precision_at_10": 0.07383,
        "precision_at_20": 0.04143,
        "precision_at_100": 0.00925,
        "precision_at_1000": 0.00098,
        "mrr_at_1": 0.301565,
        "mrr_at_3": 0.392129,
        "mrr_at_5": 0.416382,
        "mrr_at_10": 0.433004,
        "mrr_at_20": 0.439739,
        "mrr_at_100": 0.442312,
        "mrr_at_1000": 0.442579,
        "nauc_ndcg_at_1_max": -0.081937,
        "nauc_ndcg_at_1_std": -0.210969,
        "nauc_ndcg_at_1_diff1": 0.168294,
        "nauc_ndcg_at_3_max": -0.02127,
        "nauc_ndcg_at_3_std": -0.187938,
        "nauc_ndcg_at_3_diff1": 0.116972,
        "nauc_ndcg_at_5_max": -0.011033,
        "nauc_ndcg_at_5_std": -0.178703,
        "nauc_ndcg_at_5_diff1": 0.098351,
        "nauc_ndcg_at_10_max": 0.008621,
        "nauc_ndcg_at_10_std": -0.184859,
        "nauc_ndcg_at_10_diff1": 0.107562,
        "nauc_ndcg_at_20_max": 0.014468,
        "nauc_ndcg_at_20_std": -0.191376,
        "nauc_ndcg_at_20_diff1": 0.105536,
        "nauc_ndcg_at_100_max": 0.012684,
        "nauc_ndcg_at_100_std": -0.193707,
        "nauc_ndcg_at_100_diff1": 0.110428,
        "nauc_ndcg_at_1000_max": -0.003962,
        "nauc_ndcg_at_1000_std": -0.186418,
        "nauc_ndcg_at_1000_diff1": 0.112969,
        "nauc_map_at_1_max": -0.081937,
        "nauc_map_at_1_std": -0.210969,
        "nauc_map_at_1_diff1": 0.168294,
        "nauc_map_at_3_max": -0.037422,
        "nauc_map_at_3_std": -0.194445,
        "nauc_map_at_3_diff1": 0.127565,
        "nauc_map_at_5_max": -0.032258,
        "nauc_map_at_5_std": -0.189364,
        "nauc_map_at_5_diff1": 0.117611,
        "nauc_map_at_10_max": -0.025552,
        "nauc_map_at_10_std": -0.191457,
        "nauc_map_at_10_diff1": 0.121667,
        "nauc_map_at_20_max": -0.024512,
        "nauc_map_at_20_std": -0.193018,
        "nauc_map_at_20_diff1": 0.121398,
        "nauc_map_at_100_max": -0.024942,
        "nauc_map_at_100_std": -0.193399,
        "nauc_map_at_100_diff1": 0.121895,
        "nauc_map_at_1000_max": -0.025501,
        "nauc_map_at_1000_std": -0.193011,
        "nauc_map_at_1000_diff1": 0.122003,
        "nauc_recall_at_1_max": -0.081937,
        "nauc_recall_at_1_std": -0.210969,
        "nauc_recall_at_1_diff1": 0.168294,
        "nauc_recall_at_3_max": 0.026134,
        "nauc_recall_at_3_std": -0.1687,
        "nauc_recall_at_3_diff1": 0.087027,
        "nauc_recall_at_5_max": 0.058935,
        "nauc_recall_at_5_std": -0.143117,
        "nauc_recall_at_5_diff1": 0.034951,
        "nauc_recall_at_10_max": 0.163976,
        "nauc_recall_at_10_std": -0.161351,
        "nauc_recall_at_10_diff1": 0.052673,
        "nauc_recall_at_20_max": 0.26964,
        "nauc_recall_at_20_std": -0.199229,
        "nauc_recall_at_20_diff1": 0.014933,
        "nauc_recall_at_100_max": 0.531411,
        "nauc_recall_at_100_std": -0.246527,
        "nauc_recall_at_100_diff1": 0.017454,
        "nauc_recall_at_1000_max": 0.250026,
        "nauc_recall_at_1000_std": 0.272089,
        "nauc_recall_at_1000_diff1": -0.000508,
        "nauc_precision_at_1_max": -0.081937,
        "nauc_precision_at_1_std": -0.210969,
        "nauc_precision_at_1_diff1": 0.168294,
        "nauc_precision_at_3_max": 0.026134,
        "nauc_precision_at_3_std": -0.1687,
        "nauc_precision_at_3_diff1": 0.087027,
        "nauc_precision_at_5_max": 0.058935,
        "nauc_precision_at_5_std": -0.143117,
        "nauc_precision_at_5_diff1": 0.034951,
        "nauc_precision_at_10_max": 0.163976,
        "nauc_precision_at_10_std": -0.161351,
        "nauc_precision_at_10_diff1": 0.052673,
        "nauc_precision_at_20_max": 0.26964,
        "nauc_precision_at_20_std": -0.199229,
        "nauc_precision_at_20_diff1": 0.014933,
        "nauc_precision_at_100_max": 0.531411,
        "nauc_precision_at_100_std": -0.246527,
        "nauc_precision_at_100_diff1": 0.017454,
        "nauc_precision_at_1000_max": 0.250026,
        "nauc_precision_at_1000_std": 0.272089,
        "nauc_precision_at_1000_diff1": -0.000508,
        "nauc_mrr_at_1_max": -0.078831,
        "nauc_mrr_at_1_std": -0.214257,
        "nauc_mrr_at_1_diff1": 0.159559,
        "nauc_mrr_at_3_max": -0.038307,
        "nauc_mrr_at_3_std": -0.195835,
        "nauc_mrr_at_3_diff1": 0.120904,
        "nauc_mrr_at_5_max": -0.033112,
        "nauc_mrr_at_5_std": -0.190115,
        "nauc_mrr_at_5_diff1": 0.111048,
        "nauc_mrr_at_10_max": -0.026587,
        "nauc_mrr_at_10_std": -0.192899,
        "nauc_mrr_at_10_diff1": 0.114582,
        "nauc_mrr_at_20_max": -0.025593,
        "nauc_mrr_at_20_std": -0.194472,
        "nauc_mrr_at_20_diff1": 0.114171,
        "nauc_mrr_at_100_max": -0.026023,
        "nauc_mrr_at_100_std": -0.194865,
        "nauc_mrr_at_100_diff1": 0.114623,
        "nauc_mrr_at_1000_max": -0.026582,
        "nauc_mrr_at_1000_std": -0.19448,
        "nauc_mrr_at_1000_diff1": 0.114725,
        "hit_rate_at_1": 0.29872,
        "hit_rate_at_3": 0.50925,
        "hit_rate_at_5": 0.6138,
        "hit_rate_at_10": 0.73826,
        "hit_rate_at_20": 0.82859,
        "hit_rate_at_100": 0.92532,
        "hit_rate_at_1000": 0.98222,
        "main_score": 0.50514,
        "hf_subset": "default",
        "languages": [
          "eng-Latn"
        ],
        "mteb_version": "2.12.32"
      }
    ]
  },
  "evaluation_time": 887.9512276649475,
  "kg_co2_emissions": null,
  "date": null
}