{
  "dataset_revision": "c5691e3c48741d5f83b5cc8e630653d7a8cfc048",
  "task_name": "AskUbuntuDupQuestions",
  "mteb_version": "2.12.32",
  "scores": {
    "test": [
      {
        "ndcg_at_1": 0.6482,
        "ndcg_at_3": 0.61062,
        "ndcg_at_5": 0.60645,
        "ndcg_at_10": 0.65739,
        "ndcg_at_20": 0.76599,
        "ndcg_at_100": 0.76599,
        "ndcg_at_1000": 0.76599,
        "map_at_1": 0.17525,
        "map_at_3": 0.32033,
        "map_at_5": 0.39638,
        "map_at_10": 0.50439,
        "map_at_20": 0.60828,
        "map_at_100": 0.60828,
        "map_at_1000": 0.60828,
        "recall_at_1": 0.17525,
        "recall_at_3": 0.37543,
        "recall_at_5": 0.49816,
        "recall_at_10": 0.71864,
        "recall_at_20": 1.0,
        "recall_at_100": 1.0,
        "recall_at_1000": 1.0,
        "accuracy": 0.17525,
        "precision_at_1": 0.6482,
        "precision_at_3": 0.5337,
        "precision_at_5": 0.45983,
        "precision_at_10": 0.3662,
        "precision_at_20": 0.27355,
        "precision_at_100": 0.05471,
        "precision_at_1000": 0.00547,
        "mrr_at_1": 0.648199,
        "mrr_at_3": 0.737765,
        "mrr_at_5": 0.747599,
        "mrr_at_10": 0.756426,
        "mrr_at_20": 0.759787,
        "mrr_at_100": 0.759787,
        "mrr_at_1000": 0.759787,
        "nauc_ndcg_at_1_max": 0.17551,
        "nauc_ndcg_at_1_std": 0.225229,
        "nauc_ndcg_at_1_diff1": 0.304107,
        "nauc_ndcg_at_3_max": 0.197083,
        "nauc_ndcg_at_3_std": 0.196638,
        "nauc_ndcg_at_3_diff1": 0.190911,
        "nauc_ndcg_at_5_max": 0.151479,
        "nauc_ndcg_at_5_std": 0.171088,
        "nauc_ndcg_at_5_diff1": 0.221747,
        "nauc_ndcg_at_10_max": 0.137653,
        "nauc_ndcg_at_10_std": 0.214937,
        "nauc_ndcg_at_10_diff1": 0.219389,
        "nauc_ndcg_at_20_max": 0.211872,
        "nauc_ndcg_at_20_std": 0.188575,
        "nauc_ndcg_at_20_diff1": 0.24422,
        "nauc_ndcg_at_100_max": 0.211872,
        "nauc_ndcg_at_100_std": 0.188575,
        "nauc_ndcg_at_100_diff1": 0.24422,
        "nauc_ndcg_at_1000_max": 0.211872,
        "nauc_ndcg_at_1000_std": 0.188575,
        "nauc_ndcg_at_1000_diff1": 0.24422,
        "nauc_map_at_1_max": -0.073344,
        "nauc_map_at_1_std": 0.066071,
        "nauc_map_at_1_diff1": 0.322937,
        "nauc_map_at_3_max": -0.02923,
        "nauc_map_at_3_std": 0.154773,
        "nauc_map_at_3_diff1": 0.230186,
        "nauc_map_at_5_max": 0.002203,
        "nauc_map_at_5_std": 0.163472,
        "nauc_map_at_5_diff1": 0.238058,
        "nauc_map_at_10_max": 0.080596,
        "nauc_map_at_10_std": 0.202094,
        "nauc_map_at_10_diff1": 0.236561,
        "nauc_map_at_20_max": 0.162876,
        "nauc_map_at_20_std": 0.171834,
        "nauc_map_at_20_diff1": 0.217312,
        "nauc_map_at_100_max": 0.162876,
        "nauc_map_at_100_std": 0.171834,
        "nauc_map_at_100_diff1": 0.217312,
        "nauc_map_at_1000_max": 0.162876,
        "nauc_map_at_1000_std": 0.171834,
        "nauc_map_at_1000_diff1": 0.217312,
        "nauc_recall_at_1_max": -0.073344,
        "nauc_recall_at_1_std": 0.066071,
        "nauc_recall_at_1_diff1": 0.322937,
        "nauc_recall_at_3_max": -0.067215,
        "nauc_recall_at_3_std": 0.13296,
        "nauc_recall_at_3_diff1": 0.179436,
        "nauc_recall_at_5_max": -0.067393,
        "nauc_recall_at_5_std": 0.131444,
        "nauc_recall_at_5_diff1": 0.1929,
        "nauc_recall_at_10_max": -0.031279,
        "nauc_recall_at_10_std": 0.202874,
        "nauc_recall_at_10_diff1": 0.154887,
        "nauc_recall_at_20_max": NaN,
        "nauc_recall_at_20_std": NaN,
        "nauc_recall_at_20_diff1": NaN,
        "nauc_recall_at_100_max": NaN,
        "nauc_recall_at_100_std": NaN,
        "nauc_recall_at_100_diff1": NaN,
        "nauc_recall_at_1000_max": NaN,
        "nauc_recall_at_1000_std": NaN,
        "nauc_recall_at_1000_diff1": NaN,
        "nauc_precision_at_1_max": 0.17551,
        "nauc_precision_at_1_std": 0.225229,
        "nauc_precision_at_1_diff1": 0.304107,
        "nauc_precision_at_3_max": 0.247384,
        "nauc_precision_at_3_std": 0.185438,
        "nauc_precision_at_3_diff1": 0.045162,
        "nauc_precision_at_5_max": 0.254558,
        "nauc_precision_at_5_std": 0.123674,
        "nauc_precision_at_5_diff1": 0.043298,
        "nauc_precision_at_10_max": 0.26068,
        "nauc_precision_at_10_std": 0.079613,
        "nauc_precision_at_10_diff1": -0.009275,
        "nauc_precision_at_20_max": 0.241695,
        "nauc_precision_at_20_std": -0.006913,
        "nauc_precision_at_20_diff1": -0.04523,
        "nauc_precision_at_100_max": 0.241695,
        "nauc_precision_at_100_std": -0.006913,
        "nauc_precision_at_100_diff1": -0.04523,
        "nauc_precision_at_1000_max": 0.241695,
        "nauc_precision_at_1000_std": -0.006913,
        "nauc_precision_at_1000_diff1": -0.04523,
        "nauc_mrr_at_1_max": 0.17551,
        "nauc_mrr_at_1_std": 0.225229,
        "nauc_mrr_at_1_diff1": 0.304107,
        "nauc_mrr_at_3_max": 0.214782,
        "nauc_mrr_at_3_std": 0.224821,
        "nauc_mrr_at_3_diff1": 0.301202,
        "nauc_mrr_at_5_max": 0.219061,
        "nauc_mrr_at_5_std": 0.2268,
        "nauc_mrr_at_5_diff1": 0.307153,
        "nauc_mrr_at_10_max": 0.22305,
        "nauc_mrr_at_10_std": 0.232463,
        "nauc_mrr_at_10_diff1": 0.301654,
        "nauc_mrr_at_20_max": 0.217932,
        "nauc_mrr_at_20_std": 0.229007,
        "nauc_mrr_at_20_diff1": 0.30074,
        "nauc_mrr_at_100_max": 0.217932,
        "nauc_mrr_at_100_std": 0.229007,
        "nauc_mrr_at_100_diff1": 0.30074,
        "nauc_mrr_at_1000_max": 0.217932,
        "nauc_mrr_at_1000_std": 0.229007,
        "nauc_mrr_at_1000_diff1": 0.30074,
        "hit_rate_at_1": 0.6482,
        "hit_rate_at_3": 0.85319,
        "hit_rate_at_5": 0.89474,
        "hit_rate_at_10": 0.95568,
        "hit_rate_at_20": 1.0,
        "hit_rate_at_100": 1.0,
        "hit_rate_at_1000": 1.0,
        "main_score": 0.60828,
        "hf_subset": "default",
        "languages": [
          "eng-Latn"
        ],
        "mteb_version": "2.12.32"
      }
    ]
  },
  "evaluation_time": 289.9247019290924,
  "kg_co2_emissions": null,
  "date": null
}