{
  "dataset_revision": "bb0713ed1ed136b2974fce68df7e26388040b650",
  "task_name": "CIRRIT2IRetrieval",
  "mteb_version": "2.12.32",
  "scores": {
    "test": [
      {
        "ndcg_at_1": 0.02734,
        "ndcg_at_3": 0.14651,
        "ndcg_at_5": 0.18103,
        "ndcg_at_10": 0.21657,
        "ndcg_at_20": 0.24267,
        "ndcg_at_100": 0.28847,
        "ndcg_at_1000": 0.31303,
        "map_at_1": 0.02326,
        "map_at_3": 0.11727,
        "map_at_5": 0.13642,
        "map_at_10": 0.15122,
        "map_at_20": 0.1584,
        "map_at_100": 0.16459,
        "map_at_1000": 0.16553,
        "recall_at_1": 0.02326,
        "recall_at_3": 0.2301,
        "recall_at_5": 0.31391,
        "recall_at_10": 0.42326,
        "recall_at_20": 0.52638,
        "recall_at_100": 0.7753,
        "recall_at_1000": 0.96811,
        "accuracy": 0.02326,
        "precision_at_1": 0.02734,
        "precision_at_3": 0.07978,
        "precision_at_5": 0.06475,
        "precision_at_10": 0.04336,
        "precision_at_20": 0.02685,
        "precision_at_100": 0.00786,
        "precision_at_1000": 0.00098,
        "mrr_at_1": 0.027338,
        "mrr_at_3": 0.118185,
        "mrr_at_5": 0.137238,
        "mrr_at_10": 0.151917,
        "mrr_at_20": 0.159055,
        "mrr_at_100": 0.16525,
        "mrr_at_1000": 0.166183,
        "nauc_ndcg_at_1_max": -0.300785,
        "nauc_ndcg_at_1_std": 0.00305,
        "nauc_ndcg_at_1_diff1": -0.463397,
        "nauc_ndcg_at_3_max": -0.131154,
        "nauc_ndcg_at_3_std": -0.011732,
        "nauc_ndcg_at_3_diff1": -0.184418,
        "nauc_ndcg_at_5_max": -0.130103,
        "nauc_ndcg_at_5_std": 0.002689,
        "nauc_ndcg_at_5_diff1": -0.175258,
        "nauc_ndcg_at_10_max": -0.127545,
        "nauc_ndcg_at_10_std": 0.019802,
        "nauc_ndcg_at_10_diff1": -0.185435,
        "nauc_ndcg_at_20_max": -0.129779,
        "nauc_ndcg_at_20_std": 0.030544,
        "nauc_ndcg_at_20_diff1": -0.186621,
        "nauc_ndcg_at_100_max": -0.126972,
        "nauc_ndcg_at_100_std": 0.053057,
        "nauc_ndcg_at_100_diff1": -0.190088,
        "nauc_ndcg_at_1000_max": -0.133214,
        "nauc_ndcg_at_1000_std": 0.044396,
        "nauc_ndcg_at_1000_diff1": -0.198103,
        "nauc_map_at_1_max": -0.361417,
        "nauc_map_at_1_std": -0.027737,
        "nauc_map_at_1_diff1": -0.457338,
        "nauc_map_at_3_max": -0.143093,
        "nauc_map_at_3_std": -0.014115,
        "nauc_map_at_3_diff1": -0.20013,
        "nauc_map_at_5_max": -0.141714,
        "nauc_map_at_5_std": -0.00324,
        "nauc_map_at_5_diff1": -0.19278,
        "nauc_map_at_10_max": -0.14026,
        "nauc_map_at_10_std": 0.006168,
        "nauc_map_at_10_diff1": -0.198162,
        "nauc_map_at_20_max": -0.141245,
        "nauc_map_at_20_std": 0.009673,
        "nauc_map_at_20_diff1": -0.198766,
        "nauc_map_at_100_max": -0.140518,
        "nauc_map_at_100_std": 0.012622,
        "nauc_map_at_100_diff1": -0.199674,
        "nauc_map_at_1000_max": -0.140911,
        "nauc_map_at_1000_std": 0.012589,
        "nauc_map_at_1000_diff1": -0.200197,
        "nauc_recall_at_1_max": -0.361417,
        "nauc_recall_at_1_std": -0.027737,
        "nauc_recall_at_1_diff1": -0.457338,
        "nauc_recall_at_3_max": -0.112042,
        "nauc_recall_at_3_std": -0.010124,
        "nauc_recall_at_3_diff1": -0.158619,
        "nauc_recall_at_5_max": -0.112719,
        "nauc_recall_at_5_std": 0.01117,
        "nauc_recall_at_5_diff1": -0.147774,
        "nauc_recall_at_10_max": -0.108658,
        "nauc_recall_at_10_std": 0.04273,
        "nauc_recall_at_10_diff1": -0.168096,
        "nauc_recall_at_20_max": -0.113003,
        "nauc_recall_at_20_std": 0.0716,
        "nauc_recall_at_20_diff1": -0.169953,
        "nauc_recall_at_100_max": -0.092813,
        "nauc_recall_at_100_std": 0.216416,
        "nauc_recall_at_100_diff1": -0.174402,
        "nauc_recall_at_1000_max": -0.139891,
        "nauc_recall_at_1000_std": 0.591117,
        "nauc_recall_at_1000_diff1": -0.381012,
        "nauc_precision_at_1_max": -0.300785,
        "nauc_precision_at_1_std": 0.00305,
        "nauc_precision_at_1_diff1": -0.463397,
        "nauc_precision_at_3_max": -0.104184,
        "nauc_precision_at_3_std": -0.001468,
        "nauc_precision_at_3_diff1": -0.175822,
        "nauc_precision_at_5_max": -0.106416,
        "nauc_precision_at_5_std": 0.018166,
        "nauc_precision_at_5_diff1": -0.164648,
        "nauc_precision_at_10_max": -0.102893,
        "nauc_precision_at_10_std": 0.047675,
        "nauc_precision_at_10_diff1": -0.183976,
        "nauc_precision_at_20_max": -0.106941,
        "nauc_precision_at_20_std": 0.075162,
        "nauc_precision_at_20_diff1": -0.186604,
        "nauc_precision_at_100_max": -0.08437,
        "nauc_precision_at_100_std": 0.209068,
        "nauc_precision_at_100_diff1": -0.201406,
        "nauc_precision_at_1000_max": -0.085201,
        "nauc_precision_at_1000_std": 0.419851,
        "nauc_precision_at_1000_diff1": -0.423585,
        "nauc_mrr_at_1_max": -0.300785,
        "nauc_mrr_at_1_std": 0.00305,
        "nauc_mrr_at_1_diff1": -0.463397,
        "nauc_mrr_at_3_max": -0.143515,
        "nauc_mrr_at_3_std": -0.009329,
        "nauc_mrr_at_3_diff1": -0.202957,
        "nauc_mrr_at_5_max": -0.142385,
        "nauc_mrr_at_5_std": -0.000284,
        "nauc_mrr_at_5_diff1": -0.195213,
        "nauc_mrr_at_10_max": -0.140695,
        "nauc_mrr_at_10_std": 0.009086,
        "nauc_mrr_at_10_diff1": -0.199974,
        "nauc_mrr_at_20_max": -0.141537,
        "nauc_mrr_at_20_std": 0.012606,
        "nauc_mrr_at_20_diff1": -0.200451,
        "nauc_mrr_at_100_max": -0.14082,
        "nauc_mrr_at_100_std": 0.01559,
        "nauc_mrr_at_100_diff1": -0.201381,
        "nauc_mrr_at_1000_max": -0.141212,
        "nauc_mrr_at_1000_std": 0.015571,
        "nauc_mrr_at_1000_diff1": -0.201908,
        "hit_rate_at_1": 0.02734,
        "hit_rate_at_3": 0.2307,
        "hit_rate_at_5": 0.31463,
        "hit_rate_at_10": 0.4235,
        "hit_rate_at_20": 0.52638,
        "hit_rate_at_100": 0.7753,
        "hit_rate_at_1000": 0.96811,
        "main_score": 0.21657,
        "hf_subset": "default",
        "languages": [
          "eng-Latn"
        ],
        "mteb_version": "2.12.32"
      }
    ]
  },
  "evaluation_time": 2751.651542186737,
  "kg_co2_emissions": null,
  "date": null
}