{
  "dataset_revision": "3a309e201f3c2c4b13bd4a367a8f37eee2ec1d21",
  "task_name": "ClimateFEVERHardNegatives",
  "mteb_version": "2.12.32",
  "scores": {
    "test": [
      {
        "ndcg_at_1": 0.289,
        "ndcg_at_3": 0.24406,
        "ndcg_at_5": 0.26308,
        "ndcg_at_10": 0.29172,
        "ndcg_at_20": 0.3115,
        "ndcg_at_100": 0.33975,
        "ndcg_at_1000": 0.36028,
        "map_at_1": 0.1353,
        "map_at_3": 0.18181,
        "map_at_5": 0.19828,
        "map_at_10": 0.21184,
        "map_at_20": 0.21819,
        "map_at_100": 0.22348,
        "map_at_1000": 0.22456,
        "recall_at_1": 0.1353,
        "recall_at_3": 0.2213,
        "recall_at_5": 0.27325,
        "recall_at_10": 0.3354,
        "recall_at_20": 0.3887,
        "recall_at_100": 0.49195,
        "recall_at_1000": 0.60413,
        "accuracy": 0.1353,
        "precision_at_1": 0.289,
        "precision_at_3": 0.17567,
        "precision_at_5": 0.1362,
        "precision_at_10": 0.0878,
        "precision_at_20": 0.05315,
        "precision_at_100": 0.01424,
        "precision_at_1000": 0.00181,
        "mrr_at_1": 0.289,
        "mrr_at_3": 0.3635,
        "mrr_at_5": 0.3839,
        "mrr_at_10": 0.396529,
        "mrr_at_20": 0.401952,
        "mrr_at_100": 0.404548,
        "mrr_at_1000": 0.404918,
        "nauc_ndcg_at_1_max": 0.205249,
        "nauc_ndcg_at_1_std": 0.055444,
        "nauc_ndcg_at_1_diff1": 0.315268,
        "nauc_ndcg_at_3_max": 0.223301,
        "nauc_ndcg_at_3_std": 0.064691,
        "nauc_ndcg_at_3_diff1": 0.296052,
        "nauc_ndcg_at_5_max": 0.230034,
        "nauc_ndcg_at_5_std": 0.073622,
        "nauc_ndcg_at_5_diff1": 0.30492,
        "nauc_ndcg_at_10_max": 0.230357,
        "nauc_ndcg_at_10_std": 0.099147,
        "nauc_ndcg_at_10_diff1": 0.29459,
        "nauc_ndcg_at_20_max": 0.233666,
        "nauc_ndcg_at_20_std": 0.102711,
        "nauc_ndcg_at_20_diff1": 0.28269,
        "nauc_ndcg_at_100_max": 0.223667,
        "nauc_ndcg_at_100_std": 0.120188,
        "nauc_ndcg_at_100_diff1": 0.274864,
        "nauc_ndcg_at_1000_max": 0.218708,
        "nauc_ndcg_at_1000_std": 0.115147,
        "nauc_ndcg_at_1000_diff1": 0.276451,
        "nauc_map_at_1_max": 0.208066,
        "nauc_map_at_1_std": 0.011841,
        "nauc_map_at_1_diff1": 0.390343,
        "nauc_map_at_3_max": 0.224255,
        "nauc_map_at_3_std": 0.03717,
        "nauc_map_at_3_diff1": 0.328738,
        "nauc_map_at_5_max": 0.226548,
        "nauc_map_at_5_std": 0.047832,
        "nauc_map_at_5_diff1": 0.326589,
        "nauc_map_at_10_max": 0.223865,
        "nauc_map_at_10_std": 0.06639,
        "nauc_map_at_10_diff1": 0.316462,
        "nauc_map_at_20_max": 0.226747,
        "nauc_map_at_20_std": 0.067603,
        "nauc_map_at_20_diff1": 0.312776,
        "nauc_map_at_100_max": 0.224634,
        "nauc_map_at_100_std": 0.072594,
        "nauc_map_at_100_diff1": 0.311155,
        "nauc_map_at_1000_max": 0.224482,
        "nauc_map_at_1000_std": 0.072419,
        "nauc_map_at_1000_diff1": 0.311145,
        "nauc_recall_at_1_max": 0.208066,
        "nauc_recall_at_1_std": 0.011841,
        "nauc_recall_at_1_diff1": 0.390343,
        "nauc_recall_at_3_max": 0.211469,
        "nauc_recall_at_3_std": 0.051177,
        "nauc_recall_at_3_diff1": 0.273415,
        "nauc_recall_at_5_max": 0.214533,
        "nauc_recall_at_5_std": 0.07786,
        "nauc_recall_at_5_diff1": 0.265604,
        "nauc_recall_at_10_max": 0.208479,
        "nauc_recall_at_10_std": 0.12567,
        "nauc_recall_at_10_diff1": 0.235037,
        "nauc_recall_at_20_max": 0.208198,
        "nauc_recall_at_20_std": 0.131883,
        "nauc_recall_at_20_diff1": 0.197269,
        "nauc_recall_at_100_max": 0.158161,
        "nauc_recall_at_100_std": 0.183171,
        "nauc_recall_at_100_diff1": 0.152594,
        "nauc_recall_at_1000_max": 0.104716,
        "nauc_recall_at_1000_std": 0.1466,
        "nauc_recall_at_1000_diff1": 0.125726,
        "nauc_precision_at_1_max": 0.205249,
        "nauc_precision_at_1_std": 0.055444,
        "nauc_precision_at_1_diff1": 0.315268,
        "nauc_precision_at_3_max": 0.23231,
        "nauc_precision_at_3_std": 0.107627,
        "nauc_precision_at_3_diff1": 0.194769,
        "nauc_precision_at_5_max": 0.219397,
        "nauc_precision_at_5_std": 0.139515,
        "nauc_precision_at_5_diff1": 0.174326,
        "nauc_precision_at_10_max": 0.191062,
        "nauc_precision_at_10_std": 0.184547,
        "nauc_precision_at_10_diff1": 0.132936,
        "nauc_precision_at_20_max": 0.183718,
        "nauc_precision_at_20_std": 0.176453,
        "nauc_precision_at_20_diff1": 0.074848,
        "nauc_precision_at_100_max": 0.104818,
        "nauc_precision_at_100_std": 0.196509,
        "nauc_precision_at_100_diff1": -0.000163,
        "nauc_precision_at_1000_max": 0.026451,
        "nauc_precision_at_1000_std": 0.143376,
        "nauc_precision_at_1000_diff1": -0.046509,
        "nauc_mrr_at_1_max": 0.205249,
        "nauc_mrr_at_1_std": 0.055444,
        "nauc_mrr_at_1_diff1": 0.315268,
        "nauc_mrr_at_3_max": 0.216194,
        "nauc_mrr_at_3_std": 0.081303,
        "nauc_mrr_at_3_diff1": 0.287277,
        "nauc_mrr_at_5_max": 0.222491,
        "nauc_mrr_at_5_std": 0.091231,
        "nauc_mrr_at_5_diff1": 0.291471,
        "nauc_mrr_at_10_max": 0.224624,
        "nauc_mrr_at_10_std": 0.096522,
        "nauc_mrr_at_10_diff1": 0.290693,
        "nauc_mrr_at_20_max": 0.223882,
        "nauc_mrr_at_20_std": 0.098162,
        "nauc_mrr_at_20_diff1": 0.287449,
        "nauc_mrr_at_100_max": 0.222861,
        "nauc_mrr_at_100_std": 0.098183,
        "nauc_mrr_at_100_diff1": 0.287619,
        "nauc_mrr_at_1000_max": 0.222745,
        "nauc_mrr_at_1000_std": 0.097937,
        "nauc_mrr_at_1000_diff1": 0.287605,
        "hit_rate_at_1": 0.289,
        "hit_rate_at_3": 0.457,
        "hit_rate_at_5": 0.548,
        "hit_rate_at_10": 0.643,
        "hit_rate_at_20": 0.721,
        "hit_rate_at_100": 0.815,
        "hit_rate_at_1000": 0.9,
        "main_score": 0.29172,
        "hf_subset": "default",
        "languages": [
          "eng-Latn"
        ],
        "mteb_version": "2.12.32"
      }
    ]
  },
  "evaluation_time": 3050.874255657196,
  "kg_co2_emissions": null,
  "date": null
}