{
  "dataset_revision": "c44521cd4067f134e5f5bace4290b59ed773b451",
  "task_name": "ClothoT2ARetrieval",
  "mteb_version": "2.12.32",
  "scores": {
    "test": [
      {
        "ndcg_at_1": 0.17762,
        "ndcg_at_3": 0.26235,
        "ndcg_at_5": 0.29324,
        "ndcg_at_10": 0.32607,
        "ndcg_at_20": 0.35334,
        "ndcg_at_100": 0.38906,
        "ndcg_at_1000": 0.41203,
        "map_at_1": 0.17762,
        "map_at_3": 0.24124,
        "map_at_5": 0.25833,
        "map_at_10": 0.27187,
        "map_at_20": 0.27938,
        "map_at_100": 0.28436,
        "map_at_1000": 0.28505,
        "recall_at_1": 0.17762,
        "recall_at_3": 0.32355,
        "recall_at_5": 0.39875,
        "recall_at_10": 0.50027,
        "recall_at_20": 0.60806,
        "recall_at_100": 0.8,
        "recall_at_1000": 0.9923,
        "accuracy": 0.17762,
        "precision_at_1": 0.17762,
        "precision_at_3": 0.10785,
        "precision_at_5": 0.07975,
        "precision_at_10": 0.05003,
        "precision_at_20": 0.0304,
        "precision_at_100": 0.008,
        "precision_at_1000": 0.00099,
        "mrr_at_1": 0.177619,
        "mrr_at_3": 0.241241,
        "mrr_at_5": 0.258332,
        "mrr_at_10": 0.271872,
        "mrr_at_20": 0.279374,
        "mrr_at_100": 0.284358,
        "mrr_at_1000": 0.285045,
        "nauc_ndcg_at_1_max": 0.10717,
        "nauc_ndcg_at_1_std": 0.08334,
        "nauc_ndcg_at_1_diff1": 0.440636,
        "nauc_ndcg_at_3_max": 0.135451,
        "nauc_ndcg_at_3_std": 0.11302,
        "nauc_ndcg_at_3_diff1": 0.38925,
        "nauc_ndcg_at_5_max": 0.150358,
        "nauc_ndcg_at_5_std": 0.126601,
        "nauc_ndcg_at_5_diff1": 0.385399,
        "nauc_ndcg_at_10_max": 0.176817,
        "nauc_ndcg_at_10_std": 0.149975,
        "nauc_ndcg_at_10_diff1": 0.387564,
        "nauc_ndcg_at_20_max": 0.200541,
        "nauc_ndcg_at_20_std": 0.176556,
        "nauc_ndcg_at_20_diff1": 0.395106,
        "nauc_ndcg_at_100_max": 0.229257,
        "nauc_ndcg_at_100_std": 0.208342,
        "nauc_ndcg_at_100_diff1": 0.416581,
        "nauc_ndcg_at_1000_max": 0.19455,
        "nauc_ndcg_at_1000_std": 0.172349,
        "nauc_ndcg_at_1000_diff1": 0.407472,
        "nauc_map_at_1_max": 0.10717,
        "nauc_map_at_1_std": 0.08334,
        "nauc_map_at_1_diff1": 0.440636,
        "nauc_map_at_3_max": 0.128593,
        "nauc_map_at_3_std": 0.106016,
        "nauc_map_at_3_diff1": 0.400034,
        "nauc_map_at_5_max": 0.137111,
        "nauc_map_at_5_std": 0.113772,
        "nauc_map_at_5_diff1": 0.397971,
        "nauc_map_at_10_max": 0.148297,
        "nauc_map_at_10_std": 0.123644,
        "nauc_map_at_10_diff1": 0.399077,
        "nauc_map_at_20_max": 0.154685,
        "nauc_map_at_20_std": 0.130956,
        "nauc_map_at_20_diff1": 0.401298,
        "nauc_map_at_100_max": 0.158078,
        "nauc_map_at_100_std": 0.134761,
        "nauc_map_at_100_diff1": 0.404309,
        "nauc_map_at_1000_max": 0.157423,
        "nauc_map_at_1000_std": 0.134135,
        "nauc_map_at_1000_diff1": 0.404198,
        "nauc_recall_at_1_max": 0.10717,
        "nauc_recall_at_1_std": 0.08334,
        "nauc_recall_at_1_diff1": 0.440636,
        "nauc_recall_at_3_max": 0.15292,
        "nauc_recall_at_3_std": 0.130805,
        "nauc_recall_at_3_diff1": 0.362293,
        "nauc_recall_at_5_max": 0.185008,
        "nauc_recall_at_5_std": 0.160006,
        "nauc_recall_at_5_diff1": 0.354022,
        "nauc_recall_at_10_max": 0.260563,
        "nauc_recall_at_10_std": 0.226794,
        "nauc_recall_at_10_diff1": 0.358478,
        "nauc_recall_at_20_max": 0.363798,
        "nauc_recall_at_20_std": 0.339517,
        "nauc_recall_at_20_diff1": 0.384024,
        "nauc_recall_at_100_max": 0.703635,
        "nauc_recall_at_100_std": 0.70475,
        "nauc_recall_at_100_diff1": 0.549238,
        "nauc_recall_at_1000_max": 0.927048,
        "nauc_recall_at_1000_std": 0.939207,
        "nauc_recall_at_1000_diff1": 0.67679,
        "nauc_precision_at_1_max": 0.10717,
        "nauc_precision_at_1_std": 0.08334,
        "nauc_precision_at_1_diff1": 0.440636,
        "nauc_precision_at_3_max": 0.15292,
        "nauc_precision_at_3_std": 0.130805,
        "nauc_precision_at_3_diff1": 0.362293,
        "nauc_precision_at_5_max": 0.185008,
        "nauc_precision_at_5_std": 0.160006,
        "nauc_precision_at_5_diff1": 0.354022,
        "nauc_precision_at_10_max": 0.260563,
        "nauc_precision_at_10_std": 0.226794,
        "nauc_precision_at_10_diff1": 0.358478,
        "nauc_precision_at_20_max": 0.363798,
        "nauc_precision_at_20_std": 0.339517,
        "nauc_precision_at_20_diff1": 0.384024,
        "nauc_precision_at_100_max": 0.703635,
        "nauc_precision_at_100_std": 0.70475,
        "nauc_precision_at_100_diff1": 0.549238,
        "nauc_precision_at_1000_max": 0.927048,
        "nauc_precision_at_1000_std": 0.939207,
        "nauc_precision_at_1000_diff1": 0.67679,
        "nauc_mrr_at_1_max": 0.10717,
        "nauc_mrr_at_1_std": 0.08334,
        "nauc_mrr_at_1_diff1": 0.440636,
        "nauc_mrr_at_3_max": 0.128593,
        "nauc_mrr_at_3_std": 0.106016,
        "nauc_mrr_at_3_diff1": 0.400034,
        "nauc_mrr_at_5_max": 0.137111,
        "nauc_mrr_at_5_std": 0.113772,
        "nauc_mrr_at_5_diff1": 0.397971,
        "nauc_mrr_at_10_max": 0.148296,
        "nauc_mrr_at_10_std": 0.12363,
        "nauc_mrr_at_10_diff1": 0.399085,
        "nauc_mrr_at_20_max": 0.154684,
        "nauc_mrr_at_20_std": 0.130941,
        "nauc_mrr_at_20_diff1": 0.401306,
        "nauc_mrr_at_100_max": 0.158077,
        "nauc_mrr_at_100_std": 0.134747,
        "nauc_mrr_at_100_diff1": 0.404317,
        "nauc_mrr_at_1000_max": 0.157421,
        "nauc_mrr_at_1000_std": 0.134121,
        "nauc_mrr_at_1000_diff1": 0.404206,
        "hit_rate_at_1": 0.17762,
        "hit_rate_at_3": 0.32355,
        "hit_rate_at_5": 0.39875,
        "hit_rate_at_10": 0.50027,
        "hit_rate_at_20": 0.60806,
        "hit_rate_at_100": 0.8,
        "hit_rate_at_1000": 0.9923,
        "main_score": 0.39875,
        "hf_subset": "default",
        "languages": [
          "eng-Latn"
        ],
        "mteb_version": "2.12.32"
      }
    ]
  },
  "evaluation_time": 493.8616232872009,
  "kg_co2_emissions": null,
  "date": null
}