{
  "dataset_revision": "4885aa143210c98657558c04aaf3dc47cfb54340",
  "task_name": "CQADupstackGamingRetrieval",
  "mteb_version": "2.12.32",
  "scores": {
    "test": [
      {
        "ndcg_at_1": 0.36803,
        "ndcg_at_3": 0.45855,
        "ndcg_at_5": 0.495,
        "ndcg_at_10": 0.52494,
        "ndcg_at_20": 0.54735,
        "ndcg_at_100": 0.57159,
        "ndcg_at_1000": 0.58253,
        "map_at_1": 0.32516,
        "map_at_3": 0.42064,
        "map_at_5": 0.44365,
        "map_at_10": 0.45824,
        "map_at_20": 0.46545,
        "map_at_100": 0.46971,
        "map_at_1000": 0.47028,
        "recall_at_1": 0.32516,
        "recall_at_3": 0.52107,
        "recall_at_5": 0.60753,
        "recall_at_10": 0.69342,
        "recall_at_20": 0.77657,
        "recall_at_100": 0.89194,
        "recall_at_1000": 0.96786,
        "accuracy": 0.32516,
        "precision_at_1": 0.36803,
        "precision_at_3": 0.20564,
        "precision_at_5": 0.14746,
        "precision_at_10": 0.08752,
        "precision_at_20": 0.05028,
        "precision_at_100": 0.01205,
        "precision_at_1000": 0.00135,
        "mrr_at_1": 0.368025,
        "mrr_at_3": 0.456949,
        "mrr_at_5": 0.476165,
        "mrr_at_10": 0.487469,
        "mrr_at_20": 0.493049,
        "mrr_at_100": 0.495831,
        "mrr_at_1000": 0.496104,
        "nauc_ndcg_at_1_max": 0.100761,
        "nauc_ndcg_at_1_std": -0.153342,
        "nauc_ndcg_at_1_diff1": 0.442718,
        "nauc_ndcg_at_3_max": 0.068648,
        "nauc_ndcg_at_3_std": -0.140481,
        "nauc_ndcg_at_3_diff1": 0.404315,
        "nauc_ndcg_at_5_max": 0.071712,
        "nauc_ndcg_at_5_std": -0.12007,
        "nauc_ndcg_at_5_diff1": 0.404506,
        "nauc_ndcg_at_10_max": 0.08629,
        "nauc_ndcg_at_10_std": -0.112152,
        "nauc_ndcg_at_10_diff1": 0.401539,
        "nauc_ndcg_at_20_max": 0.089716,
        "nauc_ndcg_at_20_std": -0.095111,
        "nauc_ndcg_at_20_diff1": 0.404863,
        "nauc_ndcg_at_100_max": 0.094423,
        "nauc_ndcg_at_100_std": -0.093036,
        "nauc_ndcg_at_100_diff1": 0.404177,
        "nauc_ndcg_at_1000_max": 0.094897,
        "nauc_ndcg_at_1000_std": -0.101291,
        "nauc_ndcg_at_1000_diff1": 0.406002,
        "nauc_map_at_1_max": 0.054219,
        "nauc_map_at_1_std": -0.15825,
        "nauc_map_at_1_diff1": 0.449099,
        "nauc_map_at_3_max": 0.054962,
        "nauc_map_at_3_std": -0.146519,
        "nauc_map_at_3_diff1": 0.418555,
        "nauc_map_at_5_max": 0.060148,
        "nauc_map_at_5_std": -0.13548,
        "nauc_map_at_5_diff1": 0.41844,
        "nauc_map_at_10_max": 0.06888,
        "nauc_map_at_10_std": -0.132079,
        "nauc_map_at_10_diff1": 0.417418,
        "nauc_map_at_20_max": 0.071165,
        "nauc_map_at_20_std": -0.126074,
        "nauc_map_at_20_diff1": 0.41822,
        "nauc_map_at_100_max": 0.073535,
        "nauc_map_at_100_std": -0.12527,
        "nauc_map_at_100_diff1": 0.417707,
        "nauc_map_at_1000_max": 0.073861,
        "nauc_map_at_1000_std": -0.125465,
        "nauc_map_at_1000_diff1": 0.417681,
        "nauc_recall_at_1_max": 0.054219,
        "nauc_recall_at_1_std": -0.15825,
        "nauc_recall_at_1_diff1": 0.449099,
        "nauc_recall_at_3_max": 0.04589,
        "nauc_recall_at_3_std": -0.127035,
        "nauc_recall_at_3_diff1": 0.369621,
        "nauc_recall_at_5_max": 0.048779,
        "nauc_recall_at_5_std": -0.080406,
        "nauc_recall_at_5_diff1": 0.36015,
        "nauc_recall_at_10_max": 0.095632,
        "nauc_recall_at_10_std": -0.044739,
        "nauc_recall_at_10_diff1": 0.339159,
        "nauc_recall_at_20_max": 0.113509,
        "nauc_recall_at_20_std": 0.067907,
        "nauc_recall_at_20_diff1": 0.338749,
        "nauc_recall_at_100_max": 0.141409,
        "nauc_recall_at_100_std": 0.217513,
        "nauc_recall_at_100_diff1": 0.305553,
        "nauc_recall_at_1000_max": 0.14293,
        "nauc_recall_at_1000_std": 0.414883,
        "nauc_recall_at_1000_diff1": 0.311194,
        "nauc_precision_at_1_max": 0.100761,
        "nauc_precision_at_1_std": -0.153342,
        "nauc_precision_at_1_diff1": 0.442718,
        "nauc_precision_at_3_max": 0.122603,
        "nauc_precision_at_3_std": -0.097122,
        "nauc_precision_at_3_diff1": 0.302425,
        "nauc_precision_at_5_max": 0.141507,
        "nauc_precision_at_5_std": -0.021348,
        "nauc_precision_at_5_diff1": 0.244861,
        "nauc_precision_at_10_max": 0.189862,
        "nauc_precision_at_10_std": 0.04035,
        "nauc_precision_at_10_diff1": 0.163274,
        "nauc_precision_at_20_max": 0.218373,
        "nauc_precision_at_20_std": 0.138309,
        "nauc_precision_at_20_diff1": 0.091319,
        "nauc_precision_at_100_max": 0.258846,
        "nauc_precision_at_100_std": 0.183938,
        "nauc_precision_at_100_diff1": -0.049638,
        "nauc_precision_at_1000_max": 0.274301,
        "nauc_precision_at_1000_std": 0.134262,
        "nauc_precision_at_1000_diff1": -0.118713,
        "nauc_mrr_at_1_max": 0.100761,
        "nauc_mrr_at_1_std": -0.153342,
        "nauc_mrr_at_1_diff1": 0.442718,
        "nauc_mrr_at_3_max": 0.097564,
        "nauc_mrr_at_3_std": -0.139313,
        "nauc_mrr_at_3_diff1": 0.406064,
        "nauc_mrr_at_5_max": 0.096698,
        "nauc_mrr_at_5_std": -0.129208,
        "nauc_mrr_at_5_diff1": 0.406115,
        "nauc_mrr_at_10_max": 0.101202,
        "nauc_mrr_at_10_std": -0.12833,
        "nauc_mrr_at_10_diff1": 0.405613,
        "nauc_mrr_at_20_max": 0.102441,
        "nauc_mrr_at_20_std": -0.125957,
        "nauc_mrr_at_20_diff1": 0.40574,
        "nauc_mrr_at_100_max": 0.102327,
        "nauc_mrr_at_100_std": -0.126461,
        "nauc_mrr_at_100_diff1": 0.405806,
        "nauc_mrr_at_1000_max": 0.102238,
        "nauc_mrr_at_1000_std": -0.126698,
        "nauc_mrr_at_1000_diff1": 0.405898,
        "hit_rate_at_1": 0.36803,
        "hit_rate_at_3": 0.56865,
        "hit_rate_at_5": 0.65392,
        "hit_rate_at_10": 0.7373,
        "hit_rate_at_20": 0.81881,
        "hit_rate_at_100": 0.921,
        "hit_rate_at_1000": 0.97994,
        "main_score": 0.52494,
        "hf_subset": "default",
        "languages": [
          "eng-Latn"
        ],
        "mteb_version": "2.12.32"
      }
    ]
  },
  "evaluation_time": 1404.036997795105,
  "kg_co2_emissions": null,
  "date": null
}