{
  "dataset_revision": "6c6430d3a6d36f8d2a829195bc5dc94d7e063e53",
  "task_name": "CQADupstackUnixRetrieval",
  "mteb_version": "2.12.32",
  "scores": {
    "test": [
      {
        "ndcg_at_1": 0.26679,
        "ndcg_at_3": 0.33291,
        "ndcg_at_5": 0.35999,
        "ndcg_at_10": 0.39273,
        "ndcg_at_20": 0.41769,
        "ndcg_at_100": 0.45097,
        "ndcg_at_1000": 0.46905,
        "map_at_1": 0.22531,
        "map_at_3": 0.29874,
        "map_at_5": 0.31585,
        "map_at_10": 0.33082,
        "map_at_20": 0.33881,
        "map_at_100": 0.34432,
        "map_at_1000": 0.34515,
        "recall_at_1": 0.22531,
        "recall_at_3": 0.38035,
        "recall_at_5": 0.44779,
        "recall_at_10": 0.54141,
        "recall_at_20": 0.62925,
        "recall_at_100": 0.78908,
        "recall_at_1000": 0.91359,
        "accuracy": 0.22531,
        "precision_at_1": 0.26679,
        "precision_at_3": 0.15641,
        "precision_at_5": 0.11306,
        "precision_at_10": 0.07099,
        "precision_at_20": 0.04254,
        "precision_at_100": 0.01119,
        "precision_at_1000": 0.00137,
        "mrr_at_1": 0.266791,
        "mrr_at_3": 0.338775,
        "mrr_at_5": 0.355892,
        "mrr_at_10": 0.369686,
        "mrr_at_20": 0.375952,
        "mrr_at_100": 0.379638,
        "mrr_at_1000": 0.380061,
        "nauc_ndcg_at_1_max": 0.136475,
        "nauc_ndcg_at_1_std": -0.004348,
        "nauc_ndcg_at_1_diff1": 0.475248,
        "nauc_ndcg_at_3_max": 0.144389,
        "nauc_ndcg_at_3_std": -0.006075,
        "nauc_ndcg_at_3_diff1": 0.415203,
        "nauc_ndcg_at_5_max": 0.143439,
        "nauc_ndcg_at_5_std": 0.014255,
        "nauc_ndcg_at_5_diff1": 0.405797,
        "nauc_ndcg_at_10_max": 0.139383,
        "nauc_ndcg_at_10_std": 0.021195,
        "nauc_ndcg_at_10_diff1": 0.405638,
        "nauc_ndcg_at_20_max": 0.142074,
        "nauc_ndcg_at_20_std": 0.025147,
        "nauc_ndcg_at_20_diff1": 0.404603,
        "nauc_ndcg_at_100_max": 0.142077,
        "nauc_ndcg_at_100_std": 0.037169,
        "nauc_ndcg_at_100_diff1": 0.403922,
        "nauc_ndcg_at_1000_max": 0.142683,
        "nauc_ndcg_at_1000_std": 0.031563,
        "nauc_ndcg_at_1000_diff1": 0.408297,
        "nauc_map_at_1_max": 0.139219,
        "nauc_map_at_1_std": -0.008399,
        "nauc_map_at_1_diff1": 0.487087,
        "nauc_map_at_3_max": 0.140655,
        "nauc_map_at_3_std": -0.011055,
        "nauc_map_at_3_diff1": 0.433764,
        "nauc_map_at_5_max": 0.140419,
        "nauc_map_at_5_std": 0.000209,
        "nauc_map_at_5_diff1": 0.426461,
        "nauc_map_at_10_max": 0.139518,
        "nauc_map_at_10_std": 0.004021,
        "nauc_map_at_10_diff1": 0.426843,
        "nauc_map_at_20_max": 0.140999,
        "nauc_map_at_20_std": 0.006215,
        "nauc_map_at_20_diff1": 0.427695,
        "nauc_map_at_100_max": 0.141104,
        "nauc_map_at_100_std": 0.008044,
        "nauc_map_at_100_diff1": 0.427447,
        "nauc_map_at_1000_max": 0.14127,
        "nauc_map_at_1000_std": 0.007858,
        "nauc_map_at_1000_diff1": 0.427583,
        "nauc_recall_at_1_max": 0.139219,
        "nauc_recall_at_1_std": -0.008399,
        "nauc_recall_at_1_diff1": 0.487087,
        "nauc_recall_at_3_max": 0.143075,
        "nauc_recall_at_3_std": 0.002614,
        "nauc_recall_at_3_diff1": 0.369224,
        "nauc_recall_at_5_max": 0.136682,
        "nauc_recall_at_5_std": 0.047949,
        "nauc_recall_at_5_diff1": 0.33878,
        "nauc_recall_at_10_max": 0.119515,
        "nauc_recall_at_10_std": 0.065548,
        "nauc_recall_at_10_diff1": 0.331362,
        "nauc_recall_at_20_max": 0.119995,
        "nauc_recall_at_20_std": 0.079424,
        "nauc_recall_at_20_diff1": 0.312336,
        "nauc_recall_at_100_max": 0.096949,
        "nauc_recall_at_100_std": 0.202615,
        "nauc_recall_at_100_diff1": 0.275317,
        "nauc_recall_at_1000_max": 0.051954,
        "nauc_recall_at_1000_std": 0.307156,
        "nauc_recall_at_1000_diff1": 0.288489,
        "nauc_precision_at_1_max": 0.136475,
        "nauc_precision_at_1_std": -0.004348,
        "nauc_precision_at_1_diff1": 0.475248,
        "nauc_precision_at_3_max": 0.137373,
        "nauc_precision_at_3_std": 0.000349,
        "nauc_precision_at_3_diff1": 0.316954,
        "nauc_precision_at_5_max": 0.136739,
        "nauc_precision_at_5_std": 0.044863,
        "nauc_precision_at_5_diff1": 0.268497,
        "nauc_precision_at_10_max": 0.125041,
        "nauc_precision_at_10_std": 0.062791,
        "nauc_precision_at_10_diff1": 0.211239,
        "nauc_precision_at_20_max": 0.126502,
        "nauc_precision_at_20_std": 0.076545,
        "nauc_precision_at_20_diff1": 0.151995,
        "nauc_precision_at_100_max": 0.110726,
        "nauc_precision_at_100_std": 0.087107,
        "nauc_precision_at_100_diff1": 0.021871,
        "nauc_precision_at_1000_max": 0.059648,
        "nauc_precision_at_1000_std": 0.000258,
        "nauc_precision_at_1000_diff1": -0.083545,
        "nauc_mrr_at_1_max": 0.136475,
        "nauc_mrr_at_1_std": -0.004348,
        "nauc_mrr_at_1_diff1": 0.475248,
        "nauc_mrr_at_3_max": 0.145349,
        "nauc_mrr_at_3_std": -0.004637,
        "nauc_mrr_at_3_diff1": 0.426,
        "nauc_mrr_at_5_max": 0.145008,
        "nauc_mrr_at_5_std": 0.006944,
        "nauc_mrr_at_5_diff1": 0.420365,
        "nauc_mrr_at_10_max": 0.144356,
        "nauc_mrr_at_10_std": 0.009091,
        "nauc_mrr_at_10_diff1": 0.419959,
        "nauc_mrr_at_20_max": 0.14428,
        "nauc_mrr_at_20_std": 0.008648,
        "nauc_mrr_at_20_diff1": 0.418763,
        "nauc_mrr_at_100_max": 0.144128,
        "nauc_mrr_at_100_std": 0.009959,
        "nauc_mrr_at_100_diff1": 0.419635,
        "nauc_mrr_at_1000_max": 0.144203,
        "nauc_mrr_at_1000_std": 0.009801,
        "nauc_mrr_at_1000_diff1": 0.419869,
        "hit_rate_at_1": 0.26679,
        "hit_rate_at_3": 0.4319,
        "hit_rate_at_5": 0.50746,
        "hit_rate_at_10": 0.60821,
        "hit_rate_at_20": 0.6959,
        "hit_rate_at_100": 0.84049,
        "hit_rate_at_1000": 0.93843,
        "main_score": 0.39273,
        "hf_subset": "default",
        "languages": [
          "eng-Latn"
        ],
        "mteb_version": "2.12.32"
      }
    ]
  },
  "evaluation_time": 3620.218215942383,
  "kg_co2_emissions": null,
  "date": null
}