{
  "dataset_revision": "ad08c1307b15a226bf1b64e62656a17f1f85f7ec",
  "task_name": "CUB200I2IRetrieval",
  "mteb_version": "2.12.32",
  "scores": {
    "test": [
      {
        "ndcg_at_1": 0.762,
        "ndcg_at_3": 0.73412,
        "ndcg_at_5": 0.71513,
        "ndcg_at_10": 0.66846,
        "ndcg_at_20": 0.58957,
        "ndcg_at_100": 0.67638,
        "ndcg_at_1000": 0.77221,
        "map_at_1": 0.02726,
        "map_at_3": 0.074,
        "map_at_5": 0.11582,
        "map_at_10": 0.20253,
        "map_at_20": 0.3187,
        "map_at_100": 0.46086,
        "map_at_1000": 0.48455,
        "recall_at_1": 0.02726,
        "recall_at_3": 0.0778,
        "recall_at_5": 0.12521,
        "recall_at_10": 0.22828,
        "recall_at_20": 0.38317,
        "recall_at_100": 0.7285,
        "recall_at_1000": 0.96376,
        "accuracy": 0.02726,
        "precision_at_1": 0.762,
        "precision_at_3": 0.72592,
        "precision_at_5": 0.70159,
        "precision_at_10": 0.64059,
        "precision_at_20": 0.53938,
        "precision_at_100": 0.20576,
        "precision_at_1000": 0.02724,
        "mrr_at_1": 0.761995,
        "mrr_at_3": 0.819152,
        "mrr_at_5": 0.827359,
        "mrr_at_10": 0.83203,
        "mrr_at_20": 0.833526,
        "mrr_at_100": 0.833978,
        "mrr_at_1000": 0.833999,
        "nauc_ndcg_at_1_max": 0.315955,
        "nauc_ndcg_at_1_std": -0.050946,
        "nauc_ndcg_at_1_diff1": 0.078356,
        "nauc_ndcg_at_3_max": 0.309924,
        "nauc_ndcg_at_3_std": -0.043127,
        "nauc_ndcg_at_3_diff1": 0.000712,
        "nauc_ndcg_at_5_max": 0.30585,
        "nauc_ndcg_at_5_std": -0.037311,
        "nauc_ndcg_at_5_diff1": -0.022728,
        "nauc_ndcg_at_10_max": 0.291444,
        "nauc_ndcg_at_10_std": -0.038764,
        "nauc_ndcg_at_10_diff1": -0.040217,
        "nauc_ndcg_at_20_max": 0.267687,
        "nauc_ndcg_at_20_std": -0.003678,
        "nauc_ndcg_at_20_diff1": -0.050024,
        "nauc_ndcg_at_100_max": 0.256472,
        "nauc_ndcg_at_100_std": 0.078656,
        "nauc_ndcg_at_100_diff1": -0.041999,
        "nauc_ndcg_at_1000_max": 0.275214,
        "nauc_ndcg_at_1000_std": 0.096409,
        "nauc_ndcg_at_1000_diff1": -0.040902,
        "nauc_map_at_1_max": 0.251577,
        "nauc_map_at_1_std": -0.022657,
        "nauc_map_at_1_diff1": 0.069752,
        "nauc_map_at_3_max": 0.266364,
        "nauc_map_at_3_std": -0.025964,
        "nauc_map_at_3_diff1": -0.00611,
        "nauc_map_at_5_max": 0.268459,
        "nauc_map_at_5_std": -0.022688,
        "nauc_map_at_5_diff1": -0.032131,
        "nauc_map_at_10_max": 0.263505,
        "nauc_map_at_10_std": -0.030465,
        "nauc_map_at_10_diff1": -0.049198,
        "nauc_map_at_20_max": 0.249237,
        "nauc_map_at_20_std": 0.002237,
        "nauc_map_at_20_diff1": -0.058148,
        "nauc_map_at_100_max": 0.245173,
        "nauc_map_at_100_std": 0.050376,
        "nauc_map_at_100_diff1": -0.051979,
        "nauc_map_at_1000_max": 0.247041,
        "nauc_map_at_1000_std": 0.05865,
        "nauc_map_at_1000_diff1": -0.052427,
        "nauc_recall_at_1_max": 0.251577,
        "nauc_recall_at_1_std": -0.022657,
        "nauc_recall_at_1_diff1": 0.069752,
        "nauc_recall_at_3_max": 0.263189,
        "nauc_recall_at_3_std": -0.022542,
        "nauc_recall_at_3_diff1": -0.018774,
        "nauc_recall_at_5_max": 0.264173,
        "nauc_recall_at_5_std": -0.017871,
        "nauc_recall_at_5_diff1": -0.042011,
        "nauc_recall_at_10_max": 0.257058,
        "nauc_recall_at_10_std": -0.028645,
        "nauc_recall_at_10_diff1": -0.054045,
        "nauc_recall_at_20_max": 0.239723,
        "nauc_recall_at_20_std": 0.014489,
        "nauc_recall_at_20_diff1": -0.059709,
        "nauc_recall_at_100_max": 0.198215,
        "nauc_recall_at_100_std": 0.165374,
        "nauc_recall_at_100_diff1": -0.042856,
        "nauc_recall_at_1000_max": 0.188036,
        "nauc_recall_at_1000_std": 0.609161,
        "nauc_recall_at_1000_diff1": -0.043488,
        "nauc_precision_at_1_max": 0.315955,
        "nauc_precision_at_1_std": -0.050946,
        "nauc_precision_at_1_diff1": 0.078356,
        "nauc_precision_at_3_max": 0.308232,
        "nauc_precision_at_3_std": -0.041581,
        "nauc_precision_at_3_diff1": -0.019863,
        "nauc_precision_at_5_max": 0.300426,
        "nauc_precision_at_5_std": -0.033444,
        "nauc_precision_at_5_diff1": -0.044467,
        "nauc_precision_at_10_max": 0.279371,
        "nauc_precision_at_10_std": -0.036752,
        "nauc_precision_at_10_diff1": -0.056909,
        "nauc_precision_at_20_max": 0.249617,
        "nauc_precision_at_20_std": 0.010946,
        "nauc_precision_at_20_diff1": -0.06129,
        "nauc_precision_at_100_max": 0.204433,
        "nauc_precision_at_100_std": 0.147812,
        "nauc_precision_at_100_diff1": -0.044112,
        "nauc_precision_at_1000_max": 0.170252,
        "nauc_precision_at_1000_std": 0.305145,
        "nauc_precision_at_1000_diff1": -0.040198,
        "nauc_mrr_at_1_max": 0.315955,
        "nauc_mrr_at_1_std": -0.050946,
        "nauc_mrr_at_1_diff1": 0.078356,
        "nauc_mrr_at_3_max": 0.326012,
        "nauc_mrr_at_3_std": -0.046632,
        "nauc_mrr_at_3_diff1": 0.057096,
        "nauc_mrr_at_5_max": 0.325932,
        "nauc_mrr_at_5_std": -0.045138,
        "nauc_mrr_at_5_diff1": 0.05872,
        "nauc_mrr_at_10_max": 0.325215,
        "nauc_mrr_at_10_std": -0.045705,
        "nauc_mrr_at_10_diff1": 0.06021,
        "nauc_mrr_at_20_max": 0.325066,
        "nauc_mrr_at_20_std": -0.04538,
        "nauc_mrr_at_20_diff1": 0.06066,
        "nauc_mrr_at_100_max": 0.324723,
        "nauc_mrr_at_100_std": -0.045228,
        "nauc_mrr_at_100_diff1": 0.060874,
        "nauc_mrr_at_1000_max": 0.324747,
        "nauc_mrr_at_1000_std": -0.045289,
        "nauc_mrr_at_1000_diff1": 0.060945,
        "hit_rate_at_1": 0.762,
        "hit_rate_at_3": 0.88937,
        "hit_rate_at_5": 0.92492,
        "hit_rate_at_10": 0.9591,
        "hit_rate_at_20": 0.97998,
        "hit_rate_at_100": 0.99534,
        "hit_rate_at_1000": 0.99983,
        "main_score": 0.762,
        "hf_subset": "default",
        "languages": [
          "eng-Latn"
        ],
        "mteb_version": "2.12.32"
      }
    ]
  },
  "evaluation_time": 1380.197292804718,
  "kg_co2_emissions": null,
  "date": null
}