{
  "dataset_revision": "9926abb226c15b55dd8cce8c91cac1abf2326a61",
  "task_name": "CVBenchCount",
  "mteb_version": "2.12.32",
  "scores": {
    "test": [
      {
        "ndcg_at_1": 0.62817,
        "ndcg_at_3": 0.79906,
        "ndcg_at_5": 0.83042,
        "ndcg_at_10": 0.83268,
        "ndcg_at_20": 0.83268,
        "ndcg_at_100": 0.83268,
        "ndcg_at_1000": 0.83268,
        "map_at_1": 0.62817,
        "map_at_3": 0.75761,
        "map_at_5": 0.77532,
        "map_at_10": 0.77637,
        "map_at_20": 0.77637,
        "map_at_100": 0.77637,
        "map_at_1000": 0.77637,
        "recall_at_1": 0.62817,
        "recall_at_3": 0.91878,
        "recall_at_5": 0.99365,
        "recall_at_10": 1.0,
        "recall_at_20": 1.0,
        "recall_at_100": 1.0,
        "recall_at_1000": 1.0,
        "accuracy": 0.62817,
        "precision_at_1": 0.62817,
        "precision_at_3": 0.30626,
        "precision_at_5": 0.19873,
        "precision_at_10": 0.1,
        "precision_at_20": 0.05,
        "precision_at_100": 0.01,
        "precision_at_1000": 0.001,
        "mrr_at_1": 0.628173,
        "mrr_at_3": 0.757614,
        "mrr_at_5": 0.775317,
        "mrr_at_10": 0.776375,
        "mrr_at_20": 0.776375,
        "mrr_at_100": 0.776375,
        "mrr_at_1000": 0.776375,
        "nauc_ndcg_at_1_max": 0.138648,
        "nauc_ndcg_at_1_std": 0.313454,
        "nauc_ndcg_at_1_diff1": 0.657232,
        "nauc_ndcg_at_3_max": 0.171039,
        "nauc_ndcg_at_3_std": 0.407404,
        "nauc_ndcg_at_3_diff1": 0.640702,
        "nauc_ndcg_at_5_max": 0.14852,
        "nauc_ndcg_at_5_std": 0.352408,
        "nauc_ndcg_at_5_diff1": 0.642242,
        "nauc_ndcg_at_10_max": 0.150264,
        "nauc_ndcg_at_10_std": 0.344822,
        "nauc_ndcg_at_10_diff1": 0.643511,
        "nauc_ndcg_at_20_max": 0.150264,
        "nauc_ndcg_at_20_std": 0.344822,
        "nauc_ndcg_at_20_diff1": 0.643511,
        "nauc_ndcg_at_100_max": 0.150264,
        "nauc_ndcg_at_100_std": 0.344822,
        "nauc_ndcg_at_100_diff1": 0.643511,
        "nauc_ndcg_at_1000_max": 0.150264,
        "nauc_ndcg_at_1000_std": 0.344822,
        "nauc_ndcg_at_1000_diff1": 0.643511,
        "nauc_map_at_1_max": 0.138648,
        "nauc_map_at_1_std": 0.313454,
        "nauc_map_at_1_diff1": 0.657232,
        "nauc_map_at_3_max": 0.159115,
        "nauc_map_at_3_std": 0.371257,
        "nauc_map_at_3_diff1": 0.64266,
        "nauc_map_at_5_max": 0.148729,
        "nauc_map_at_5_std": 0.344795,
        "nauc_map_at_5_diff1": 0.643735,
        "nauc_map_at_10_max": 0.149342,
        "nauc_map_at_10_std": 0.342091,
        "nauc_map_at_10_diff1": 0.644189,
        "nauc_map_at_20_max": 0.149342,
        "nauc_map_at_20_std": 0.342091,
        "nauc_map_at_20_diff1": 0.644189,
        "nauc_map_at_100_max": 0.149342,
        "nauc_map_at_100_std": 0.342091,
        "nauc_map_at_100_diff1": 0.644189,
        "nauc_map_at_1000_max": 0.149342,
        "nauc_map_at_1000_std": 0.342091,
        "nauc_map_at_1000_diff1": 0.644189,
        "nauc_recall_at_1_max": 0.138648,
        "nauc_recall_at_1_std": 0.313454,
        "nauc_recall_at_1_diff1": 0.657232,
        "nauc_recall_at_3_max": 0.258106,
        "nauc_recall_at_3_std": 0.672899,
        "nauc_recall_at_3_diff1": 0.630519,
        "nauc_recall_at_5_max": 0.041187,
        "nauc_recall_at_5_std": 0.819328,
        "nauc_recall_at_5_diff1": 0.564131,
        "nauc_recall_at_10_max": NaN,
        "nauc_recall_at_10_std": NaN,
        "nauc_recall_at_10_diff1": NaN,
        "nauc_recall_at_20_max": NaN,
        "nauc_recall_at_20_std": NaN,
        "nauc_recall_at_20_diff1": NaN,
        "nauc_recall_at_100_max": NaN,
        "nauc_recall_at_100_std": NaN,
        "nauc_recall_at_100_diff1": NaN,
        "nauc_recall_at_1000_max": NaN,
        "nauc_recall_at_1000_std": NaN,
        "nauc_recall_at_1000_diff1": NaN,
        "nauc_precision_at_1_max": 0.138648,
        "nauc_precision_at_1_std": 0.313454,
        "nauc_precision_at_1_diff1": 0.657232,
        "nauc_precision_at_3_max": 0.258106,
        "nauc_precision_at_3_std": 0.672899,
        "nauc_precision_at_3_diff1": 0.630519,
        "nauc_precision_at_5_max": 0.041187,
        "nauc_precision_at_5_std": 0.819328,
        "nauc_precision_at_5_diff1": 0.564131,
        "nauc_precision_at_10_max": NaN,
        "nauc_precision_at_10_std": NaN,
        "nauc_precision_at_10_diff1": NaN,
        "nauc_precision_at_20_max": NaN,
        "nauc_precision_at_20_std": NaN,
        "nauc_precision_at_20_diff1": NaN,
        "nauc_precision_at_100_max": NaN,
        "nauc_precision_at_100_std": NaN,
        "nauc_precision_at_100_diff1": NaN,
        "nauc_precision_at_1000_max": 1.0,
        "nauc_precision_at_1000_std": 1.0,
        "nauc_precision_at_1000_diff1": 1.0,
        "nauc_mrr_at_1_max": 0.138648,
        "nauc_mrr_at_1_std": 0.313454,
        "nauc_mrr_at_1_diff1": 0.657232,
        "nauc_mrr_at_3_max": 0.159115,
        "nauc_mrr_at_3_std": 0.371257,
        "nauc_mrr_at_3_diff1": 0.64266,
        "nauc_mrr_at_5_max": 0.148729,
        "nauc_mrr_at_5_std": 0.344795,
        "nauc_mrr_at_5_diff1": 0.643735,
        "nauc_mrr_at_10_max": 0.149342,
        "nauc_mrr_at_10_std": 0.342091,
        "nauc_mrr_at_10_diff1": 0.644189,
        "nauc_mrr_at_20_max": 0.149342,
        "nauc_mrr_at_20_std": 0.342091,
        "nauc_mrr_at_20_diff1": 0.644189,
        "nauc_mrr_at_100_max": 0.149342,
        "nauc_mrr_at_100_std": 0.342091,
        "nauc_mrr_at_100_diff1": 0.644189,
        "nauc_mrr_at_1000_max": 0.149342,
        "nauc_mrr_at_1000_std": 0.342091,
        "nauc_mrr_at_1000_diff1": 0.644189,
        "hit_rate_at_1": 0.62817,
        "hit_rate_at_3": 0.91878,
        "hit_rate_at_5": 0.99365,
        "hit_rate_at_10": 1.0,
        "hit_rate_at_20": 1.0,
        "hit_rate_at_100": 1.0,
        "hit_rate_at_1000": 1.0,
        "main_score": 0.62817,
        "hf_subset": "default",
        "languages": [
          "eng-Latn"
        ],
        "mteb_version": "2.12.32"
      }
    ]
  },
  "evaluation_time": 195.24909734725952,
  "kg_co2_emissions": null,
  "date": null
}