{
  "dataset_revision": "9926abb226c15b55dd8cce8c91cac1abf2326a61",
  "task_name": "CVBenchRelation",
  "mteb_version": "2.12.32",
  "scores": {
    "test": [
      {
        "ndcg_at_1": 0.58923,
        "ndcg_at_3": 0.8484,
        "ndcg_at_5": 0.8484,
        "ndcg_at_10": 0.8484,
        "ndcg_at_20": 0.8484,
        "ndcg_at_100": 0.8484,
        "ndcg_at_1000": 0.8484,
        "map_at_1": 0.58923,
        "map_at_3": 0.79462,
        "map_at_5": 0.79462,
        "map_at_10": 0.79462,
        "map_at_20": 0.79462,
        "map_at_100": 0.79462,
        "map_at_1000": 0.79462,
        "recall_at_1": 0.58923,
        "recall_at_3": 1.0,
        "recall_at_5": 1.0,
        "recall_at_10": 1.0,
        "recall_at_20": 1.0,
        "recall_at_100": 1.0,
        "recall_at_1000": 1.0,
        "accuracy": 0.58923,
        "precision_at_1": 0.58923,
        "precision_at_3": 0.33333,
        "precision_at_5": 0.2,
        "precision_at_10": 0.1,
        "precision_at_20": 0.05,
        "precision_at_100": 0.01,
        "precision_at_1000": 0.001,
        "mrr_at_1": 0.589231,
        "mrr_at_3": 0.794615,
        "mrr_at_5": 0.794615,
        "mrr_at_10": 0.794615,
        "mrr_at_20": 0.794615,
        "mrr_at_100": 0.794615,
        "mrr_at_1000": 0.794615,
        "nauc_ndcg_at_1_max": 0.065654,
        "nauc_ndcg_at_1_std": 0.28891,
        "nauc_ndcg_at_1_diff1": 0.28891,
        "nauc_ndcg_at_3_max": 0.065654,
        "nauc_ndcg_at_3_std": 0.28891,
        "nauc_ndcg_at_3_diff1": 0.28891,
        "nauc_ndcg_at_5_max": 0.065654,
        "nauc_ndcg_at_5_std": 0.28891,
        "nauc_ndcg_at_5_diff1": 0.28891,
        "nauc_ndcg_at_10_max": 0.065654,
        "nauc_ndcg_at_10_std": 0.28891,
        "nauc_ndcg_at_10_diff1": 0.28891,
        "nauc_ndcg_at_20_max": 0.065654,
        "nauc_ndcg_at_20_std": 0.28891,
        "nauc_ndcg_at_20_diff1": 0.28891,
        "nauc_ndcg_at_100_max": 0.065654,
        "nauc_ndcg_at_100_std": 0.28891,
        "nauc_ndcg_at_100_diff1": 0.28891,
        "nauc_ndcg_at_1000_max": 0.065654,
        "nauc_ndcg_at_1000_std": 0.28891,
        "nauc_ndcg_at_1000_diff1": 0.28891,
        "nauc_map_at_1_max": 0.065654,
        "nauc_map_at_1_std": 0.28891,
        "nauc_map_at_1_diff1": 0.28891,
        "nauc_map_at_3_max": 0.065654,
        "nauc_map_at_3_std": 0.28891,
        "nauc_map_at_3_diff1": 0.28891,
        "nauc_map_at_5_max": 0.065654,
        "nauc_map_at_5_std": 0.28891,
        "nauc_map_at_5_diff1": 0.28891,
        "nauc_map_at_10_max": 0.065654,
        "nauc_map_at_10_std": 0.28891,
        "nauc_map_at_10_diff1": 0.28891,
        "nauc_map_at_20_max": 0.065654,
        "nauc_map_at_20_std": 0.28891,
        "nauc_map_at_20_diff1": 0.28891,
        "nauc_map_at_100_max": 0.065654,
        "nauc_map_at_100_std": 0.28891,
        "nauc_map_at_100_diff1": 0.28891,
        "nauc_map_at_1000_max": 0.065654,
        "nauc_map_at_1000_std": 0.28891,
        "nauc_map_at_1000_diff1": 0.28891,
        "nauc_recall_at_1_max": 0.065654,
        "nauc_recall_at_1_std": 0.28891,
        "nauc_recall_at_1_diff1": 0.28891,
        "nauc_recall_at_3_max": NaN,
        "nauc_recall_at_3_std": NaN,
        "nauc_recall_at_3_diff1": NaN,
        "nauc_recall_at_5_max": NaN,
        "nauc_recall_at_5_std": NaN,
        "nauc_recall_at_5_diff1": NaN,
        "nauc_recall_at_10_max": NaN,
        "nauc_recall_at_10_std": NaN,
        "nauc_recall_at_10_diff1": NaN,
        "nauc_recall_at_20_max": NaN,
        "nauc_recall_at_20_std": NaN,
        "nauc_recall_at_20_diff1": NaN,
        "nauc_recall_at_100_max": NaN,
        "nauc_recall_at_100_std": NaN,
        "nauc_recall_at_100_diff1": NaN,
        "nauc_recall_at_1000_max": NaN,
        "nauc_recall_at_1000_std": NaN,
        "nauc_recall_at_1000_diff1": NaN,
        "nauc_precision_at_1_max": 0.065654,
        "nauc_precision_at_1_std": 0.28891,
        "nauc_precision_at_1_diff1": 0.28891,
        "nauc_precision_at_3_max": NaN,
        "nauc_precision_at_3_std": NaN,
        "nauc_precision_at_3_diff1": NaN,
        "nauc_precision_at_5_max": 1.0,
        "nauc_precision_at_5_std": 1.0,
        "nauc_precision_at_5_diff1": 1.0,
        "nauc_precision_at_10_max": 1.0,
        "nauc_precision_at_10_std": 1.0,
        "nauc_precision_at_10_diff1": 1.0,
        "nauc_precision_at_20_max": 1.0,
        "nauc_precision_at_20_std": 1.0,
        "nauc_precision_at_20_diff1": 1.0,
        "nauc_precision_at_100_max": 1.0,
        "nauc_precision_at_100_std": 1.0,
        "nauc_precision_at_100_diff1": 1.0,
        "nauc_precision_at_1000_max": 1.0,
        "nauc_precision_at_1000_std": 1.0,
        "nauc_precision_at_1000_diff1": 1.0,
        "nauc_mrr_at_1_max": 0.065654,
        "nauc_mrr_at_1_std": 0.28891,
        "nauc_mrr_at_1_diff1": 0.28891,
        "nauc_mrr_at_3_max": 0.065654,
        "nauc_mrr_at_3_std": 0.28891,
        "nauc_mrr_at_3_diff1": 0.28891,
        "nauc_mrr_at_5_max": 0.065654,
        "nauc_mrr_at_5_std": 0.28891,
        "nauc_mrr_at_5_diff1": 0.28891,
        "nauc_mrr_at_10_max": 0.065654,
        "nauc_mrr_at_10_std": 0.28891,
        "nauc_mrr_at_10_diff1": 0.28891,
        "nauc_mrr_at_20_max": 0.065654,
        "nauc_mrr_at_20_std": 0.28891,
        "nauc_mrr_at_20_diff1": 0.28891,
        "nauc_mrr_at_100_max": 0.065654,
        "nauc_mrr_at_100_std": 0.28891,
        "nauc_mrr_at_100_diff1": 0.28891,
        "nauc_mrr_at_1000_max": 0.065654,
        "nauc_mrr_at_1000_std": 0.28891,
        "nauc_mrr_at_1000_diff1": 0.28891,
        "hit_rate_at_1": 0.58923,
        "hit_rate_at_3": 1.0,
        "hit_rate_at_5": 1.0,
        "hit_rate_at_10": 1.0,
        "hit_rate_at_20": 1.0,
        "hit_rate_at_100": 1.0,
        "hit_rate_at_1000": 1.0,
        "main_score": 0.58923,
        "hf_subset": "default",
        "languages": [
          "eng-Latn"
        ],
        "mteb_version": "2.12.32"
      }
    ]
  },
  "evaluation_time": 108.81969213485718,
  "kg_co2_emissions": null,
  "date": null
}