{
  "dataset_revision": "74e9e63bf8f802f8cfb4ba6e01f48efc4f49032c",
  "task_name": "Fashion200kI2TRetrieval",
  "mteb_version": "2.12.32",
  "scores": {
    "test": [
      {
        "ndcg_at_1": 0.00818,
        "ndcg_at_3": 0.02079,
        "ndcg_at_5": 0.02735,
        "ndcg_at_10": 0.03638,
        "ndcg_at_20": 0.04547,
        "ndcg_at_100": 0.06966,
        "ndcg_at_1000": 0.10826,
        "map_at_1": 0.00818,
        "map_at_3": 0.01766,
        "map_at_5": 0.02134,
        "map_at_10": 0.02508,
        "map_at_20": 0.02755,
        "map_at_100": 0.03059,
        "map_at_1000": 0.03176,
        "recall_at_1": 0.00818,
        "recall_at_3": 0.02986,
        "recall_at_5": 0.04561,
        "recall_at_10": 0.07343,
        "recall_at_20": 0.10963,
        "recall_at_100": 0.24463,
        "recall_at_1000": 0.56433,
        "accuracy": 0.00818,
        "precision_at_1": 0.00818,
        "precision_at_3": 0.00995,
        "precision_at_5": 0.00912,
        "precision_at_10": 0.00734,
        "precision_at_20": 0.00548,
        "precision_at_100": 0.00245,
        "precision_at_1000": 0.00056,
        "mrr_at_1": 0.008182,
        "mrr_at_3": 0.017659,
        "mrr_at_5": 0.02134,
        "mrr_at_10": 0.025083,
        "mrr_at_20": 0.02755,
        "mrr_at_100": 0.030589,
        "mrr_at_1000": 0.031765,
        "nauc_ndcg_at_1_max": -0.19077,
        "nauc_ndcg_at_1_std": 0.133494,
        "nauc_ndcg_at_1_diff1": -0.321509,
        "nauc_ndcg_at_3_max": -0.096485,
        "nauc_ndcg_at_3_std": 0.022697,
        "nauc_ndcg_at_3_diff1": -0.136262,
        "nauc_ndcg_at_5_max": -0.090088,
        "nauc_ndcg_at_5_std": 0.04607,
        "nauc_ndcg_at_5_diff1": -0.121215,
        "nauc_ndcg_at_10_max": -0.091438,
        "nauc_ndcg_at_10_std": 0.057462,
        "nauc_ndcg_at_10_diff1": -0.102642,
        "nauc_ndcg_at_20_max": -0.077372,
        "nauc_ndcg_at_20_std": 0.057127,
        "nauc_ndcg_at_20_diff1": -0.094565,
        "nauc_ndcg_at_100_max": -0.080521,
        "nauc_ndcg_at_100_std": 0.089553,
        "nauc_ndcg_at_100_diff1": -0.088942,
        "nauc_ndcg_at_1000_max": -0.065214,
        "nauc_ndcg_at_1000_std": 0.136775,
        "nauc_ndcg_at_1000_diff1": -0.090527,
        "nauc_map_at_1_max": -0.19077,
        "nauc_map_at_1_std": 0.133494,
        "nauc_map_at_1_diff1": -0.321509,
        "nauc_map_at_3_max": -0.107895,
        "nauc_map_at_3_std": 0.034231,
        "nauc_map_at_3_diff1": -0.1592,
        "nauc_map_at_5_max": -0.101703,
        "nauc_map_at_5_std": 0.048427,
        "nauc_map_at_5_diff1": -0.143763,
        "nauc_map_at_10_max": -0.101095,
        "nauc_map_at_10_std": 0.054533,
        "nauc_map_at_10_diff1": -0.129863,
        "nauc_map_at_20_max": -0.093637,
        "nauc_map_at_20_std": 0.054208,
        "nauc_map_at_20_diff1": -0.124087,
        "nauc_map_at_100_max": -0.093266,
        "nauc_map_at_100_std": 0.061943,
        "nauc_map_at_100_diff1": -0.119937,
        "nauc_map_at_1000_max": -0.092171,
        "nauc_map_at_1000_std": 0.064709,
        "nauc_map_at_1000_diff1": -0.119505,
        "nauc_recall_at_1_max": -0.19077,
        "nauc_recall_at_1_std": 0.133494,
        "nauc_recall_at_1_diff1": -0.321509,
        "nauc_recall_at_3_max": -0.0768,
        "nauc_recall_at_3_std": 0.003221,
        "nauc_recall_at_3_diff1": -0.096572,
        "nauc_recall_at_5_max": -0.073653,
        "nauc_recall_at_5_std": 0.044816,
        "nauc_recall_at_5_diff1": -0.089885,
        "nauc_recall_at_10_max": -0.081343,
        "nauc_recall_at_10_std": 0.063406,
        "nauc_recall_at_10_diff1": -0.072251,
        "nauc_recall_at_20_max": -0.061682,
        "nauc_recall_at_20_std": 0.061826,
        "nauc_recall_at_20_diff1": -0.068009,
        "nauc_recall_at_100_max": -0.074151,
        "nauc_recall_at_100_std": 0.119974,
        "nauc_recall_at_100_diff1": -0.070827,
        "nauc_recall_at_1000_max": -0.035325,
        "nauc_recall_at_1000_std": 0.245851,
        "nauc_recall_at_1000_diff1": -0.079207,
        "nauc_precision_at_1_max": -0.19077,
        "nauc_precision_at_1_std": 0.133494,
        "nauc_precision_at_1_diff1": -0.321509,
        "nauc_precision_at_3_max": -0.0768,
        "nauc_precision_at_3_std": 0.003221,
        "nauc_precision_at_3_diff1": -0.096572,
        "nauc_precision_at_5_max": -0.073653,
        "nauc_precision_at_5_std": 0.044816,
        "nauc_precision_at_5_diff1": -0.089885,
        "nauc_precision_at_10_max": -0.081343,
        "nauc_precision_at_10_std": 0.063406,
        "nauc_precision_at_10_diff1": -0.072251,
        "nauc_precision_at_20_max": -0.061682,
        "nauc_precision_at_20_std": 0.061826,
        "nauc_precision_at_20_diff1": -0.068009,
        "nauc_precision_at_100_max": -0.074151,
        "nauc_precision_at_100_std": 0.119974,
        "nauc_precision_at_100_diff1": -0.070827,
        "nauc_precision_at_1000_max": -0.035325,
        "nauc_precision_at_1000_std": 0.245851,
        "nauc_precision_at_1000_diff1": -0.079207,
        "nauc_mrr_at_1_max": -0.19077,
        "nauc_mrr_at_1_std": 0.133494,
        "nauc_mrr_at_1_diff1": -0.321509,
        "nauc_mrr_at_3_max": -0.107895,
        "nauc_mrr_at_3_std": 0.034231,
        "nauc_mrr_at_3_diff1": -0.1592,
        "nauc_mrr_at_5_max": -0.101703,
        "nauc_mrr_at_5_std": 0.048427,
        "nauc_mrr_at_5_diff1": -0.143763,
        "nauc_mrr_at_10_max": -0.101095,
        "nauc_mrr_at_10_std": 0.054533,
        "nauc_mrr_at_10_diff1": -0.129863,
        "nauc_mrr_at_20_max": -0.093637,
        "nauc_mrr_at_20_std": 0.054208,
        "nauc_mrr_at_20_diff1": -0.124087,
        "nauc_mrr_at_100_max": -0.093267,
        "nauc_mrr_at_100_std": 0.061944,
        "nauc_mrr_at_100_diff1": -0.119936,
        "nauc_mrr_at_1000_max": -0.092172,
        "nauc_mrr_at_1000_std": 0.064709,
        "nauc_mrr_at_1000_diff1": -0.119504,
        "hit_rate_at_1": 0.00818,
        "hit_rate_at_3": 0.02986,
        "hit_rate_at_5": 0.04561,
        "hit_rate_at_10": 0.07343,
        "hit_rate_at_20": 0.10963,
        "hit_rate_at_100": 0.24463,
        "hit_rate_at_1000": 0.56433,
        "main_score": 0.03638,
        "hf_subset": "default",
        "languages": [
          "eng-Latn"
        ],
        "mteb_version": "2.12.32"
      }
    ]
  },
  "evaluation_time": 1678.9468357563019,
  "kg_co2_emissions": null,
  "date": null
}