{
  "dataset_revision": "080c9ed6267b65029207906e815d44a9240bafca",
  "task_name": "FEVERHardNegatives",
  "mteb_version": "2.12.32",
  "scores": {
    "test": [
      {
        "ndcg_at_1": 0.656,
        "ndcg_at_3": 0.68781,
        "ndcg_at_5": 0.69252,
        "ndcg_at_10": 0.69817,
        "ndcg_at_20": 0.70105,
        "ndcg_at_100": 0.70321,
        "ndcg_at_1000": 0.70434,
        "map_at_1": 0.61344,
        "map_at_3": 0.66506,
        "map_at_5": 0.6686,
        "map_at_10": 0.67136,
        "map_at_20": 0.67249,
        "map_at_100": 0.67295,
        "map_at_1000": 0.67302,
        "recall_at_1": 0.61344,
        "recall_at_3": 0.71472,
        "recall_at_5": 0.72729,
        "recall_at_10": 0.74309,
        "recall_at_20": 0.75227,
        "recall_at_100": 0.76085,
        "recall_at_1000": 0.76766,
        "accuracy": 0.61344,
        "precision_at_1": 0.656,
        "precision_at_3": 0.25833,
        "precision_at_5": 0.1588,
        "precision_at_10": 0.0822,
        "precision_at_20": 0.0421,
        "precision_at_100": 0.00868,
        "precision_at_1000": 0.00089,
        "mrr_at_1": 0.656,
        "mrr_at_3": 0.704,
        "mrr_at_5": 0.70665,
        "mrr_at_10": 0.708415,
        "mrr_at_20": 0.708855,
        "mrr_at_100": 0.708971,
        "mrr_at_1000": 0.708972,
        "nauc_ndcg_at_1_max": 0.240598,
        "nauc_ndcg_at_1_std": -0.232542,
        "nauc_ndcg_at_1_diff1": 0.735324,
        "nauc_ndcg_at_3_max": 0.248753,
        "nauc_ndcg_at_3_std": -0.246216,
        "nauc_ndcg_at_3_diff1": 0.651356,
        "nauc_ndcg_at_5_max": 0.24635,
        "nauc_ndcg_at_5_std": -0.242922,
        "nauc_ndcg_at_5_diff1": 0.646102,
        "nauc_ndcg_at_10_max": 0.248693,
        "nauc_ndcg_at_10_std": -0.243108,
        "nauc_ndcg_at_10_diff1": 0.646301,
        "nauc_ndcg_at_20_max": 0.246639,
        "nauc_ndcg_at_20_std": -0.246726,
        "nauc_ndcg_at_20_diff1": 0.646642,
        "nauc_ndcg_at_100_max": 0.246132,
        "nauc_ndcg_at_100_std": -0.246956,
        "nauc_ndcg_at_100_diff1": 0.649543,
        "nauc_ndcg_at_1000_max": 0.2439,
        "nauc_ndcg_at_1000_std": -0.248835,
        "nauc_ndcg_at_1000_diff1": 0.651093,
        "nauc_map_at_1_max": 0.235087,
        "nauc_map_at_1_std": -0.196942,
        "nauc_map_at_1_diff1": 0.693938,
        "nauc_map_at_3_max": 0.244262,
        "nauc_map_at_3_std": -0.228465,
        "nauc_map_at_3_diff1": 0.6514,
        "nauc_map_at_5_max": 0.243529,
        "nauc_map_at_5_std": -0.227834,
        "nauc_map_at_5_diff1": 0.650325,
        "nauc_map_at_10_max": 0.24519,
        "nauc_map_at_10_std": -0.228174,
        "nauc_map_at_10_diff1": 0.650905,
        "nauc_map_at_20_max": 0.244677,
        "nauc_map_at_20_std": -0.229545,
        "nauc_map_at_20_diff1": 0.651148,
        "nauc_map_at_100_max": 0.244793,
        "nauc_map_at_100_std": -0.229239,
        "nauc_map_at_100_diff1": 0.651832,
        "nauc_map_at_1000_max": 0.244676,
        "nauc_map_at_1000_std": -0.229337,
        "nauc_map_at_1000_diff1": 0.652011,
        "nauc_recall_at_1_max": 0.235087,
        "nauc_recall_at_1_std": -0.196942,
        "nauc_recall_at_1_diff1": 0.693938,
        "nauc_recall_at_3_max": 0.253763,
        "nauc_recall_at_3_std": -0.264304,
        "nauc_recall_at_3_diff1": 0.592679,
        "nauc_recall_at_5_max": 0.244207,
        "nauc_recall_at_5_std": -0.26049,
        "nauc_recall_at_5_diff1": 0.57996,
        "nauc_recall_at_10_max": 0.246913,
        "nauc_recall_at_10_std": -0.265682,
        "nauc_recall_at_10_diff1": 0.576736,
        "nauc_recall_at_20_max": 0.237752,
        "nauc_recall_at_20_std": -0.281633,
        "nauc_recall_at_20_diff1": 0.577421,
        "nauc_recall_at_100_max": 0.234013,
        "nauc_recall_at_100_std": -0.288134,
        "nauc_recall_at_100_diff1": 0.589329,
        "nauc_recall_at_1000_max": 0.218439,
        "nauc_recall_at_1000_std": -0.302825,
        "nauc_recall_at_1000_diff1": 0.598019,
        "nauc_precision_at_1_max": 0.240598,
        "nauc_precision_at_1_std": -0.232542,
        "nauc_precision_at_1_diff1": 0.735324,
        "nauc_precision_at_3_max": 0.226133,
        "nauc_precision_at_3_std": -0.275689,
        "nauc_precision_at_3_diff1": 0.541039,
        "nauc_precision_at_5_max": 0.209655,
        "nauc_precision_at_5_std": -0.255558,
        "nauc_precision_at_5_diff1": 0.492065,
        "nauc_precision_at_10_max": 0.185784,
        "nauc_precision_at_10_std": -0.213995,
        "nauc_precision_at_10_diff1": 0.427568,
        "nauc_precision_at_20_max": 0.154535,
        "nauc_precision_at_20_std": -0.198874,
        "nauc_precision_at_20_diff1": 0.373014,
        "nauc_precision_at_100_max": 0.119459,
        "nauc_precision_at_100_std": -0.149031,
        "nauc_precision_at_100_diff1": 0.324357,
        "nauc_precision_at_1000_max": 0.071855,
        "nauc_precision_at_1000_std": -0.146079,
        "nauc_precision_at_1000_diff1": 0.289317,
        "nauc_mrr_at_1_max": 0.240598,
        "nauc_mrr_at_1_std": -0.232542,
        "nauc_mrr_at_1_diff1": 0.735324,
        "nauc_mrr_at_3_max": 0.253047,
        "nauc_mrr_at_3_std": -0.26149,
        "nauc_mrr_at_3_diff1": 0.700639,
        "nauc_mrr_at_5_max": 0.250913,
        "nauc_mrr_at_5_std": -0.259118,
        "nauc_mrr_at_5_diff1": 0.69805,
        "nauc_mrr_at_10_max": 0.250673,
        "nauc_mrr_at_10_std": -0.258494,
        "nauc_mrr_at_10_diff1": 0.697065,
        "nauc_mrr_at_20_max": 0.249756,
        "nauc_mrr_at_20_std": -0.258663,
        "nauc_mrr_at_20_diff1": 0.696685,
        "nauc_mrr_at_100_max": 0.249514,
        "nauc_mrr_at_100_std": -0.259042,
        "nauc_mrr_at_100_diff1": 0.696535,
        "nauc_mrr_at_1000_max": 0.249512,
        "nauc_mrr_at_1000_std": -0.25904,
        "nauc_mrr_at_1000_diff1": 0.696533,
        "hit_rate_at_1": 0.656,
        "hit_rate_at_3": 0.758,
        "hit_rate_at_5": 0.77,
        "hit_rate_at_10": 0.783,
        "hit_rate_at_20": 0.789,
        "hit_rate_at_100": 0.793,
        "hit_rate_at_1000": 0.794,
        "main_score": 0.69817,
        "hf_subset": "default",
        "languages": [
          "eng-Latn"
        ],
        "mteb_version": "2.12.32"
      }
    ]
  },
  "evaluation_time": 5085.538157939911,
  "kg_co2_emissions": null,
  "date": null
}