{
  "dataset_revision": "27a168819829fe9bcd655c2df245fb19452e8e06",
  "task_name": "FiQA2018",
  "mteb_version": "2.12.32",
  "scores": {
    "test": [
      {
        "ndcg_at_1": 0.4892,
        "ndcg_at_3": 0.44478,
        "ndcg_at_5": 0.45621,
        "ndcg_at_10": 0.47472,
        "ndcg_at_20": 0.49964,
        "ndcg_at_100": 0.53258,
        "ndcg_at_1000": 0.55589,
        "map_at_1": 0.25184,
        "map_at_3": 0.35008,
        "map_at_5": 0.37699,
        "map_at_10": 0.39425,
        "map_at_20": 0.40461,
        "map_at_100": 0.41173,
        "map_at_1000": 0.41314,
        "recall_at_1": 0.25184,
        "recall_at_3": 0.40096,
        "recall_at_5": 0.46381,
        "recall_at_10": 0.52718,
        "recall_at_20": 0.60319,
        "recall_at_100": 0.73258,
        "recall_at_1000": 0.87205,
        "accuracy": 0.25184,
        "precision_at_1": 0.4892,
        "precision_at_3": 0.29115,
        "precision_at_5": 0.21204,
        "precision_at_10": 0.12577,
        "precision_at_20": 0.07369,
        "precision_at_100": 0.0188,
        "precision_at_1000": 0.00229,
        "mrr_at_1": 0.489198,
        "mrr_at_3": 0.557356,
        "mrr_at_5": 0.569007,
        "mrr_at_10": 0.574594,
        "mrr_at_20": 0.578453,
        "mrr_at_100": 0.580792,
        "mrr_at_1000": 0.581125,
        "nauc_ndcg_at_1_max": 0.065164,
        "nauc_ndcg_at_1_std": -0.041813,
        "nauc_ndcg_at_1_diff1": 0.559939,
        "nauc_ndcg_at_3_max": 0.01588,
        "nauc_ndcg_at_3_std": -0.030874,
        "nauc_ndcg_at_3_diff1": 0.45373,
        "nauc_ndcg_at_5_max": -0.003839,
        "nauc_ndcg_at_5_std": -0.025764,
        "nauc_ndcg_at_5_diff1": 0.462468,
        "nauc_ndcg_at_10_max": -0.010038,
        "nauc_ndcg_at_10_std": -0.001516,
        "nauc_ndcg_at_10_diff1": 0.468019,
        "nauc_ndcg_at_20_max": -0.002325,
        "nauc_ndcg_at_20_std": 0.009684,
        "nauc_ndcg_at_20_diff1": 0.465205,
        "nauc_ndcg_at_100_max": 0.000135,
        "nauc_ndcg_at_100_std": 0.028182,
        "nauc_ndcg_at_100_diff1": 0.460558,
        "nauc_ndcg_at_1000_max": 0.002571,
        "nauc_ndcg_at_1000_std": 0.023095,
        "nauc_ndcg_at_1000_diff1": 0.467848,
        "nauc_map_at_1_max": -0.010597,
        "nauc_map_at_1_std": -0.086633,
        "nauc_map_at_1_diff1": 0.48518,
        "nauc_map_at_3_max": -0.024428,
        "nauc_map_at_3_std": -0.051835,
        "nauc_map_at_3_diff1": 0.45637,
        "nauc_map_at_5_max": -0.019464,
        "nauc_map_at_5_std": -0.040551,
        "nauc_map_at_5_diff1": 0.458746,
        "nauc_map_at_10_max": -0.013195,
        "nauc_map_at_10_std": -0.028866,
        "nauc_map_at_10_diff1": 0.459238,
        "nauc_map_at_20_max": -0.00698,
        "nauc_map_at_20_std": -0.02425,
        "nauc_map_at_20_diff1": 0.457782,
        "nauc_map_at_100_max": -0.005743,
        "nauc_map_at_100_std": -0.020389,
        "nauc_map_at_100_diff1": 0.456847,
        "nauc_map_at_1000_max": -0.005361,
        "nauc_map_at_1000_std": -0.020298,
        "nauc_map_at_1000_diff1": 0.457106,
        "nauc_recall_at_1_max": -0.010597,
        "nauc_recall_at_1_std": -0.086633,
        "nauc_recall_at_1_diff1": 0.48518,
        "nauc_recall_at_3_max": -0.064299,
        "nauc_recall_at_3_std": -0.036765,
        "nauc_recall_at_3_diff1": 0.392162,
        "nauc_recall_at_5_max": -0.063918,
        "nauc_recall_at_5_std": -0.00873,
        "nauc_recall_at_5_diff1": 0.387415,
        "nauc_recall_at_10_max": -0.047659,
        "nauc_recall_at_10_std": 0.040764,
        "nauc_recall_at_10_diff1": 0.384162,
        "nauc_recall_at_20_max": -0.029491,
        "nauc_recall_at_20_std": 0.076145,
        "nauc_recall_at_20_diff1": 0.359414,
        "nauc_recall_at_100_max": -0.03885,
        "nauc_recall_at_100_std": 0.196161,
        "nauc_recall_at_100_diff1": 0.309324,
        "nauc_recall_at_1000_max": -0.085509,
        "nauc_recall_at_1000_std": 0.23344,
        "nauc_recall_at_1000_diff1": 0.333881,
        "nauc_precision_at_1_max": 0.065164,
        "nauc_precision_at_1_std": -0.041813,
        "nauc_precision_at_1_diff1": 0.559939,
        "nauc_precision_at_3_max": 0.044314,
        "nauc_precision_at_3_std": 0.031084,
        "nauc_precision_at_3_diff1": 0.294002,
        "nauc_precision_at_5_max": 0.073822,
        "nauc_precision_at_5_std": 0.053823,
        "nauc_precision_at_5_diff1": 0.232638,
        "nauc_precision_at_10_max": 0.097867,
        "nauc_precision_at_10_std": 0.09707,
        "nauc_precision_at_10_diff1": 0.184966,
        "nauc_precision_at_20_max": 0.131516,
        "nauc_precision_at_20_std": 0.125161,
        "nauc_precision_at_20_diff1": 0.125113,
        "nauc_precision_at_100_max": 0.14294,
        "nauc_precision_at_100_std": 0.15302,
        "nauc_precision_at_100_diff1": 0.015913,
        "nauc_precision_at_1000_max": 0.155587,
        "nauc_precision_at_1000_std": 0.127312,
        "nauc_precision_at_1000_diff1": -0.038902,
        "nauc_mrr_at_1_max": 0.065164,
        "nauc_mrr_at_1_std": -0.041813,
        "nauc_mrr_at_1_diff1": 0.559939,
        "nauc_mrr_at_3_max": 0.023135,
        "nauc_mrr_at_3_std": -0.023883,
        "nauc_mrr_at_3_diff1": 0.530415,
        "nauc_mrr_at_5_max": 0.029874,
        "nauc_mrr_at_5_std": -0.012866,
        "nauc_mrr_at_5_diff1": 0.529952,
        "nauc_mrr_at_10_max": 0.032082,
        "nauc_mrr_at_10_std": -0.007005,
        "nauc_mrr_at_10_diff1": 0.529338,
        "nauc_mrr_at_20_max": 0.032068,
        "nauc_mrr_at_20_std": -0.007547,
        "nauc_mrr_at_20_diff1": 0.530106,
        "nauc_mrr_at_100_max": 0.032019,
        "nauc_mrr_at_100_std": -0.006772,
        "nauc_mrr_at_100_diff1": 0.530208,
        "nauc_mrr_at_1000_max": 0.032024,
        "nauc_mrr_at_1000_std": -0.007064,
        "nauc_mrr_at_1000_diff1": 0.530282,
        "hit_rate_at_1": 0.4892,
        "hit_rate_at_3": 0.64198,
        "hit_rate_at_5": 0.6929,
        "hit_rate_at_10": 0.73457,
        "hit_rate_at_20": 0.79012,
        "hit_rate_at_100": 0.875,
        "hit_rate_at_1000": 0.94444,
        "main_score": 0.47472,
        "hf_subset": "default",
        "languages": [
          "eng-Latn"
        ],
        "mteb_version": "2.12.32"
      }
    ]
  },
  "evaluation_time": 2500.376004934311,
  "kg_co2_emissions": null,
  "date": null
}