{
  "dataset_revision": "38876698eba40ac88433e0ca0d9dff6f35e4d0ff",
  "task_name": "GigaSpeechT2ARetrieval",
  "mteb_version": "2.12.32",
  "scores": {
    "test": [
      {
        "ndcg_at_1": 0.73881,
        "ndcg_at_3": 0.76632,
        "ndcg_at_5": 0.77102,
        "ndcg_at_10": 0.77501,
        "ndcg_at_20": 0.77771,
        "ndcg_at_100": 0.78349,
        "ndcg_at_1000": 0.79431,
        "map_at_1": 0.73881,
        "map_at_3": 0.75968,
        "map_at_5": 0.76229,
        "map_at_10": 0.76395,
        "map_at_20": 0.76469,
        "map_at_100": 0.7654,
        "map_at_1000": 0.76574,
        "recall_at_1": 0.73881,
        "recall_at_3": 0.78548,
        "recall_at_5": 0.79689,
        "recall_at_10": 0.80919,
        "recall_at_20": 0.81985,
        "recall_at_100": 0.8523,
        "recall_at_1000": 0.94074,
        "accuracy": 0.73881,
        "precision_at_1": 0.73881,
        "precision_at_3": 0.26183,
        "precision_at_5": 0.15938,
        "precision_at_10": 0.08092,
        "precision_at_20": 0.04099,
        "precision_at_100": 0.00852,
        "precision_at_1000": 0.00094,
        "mrr_at_1": 0.738815,
        "mrr_at_3": 0.759679,
        "mrr_at_5": 0.762294,
        "mrr_at_10": 0.763949,
        "mrr_at_20": 0.764685,
        "mrr_at_100": 0.765399,
        "mrr_at_1000": 0.765742,
        "nauc_ndcg_at_1_max": 0.521108,
        "nauc_ndcg_at_1_std": 0.173131,
        "nauc_ndcg_at_1_diff1": 0.962573,
        "nauc_ndcg_at_3_max": 0.515923,
        "nauc_ndcg_at_3_std": 0.146387,
        "nauc_ndcg_at_3_diff1": 0.951814,
        "nauc_ndcg_at_5_max": 0.512654,
        "nauc_ndcg_at_5_std": 0.140921,
        "nauc_ndcg_at_5_diff1": 0.949208,
        "nauc_ndcg_at_10_max": 0.510044,
        "nauc_ndcg_at_10_std": 0.135211,
        "nauc_ndcg_at_10_diff1": 0.948555,
        "nauc_ndcg_at_20_max": 0.508729,
        "nauc_ndcg_at_20_std": 0.132677,
        "nauc_ndcg_at_20_diff1": 0.94798,
        "nauc_ndcg_at_100_max": 0.510682,
        "nauc_ndcg_at_100_std": 0.138819,
        "nauc_ndcg_at_100_diff1": 0.946409,
        "nauc_ndcg_at_1000_max": 0.522197,
        "nauc_ndcg_at_1000_std": 0.168245,
        "nauc_ndcg_at_1000_diff1": 0.944029,
        "nauc_map_at_1_max": 0.521108,
        "nauc_map_at_1_std": 0.173131,
        "nauc_map_at_1_diff1": 0.962573,
        "nauc_map_at_3_max": 0.517889,
        "nauc_map_at_3_std": 0.153345,
        "nauc_map_at_3_diff1": 0.95461,
        "nauc_map_at_5_max": 0.516144,
        "nauc_map_at_5_std": 0.150428,
        "nauc_map_at_5_diff1": 0.953246,
        "nauc_map_at_10_max": 0.515171,
        "nauc_map_at_10_std": 0.148229,
        "nauc_map_at_10_diff1": 0.952981,
        "nauc_map_at_20_max": 0.514879,
        "nauc_map_at_20_std": 0.1476,
        "nauc_map_at_20_diff1": 0.952856,
        "nauc_map_at_100_max": 0.515085,
        "nauc_map_at_100_std": 0.14819,
        "nauc_map_at_100_diff1": 0.952708,
        "nauc_map_at_1000_max": 0.51543,
        "nauc_map_at_1000_std": 0.149163,
        "nauc_map_at_1000_diff1": 0.952611,
        "nauc_recall_at_1_max": 0.521108,
        "nauc_recall_at_1_std": 0.173131,
        "nauc_recall_at_1_diff1": 0.962573,
        "nauc_recall_at_3_max": 0.50943,
        "nauc_recall_at_3_std": 0.124385,
        "nauc_recall_at_3_diff1": 0.942976,
        "nauc_recall_at_5_max": 0.500435,
        "nauc_recall_at_5_std": 0.109006,
        "nauc_recall_at_5_diff1": 0.935566,
        "nauc_recall_at_10_max": 0.490268,
        "nauc_recall_at_10_std": 0.086973,
        "nauc_recall_at_10_diff1": 0.932664,
        "nauc_recall_at_20_max": 0.482656,
        "nauc_recall_at_20_std": 0.072429,
        "nauc_recall_at_20_diff1": 0.928974,
        "nauc_recall_at_100_max": 0.493656,
        "nauc_recall_at_100_std": 0.112197,
        "nauc_recall_at_100_diff1": 0.912492,
        "nauc_recall_at_1000_max": 0.761129,
        "nauc_recall_at_1000_std": 0.799155,
        "nauc_recall_at_1000_diff1": 0.813101,
        "nauc_precision_at_1_max": 0.521108,
        "nauc_precision_at_1_std": 0.173131,
        "nauc_precision_at_1_diff1": 0.962573,
        "nauc_precision_at_3_max": 0.50943,
        "nauc_precision_at_3_std": 0.124385,
        "nauc_precision_at_3_diff1": 0.942976,
        "nauc_precision_at_5_max": 0.500435,
        "nauc_precision_at_5_std": 0.109006,
        "nauc_precision_at_5_diff1": 0.935566,
        "nauc_precision_at_10_max": 0.490268,
        "nauc_precision_at_10_std": 0.086973,
        "nauc_precision_at_10_diff1": 0.932664,
        "nauc_precision_at_20_max": 0.482656,
        "nauc_precision_at_20_std": 0.072429,
        "nauc_precision_at_20_diff1": 0.928974,
        "nauc_precision_at_100_max": 0.493656,
        "nauc_precision_at_100_std": 0.112197,
        "nauc_precision_at_100_diff1": 0.912492,
        "nauc_precision_at_1000_max": 0.761129,
        "nauc_precision_at_1000_std": 0.799155,
        "nauc_precision_at_1000_diff1": 0.813101,
        "nauc_mrr_at_1_max": 0.521108,
        "nauc_mrr_at_1_std": 0.173131,
        "nauc_mrr_at_1_diff1": 0.962573,
        "nauc_mrr_at_3_max": 0.517889,
        "nauc_mrr_at_3_std": 0.153345,
        "nauc_mrr_at_3_diff1": 0.95461,
        "nauc_mrr_at_5_max": 0.516144,
        "nauc_mrr_at_5_std": 0.150428,
        "nauc_mrr_at_5_diff1": 0.953246,
        "nauc_mrr_at_10_max": 0.515171,
        "nauc_mrr_at_10_std": 0.148229,
        "nauc_mrr_at_10_diff1": 0.952981,
        "nauc_mrr_at_20_max": 0.514879,
        "nauc_mrr_at_20_std": 0.1476,
        "nauc_mrr_at_20_diff1": 0.952856,
        "nauc_mrr_at_100_max": 0.515085,
        "nauc_mrr_at_100_std": 0.14819,
        "nauc_mrr_at_100_diff1": 0.952708,
        "nauc_mrr_at_1000_max": 0.51543,
        "nauc_mrr_at_1000_std": 0.149163,
        "nauc_mrr_at_1000_diff1": 0.952611,
        "hit_rate_at_1": 0.73881,
        "hit_rate_at_3": 0.78548,
        "hit_rate_at_5": 0.79689,
        "hit_rate_at_10": 0.80919,
        "hit_rate_at_20": 0.81985,
        "hit_rate_at_100": 0.8523,
        "hit_rate_at_1000": 0.94074,
        "main_score": 0.79689,
        "hf_subset": "default",
        "languages": [
          "eng-Latn"
        ],
        "mteb_version": "2.12.32"
      }
    ]
  },
  "evaluation_time": 1961.824363708496,
  "kg_co2_emissions": null,
  "date": null
}