{
  "dataset_revision": "e6cf8c1771177dbf88550dbdd8c867d676d15119",
  "task_name": "GTZANAudioReranking",
  "mteb_version": "2.12.32",
  "scores": {
    "test": [
      {
        "ndcg_at_1": 0.88,
        "ndcg_at_3": 0.78173,
        "ndcg_at_5": 0.86312,
        "ndcg_at_10": 0.90806,
        "ndcg_at_20": 0.91322,
        "ndcg_at_100": 0.91322,
        "ndcg_at_1000": 0.91322,
        "map_at_1": 0.29333,
        "map_at_3": 0.71667,
        "map_at_5": 0.803,
        "map_at_10": 0.84126,
        "map_at_20": 0.84475,
        "map_at_100": 0.84475,
        "map_at_1000": 0.84475,
        "recall_at_1": 0.29333,
        "recall_at_3": 0.75,
        "recall_at_5": 0.89,
        "recall_at_10": 0.98667,
        "recall_at_20": 1.0,
        "recall_at_100": 1.0,
        "recall_at_1000": 1.0,
        "accuracy": 0.29333,
        "precision_at_1": 0.88,
        "precision_at_3": 0.75,
        "precision_at_5": 0.534,
        "precision_at_10": 0.296,
        "precision_at_20": 0.15,
        "precision_at_100": 0.03,
        "precision_at_1000": 0.003,
        "mrr_at_1": 0.88,
        "mrr_at_3": 0.916667,
        "mrr_at_5": 0.923167,
        "mrr_at_10": 0.923167,
        "mrr_at_20": 0.923167,
        "mrr_at_100": 0.923167,
        "mrr_at_1000": 0.923167,
        "nauc_ndcg_at_1_max": 0.478126,
        "nauc_ndcg_at_1_std": 0.606984,
        "nauc_ndcg_at_1_diff1": 0.070593,
        "nauc_ndcg_at_3_max": 0.406997,
        "nauc_ndcg_at_3_std": 0.53462,
        "nauc_ndcg_at_3_diff1": -0.037894,
        "nauc_ndcg_at_5_max": 0.446735,
        "nauc_ndcg_at_5_std": 0.547263,
        "nauc_ndcg_at_5_diff1": -0.064302,
        "nauc_ndcg_at_10_max": 0.456944,
        "nauc_ndcg_at_10_std": 0.548554,
        "nauc_ndcg_at_10_diff1": -0.023871,
        "nauc_ndcg_at_20_max": 0.463944,
        "nauc_ndcg_at_20_std": 0.548971,
        "nauc_ndcg_at_20_diff1": -0.022489,
        "nauc_ndcg_at_100_max": 0.463944,
        "nauc_ndcg_at_100_std": 0.548971,
        "nauc_ndcg_at_100_diff1": -0.022489,
        "nauc_ndcg_at_1000_max": 0.463944,
        "nauc_ndcg_at_1000_std": 0.548971,
        "nauc_ndcg_at_1000_diff1": -0.022489,
        "nauc_map_at_1_max": 0.478126,
        "nauc_map_at_1_std": 0.606984,
        "nauc_map_at_1_diff1": 0.070593,
        "nauc_map_at_3_max": 0.407251,
        "nauc_map_at_3_std": 0.515993,
        "nauc_map_at_3_diff1": -0.03317,
        "nauc_map_at_5_max": 0.444441,
        "nauc_map_at_5_std": 0.526688,
        "nauc_map_at_5_diff1": -0.067437,
        "nauc_map_at_10_max": 0.451689,
        "nauc_map_at_10_std": 0.529461,
        "nauc_map_at_10_diff1": -0.046224,
        "nauc_map_at_20_max": 0.453785,
        "nauc_map_at_20_std": 0.528961,
        "nauc_map_at_20_diff1": -0.046465,
        "nauc_map_at_100_max": 0.453785,
        "nauc_map_at_100_std": 0.528961,
        "nauc_map_at_100_diff1": -0.046465,
        "nauc_map_at_1000_max": 0.453785,
        "nauc_map_at_1000_std": 0.528961,
        "nauc_map_at_1000_diff1": -0.046465,
        "nauc_recall_at_1_max": 0.478126,
        "nauc_recall_at_1_std": 0.606984,
        "nauc_recall_at_1_diff1": 0.070593,
        "nauc_recall_at_3_max": 0.370387,
        "nauc_recall_at_3_std": 0.524687,
        "nauc_recall_at_3_diff1": -0.068841,
        "nauc_recall_at_5_max": 0.406346,
        "nauc_recall_at_5_std": 0.526566,
        "nauc_recall_at_5_diff1": -0.128885,
        "nauc_recall_at_10_max": 0.304505,
        "nauc_recall_at_10_std": 0.488329,
        "nauc_recall_at_10_diff1": -0.045985,
        "nauc_recall_at_20_max": NaN,
        "nauc_recall_at_20_std": NaN,
        "nauc_recall_at_20_diff1": NaN,
        "nauc_recall_at_100_max": NaN,
        "nauc_recall_at_100_std": NaN,
        "nauc_recall_at_100_diff1": NaN,
        "nauc_recall_at_1000_max": NaN,
        "nauc_recall_at_1000_std": NaN,
        "nauc_recall_at_1000_diff1": NaN,
        "nauc_precision_at_1_max": 0.478126,
        "nauc_precision_at_1_std": 0.606984,
        "nauc_precision_at_1_diff1": 0.070593,
        "nauc_precision_at_3_max": 0.370387,
        "nauc_precision_at_3_std": 0.524687,
        "nauc_precision_at_3_diff1": -0.068841,
        "nauc_precision_at_5_max": 0.406346,
        "nauc_precision_at_5_std": 0.526566,
        "nauc_precision_at_5_diff1": -0.128885,
        "nauc_precision_at_10_max": 0.304505,
        "nauc_precision_at_10_std": 0.488329,
        "nauc_precision_at_10_diff1": -0.045985,
        "nauc_precision_at_20_max": NaN,
        "nauc_precision_at_20_std": NaN,
        "nauc_precision_at_20_diff1": NaN,
        "nauc_precision_at_100_max": NaN,
        "nauc_precision_at_100_std": NaN,
        "nauc_precision_at_100_diff1": NaN,
        "nauc_precision_at_1000_max": NaN,
        "nauc_precision_at_1000_std": NaN,
        "nauc_precision_at_1000_diff1": NaN,
        "nauc_mrr_at_1_max": 0.478126,
        "nauc_mrr_at_1_std": 0.606984,
        "nauc_mrr_at_1_diff1": 0.070593,
        "nauc_mrr_at_3_max": 0.444916,
        "nauc_mrr_at_3_std": 0.607589,
        "nauc_mrr_at_3_diff1": 0.038152,
        "nauc_mrr_at_5_max": 0.454679,
        "nauc_mrr_at_5_std": 0.58995,
        "nauc_mrr_at_5_diff1": 0.049042,
        "nauc_mrr_at_10_max": 0.454679,
        "nauc_mrr_at_10_std": 0.58995,
        "nauc_mrr_at_10_diff1": 0.049042,
        "nauc_mrr_at_20_max": 0.454679,
        "nauc_mrr_at_20_std": 0.58995,
        "nauc_mrr_at_20_diff1": 0.049042,
        "nauc_mrr_at_100_max": 0.454679,
        "nauc_mrr_at_100_std": 0.58995,
        "nauc_mrr_at_100_diff1": 0.049042,
        "nauc_mrr_at_1000_max": 0.454679,
        "nauc_mrr_at_1000_std": 0.58995,
        "nauc_mrr_at_1000_diff1": 0.049042,
        "hit_rate_at_1": 0.88,
        "hit_rate_at_3": 0.97,
        "hit_rate_at_5": 1.0,
        "hit_rate_at_10": 1.0,
        "hit_rate_at_20": 1.0,
        "hit_rate_at_100": 1.0,
        "hit_rate_at_1000": 1.0,
        "main_score": 0.84475,
        "hf_subset": "default",
        "languages": [
          "zxx-Zxxx"
        ],
        "mteb_version": "2.12.32"
      }
    ]
  },
  "evaluation_time": 440.1596186161041,
  "kg_co2_emissions": null,
  "date": null
}