{
  "dataset_revision": "852290806bbf9d660f5c04c246f81ce38bfc1d48",
  "task_name": "HatefulMemesI2TRetrieval",
  "mteb_version": "2.12.32",
  "scores": {
    "test": [
      {
        "ndcg_at_1": 0.324,
        "ndcg_at_3": 0.37372,
        "ndcg_at_5": 0.39434,
        "ndcg_at_10": 0.41552,
        "ndcg_at_20": 0.43263,
        "ndcg_at_100": 0.45972,
        "ndcg_at_1000": 0.46904,
        "map_at_1": 0.324,
        "map_at_3": 0.36183,
        "map_at_5": 0.37328,
        "map_at_10": 0.38192,
        "map_at_20": 0.38658,
        "map_at_100": 0.39032,
        "map_at_1000": 0.39067,
        "recall_at_1": 0.324,
        "recall_at_3": 0.408,
        "recall_at_5": 0.458,
        "recall_at_10": 0.524,
        "recall_at_20": 0.592,
        "recall_at_100": 0.738,
        "recall_at_1000": 0.811,
        "accuracy": 0.324,
        "precision_at_1": 0.324,
        "precision_at_3": 0.136,
        "precision_at_5": 0.0916,
        "precision_at_10": 0.0524,
        "precision_at_20": 0.0296,
        "precision_at_100": 0.00738,
        "precision_at_1000": 0.00081,
        "mrr_at_1": 0.324,
        "mrr_at_3": 0.361833,
        "mrr_at_5": 0.373283,
        "mrr_at_10": 0.381923,
        "mrr_at_20": 0.386576,
        "mrr_at_100": 0.390324,
        "mrr_at_1000": 0.390675,
        "nauc_ndcg_at_1_max": 0.30694,
        "nauc_ndcg_at_1_std": -0.044167,
        "nauc_ndcg_at_1_diff1": 0.54866,
        "nauc_ndcg_at_3_max": 0.307481,
        "nauc_ndcg_at_3_std": -0.025126,
        "nauc_ndcg_at_3_diff1": 0.498776,
        "nauc_ndcg_at_5_max": 0.29508,
        "nauc_ndcg_at_5_std": -0.022004,
        "nauc_ndcg_at_5_diff1": 0.4792,
        "nauc_ndcg_at_10_max": 0.285108,
        "nauc_ndcg_at_10_std": -0.018284,
        "nauc_ndcg_at_10_diff1": 0.460584,
        "nauc_ndcg_at_20_max": 0.282127,
        "nauc_ndcg_at_20_std": -0.014642,
        "nauc_ndcg_at_20_diff1": 0.45229,
        "nauc_ndcg_at_100_max": 0.278087,
        "nauc_ndcg_at_100_std": -0.010931,
        "nauc_ndcg_at_100_diff1": 0.442874,
        "nauc_ndcg_at_1000_max": 0.273167,
        "nauc_ndcg_at_1000_std": -0.011009,
        "nauc_ndcg_at_1000_diff1": 0.441178,
        "nauc_map_at_1_max": 0.30694,
        "nauc_map_at_1_std": -0.044167,
        "nauc_map_at_1_diff1": 0.54866,
        "nauc_map_at_3_max": 0.308515,
        "nauc_map_at_3_std": -0.029603,
        "nauc_map_at_3_diff1": 0.510356,
        "nauc_map_at_5_max": 0.301662,
        "nauc_map_at_5_std": -0.027922,
        "nauc_map_at_5_diff1": 0.499617,
        "nauc_map_at_10_max": 0.297768,
        "nauc_map_at_10_std": -0.026487,
        "nauc_map_at_10_diff1": 0.491872,
        "nauc_map_at_20_max": 0.297006,
        "nauc_map_at_20_std": -0.025632,
        "nauc_map_at_20_diff1": 0.489921,
        "nauc_map_at_100_max": 0.29647,
        "nauc_map_at_100_std": -0.025143,
        "nauc_map_at_100_diff1": 0.488876,
        "nauc_map_at_1000_max": 0.296339,
        "nauc_map_at_1000_std": -0.025107,
        "nauc_map_at_1000_diff1": 0.488811,
        "nauc_recall_at_1_max": 0.30694,
        "nauc_recall_at_1_std": -0.044167,
        "nauc_recall_at_1_diff1": 0.54866,
        "nauc_recall_at_3_max": 0.304078,
        "nauc_recall_at_3_std": -0.012449,
        "nauc_recall_at_3_diff1": 0.466049,
        "nauc_recall_at_5_max": 0.273863,
        "nauc_recall_at_5_std": -0.004524,
        "nauc_recall_at_5_diff1": 0.417715,
        "nauc_recall_at_10_max": 0.240553,
        "nauc_recall_at_10_std": 0.008327,
        "nauc_recall_at_10_diff1": 0.357476,
        "nauc_recall_at_20_max": 0.224598,
        "nauc_recall_at_20_std": 0.026741,
        "nauc_recall_at_20_diff1": 0.313031,
        "nauc_recall_at_100_max": 0.174476,
        "nauc_recall_at_100_std": 0.068396,
        "nauc_recall_at_100_diff1": 0.18992,
        "nauc_recall_at_1000_max": 0.069944,
        "nauc_recall_at_1000_std": 0.086745,
        "nauc_recall_at_1000_diff1": 0.092512,
        "nauc_precision_at_1_max": 0.30694,
        "nauc_precision_at_1_std": -0.044167,
        "nauc_precision_at_1_diff1": 0.54866,
        "nauc_precision_at_3_max": 0.304078,
        "nauc_precision_at_3_std": -0.012449,
        "nauc_precision_at_3_diff1": 0.466049,
        "nauc_precision_at_5_max": 0.273863,
        "nauc_precision_at_5_std": -0.004524,
        "nauc_precision_at_5_diff1": 0.417715,
        "nauc_precision_at_10_max": 0.240553,
        "nauc_precision_at_10_std": 0.008327,
        "nauc_precision_at_10_diff1": 0.357476,
        "nauc_precision_at_20_max": 0.224598,
        "nauc_precision_at_20_std": 0.026741,
        "nauc_precision_at_20_diff1": 0.313031,
        "nauc_precision_at_100_max": 0.174476,
        "nauc_precision_at_100_std": 0.068396,
        "nauc_precision_at_100_diff1": 0.18992,
        "nauc_precision_at_1000_max": 0.069944,
        "nauc_precision_at_1000_std": 0.086745,
        "nauc_precision_at_1000_diff1": 0.092512,
        "nauc_mrr_at_1_max": 0.30694,
        "nauc_mrr_at_1_std": -0.044167,
        "nauc_mrr_at_1_diff1": 0.54866,
        "nauc_mrr_at_3_max": 0.308515,
        "nauc_mrr_at_3_std": -0.029603,
        "nauc_mrr_at_3_diff1": 0.510356,
        "nauc_mrr_at_5_max": 0.301662,
        "nauc_mrr_at_5_std": -0.027922,
        "nauc_mrr_at_5_diff1": 0.499617,
        "nauc_mrr_at_10_max": 0.297768,
        "nauc_mrr_at_10_std": -0.026487,
        "nauc_mrr_at_10_diff1": 0.491872,
        "nauc_mrr_at_20_max": 0.297006,
        "nauc_mrr_at_20_std": -0.025632,
        "nauc_mrr_at_20_diff1": 0.489921,
        "nauc_mrr_at_100_max": 0.29647,
        "nauc_mrr_at_100_std": -0.025143,
        "nauc_mrr_at_100_diff1": 0.488876,
        "nauc_mrr_at_1000_max": 0.296339,
        "nauc_mrr_at_1000_std": -0.025107,
        "nauc_mrr_at_1000_diff1": 0.488811,
        "hit_rate_at_1": 0.324,
        "hit_rate_at_3": 0.408,
        "hit_rate_at_5": 0.458,
        "hit_rate_at_10": 0.524,
        "hit_rate_at_20": 0.592,
        "hit_rate_at_100": 0.738,
        "hit_rate_at_1000": 0.811,
        "main_score": 0.41552,
        "hf_subset": "default",
        "languages": [
          "eng-Latn"
        ],
        "mteb_version": "2.12.32"
      }
    ]
  },
  "evaluation_time": 308.0751588344574,
  "kg_co2_emissions": null,
  "date": null
}