{
  "dataset_revision": "617612fa63afcb60e3b134bed8b7216a99707c37",
  "task_name": "HotpotQAHardNegatives",
  "mteb_version": "2.12.32",
  "scores": {
    "test": [
      {
        "ndcg_at_1": 0.804,
        "ndcg_at_3": 0.68918,
        "ndcg_at_5": 0.72182,
        "ndcg_at_10": 0.74748,
        "ndcg_at_20": 0.76295,
        "ndcg_at_100": 0.78169,
        "ndcg_at_1000": 0.79063,
        "map_at_1": 0.402,
        "map_at_3": 0.623,
        "map_at_5": 0.649,
        "map_at_10": 0.665,
        "map_at_20": 0.67143,
        "map_at_100": 0.67553,
        "map_at_1000": 0.67612,
        "recall_at_1": 0.402,
        "recall_at_3": 0.6695,
        "recall_at_5": 0.734,
        "recall_at_10": 0.7985,
        "recall_at_20": 0.848,
        "recall_at_100": 0.9295,
        "recall_at_1000": 0.9855,
        "accuracy": 0.402,
        "precision_at_1": 0.804,
        "precision_at_3": 0.44633,
        "precision_at_5": 0.2936,
        "precision_at_10": 0.1597,
        "precision_at_20": 0.0848,
        "precision_at_100": 0.01859,
        "precision_at_1000": 0.00197,
        "mrr_at_1": 0.804,
        "mrr_at_3": 0.852333,
        "mrr_at_5": 0.859533,
        "mrr_at_10": 0.862235,
        "mrr_at_20": 0.863432,
        "mrr_at_100": 0.863913,
        "mrr_at_1000": 0.86395,
        "nauc_ndcg_at_1_max": 0.137996,
        "nauc_ndcg_at_1_std": -0.086003,
        "nauc_ndcg_at_1_diff1": 0.649593,
        "nauc_ndcg_at_3_max": 0.058498,
        "nauc_ndcg_at_3_std": -0.010226,
        "nauc_ndcg_at_3_diff1": 0.269583,
        "nauc_ndcg_at_5_max": 0.063587,
        "nauc_ndcg_at_5_std": -0.009399,
        "nauc_ndcg_at_5_diff1": 0.267896,
        "nauc_ndcg_at_10_max": 0.078414,
        "nauc_ndcg_at_10_std": 0.013369,
        "nauc_ndcg_at_10_diff1": 0.292568,
        "nauc_ndcg_at_20_max": 0.094408,
        "nauc_ndcg_at_20_std": 0.024364,
        "nauc_ndcg_at_20_diff1": 0.299326,
        "nauc_ndcg_at_100_max": 0.097332,
        "nauc_ndcg_at_100_std": 0.033689,
        "nauc_ndcg_at_100_diff1": 0.306489,
        "nauc_ndcg_at_1000_max": 0.092475,
        "nauc_ndcg_at_1000_std": 0.021738,
        "nauc_ndcg_at_1000_diff1": 0.30704,
        "nauc_map_at_1_max": 0.137996,
        "nauc_map_at_1_std": -0.086003,
        "nauc_map_at_1_diff1": 0.649593,
        "nauc_map_at_3_max": 0.041185,
        "nauc_map_at_3_std": -0.002743,
        "nauc_map_at_3_diff1": 0.218373,
        "nauc_map_at_5_max": 0.044081,
        "nauc_map_at_5_std": 3.9e-05,
        "nauc_map_at_5_diff1": 0.220252,
        "nauc_map_at_10_max": 0.051648,
        "nauc_map_at_10_std": 0.00969,
        "nauc_map_at_10_diff1": 0.23565,
        "nauc_map_at_20_max": 0.057802,
        "nauc_map_at_20_std": 0.013329,
        "nauc_map_at_20_diff1": 0.237629,
        "nauc_map_at_100_max": 0.057695,
        "nauc_map_at_100_std": 0.015296,
        "nauc_map_at_100_diff1": 0.23813,
        "nauc_map_at_1000_max": 0.057505,
        "nauc_map_at_1000_std": 0.01488,
        "nauc_map_at_1000_diff1": 0.238002,
        "nauc_recall_at_1_max": 0.137996,
        "nauc_recall_at_1_std": -0.086003,
        "nauc_recall_at_1_diff1": 0.649593,
        "nauc_recall_at_3_max": 0.038936,
        "nauc_recall_at_3_std": 0.007743,
        "nauc_recall_at_3_diff1": 0.177148,
        "nauc_recall_at_5_max": 0.04651,
        "nauc_recall_at_5_std": 0.011693,
        "nauc_recall_at_5_diff1": 0.156806,
        "nauc_recall_at_10_max": 0.084518,
        "nauc_recall_at_10_std": 0.083063,
        "nauc_recall_at_10_diff1": 0.194473,
        "nauc_recall_at_20_max": 0.151221,
        "nauc_recall_at_20_std": 0.146626,
        "nauc_recall_at_20_diff1": 0.198281,
        "nauc_recall_at_100_max": 0.244124,
        "nauc_recall_at_100_std": 0.34861,
        "nauc_recall_at_100_diff1": 0.191178,
        "nauc_recall_at_1000_max": 0.489826,
        "nauc_recall_at_1000_std": 0.668679,
        "nauc_recall_at_1000_diff1": -0.064587,
        "nauc_precision_at_1_max": 0.137996,
        "nauc_precision_at_1_std": -0.086003,
        "nauc_precision_at_1_diff1": 0.649593,
        "nauc_precision_at_3_max": 0.038936,
        "nauc_precision_at_3_std": 0.007743,
        "nauc_precision_at_3_diff1": 0.177148,
        "nauc_precision_at_5_max": 0.04651,
        "nauc_precision_at_5_std": 0.011693,
        "nauc_precision_at_5_diff1": 0.156806,
        "nauc_precision_at_10_max": 0.084518,
        "nauc_precision_at_10_std": 0.083063,
        "nauc_precision_at_10_diff1": 0.194473,
        "nauc_precision_at_20_max": 0.151221,
        "nauc_precision_at_20_std": 0.146626,
        "nauc_precision_at_20_diff1": 0.198281,
        "nauc_precision_at_100_max": 0.244124,
        "nauc_precision_at_100_std": 0.34861,
        "nauc_precision_at_100_diff1": 0.191178,
        "nauc_precision_at_1000_max": 0.489826,
        "nauc_precision_at_1000_std": 0.668679,
        "nauc_precision_at_1000_diff1": -0.064587,
        "nauc_mrr_at_1_max": 0.137996,
        "nauc_mrr_at_1_std": -0.086003,
        "nauc_mrr_at_1_diff1": 0.649593,
        "nauc_mrr_at_3_max": 0.160822,
        "nauc_mrr_at_3_std": -0.076635,
        "nauc_mrr_at_3_diff1": 0.647127,
        "nauc_mrr_at_5_max": 0.166044,
        "nauc_mrr_at_5_std": -0.086598,
        "nauc_mrr_at_5_diff1": 0.650396,
        "nauc_mrr_at_10_max": 0.166348,
        "nauc_mrr_at_10_std": -0.080369,
        "nauc_mrr_at_10_diff1": 0.649037,
        "nauc_mrr_at_20_max": 0.164217,
        "nauc_mrr_at_20_std": -0.08097,
        "nauc_mrr_at_20_diff1": 0.649042,
        "nauc_mrr_at_100_max": 0.164221,
        "nauc_mrr_at_100_std": -0.081138,
        "nauc_mrr_at_100_diff1": 0.649425,
        "nauc_mrr_at_1000_max": 0.164028,
        "nauc_mrr_at_1000_std": -0.081209,
        "nauc_mrr_at_1000_diff1": 0.649386,
        "hit_rate_at_1": 0.804,
        "hit_rate_at_3": 0.909,
        "hit_rate_at_5": 0.94,
        "hit_rate_at_10": 0.96,
        "hit_rate_at_20": 0.977,
        "hit_rate_at_100": 0.995,
        "hit_rate_at_1000": 1.0,
        "main_score": 0.74748,
        "hf_subset": "default",
        "languages": [
          "eng-Latn"
        ],
        "mteb_version": "2.12.32"
      }
    ]
  },
  "evaluation_time": 8607.502815485,
  "kg_co2_emissions": null,
  "date": null
}