{
  "dataset_revision": "4510aa3b456b23f39564694e053e70492cc1de9f",
  "task_name": "InfoSeekIT2TRetrieval",
  "mteb_version": "2.12.32",
  "scores": {
    "test": [
      {
        "ndcg_at_1": 0.30151,
        "ndcg_at_3": 0.27613,
        "ndcg_at_5": 0.28012,
        "ndcg_at_10": 0.29711,
        "ndcg_at_20": 0.31911,
        "ndcg_at_100": 0.37049,
        "ndcg_at_1000": 0.4085,
        "map_at_1": 0.09124,
        "map_at_3": 0.14635,
        "map_at_5": 0.16772,
        "map_at_10": 0.19086,
        "map_at_20": 0.20827,
        "map_at_100": 0.22798,
        "map_at_1000": 0.23209,
        "recall_at_1": 0.09124,
        "recall_at_3": 0.18605,
        "recall_at_5": 0.23792,
        "recall_at_10": 0.31693,
        "recall_at_20": 0.39955,
        "recall_at_100": 0.57603,
        "recall_at_1000": 0.74209,
        "accuracy": 0.09124,
        "precision_at_1": 0.30151,
        "precision_at_3": 0.22774,
        "precision_at_5": 0.18818,
        "precision_at_10": 0.13894,
        "precision_at_20": 0.09781,
        "precision_at_100": 0.03482,
        "precision_at_1000": 0.00496,
        "mrr_at_1": 0.30151,
        "mrr_at_3": 0.378934,
        "mrr_at_5": 0.394804,
        "mrr_at_10": 0.406831,
        "mrr_at_20": 0.41214,
        "mrr_at_100": 0.415445,
        "mrr_at_1000": 0.415937,
        "nauc_ndcg_at_1_max": 0.074498,
        "nauc_ndcg_at_1_std": 0.120496,
        "nauc_ndcg_at_1_diff1": 0.338108,
        "nauc_ndcg_at_3_max": 0.053299,
        "nauc_ndcg_at_3_std": 0.105596,
        "nauc_ndcg_at_3_diff1": 0.280277,
        "nauc_ndcg_at_5_max": 0.039188,
        "nauc_ndcg_at_5_std": 0.100691,
        "nauc_ndcg_at_5_diff1": 0.277197,
        "nauc_ndcg_at_10_max": 0.025863,
        "nauc_ndcg_at_10_std": 0.108743,
        "nauc_ndcg_at_10_diff1": 0.28585,
        "nauc_ndcg_at_20_max": 0.022067,
        "nauc_ndcg_at_20_std": 0.114378,
        "nauc_ndcg_at_20_diff1": 0.290368,
        "nauc_ndcg_at_100_max": 0.040337,
        "nauc_ndcg_at_100_std": 0.15992,
        "nauc_ndcg_at_100_diff1": 0.29149,
        "nauc_ndcg_at_1000_max": 0.057517,
        "nauc_ndcg_at_1000_std": 0.193207,
        "nauc_ndcg_at_1000_diff1": 0.2798,
        "nauc_map_at_1_max": 0.007828,
        "nauc_map_at_1_std": -0.000576,
        "nauc_map_at_1_diff1": 0.342411,
        "nauc_map_at_3_max": 0.007629,
        "nauc_map_at_3_std": -0.007453,
        "nauc_map_at_3_diff1": 0.306243,
        "nauc_map_at_5_max": 0.009487,
        "nauc_map_at_5_std": 0.001523,
        "nauc_map_at_5_diff1": 0.29742,
        "nauc_map_at_10_max": 0.010854,
        "nauc_map_at_10_std": 0.023735,
        "nauc_map_at_10_diff1": 0.294451,
        "nauc_map_at_20_max": 0.007909,
        "nauc_map_at_20_std": 0.045032,
        "nauc_map_at_20_diff1": 0.291904,
        "nauc_map_at_100_max": 0.015035,
        "nauc_map_at_100_std": 0.080455,
        "nauc_map_at_100_diff1": 0.291692,
        "nauc_map_at_1000_max": 0.017521,
        "nauc_map_at_1000_std": 0.089281,
        "nauc_map_at_1000_diff1": 0.290753,
        "nauc_recall_at_1_max": 0.007828,
        "nauc_recall_at_1_std": -0.000576,
        "nauc_recall_at_1_diff1": 0.342411,
        "nauc_recall_at_3_max": -0.007138,
        "nauc_recall_at_3_std": -0.015368,
        "nauc_recall_at_3_diff1": 0.24812,
        "nauc_recall_at_5_max": -0.013736,
        "nauc_recall_at_5_std": 0.000194,
        "nauc_recall_at_5_diff1": 0.224529,
        "nauc_recall_at_10_max": -0.017018,
        "nauc_recall_at_10_std": 0.044902,
        "nauc_recall_at_10_diff1": 0.208881,
        "nauc_recall_at_20_max": -0.031983,
        "nauc_recall_at_20_std": 0.080016,
        "nauc_recall_at_20_diff1": 0.198378,
        "nauc_recall_at_100_max": -0.022874,
        "nauc_recall_at_100_std": 0.19729,
        "nauc_recall_at_100_diff1": 0.201418,
        "nauc_recall_at_1000_max": -0.02311,
        "nauc_recall_at_1000_std": 0.300214,
        "nauc_recall_at_1000_diff1": 0.103066,
        "nauc_precision_at_1_max": 0.074498,
        "nauc_precision_at_1_std": 0.120496,
        "nauc_precision_at_1_diff1": 0.338108,
        "nauc_precision_at_3_max": 0.072279,
        "nauc_precision_at_3_std": 0.143459,
        "nauc_precision_at_3_diff1": 0.227814,
        "nauc_precision_at_5_max": 0.073043,
        "nauc_precision_at_5_std": 0.162968,
        "nauc_precision_at_5_diff1": 0.188506,
        "nauc_precision_at_10_max": 0.063542,
        "nauc_precision_at_10_std": 0.206748,
        "nauc_precision_at_10_diff1": 0.154688,
        "nauc_precision_at_20_max": 0.052102,
        "nauc_precision_at_20_std": 0.241674,
        "nauc_precision_at_20_diff1": 0.125988,
        "nauc_precision_at_100_max": 0.075168,
        "nauc_precision_at_100_std": 0.307391,
        "nauc_precision_at_100_diff1": 0.08014,
        "nauc_precision_at_1000_max": 0.096261,
        "nauc_precision_at_1000_std": 0.306992,
        "nauc_precision_at_1000_diff1": 0.016827,
        "nauc_mrr_at_1_max": 0.074498,
        "nauc_mrr_at_1_std": 0.120496,
        "nauc_mrr_at_1_diff1": 0.338108,
        "nauc_mrr_at_3_max": 0.08099,
        "nauc_mrr_at_3_std": 0.134596,
        "nauc_mrr_at_3_diff1": 0.315134,
        "nauc_mrr_at_5_max": 0.083231,
        "nauc_mrr_at_5_std": 0.142228,
        "nauc_mrr_at_5_diff1": 0.314634,
        "nauc_mrr_at_10_max": 0.084633,
        "nauc_mrr_at_10_std": 0.150674,
        "nauc_mrr_at_10_diff1": 0.315442,
        "nauc_mrr_at_20_max": 0.084566,
        "nauc_mrr_at_20_std": 0.152928,
        "nauc_mrr_at_20_diff1": 0.314797,
        "nauc_mrr_at_100_max": 0.084757,
        "nauc_mrr_at_100_std": 0.153598,
        "nauc_mrr_at_100_diff1": 0.315119,
        "nauc_mrr_at_1000_max": 0.084739,
        "nauc_mrr_at_1000_std": 0.153397,
        "nauc_mrr_at_1000_diff1": 0.315153,
        "hit_rate_at_1": 0.30151,
        "hit_rate_at_3": 0.47761,
        "hit_rate_at_5": 0.5472,
        "hit_rate_at_10": 0.63649,
        "hit_rate_at_20": 0.71138,
        "hit_rate_at_100": 0.84244,
        "hit_rate_at_1000": 0.94595,
        "main_score": 0.29711,
        "hf_subset": "default",
        "languages": [
          "eng-Latn"
        ],
        "mteb_version": "2.12.32"
      }
    ]
  },
  "evaluation_time": 12670.261702299118,
  "kg_co2_emissions": null,
  "date": null
}