{
  "dataset_revision": "74ce553cb9b43aee5169f0bddd30bd5dee8d26d1",
  "task_name": "MACST2ARetrieval",
  "mteb_version": "2.12.32",
  "scores": {
    "test": [
      {
        "ndcg_at_1": 0.11705,
        "ndcg_at_3": 0.17627,
        "ndcg_at_5": 0.20134,
        "ndcg_at_10": 0.22419,
        "ndcg_at_20": 0.24926,
        "ndcg_at_100": 0.32127,
        "ndcg_at_1000": 0.34303,
        "map_at_1": 0.11705,
        "map_at_3": 0.16158,
        "map_at_5": 0.17545,
        "map_at_10": 0.18476,
        "map_at_20": 0.19163,
        "map_at_100": 0.20149,
        "map_at_1000": 0.2025,
        "recall_at_1": 0.11705,
        "recall_at_3": 0.21883,
        "recall_at_5": 0.2799,
        "recall_at_10": 0.35115,
        "recall_at_20": 0.45038,
        "recall_at_100": 0.83969,
        "recall_at_1000": 1.0,
        "accuracy": 0.11705,
        "precision_at_1": 0.11705,
        "precision_at_3": 0.07294,
        "precision_at_5": 0.05598,
        "precision_at_10": 0.03511,
        "precision_at_20": 0.02252,
        "precision_at_100": 0.0084,
        "precision_at_1000": 0.001,
        "mrr_at_1": 0.117048,
        "mrr_at_3": 0.161578,
        "mrr_at_5": 0.175445,
        "mrr_at_10": 0.184764,
        "mrr_at_20": 0.191628,
        "mrr_at_100": 0.201486,
        "mrr_at_1000": 0.202496,
        "nauc_ndcg_at_1_max": 0.078376,
        "nauc_ndcg_at_1_std": -0.126962,
        "nauc_ndcg_at_1_diff1": 0.332123,
        "nauc_ndcg_at_3_max": 0.011375,
        "nauc_ndcg_at_3_std": -0.07182,
        "nauc_ndcg_at_3_diff1": 0.229455,
        "nauc_ndcg_at_5_max": 0.017696,
        "nauc_ndcg_at_5_std": -0.050489,
        "nauc_ndcg_at_5_diff1": 0.22017,
        "nauc_ndcg_at_10_max": 0.006246,
        "nauc_ndcg_at_10_std": -0.059015,
        "nauc_ndcg_at_10_diff1": 0.227481,
        "nauc_ndcg_at_20_max": 0.01829,
        "nauc_ndcg_at_20_std": -0.078688,
        "nauc_ndcg_at_20_diff1": 0.250409,
        "nauc_ndcg_at_100_max": 0.007464,
        "nauc_ndcg_at_100_std": -0.06415,
        "nauc_ndcg_at_100_diff1": 0.251103,
        "nauc_ndcg_at_1000_max": 0.021528,
        "nauc_ndcg_at_1000_std": -0.073805,
        "nauc_ndcg_at_1000_diff1": 0.245201,
        "nauc_map_at_1_max": 0.078376,
        "nauc_map_at_1_std": -0.126962,
        "nauc_map_at_1_diff1": 0.332123,
        "nauc_map_at_3_max": 0.027281,
        "nauc_map_at_3_std": -0.080165,
        "nauc_map_at_3_diff1": 0.251927,
        "nauc_map_at_5_max": 0.030493,
        "nauc_map_at_5_std": -0.067081,
        "nauc_map_at_5_diff1": 0.245898,
        "nauc_map_at_10_max": 0.025614,
        "nauc_map_at_10_std": -0.071353,
        "nauc_map_at_10_diff1": 0.249838,
        "nauc_map_at_20_max": 0.029769,
        "nauc_map_at_20_std": -0.077455,
        "nauc_map_at_20_diff1": 0.2571,
        "nauc_map_at_100_max": 0.030341,
        "nauc_map_at_100_std": -0.076977,
        "nauc_map_at_100_diff1": 0.255334,
        "nauc_map_at_1000_max": 0.030774,
        "nauc_map_at_1000_std": -0.077399,
        "nauc_map_at_1000_diff1": 0.25492,
        "nauc_recall_at_1_max": 0.078376,
        "nauc_recall_at_1_std": -0.126962,
        "nauc_recall_at_1_diff1": 0.332123,
        "nauc_recall_at_3_max": -0.026502,
        "nauc_recall_at_3_std": -0.053236,
        "nauc_recall_at_3_diff1": 0.17646,
        "nauc_recall_at_5_max": -0.009884,
        "nauc_recall_at_5_std": -0.013159,
        "nauc_recall_at_5_diff1": 0.162845,
        "nauc_recall_at_10_max": -0.037753,
        "nauc_recall_at_10_std": -0.033512,
        "nauc_recall_at_10_diff1": 0.18042,
        "nauc_recall_at_20_max": -0.003239,
        "nauc_recall_at_20_std": -0.093256,
        "nauc_recall_at_20_diff1": 0.249273,
        "nauc_recall_at_100_max": -0.157806,
        "nauc_recall_at_100_std": 0.042459,
        "nauc_recall_at_100_diff1": 0.30091,
        "nauc_recall_at_1000_max": NaN,
        "nauc_recall_at_1000_std": NaN,
        "nauc_recall_at_1000_diff1": NaN,
        "nauc_precision_at_1_max": 0.078376,
        "nauc_precision_at_1_std": -0.126962,
        "nauc_precision_at_1_diff1": 0.332123,
        "nauc_precision_at_3_max": -0.026502,
        "nauc_precision_at_3_std": -0.053236,
        "nauc_precision_at_3_diff1": 0.17646,
        "nauc_precision_at_5_max": -0.009884,
        "nauc_precision_at_5_std": -0.013159,
        "nauc_precision_at_5_diff1": 0.162845,
        "nauc_precision_at_10_max": -0.037753,
        "nauc_precision_at_10_std": -0.033512,
        "nauc_precision_at_10_diff1": 0.18042,
        "nauc_precision_at_20_max": -0.003239,
        "nauc_precision_at_20_std": -0.093256,
        "nauc_precision_at_20_diff1": 0.249273,
        "nauc_precision_at_100_max": -0.157806,
        "nauc_precision_at_100_std": 0.042459,
        "nauc_precision_at_100_diff1": 0.30091,
        "nauc_precision_at_1000_max": 1.0,
        "nauc_precision_at_1000_std": 1.0,
        "nauc_precision_at_1000_diff1": 1.0,
        "nauc_mrr_at_1_max": 0.078376,
        "nauc_mrr_at_1_std": -0.126962,
        "nauc_mrr_at_1_diff1": 0.332123,
        "nauc_mrr_at_3_max": 0.027281,
        "nauc_mrr_at_3_std": -0.080165,
        "nauc_mrr_at_3_diff1": 0.251927,
        "nauc_mrr_at_5_max": 0.030493,
        "nauc_mrr_at_5_std": -0.067081,
        "nauc_mrr_at_5_diff1": 0.245898,
        "nauc_mrr_at_10_max": 0.025614,
        "nauc_mrr_at_10_std": -0.071353,
        "nauc_mrr_at_10_diff1": 0.249838,
        "nauc_mrr_at_20_max": 0.029769,
        "nauc_mrr_at_20_std": -0.077455,
        "nauc_mrr_at_20_diff1": 0.2571,
        "nauc_mrr_at_100_max": 0.030341,
        "nauc_mrr_at_100_std": -0.076977,
        "nauc_mrr_at_100_diff1": 0.255334,
        "nauc_mrr_at_1000_max": 0.030774,
        "nauc_mrr_at_1000_std": -0.077399,
        "nauc_mrr_at_1000_diff1": 0.25492,
        "hit_rate_at_1": 0.11705,
        "hit_rate_at_3": 0.21883,
        "hit_rate_at_5": 0.2799,
        "hit_rate_at_10": 0.35115,
        "hit_rate_at_20": 0.45038,
        "hit_rate_at_100": 0.83969,
        "hit_rate_at_1000": 1.0,
        "main_score": 0.2799,
        "hf_subset": "default",
        "languages": [
          "eng-Latn"
        ],
        "mteb_version": "2.12.32"
      }
    ]
  },
  "evaluation_time": 131.1964466571808,
  "kg_co2_emissions": null,
  "date": null
}