{
  "dataset_revision": "227478e3235572039f4f7661840e059f31ef6eb1",
  "task_name": "MindSmallReranking",
  "mteb_version": "2.12.32",
  "scores": {
    "test": [
      {
        "ndcg_at_1": 0.14345,
        "ndcg_at_3": 0.22333,
        "ndcg_at_5": 0.26859,
        "ndcg_at_10": 0.32999,
        "ndcg_at_20": 0.3817,
        "ndcg_at_100": 0.44248,
        "ndcg_at_1000": 0.44555,
        "map_at_1": 0.10815,
        "map_at_3": 0.18337,
        "map_at_5": 0.21069,
        "map_at_10": 0.23857,
        "map_at_20": 0.25568,
        "map_at_100": 0.26893,
        "map_at_1000": 0.26933,
        "recall_at_1": 0.10815,
        "recall_at_3": 0.27558,
        "recall_at_5": 0.3837,
        "recall_at_10": 0.55686,
        "recall_at_20": 0.73238,
        "recall_at_100": 0.98507,
        "recall_at_1000": 1.0,
        "accuracy": 0.10815,
        "precision_at_1": 0.14345,
        "precision_at_3": 0.12392,
        "precision_at_5": 0.10651,
        "precision_at_10": 0.08148,
        "precision_at_20": 0.05724,
        "precision_at_100": 0.01772,
        "precision_at_1000": 0.00183,
        "mrr_at_1": 0.143451,
        "mrr_at_3": 0.232353,
        "mrr_at_5": 0.261399,
        "mrr_at_10": 0.286399,
        "mrr_at_20": 0.298031,
        "mrr_at_100": 0.30305,
        "mrr_at_1000": 0.303092,
        "nauc_ndcg_at_1_max": -0.049859,
        "nauc_ndcg_at_1_std": 0.018292,
        "nauc_ndcg_at_1_diff1": 0.115523,
        "nauc_ndcg_at_3_max": -0.112017,
        "nauc_ndcg_at_3_std": -0.013978,
        "nauc_ndcg_at_3_diff1": 0.13041,
        "nauc_ndcg_at_5_max": -0.128628,
        "nauc_ndcg_at_5_std": -0.023354,
        "nauc_ndcg_at_5_diff1": 0.127057,
        "nauc_ndcg_at_10_max": -0.144953,
        "nauc_ndcg_at_10_std": -0.031823,
        "nauc_ndcg_at_10_diff1": 0.122909,
        "nauc_ndcg_at_20_max": -0.147781,
        "nauc_ndcg_at_20_std": -0.029648,
        "nauc_ndcg_at_20_diff1": 0.123037,
        "nauc_ndcg_at_100_max": -0.116603,
        "nauc_ndcg_at_100_std": -0.013444,
        "nauc_ndcg_at_100_diff1": 0.119817,
        "nauc_ndcg_at_1000_max": -0.111477,
        "nauc_ndcg_at_1000_std": -0.012631,
        "nauc_ndcg_at_1000_diff1": 0.11928,
        "nauc_map_at_1_max": -0.087405,
        "nauc_map_at_1_std": -0.007322,
        "nauc_map_at_1_diff1": 0.140301,
        "nauc_map_at_3_max": -0.11813,
        "nauc_map_at_3_std": -0.018717,
        "nauc_map_at_3_diff1": 0.138976,
        "nauc_map_at_5_max": -0.125997,
        "nauc_map_at_5_std": -0.022517,
        "nauc_map_at_5_diff1": 0.135243,
        "nauc_map_at_10_max": -0.132273,
        "nauc_map_at_10_std": -0.025202,
        "nauc_map_at_10_diff1": 0.132178,
        "nauc_map_at_20_max": -0.132239,
        "nauc_map_at_20_std": -0.023682,
        "nauc_map_at_20_diff1": 0.131688,
        "nauc_map_at_100_max": -0.125821,
        "nauc_map_at_100_std": -0.019973,
        "nauc_map_at_100_diff1": 0.130801,
        "nauc_map_at_1000_max": -0.125283,
        "nauc_map_at_1000_std": -0.019883,
        "nauc_map_at_1000_diff1": 0.130746,
        "nauc_recall_at_1_max": -0.087405,
        "nauc_recall_at_1_std": -0.007322,
        "nauc_recall_at_1_diff1": 0.140301,
        "nauc_recall_at_3_max": -0.138814,
        "nauc_recall_at_3_std": -0.030664,
        "nauc_recall_at_3_diff1": 0.131442,
        "nauc_recall_at_5_max": -0.160511,
        "nauc_recall_at_5_std": -0.04553,
        "nauc_recall_at_5_diff1": 0.119629,
        "nauc_recall_at_10_max": -0.200159,
        "nauc_recall_at_10_std": -0.069449,
        "nauc_recall_at_10_diff1": 0.107095,
        "nauc_recall_at_20_max": -0.243883,
        "nauc_recall_at_20_std": -0.081851,
        "nauc_recall_at_20_diff1": 0.107982,
        "nauc_recall_at_100_max": -0.405411,
        "nauc_recall_at_100_std": -0.058568,
        "nauc_recall_at_100_diff1": 0.114353,
        "nauc_recall_at_1000_max": 0.105182,
        "nauc_recall_at_1000_std": -0.222175,
        "nauc_recall_at_1000_diff1": -0.571335,
        "nauc_precision_at_1_max": -0.049859,
        "nauc_precision_at_1_std": 0.018292,
        "nauc_precision_at_1_diff1": 0.115523,
        "nauc_precision_at_3_max": -0.088458,
        "nauc_precision_at_3_std": 0.008507,
        "nauc_precision_at_3_diff1": 0.101461,
        "nauc_precision_at_5_max": -0.092078,
        "nauc_precision_at_5_std": 0.004835,
        "nauc_precision_at_5_diff1": 0.079011,
        "nauc_precision_at_10_max": -0.07518,
        "nauc_precision_at_10_std": 0.005944,
        "nauc_precision_at_10_diff1": 0.037138,
        "nauc_precision_at_20_max": -0.016822,
        "nauc_precision_at_20_std": 0.027462,
        "nauc_precision_at_20_diff1": -0.004293,
        "nauc_precision_at_100_max": 0.130255,
        "nauc_precision_at_100_std": 0.064849,
        "nauc_precision_at_100_diff1": -0.063961,
        "nauc_precision_at_1000_max": 0.144087,
        "nauc_precision_at_1000_std": 0.064323,
        "nauc_precision_at_1000_diff1": -0.066211,
        "nauc_mrr_at_1_max": -0.049859,
        "nauc_mrr_at_1_std": 0.018292,
        "nauc_mrr_at_1_diff1": 0.115523,
        "nauc_mrr_at_3_max": -0.079554,
        "nauc_mrr_at_3_std": 0.004574,
        "nauc_mrr_at_3_diff1": 0.115284,
        "nauc_mrr_at_5_max": -0.086134,
        "nauc_mrr_at_5_std": 0.000281,
        "nauc_mrr_at_5_diff1": 0.112703,
        "nauc_mrr_at_10_max": -0.090807,
        "nauc_mrr_at_10_std": -0.002768,
        "nauc_mrr_at_10_diff1": 0.11165,
        "nauc_mrr_at_20_max": -0.090559,
        "nauc_mrr_at_20_std": -0.002204,
        "nauc_mrr_at_20_diff1": 0.112328,
        "nauc_mrr_at_100_max": -0.088665,
        "nauc_mrr_at_100_std": -0.001098,
        "nauc_mrr_at_100_diff1": 0.11265,
        "nauc_mrr_at_1000_max": -0.08862,
        "nauc_mrr_at_1000_std": -0.00109,
        "nauc_mrr_at_1000_diff1": 0.11265,
        "hit_rate_at_1": 0.14345,
        "hit_rate_at_3": 0.34969,
        "hit_rate_at_5": 0.47738,
        "hit_rate_at_10": 0.66459,
        "hit_rate_at_20": 0.82973,
        "hit_rate_at_100": 0.9949,
        "hit_rate_at_1000": 1.0,
        "max_over_subqueries_ndcg_at_1": 0.16417,
        "max_over_subqueries_ndcg_at_3": 0.2598,
        "max_over_subqueries_ndcg_at_5": 0.30839,
        "max_over_subqueries_ndcg_at_10": 0.36984,
        "max_over_subqueries_ndcg_at_20": 0.4169,
        "max_over_subqueries_ndcg_at_100": 0.46413,
        "max_over_subqueries_ndcg_at_1000": 0.46608,
        "max_over_subqueries_map_at_1": 0.13741,
        "max_over_subqueries_map_at_3": 0.22186,
        "max_over_subqueries_map_at_5": 0.25038,
        "max_over_subqueries_map_at_10": 0.27769,
        "max_over_subqueries_map_at_20": 0.29281,
        "max_over_subqueries_map_at_100": 0.30247,
        "max_over_subqueries_map_at_1000": 0.30268,
        "max_over_subqueries_recall_at_1": 0.13741,
        "max_over_subqueries_recall_at_3": 0.32601,
        "max_over_subqueries_recall_at_5": 0.44069,
        "max_over_subqueries_recall_at_10": 0.61679,
        "max_over_subqueries_recall_at_20": 0.78244,
        "max_over_subqueries_recall_at_100": 0.98965,
        "max_over_subqueries_recall_at_1000": 0.99999,
        "max_over_subqueries_accuracy": 0.13741,
        "max_over_subqueries_precision_at_1": 0.16417,
        "max_over_subqueries_precision_at_3": 0.13298,
        "max_over_subqueries_precision_at_5": 0.11054,
        "max_over_subqueries_precision_at_10": 0.08065,
        "max_over_subqueries_precision_at_20": 0.05374,
        "max_over_subqueries_precision_at_100": 0.01493,
        "max_over_subqueries_precision_at_1000": 0.00152,
        "max_over_subqueries_mrr_at_1": 0.164172,
        "max_over_subqueries_mrr_at_3": 0.258404,
        "max_over_subqueries_mrr_at_5": 0.287402,
        "max_over_subqueries_mrr_at_10": 0.312006,
        "max_over_subqueries_mrr_at_20": 0.322873,
        "max_over_subqueries_mrr_at_100": 0.32738,
        "max_over_subqueries_mrr_at_1000": 0.327417,