{
  "dataset_revision": "c798fa2f5173dc9fe0c727fd0abfd2f94cbc2f23",
  "task_name": "NIGHTSI2IRetrieval",
  "mteb_version": "2.12.32",
  "scores": {
    "test": [
      {
        "ndcg_at_1": 0.07453,
        "ndcg_at_3": 0.14097,
        "ndcg_at_5": 0.18167,
        "ndcg_at_10": 0.24114,
        "ndcg_at_20": 0.29673,
        "ndcg_at_100": 0.34457,
        "ndcg_at_1000": 0.35173,
        "map_at_1": 0.07453,
        "map_at_3": 0.12421,
        "map_at_5": 0.14674,
        "map_at_10": 0.17119,
        "map_at_20": 0.18658,
        "map_at_100": 0.19376,
        "map_at_1000": 0.19406,
        "recall_at_1": 0.07453,
        "recall_at_3": 0.18962,
        "recall_at_5": 0.28868,
        "recall_at_10": 0.47311,
        "recall_at_20": 0.69198,
        "recall_at_100": 0.94151,
        "recall_at_1000": 0.99623,
        "accuracy": 0.07453,
        "precision_at_1": 0.07453,
        "precision_at_3": 0.06321,
        "precision_at_5": 0.05774,
        "precision_at_10": 0.04731,
        "precision_at_20": 0.0346,
        "precision_at_100": 0.00942,
        "precision_at_1000": 0.001,
        "mrr_at_1": 0.074528,
        "mrr_at_3": 0.124214,
        "mrr_at_5": 0.146737,
        "mrr_at_10": 0.171186,
        "mrr_at_20": 0.186578,
        "mrr_at_100": 0.193755,
        "mrr_at_1000": 0.194057,
        "nauc_ndcg_at_1_max": 0.019203,
        "nauc_ndcg_at_1_std": -0.079196,
        "nauc_ndcg_at_1_diff1": 0.113564,
        "nauc_ndcg_at_3_max": 0.008932,
        "nauc_ndcg_at_3_std": -0.088253,
        "nauc_ndcg_at_3_diff1": 0.043154,
        "nauc_ndcg_at_5_max": 0.009529,
        "nauc_ndcg_at_5_std": -0.081724,
        "nauc_ndcg_at_5_diff1": 0.037931,
        "nauc_ndcg_at_10_max": 0.016303,
        "nauc_ndcg_at_10_std": -0.072551,
        "nauc_ndcg_at_10_diff1": 0.036425,
        "nauc_ndcg_at_20_max": 0.029754,
        "nauc_ndcg_at_20_std": -0.074251,
        "nauc_ndcg_at_20_diff1": 0.031654,
        "nauc_ndcg_at_100_max": 0.038132,
        "nauc_ndcg_at_100_std": -0.045918,
        "nauc_ndcg_at_100_diff1": 0.035687,
        "nauc_ndcg_at_1000_max": 0.027743,
        "nauc_ndcg_at_1000_std": -0.063846,
        "nauc_ndcg_at_1000_diff1": 0.040546,
        "nauc_map_at_1_max": 0.019203,
        "nauc_map_at_1_std": -0.079196,
        "nauc_map_at_1_diff1": 0.113564,
        "nauc_map_at_3_max": 0.011703,
        "nauc_map_at_3_std": -0.085847,
        "nauc_map_at_3_diff1": 0.053566,
        "nauc_map_at_5_max": 0.012142,
        "nauc_map_at_5_std": -0.082302,
        "nauc_map_at_5_diff1": 0.050237,
        "nauc_map_at_10_max": 0.015538,
        "nauc_map_at_10_std": -0.077677,
        "nauc_map_at_10_diff1": 0.049436,
        "nauc_map_at_20_max": 0.019603,
        "nauc_map_at_20_std": -0.078136,
        "nauc_map_at_20_diff1": 0.048349,
        "nauc_map_at_100_max": 0.020761,
        "nauc_map_at_100_std": -0.074281,
        "nauc_map_at_100_diff1": 0.049012,
        "nauc_map_at_1000_max": 0.020315,
        "nauc_map_at_1000_std": -0.074884,
        "nauc_map_at_1000_diff1": 0.049183,
        "nauc_recall_at_1_max": 0.019203,
        "nauc_recall_at_1_std": -0.079196,
        "nauc_recall_at_1_diff1": 0.113564,
        "nauc_recall_at_3_max": 0.003001,
        "nauc_recall_at_3_std": -0.093396,
        "nauc_recall_at_3_diff1": 0.022349,
        "nauc_recall_at_5_max": 0.00449,
        "nauc_recall_at_5_std": -0.079961,
        "nauc_recall_at_5_diff1": 0.015264,
        "nauc_recall_at_10_max": 0.018902,
        "nauc_recall_at_10_std": -0.060778,
        "nauc_recall_at_10_diff1": 0.012645,
        "nauc_recall_at_20_max": 0.064769,
        "nauc_recall_at_20_std": -0.063545,
        "nauc_recall_at_20_diff1": -0.01142,
        "nauc_recall_at_100_max": 0.309411,
        "nauc_recall_at_100_std": 0.439313,
        "nauc_recall_at_100_diff1": -0.07987,
        "nauc_recall_at_1000_max": 0.562208,
        "nauc_recall_at_1000_std": 0.707983,
        "nauc_recall_at_1000_diff1": 0.031221,
        "nauc_precision_at_1_max": 0.019203,
        "nauc_precision_at_1_std": -0.079196,
        "nauc_precision_at_1_diff1": 0.113564,
        "nauc_precision_at_3_max": 0.003001,
        "nauc_precision_at_3_std": -0.093396,
        "nauc_precision_at_3_diff1": 0.022349,
        "nauc_precision_at_5_max": 0.00449,
        "nauc_precision_at_5_std": -0.079961,
        "nauc_precision_at_5_diff1": 0.015264,
        "nauc_precision_at_10_max": 0.018902,
        "nauc_precision_at_10_std": -0.060778,
        "nauc_precision_at_10_diff1": 0.012645,
        "nauc_precision_at_20_max": 0.064769,
        "nauc_precision_at_20_std": -0.063545,
        "nauc_precision_at_20_diff1": -0.01142,
        "nauc_precision_at_100_max": 0.309411,
        "nauc_precision_at_100_std": 0.439313,
        "nauc_precision_at_100_diff1": -0.07987,
        "nauc_precision_at_1000_max": 0.562208,
        "nauc_precision_at_1000_std": 0.707983,
        "nauc_precision_at_1000_diff1": 0.031221,
        "nauc_mrr_at_1_max": 0.019203,
        "nauc_mrr_at_1_std": -0.079196,
        "nauc_mrr_at_1_diff1": 0.113564,
        "nauc_mrr_at_3_max": 0.011703,
        "nauc_mrr_at_3_std": -0.085847,
        "nauc_mrr_at_3_diff1": 0.053566,
        "nauc_mrr_at_5_max": 0.012142,
        "nauc_mrr_at_5_std": -0.082302,
        "nauc_mrr_at_5_diff1": 0.050237,
        "nauc_mrr_at_10_max": 0.015538,
        "nauc_mrr_at_10_std": -0.077677,
        "nauc_mrr_at_10_diff1": 0.049436,
        "nauc_mrr_at_20_max": 0.019603,
        "nauc_mrr_at_20_std": -0.078136,
        "nauc_mrr_at_20_diff1": 0.048349,
        "nauc_mrr_at_100_max": 0.020761,
        "nauc_mrr_at_100_std": -0.074281,
        "nauc_mrr_at_100_diff1": 0.049012,
        "nauc_mrr_at_1000_max": 0.020315,
        "nauc_mrr_at_1000_std": -0.074884,
        "nauc_mrr_at_1000_diff1": 0.049183,
        "hit_rate_at_1": 0.07453,
        "hit_rate_at_3": 0.18962,
        "hit_rate_at_5": 0.28868,
        "hit_rate_at_10": 0.47311,
        "hit_rate_at_20": 0.69198,
        "hit_rate_at_100": 0.94151,
        "hit_rate_at_1000": 0.99623,
        "main_score": 0.24114,
        "hf_subset": "default",
        "languages": [
          "eng-Latn"
        ],
        "mteb_version": "2.12.32"
      }
    ]
  },
  "evaluation_time": 3041.1471314430237,
  "kg_co2_emissions": null,
  "date": null
}