{
  "dataset_revision": "88994735625f4ebf646eaf42096f7ba204880ac2",
  "task_name": "OVENIT2TRetrieval",
  "mteb_version": "2.12.32",
  "scores": {
    "test": [
      {
        "ndcg_at_1": 0.22124,
        "ndcg_at_3": 0.18808,
        "ndcg_at_5": 0.18163,
        "ndcg_at_10": 0.17976,
        "ndcg_at_20": 0.18264,
        "ndcg_at_100": 0.19394,
        "ndcg_at_1000": 0.20395,
        "map_at_1": 0.08529,
        "map_at_3": 0.11005,
        "map_at_5": 0.11605,
        "map_at_10": 0.12075,
        "map_at_20": 0.12308,
        "map_at_100": 0.12472,
        "map_at_1000": 0.12501,
        "recall_at_1": 0.08529,
        "recall_at_3": 0.14175,
        "recall_at_5": 0.16813,
        "recall_at_10": 0.20323,
        "recall_at_20": 0.23629,
        "recall_at_100": 0.30121,
        "recall_at_1000": 0.36923,
        "accuracy": 0.08529,
        "precision_at_1": 0.22124,
        "precision_at_3": 0.12022,
        "precision_at_5": 0.08525,
        "precision_at_10": 0.05135,
        "precision_at_20": 0.02956,
        "precision_at_100": 0.00742,
        "precision_at_1000": 0.00089,
        "mrr_at_1": 0.221242,
        "mrr_at_3": 0.282311,
        "mrr_at_5": 0.297276,
        "mrr_at_10": 0.308976,
        "mrr_at_20": 0.314427,
        "mrr_at_100": 0.318231,
        "mrr_at_1000": 0.318881,
        "nauc_ndcg_at_1_max": 0.012346,
        "nauc_ndcg_at_1_std": 0.046725,
        "nauc_ndcg_at_1_diff1": 0.371365,
        "nauc_ndcg_at_3_max": -0.029602,
        "nauc_ndcg_at_3_std": 0.086369,
        "nauc_ndcg_at_3_diff1": 0.296528,
        "nauc_ndcg_at_5_max": -0.04997,
        "nauc_ndcg_at_5_std": 0.088966,
        "nauc_ndcg_at_5_diff1": 0.278496,
        "nauc_ndcg_at_10_max": -0.066258,
        "nauc_ndcg_at_10_std": 0.083266,
        "nauc_ndcg_at_10_diff1": 0.260284,
        "nauc_ndcg_at_20_max": -0.076863,
        "nauc_ndcg_at_20_std": 0.079755,
        "nauc_ndcg_at_20_diff1": 0.24559,
        "nauc_ndcg_at_100_max": -0.089671,
        "nauc_ndcg_at_100_std": 0.076013,
        "nauc_ndcg_at_100_diff1": 0.235398,
        "nauc_ndcg_at_1000_max": -0.098662,
        "nauc_ndcg_at_1000_std": 0.066934,
        "nauc_ndcg_at_1000_diff1": 0.235795,
        "nauc_map_at_1_max": -0.082128,
        "nauc_map_at_1_std": 0.021575,
        "nauc_map_at_1_diff1": 0.329098,
        "nauc_map_at_3_max": -0.090976,
        "nauc_map_at_3_std": 0.043067,
        "nauc_map_at_3_diff1": 0.267374,
        "nauc_map_at_5_max": -0.093165,
        "nauc_map_at_5_std": 0.048548,
        "nauc_map_at_5_diff1": 0.261983,
        "nauc_map_at_10_max": -0.09437,
        "nauc_map_at_10_std": 0.052221,
        "nauc_map_at_10_diff1": 0.259332,
        "nauc_map_at_20_max": -0.096217,
        "nauc_map_at_20_std": 0.053677,
        "nauc_map_at_20_diff1": 0.258292,
        "nauc_map_at_100_max": -0.098226,
        "nauc_map_at_100_std": 0.05383,
        "nauc_map_at_100_diff1": 0.258122,
        "nauc_map_at_1000_max": -0.098611,
        "nauc_map_at_1000_std": 0.053564,
        "nauc_map_at_1000_diff1": 0.258221,
        "nauc_recall_at_1_max": -0.082128,
        "nauc_recall_at_1_std": 0.021575,
        "nauc_recall_at_1_diff1": 0.329098,
        "nauc_recall_at_3_max": -0.093132,
        "nauc_recall_at_3_std": 0.058395,
        "nauc_recall_at_3_diff1": 0.199688,
        "nauc_recall_at_5_max": -0.096041,
        "nauc_recall_at_5_std": 0.072913,
        "nauc_recall_at_5_diff1": 0.179437,
        "nauc_recall_at_10_max": -0.095336,
        "nauc_recall_at_10_std": 0.085163,
        "nauc_recall_at_10_diff1": 0.157156,
        "nauc_recall_at_20_max": -0.104729,
        "nauc_recall_at_20_std": 0.091409,
        "nauc_recall_at_20_diff1": 0.135979,
        "nauc_recall_at_100_max": -0.13228,
        "nauc_recall_at_100_std": 0.077676,
        "nauc_recall_at_100_diff1": 0.099483,
        "nauc_recall_at_1000_max": -0.16725,
        "nauc_recall_at_1000_std": 0.026113,
        "nauc_recall_at_1000_diff1": 0.072799,
        "nauc_precision_at_1_max": 0.012346,
        "nauc_precision_at_1_std": 0.046725,
        "nauc_precision_at_1_diff1": 0.371365,
        "nauc_precision_at_3_max": 0.017683,
        "nauc_precision_at_3_std": 0.119349,
        "nauc_precision_at_3_diff1": 0.273599,
        "nauc_precision_at_5_max": 0.026123,
        "nauc_precision_at_5_std": 0.155772,
        "nauc_precision_at_5_diff1": 0.257258,
        "nauc_precision_at_10_max": 0.051468,
        "nauc_precision_at_10_std": 0.211745,
        "nauc_precision_at_10_diff1": 0.244011,
        "nauc_precision_at_20_max": 0.061275,
        "nauc_precision_at_20_std": 0.266011,
        "nauc_precision_at_20_diff1": 0.233136,
        "nauc_precision_at_100_max": 0.088483,
        "nauc_precision_at_100_std": 0.389246,
        "nauc_precision_at_100_diff1": 0.21711,
        "nauc_precision_at_1000_max": 0.187224,
        "nauc_precision_at_1000_std": 0.524712,
        "nauc_precision_at_1000_diff1": 0.207376,
        "nauc_mrr_at_1_max": 0.012346,
        "nauc_mrr_at_1_std": 0.046725,
        "nauc_mrr_at_1_diff1": 0.371365,
        "nauc_mrr_at_3_max": 0.014895,
        "nauc_mrr_at_3_std": 0.081156,
        "nauc_mrr_at_3_diff1": 0.322803,
        "nauc_mrr_at_5_max": 0.016992,
        "nauc_mrr_at_5_std": 0.090197,
        "nauc_mrr_at_5_diff1": 0.318257,
        "nauc_mrr_at_10_max": 0.020498,
        "nauc_mrr_at_10_std": 0.097879,
        "nauc_mrr_at_10_diff1": 0.316741,
        "nauc_mrr_at_20_max": 0.021026,
        "nauc_mrr_at_20_std": 0.101009,
        "nauc_mrr_at_20_diff1": 0.316401,
        "nauc_mrr_at_100_max": 0.02126,
        "nauc_mrr_at_100_std": 0.102323,
        "nauc_mrr_at_100_diff1": 0.316658,
        "nauc_mrr_at_1000_max": 0.021321,
        "nauc_mrr_at_1000_std": 0.102146,
        "nauc_mrr_at_1000_diff1": 0.31678,
        "hit_rate_at_1": 0.22124,
        "hit_rate_at_3": 0.36065,
        "hit_rate_at_5": 0.42623,
        "hit_rate_at_10": 0.51352,
        "hit_rate_at_20": 0.59117,
        "hit_rate_at_100": 0.7417,
        "hit_rate_at_1000": 0.89429,
        "main_score": 0.17976,
        "hf_subset": "default",
        "languages": [
          "eng-Latn"
        ],
        "mteb_version": "2.12.32"
      }
    ]
  },
  "evaluation_time": 20023.22725558281,
  "kg_co2_emissions": null,
  "date": null
}