{
  "dataset_revision": "03b56e190634e7138c906d67cb356900ee50c98f",
  "task_name": "RP2kI2IRetrieval",
  "mteb_version": "2.12.32",
  "scores": {
    "test": [
      {
        "ndcg_at_1": 0.58388,
        "ndcg_at_3": 0.53318,
        "ndcg_at_5": 0.50423,
        "ndcg_at_10": 0.46094,
        "ndcg_at_20": 0.41552,
        "ndcg_at_100": 0.34429,
        "ndcg_at_1000": 0.4071,
        "map_at_1": 0.02272,
        "map_at_3": 0.04728,
        "map_at_5": 0.06305,
        "map_at_10": 0.08829,
        "map_at_20": 0.11534,
        "map_at_100": 0.17148,
        "map_at_1000": 0.20029,
        "recall_at_1": 0.02272,
        "recall_at_3": 0.05123,
        "recall_at_5": 0.07156,
        "recall_at_10": 0.10738,
        "recall_at_20": 0.15122,
        "recall_at_100": 0.27728,
        "recall_at_1000": 0.48276,
        "accuracy": 0.02272,
        "precision_at_1": 0.58388,
        "precision_at_3": 0.51713,
        "precision_at_5": 0.47699,
        "precision_at_10": 0.41536,
        "precision_at_20": 0.34456,
        "precision_at_100": 0.17804,
        "precision_at_1000": 0.04058,
        "mrr_at_1": 0.583879,
        "mrr_at_3": 0.639196,
        "mrr_at_5": 0.649768,
        "mrr_at_10": 0.657233,
        "mrr_at_20": 0.660341,
        "mrr_at_100": 0.662262,
        "mrr_at_1000": 0.662472,
        "nauc_ndcg_at_1_max": 0.174773,
        "nauc_ndcg_at_1_std": 0.439577,
        "nauc_ndcg_at_1_diff1": 0.338905,
        "nauc_ndcg_at_3_max": 0.175908,
        "nauc_ndcg_at_3_std": 0.466204,
        "nauc_ndcg_at_3_diff1": 0.23137,
        "nauc_ndcg_at_5_max": 0.178264,
        "nauc_ndcg_at_5_std": 0.484066,
        "nauc_ndcg_at_5_diff1": 0.201593,
        "nauc_ndcg_at_10_max": 0.184719,
        "nauc_ndcg_at_10_std": 0.510853,
        "nauc_ndcg_at_10_diff1": 0.168982,
        "nauc_ndcg_at_20_max": 0.19235,
        "nauc_ndcg_at_20_std": 0.538837,
        "nauc_ndcg_at_20_diff1": 0.153854,
        "nauc_ndcg_at_100_max": 0.188543,
        "nauc_ndcg_at_100_std": 0.569302,
        "nauc_ndcg_at_100_diff1": 0.190222,
        "nauc_ndcg_at_1000_max": 0.202692,
        "nauc_ndcg_at_1000_std": 0.585001,
        "nauc_ndcg_at_1000_diff1": 0.166375,
        "nauc_map_at_1_max": -0.022766,
        "nauc_map_at_1_std": 0.061415,
        "nauc_map_at_1_diff1": 0.447486,
        "nauc_map_at_3_max": 0.00278,
        "nauc_map_at_3_std": 0.115132,
        "nauc_map_at_3_diff1": 0.385858,
        "nauc_map_at_5_max": 0.024992,
        "nauc_map_at_5_std": 0.155124,
        "nauc_map_at_5_diff1": 0.358996,
        "nauc_map_at_10_max": 0.057542,
        "nauc_map_at_10_std": 0.222886,
        "nauc_map_at_10_diff1": 0.321196,
        "nauc_map_at_20_max": 0.091401,
        "nauc_map_at_20_std": 0.306594,
        "nauc_map_at_20_diff1": 0.283894,
        "nauc_map_at_100_max": 0.15493,
        "nauc_map_at_100_std": 0.479187,
        "nauc_map_at_100_diff1": 0.201527,
        "nauc_map_at_1000_max": 0.185287,
        "nauc_map_at_1000_std": 0.546554,
        "nauc_map_at_1000_diff1": 0.168501,
        "nauc_recall_at_1_max": -0.022766,
        "nauc_recall_at_1_std": 0.061415,
        "nauc_recall_at_1_diff1": 0.447486,
        "nauc_recall_at_3_max": -0.009124,
        "nauc_recall_at_3_std": 0.107116,
        "nauc_recall_at_3_diff1": 0.369147,
        "nauc_recall_at_5_max": 0.004822,
        "nauc_recall_at_5_std": 0.140944,
        "nauc_recall_at_5_diff1": 0.340579,
        "nauc_recall_at_10_max": 0.028874,
        "nauc_recall_at_10_std": 0.202098,
        "nauc_recall_at_10_diff1": 0.304205,
        "nauc_recall_at_20_max": 0.056482,
        "nauc_recall_at_20_std": 0.281186,
        "nauc_recall_at_20_diff1": 0.27312,
        "nauc_recall_at_100_max": 0.118161,
        "nauc_recall_at_100_std": 0.474526,
        "nauc_recall_at_100_diff1": 0.200675,
        "nauc_recall_at_1000_max": 0.183436,
        "nauc_recall_at_1000_std": 0.565067,
        "nauc_recall_at_1000_diff1": 0.114718,
        "nauc_precision_at_1_max": 0.174773,
        "nauc_precision_at_1_std": 0.439577,
        "nauc_precision_at_1_diff1": 0.338905,
        "nauc_precision_at_3_max": 0.175957,
        "nauc_precision_at_3_std": 0.470584,
        "nauc_precision_at_3_diff1": 0.195373,
        "nauc_precision_at_5_max": 0.179449,
        "nauc_precision_at_5_std": 0.488595,
        "nauc_precision_at_5_diff1": 0.149358,
        "nauc_precision_at_10_max": 0.189909,
        "nauc_precision_at_10_std": 0.511885,
        "nauc_precision_at_10_diff1": 0.091351,
        "nauc_precision_at_20_max": 0.202848,
        "nauc_precision_at_20_std": 0.534434,
        "nauc_precision_at_20_diff1": 0.041409,
        "nauc_precision_at_100_max": 0.222441,
        "nauc_precision_at_100_std": 0.564064,
        "nauc_precision_at_100_diff1": -0.038104,
        "nauc_precision_at_1000_max": 0.211769,
        "nauc_precision_at_1000_std": 0.463863,
        "nauc_precision_at_1000_diff1": -0.092749,
        "nauc_mrr_at_1_max": 0.174773,
        "nauc_mrr_at_1_std": 0.439577,
        "nauc_mrr_at_1_diff1": 0.338905,
        "nauc_mrr_at_3_max": 0.17829,
        "nauc_mrr_at_3_std": 0.461185,
        "nauc_mrr_at_3_diff1": 0.33042,
        "nauc_mrr_at_5_max": 0.179545,
        "nauc_mrr_at_5_std": 0.464661,
        "nauc_mrr_at_5_diff1": 0.329418,
        "nauc_mrr_at_10_max": 0.18094,
        "nauc_mrr_at_10_std": 0.464833,
        "nauc_mrr_at_10_diff1": 0.328042,
        "nauc_mrr_at_20_max": 0.181389,
        "nauc_mrr_at_20_std": 0.464436,
        "nauc_mrr_at_20_diff1": 0.327968,
        "nauc_mrr_at_100_max": 0.181549,
        "nauc_mrr_at_100_std": 0.463792,
        "nauc_mrr_at_100_diff1": 0.327811,
        "nauc_mrr_at_1000_max": 0.181559,
        "nauc_mrr_at_1000_std": 0.46369,
        "nauc_mrr_at_1000_diff1": 0.32782,
        "hit_rate_at_1": 0.58388,
        "hit_rate_at_3": 0.70843,
        "hit_rate_at_5": 0.75441,
        "hit_rate_at_10": 0.8092,
        "hit_rate_at_20": 0.85382,
        "hit_rate_at_100": 0.92691,
        "hit_rate_at_1000": 0.97025,
        "main_score": 0.58388,
        "hf_subset": "default",
        "languages": [
          "eng-Latn"
        ],
        "mteb_version": "2.12.32"
      }
    ]
  },
  "evaluation_time": 4735.361200094223,
  "kg_co2_emissions": null,
  "date": null
}