{
  "dataset_revision": "f8c2fcf00f625baaa80f62ec5bd9e1fff3b8ae88",
  "task_name": "SCIDOCS",
  "mteb_version": "2.12.32",
  "scores": {
    "test": [
      {
        "ndcg_at_1": 0.277,
        "ndcg_at_3": 0.2272,
        "ndcg_at_5": 0.20114,
        "ndcg_at_10": 0.24317,
        "ndcg_at_20": 0.2776,
        "ndcg_at_100": 0.33748,
        "ndcg_at_1000": 0.39163,
        "map_at_1": 0.05613,
        "map_at_3": 0.10294,
        "map_at_5": 0.12623,
        "map_at_10": 0.14842,
        "map_at_20": 0.16231,
        "map_at_100": 0.17485,
        "map_at_1000": 0.17823,
        "recall_at_1": 0.05613,
        "recall_at_3": 0.12947,
        "recall_at_5": 0.18067,
        "recall_at_10": 0.25792,
        "recall_at_20": 0.33853,
        "recall_at_100": 0.53327,
        "recall_at_1000": 0.7964,
        "accuracy": 0.05613,
        "precision_at_1": 0.277,
        "precision_at_3": 0.21267,
        "precision_at_5": 0.1782,
        "precision_at_10": 0.1272,
        "precision_at_20": 0.0834,
        "precision_at_100": 0.02629,
        "precision_at_1000": 0.00392,
        "mrr_at_1": 0.277,
        "mrr_at_3": 0.362167,
        "mrr_at_5": 0.382467,
        "mrr_at_10": 0.39816,
        "mrr_at_20": 0.404314,
        "mrr_at_100": 0.408361,
        "mrr_at_1000": 0.408713,
        "nauc_ndcg_at_1_max": 0.108356,
        "nauc_ndcg_at_1_std": 0.02239,
        "nauc_ndcg_at_1_diff1": 0.262541,
        "nauc_ndcg_at_3_max": 0.117734,
        "nauc_ndcg_at_3_std": 0.052797,
        "nauc_ndcg_at_3_diff1": 0.203787,
        "nauc_ndcg_at_5_max": 0.1386,
        "nauc_ndcg_at_5_std": 0.088711,
        "nauc_ndcg_at_5_diff1": 0.189217,
        "nauc_ndcg_at_10_max": 0.14119,
        "nauc_ndcg_at_10_std": 0.119043,
        "nauc_ndcg_at_10_diff1": 0.168268,
        "nauc_ndcg_at_20_max": 0.152032,
        "nauc_ndcg_at_20_std": 0.157764,
        "nauc_ndcg_at_20_diff1": 0.173471,
        "nauc_ndcg_at_100_max": 0.1666,
        "nauc_ndcg_at_100_std": 0.200735,
        "nauc_ndcg_at_100_diff1": 0.166975,
        "nauc_ndcg_at_1000_max": 0.176437,
        "nauc_ndcg_at_1000_std": 0.195024,
        "nauc_ndcg_at_1000_diff1": 0.161943,
        "nauc_map_at_1_max": 0.108294,
        "nauc_map_at_1_std": 0.01801,
        "nauc_map_at_1_diff1": 0.262845,
        "nauc_map_at_3_max": 0.114701,
        "nauc_map_at_3_std": 0.040828,
        "nauc_map_at_3_diff1": 0.208952,
        "nauc_map_at_5_max": 0.131161,
        "nauc_map_at_5_std": 0.071119,
        "nauc_map_at_5_diff1": 0.197667,
        "nauc_map_at_10_max": 0.130221,
        "nauc_map_at_10_std": 0.09333,
        "nauc_map_at_10_diff1": 0.17639,
        "nauc_map_at_20_max": 0.137613,
        "nauc_map_at_20_std": 0.118939,
        "nauc_map_at_20_diff1": 0.179984,
        "nauc_map_at_100_max": 0.14312,
        "nauc_map_at_100_std": 0.135605,
        "nauc_map_at_100_diff1": 0.178762,
        "nauc_map_at_1000_max": 0.144375,
        "nauc_map_at_1000_std": 0.136643,
        "nauc_map_at_1000_diff1": 0.178372,
        "nauc_recall_at_1_max": 0.108294,
        "nauc_recall_at_1_std": 0.01801,
        "nauc_recall_at_1_diff1": 0.262845,
        "nauc_recall_at_3_max": 0.119386,
        "nauc_recall_at_3_std": 0.064605,
        "nauc_recall_at_3_diff1": 0.171463,
        "nauc_recall_at_5_max": 0.147954,
        "nauc_recall_at_5_std": 0.121384,
        "nauc_recall_at_5_diff1": 0.144507,
        "nauc_recall_at_10_max": 0.141954,
        "nauc_recall_at_10_std": 0.16702,
        "nauc_recall_at_10_diff1": 0.101896,
        "nauc_recall_at_20_max": 0.157391,
        "nauc_recall_at_20_std": 0.236808,
        "nauc_recall_at_20_diff1": 0.109381,
        "nauc_recall_at_100_max": 0.176495,
        "nauc_recall_at_100_std": 0.331941,
        "nauc_recall_at_100_diff1": 0.069121,
        "nauc_recall_at_1000_max": 0.22038,
        "nauc_recall_at_1000_std": 0.34629,
        "nauc_recall_at_1000_diff1": -0.027591,
        "nauc_precision_at_1_max": 0.108356,
        "nauc_precision_at_1_std": 0.02239,
        "nauc_precision_at_1_diff1": 0.262541,
        "nauc_precision_at_3_max": 0.122726,
        "nauc_precision_at_3_std": 0.068782,
        "nauc_precision_at_3_diff1": 0.175932,
        "nauc_precision_at_5_max": 0.151291,
        "nauc_precision_at_5_std": 0.124491,
        "nauc_precision_at_5_diff1": 0.149204,
        "nauc_precision_at_10_max": 0.144408,
        "nauc_precision_at_10_std": 0.170261,
        "nauc_precision_at_10_diff1": 0.106079,
        "nauc_precision_at_20_max": 0.156108,
        "nauc_precision_at_20_std": 0.23621,
        "nauc_precision_at_20_diff1": 0.114927,
        "nauc_precision_at_100_max": 0.174338,
        "nauc_precision_at_100_std": 0.327397,
        "nauc_precision_at_100_diff1": 0.07428,
        "nauc_precision_at_1000_max": 0.216079,
        "nauc_precision_at_1000_std": 0.330825,
        "nauc_precision_at_1000_diff1": -0.019742,
        "nauc_mrr_at_1_max": 0.108356,
        "nauc_mrr_at_1_std": 0.02239,
        "nauc_mrr_at_1_diff1": 0.262541,
        "nauc_mrr_at_3_max": 0.112618,
        "nauc_mrr_at_3_std": 0.04628,
        "nauc_mrr_at_3_diff1": 0.222276,
        "nauc_mrr_at_5_max": 0.118177,
        "nauc_mrr_at_5_std": 0.060232,
        "nauc_mrr_at_5_diff1": 0.215925,
        "nauc_mrr_at_10_max": 0.123286,
        "nauc_mrr_at_10_std": 0.067154,
        "nauc_mrr_at_10_diff1": 0.218076,
        "nauc_mrr_at_20_max": 0.12254,
        "nauc_mrr_at_20_std": 0.068169,
        "nauc_mrr_at_20_diff1": 0.217703,
        "nauc_mrr_at_100_max": 0.122154,
        "nauc_mrr_at_100_std": 0.066021,
        "nauc_mrr_at_100_diff1": 0.218283,
        "nauc_mrr_at_1000_max": 0.122248,
        "nauc_mrr_at_1000_std": 0.065909,
        "nauc_mrr_at_1000_diff1": 0.218426,
        "hit_rate_at_1": 0.277,
        "hit_rate_at_3": 0.474,
        "hit_rate_at_5": 0.562,
        "hit_rate_at_10": 0.678,
        "hit_rate_at_20": 0.768,
        "hit_rate_at_100": 0.917,
        "hit_rate_at_1000": 0.993,
        "main_score": 0.24317,
        "hf_subset": "default",
        "languages": [
          "eng-Latn"
        ],
        "mteb_version": "2.12.32"
      }
    ]
  },
  "evaluation_time": 1125.6185359954834,
  "kg_co2_emissions": null,
  "date": null
}