{
  "dataset_revision": "b311394fa5ab5e003012304799d0d724d64303b3",
  "task_name": "SpokenSQuADT2ARetrieval",
  "mteb_version": "2.12.32",
  "scores": {
    "test": [
      {
        "ndcg_at_1": 0.52667,
        "ndcg_at_3": 0.6176,
        "ndcg_at_5": 0.63377,
        "ndcg_at_10": 0.66499,
        "ndcg_at_20": 0.68294,
        "ndcg_at_100": 0.70513,
        "ndcg_at_1000": 0.70559,
        "map_at_1": 0.51833,
        "map_at_3": 0.59278,
        "map_at_5": 0.60219,
        "map_at_10": 0.61628,
        "map_at_20": 0.62133,
        "map_at_100": 0.62477,
        "map_at_1000": 0.62479,
        "recall_at_1": 0.51833,
        "recall_at_3": 0.68167,
        "recall_at_5": 0.72,
        "recall_at_10": 0.81167,
        "recall_at_20": 0.88167,
        "recall_at_100": 0.99667,
        "recall_at_1000": 1.0,
        "accuracy": 0.51833,
        "precision_at_1": 0.52667,
        "precision_at_3": 0.23,
        "precision_at_5": 0.14667,
        "precision_at_10": 0.08333,
        "precision_at_20": 0.04517,
        "precision_at_100": 0.0102,
        "precision_at_1000": 0.00102,
        "mrr_at_1": 0.526667,
        "mrr_at_3": 0.601111,
        "mrr_at_5": 0.609444,
        "mrr_at_10": 0.621987,
        "mrr_at_20": 0.62704,
        "mrr_at_100": 0.630324,
        "mrr_at_1000": 0.630348,
        "nauc_ndcg_at_1_max": 0.147644,
        "nauc_ndcg_at_1_std": -0.319984,
        "nauc_ndcg_at_1_diff1": 0.640183,
        "nauc_ndcg_at_3_max": 0.209326,
        "nauc_ndcg_at_3_std": -0.346821,
        "nauc_ndcg_at_3_diff1": 0.590156,
        "nauc_ndcg_at_5_max": 0.212703,
        "nauc_ndcg_at_5_std": -0.315036,
        "nauc_ndcg_at_5_diff1": 0.584473,
        "nauc_ndcg_at_10_max": 0.220591,
        "nauc_ndcg_at_10_std": -0.29505,
        "nauc_ndcg_at_10_diff1": 0.572595,
        "nauc_ndcg_at_20_max": 0.21985,
        "nauc_ndcg_at_20_std": -0.279198,
        "nauc_ndcg_at_20_diff1": 0.569834,
        "nauc_ndcg_at_100_max": 0.209021,
        "nauc_ndcg_at_100_std": -0.304895,
        "nauc_ndcg_at_100_diff1": 0.590763,
        "nauc_ndcg_at_1000_max": 0.207407,
        "nauc_ndcg_at_1000_std": -0.306247,
        "nauc_ndcg_at_1000_diff1": 0.590194,
        "nauc_map_at_1_max": 0.136038,
        "nauc_map_at_1_std": -0.308467,
        "nauc_map_at_1_diff1": 0.63856,
        "nauc_map_at_3_max": 0.190128,
        "nauc_map_at_3_std": -0.338035,
        "nauc_map_at_3_diff1": 0.60264,
        "nauc_map_at_5_max": 0.190728,
        "nauc_map_at_5_std": -0.321854,
        "nauc_map_at_5_diff1": 0.59983,
        "nauc_map_at_10_max": 0.193996,
        "nauc_map_at_10_std": -0.314512,
        "nauc_map_at_10_diff1": 0.595876,
        "nauc_map_at_20_max": 0.193953,
        "nauc_map_at_20_std": -0.310765,
        "nauc_map_at_20_diff1": 0.59628,
        "nauc_map_at_100_max": 0.193185,
        "nauc_map_at_100_std": -0.313502,
        "nauc_map_at_100_diff1": 0.598863,
        "nauc_map_at_1000_max": 0.19312,
        "nauc_map_at_1000_std": -0.313556,
        "nauc_map_at_1000_diff1": 0.598841,
        "nauc_recall_at_1_max": 0.136038,
        "nauc_recall_at_1_std": -0.308467,
        "nauc_recall_at_1_diff1": 0.63856,
        "nauc_recall_at_3_max": 0.25704,
        "nauc_recall_at_3_std": -0.359231,
        "nauc_recall_at_3_diff1": 0.544458,
        "nauc_recall_at_5_max": 0.274786,
        "nauc_recall_at_5_std": -0.274102,
        "nauc_recall_at_5_diff1": 0.522204,
        "nauc_recall_at_10_max": 0.333578,
        "nauc_recall_at_10_std": -0.166673,
        "nauc_recall_at_10_diff1": 0.451322,
        "nauc_recall_at_20_max": 0.376364,
        "nauc_recall_at_20_std": 0.029859,
        "nauc_recall_at_20_diff1": 0.351344,
        "nauc_recall_at_100_max": 1.0,
        "nauc_recall_at_100_std": 0.358077,
        "nauc_recall_at_100_diff1": 0.869281,
        "nauc_recall_at_1000_max": NaN,
        "nauc_recall_at_1000_std": NaN,
        "nauc_recall_at_1000_diff1": NaN,
        "nauc_precision_at_1_max": 0.147644,
        "nauc_precision_at_1_std": -0.319984,
        "nauc_precision_at_1_diff1": 0.640183,
        "nauc_precision_at_3_max": 0.274935,
        "nauc_precision_at_3_std": -0.376851,
        "nauc_precision_at_3_diff1": 0.548847,
        "nauc_precision_at_5_max": 0.275927,
        "nauc_precision_at_5_std": -0.27175,
        "nauc_precision_at_5_diff1": 0.503935,
        "nauc_precision_at_10_max": 0.317875,
        "nauc_precision_at_10_std": -0.146948,
        "nauc_precision_at_10_diff1": 0.363812,
        "nauc_precision_at_20_max": 0.344702,
        "nauc_precision_at_20_std": 0.013718,
        "nauc_precision_at_20_diff1": 0.2505,
        "nauc_precision_at_100_max": 0.297687,
        "nauc_precision_at_100_std": -0.032411,
        "nauc_precision_at_100_diff1": -0.037406,
        "nauc_precision_at_1000_max": 0.240025,
        "nauc_precision_at_1000_std": -0.064472,
        "nauc_precision_at_1000_diff1": -0.111848,
        "nauc_mrr_at_1_max": 0.147644,
        "nauc_mrr_at_1_std": -0.319984,
        "nauc_mrr_at_1_diff1": 0.640183,
        "nauc_mrr_at_3_max": 0.203548,
        "nauc_mrr_at_3_std": -0.351119,
        "nauc_mrr_at_3_diff1": 0.604093,
        "nauc_mrr_at_5_max": 0.205022,
        "nauc_mrr_at_5_std": -0.330335,
        "nauc_mrr_at_5_diff1": 0.601335,
        "nauc_mrr_at_10_max": 0.20504,
        "nauc_mrr_at_10_std": -0.323871,
        "nauc_mrr_at_10_diff1": 0.596449,
        "nauc_mrr_at_20_max": 0.205166,
        "nauc_mrr_at_20_std": -0.320238,
        "nauc_mrr_at_20_diff1": 0.596864,
        "nauc_mrr_at_100_max": 0.203816,
        "nauc_mrr_at_100_std": -0.322574,
        "nauc_mrr_at_100_diff1": 0.599586,
        "nauc_mrr_at_1000_max": 0.203751,
        "nauc_mrr_at_1000_std": -0.32263,
        "nauc_mrr_at_1000_diff1": 0.599564,
        "hit_rate_at_1": 0.52667,
        "hit_rate_at_3": 0.69,
        "hit_rate_at_5": 0.72667,
        "hit_rate_at_10": 0.81333,
        "hit_rate_at_20": 0.88333,
        "hit_rate_at_100": 0.99667,
        "hit_rate_at_1000": 1.0,
        "main_score": 0.72667,
        "hf_subset": "default",
        "languages": [
          "eng-Latn"
        ],
        "mteb_version": "2.12.32"
      }
    ]
  },
  "evaluation_time": 100.40902209281921,
  "kg_co2_emissions": null,
  "date": null
}