{
  "dataset_revision": "431886eaecc48f067a3975b70d0949ea2862463c",
  "task_name": "Touche2020Retrieval.v3",
  "mteb_version": "2.12.32",
  "scores": {
    "test": [
      {
        "ndcg_at_1": 0.63265,
        "ndcg_at_3": 0.54642,
        "ndcg_at_5": 0.50476,
        "ndcg_at_10": 0.44622,
        "ndcg_at_20": 0.37869,
        "ndcg_at_100": 0.38673,
        "ndcg_at_1000": 0.43545,
        "map_at_1": 0.02529,
        "map_at_3": 0.05941,
        "map_at_5": 0.08491,
        "map_at_10": 0.1278,
        "map_at_20": 0.16598,
        "map_at_100": 0.2066,
        "map_at_1000": 0.21607,
        "recall_at_1": 0.02529,
        "recall_at_3": 0.06606,
        "recall_at_5": 0.10088,
        "recall_at_10": 0.16585,
        "recall_at_20": 0.23789,
        "recall_at_100": 0.38415,
        "recall_at_1000": 0.50828,
        "accuracy": 0.02529,
        "precision_at_1": 0.77551,
        "precision_at_3": 0.63265,
        "precision_at_5": 0.57143,
        "precision_at_10": 0.47755,
        "precision_at_20": 0.3551,
        "precision_at_100": 0.12265,
        "precision_at_1000": 0.01769,
        "mrr_at_1": 0.77551,
        "mrr_at_3": 0.840136,
        "mrr_at_5": 0.854422,
        "mrr_at_10": 0.854422,
        "mrr_at_20": 0.854422,
        "mrr_at_100": 0.85506,
        "mrr_at_1000": 0.85506,
        "nauc_ndcg_at_1_max": -0.207895,
        "nauc_ndcg_at_1_std": 0.090606,
        "nauc_ndcg_at_1_diff1": -0.024251,
        "nauc_ndcg_at_3_max": -0.265645,
        "nauc_ndcg_at_3_std": -0.007484,
        "nauc_ndcg_at_3_diff1": -0.057032,
        "nauc_ndcg_at_5_max": -0.28577,
        "nauc_ndcg_at_5_std": -0.040774,
        "nauc_ndcg_at_5_diff1": -0.068413,
        "nauc_ndcg_at_10_max": -0.17533,
        "nauc_ndcg_at_10_std": -0.084195,
        "nauc_ndcg_at_10_diff1": -0.046518,
        "nauc_ndcg_at_20_max": -0.141137,
        "nauc_ndcg_at_20_std": -0.057759,
        "nauc_ndcg_at_20_diff1": 0.019741,
        "nauc_ndcg_at_100_max": -0.180796,
        "nauc_ndcg_at_100_std": -0.077191,
        "nauc_ndcg_at_100_diff1": -0.068451,
        "nauc_ndcg_at_1000_max": -0.073468,
        "nauc_ndcg_at_1000_std": 0.060853,
        "nauc_ndcg_at_1000_diff1": -0.114539,
        "nauc_map_at_1_max": -0.226618,
        "nauc_map_at_1_std": -0.173627,
        "nauc_map_at_1_diff1": 0.094016,
        "nauc_map_at_3_max": -0.33165,
        "nauc_map_at_3_std": -0.304747,
        "nauc_map_at_3_diff1": 0.048139,
        "nauc_map_at_5_max": -0.32757,
        "nauc_map_at_5_std": -0.295261,
        "nauc_map_at_5_diff1": 0.059135,
        "nauc_map_at_10_max": -0.260227,
        "nauc_map_at_10_std": -0.286604,
        "nauc_map_at_10_diff1": 0.061546,
        "nauc_map_at_20_max": -0.208418,
        "nauc_map_at_20_std": -0.235554,
        "nauc_map_at_20_diff1": 0.060399,
        "nauc_map_at_100_max": -0.164412,
        "nauc_map_at_100_std": -0.175309,
        "nauc_map_at_100_diff1": -0.001054,
        "nauc_map_at_1000_max": -0.134615,
        "nauc_map_at_1000_std": -0.145921,
        "nauc_map_at_1000_diff1": -0.010127,
        "nauc_recall_at_1_max": -0.226618,
        "nauc_recall_at_1_std": -0.173627,
        "nauc_recall_at_1_diff1": 0.094016,
        "nauc_recall_at_3_max": -0.312161,
        "nauc_recall_at_3_std": -0.320729,
        "nauc_recall_at_3_diff1": 0.022897,
        "nauc_recall_at_5_max": -0.293818,
        "nauc_recall_at_5_std": -0.298405,
        "nauc_recall_at_5_diff1": 0.038706,
        "nauc_recall_at_10_max": -0.206976,
        "nauc_recall_at_10_std": -0.28245,
        "nauc_recall_at_10_diff1": 0.047767,
        "nauc_recall_at_20_max": -0.157642,
        "nauc_recall_at_20_std": -0.208104,
        "nauc_recall_at_20_diff1": 0.037722,
        "nauc_recall_at_100_max": -0.118446,
        "nauc_recall_at_100_std": -0.088609,
        "nauc_recall_at_100_diff1": -0.117181,
        "nauc_recall_at_1000_max": 0.171086,
        "nauc_recall_at_1000_std": 0.217789,
        "nauc_recall_at_1000_diff1": -0.24216,
        "nauc_precision_at_1_max": -0.185103,
        "nauc_precision_at_1_std": 0.003979,
        "nauc_precision_at_1_diff1": -0.069933,
        "nauc_precision_at_3_max": -0.236212,
        "nauc_precision_at_3_std": -0.15597,
        "nauc_precision_at_3_diff1": -0.075412,
        "nauc_precision_at_5_max": -0.27031,
        "nauc_precision_at_5_std": -0.163518,
        "nauc_precision_at_5_diff1": 0.003217,
        "nauc_precision_at_10_max": -0.085585,
        "nauc_precision_at_10_std": -0.154224,
        "nauc_precision_at_10_diff1": 0.026135,
        "nauc_precision_at_20_max": 0.056203,
        "nauc_precision_at_20_std": -0.008666,
        "nauc_precision_at_20_diff1": 0.021717,
        "nauc_precision_at_100_max": 0.342613,
        "nauc_precision_at_100_std": 0.308326,
        "nauc_precision_at_100_diff1": -0.206633,
        "nauc_precision_at_1000_max": 0.506236,
        "nauc_precision_at_1000_std": 0.442386,
        "nauc_precision_at_1000_diff1": -0.139605,
        "nauc_mrr_at_1_max": -0.185103,
        "nauc_mrr_at_1_std": 0.003979,
        "nauc_mrr_at_1_diff1": -0.069933,
        "nauc_mrr_at_3_max": -0.284836,
        "nauc_mrr_at_3_std": -0.035347,
        "nauc_mrr_at_3_diff1": -0.08747,
        "nauc_mrr_at_5_max": -0.220246,
        "nauc_mrr_at_5_std": 0.005102,
        "nauc_mrr_at_5_diff1": -0.138019,
        "nauc_mrr_at_10_max": -0.220246,
        "nauc_mrr_at_10_std": 0.005102,
        "nauc_mrr_at_10_diff1": -0.138019,
        "nauc_mrr_at_20_max": -0.220246,
        "nauc_mrr_at_20_std": 0.005102,
        "nauc_mrr_at_20_diff1": -0.138019,
        "nauc_mrr_at_100_max": -0.225393,
        "nauc_mrr_at_100_std": 0.000401,
        "nauc_mrr_at_100_diff1": -0.133346,
        "nauc_mrr_at_1000_max": -0.225393,
        "nauc_mrr_at_1000_std": 0.000401,
        "nauc_mrr_at_1000_diff1": -0.133346,
        "hit_rate_at_1": 0.77551,
        "hit_rate_at_3": 0.91837,
        "hit_rate_at_5": 0.97959,
        "hit_rate_at_10": 0.97959,
        "hit_rate_at_20": 0.97959,
        "hit_rate_at_100": 1.0,
        "hit_rate_at_1000": 1.0,
        "main_score": 0.44622,
        "hf_subset": "default",
        "languages": [
          "eng-Latn"
        ],
        "mteb_version": "2.12.32"
      }
    ]
  },
  "evaluation_time": 25897.463615894318,
  "kg_co2_emissions": null,
  "date": null
}