{
  "dataset_revision": "bb9466bac8153a0349341eb1b22e06409e78ef4e",
  "task_name": "TRECCOVID",
  "mteb_version": "2.12.32",
  "scores": {
    "test": [
      {
        "ndcg_at_1": 0.83,
        "ndcg_at_3": 0.84346,
        "ndcg_at_5": 0.82864,
        "ndcg_at_10": 0.79441,
        "ndcg_at_20": 0.76615,
        "ndcg_at_100": 0.63263,
        "ndcg_at_1000": 0.53431,
        "map_at_1": 0.00229,
        "map_at_3": 0.00689,
        "map_at_5": 0.01109,
        "map_at_10": 0.02004,
        "map_at_20": 0.03709,
        "map_at_100": 0.12698,
        "map_at_1000": 0.28739,
        "recall_at_1": 0.00229,
        "recall_at_3": 0.00717,
        "recall_at_5": 0.01165,
        "recall_at_10": 0.02156,
        "recall_at_20": 0.04176,
        "recall_at_100": 0.1582,
        "recall_at_1000": 0.49806,
        "accuracy": 0.00229,
        "precision_at_1": 0.86,
        "precision_at_3": 0.89333,
        "precision_at_5": 0.876,
        "precision_at_10": 0.832,
        "precision_at_20": 0.808,
        "precision_at_100": 0.655,
        "precision_at_1000": 0.23394,
        "mrr_at_1": 0.86,
        "mrr_at_3": 0.91,
        "mrr_at_5": 0.91,
        "mrr_at_10": 0.9125,
        "mrr_at_20": 0.9125,
        "mrr_at_100": 0.9125,
        "mrr_at_1000": 0.9125,
        "nauc_ndcg_at_1_max": 0.236721,
        "nauc_ndcg_at_1_std": 0.21417,
        "nauc_ndcg_at_1_diff1": 0.11363,
        "nauc_ndcg_at_3_max": 0.208886,
        "nauc_ndcg_at_3_std": 0.414183,
        "nauc_ndcg_at_3_diff1": 0.036357,
        "nauc_ndcg_at_5_max": 0.237091,
        "nauc_ndcg_at_5_std": 0.566159,
        "nauc_ndcg_at_5_diff1": 0.09524,
        "nauc_ndcg_at_10_max": 0.29253,
        "nauc_ndcg_at_10_std": 0.546799,
        "nauc_ndcg_at_10_diff1": 0.043225,
        "nauc_ndcg_at_20_max": 0.192774,
        "nauc_ndcg_at_20_std": 0.610258,
        "nauc_ndcg_at_20_diff1": -0.074409,
        "nauc_ndcg_at_100_max": 0.185096,
        "nauc_ndcg_at_100_std": 0.700713,
        "nauc_ndcg_at_100_diff1": -0.189095,
        "nauc_ndcg_at_1000_max": 0.056437,
        "nauc_ndcg_at_1000_std": 0.687939,
        "nauc_ndcg_at_1000_diff1": 0.013834,
        "nauc_map_at_1_max": -0.056577,
        "nauc_map_at_1_std": -0.039989,
        "nauc_map_at_1_diff1": 0.369498,
        "nauc_map_at_3_max": -0.047016,
        "nauc_map_at_3_std": -0.046923,
        "nauc_map_at_3_diff1": 0.395227,
        "nauc_map_at_5_max": -0.043688,
        "nauc_map_at_5_std": 0.01843,
        "nauc_map_at_5_diff1": 0.405995,
        "nauc_map_at_10_max": 0.012585,
        "nauc_map_at_10_std": 0.063903,
        "nauc_map_at_10_diff1": 0.380447,
        "nauc_map_at_20_max": -0.028168,
        "nauc_map_at_20_std": 0.128943,
        "nauc_map_at_20_diff1": 0.327497,
        "nauc_map_at_100_max": 0.021622,
        "nauc_map_at_100_std": 0.475364,
        "nauc_map_at_100_diff1": 0.094914,
        "nauc_map_at_1000_max": 0.056226,
        "nauc_map_at_1000_std": 0.726546,
        "nauc_map_at_1000_diff1": -0.056211,
        "nauc_recall_at_1_max": -0.056577,
        "nauc_recall_at_1_std": -0.039989,
        "nauc_recall_at_1_diff1": 0.369498,
        "nauc_recall_at_3_max": -0.061253,
        "nauc_recall_at_3_std": -0.077589,
        "nauc_recall_at_3_diff1": 0.420782,
        "nauc_recall_at_5_max": -0.060019,
        "nauc_recall_at_5_std": -0.010205,
        "nauc_recall_at_5_diff1": 0.428744,
        "nauc_recall_at_10_max": -0.019723,
        "nauc_recall_at_10_std": 0.007906,
        "nauc_recall_at_10_diff1": 0.39763,
        "nauc_recall_at_20_max": -0.093347,
        "nauc_recall_at_20_std": 0.032119,
        "nauc_recall_at_20_diff1": 0.337418,
        "nauc_recall_at_100_max": -0.059678,
        "nauc_recall_at_100_std": 0.310905,
        "nauc_recall_at_100_diff1": 0.179167,
        "nauc_recall_at_1000_max": -0.046009,
        "nauc_recall_at_1000_std": 0.58446,
        "nauc_recall_at_1000_diff1": 0.061213,
        "nauc_precision_at_1_max": 0.240197,
        "nauc_precision_at_1_std": 0.273382,
        "nauc_precision_at_1_diff1": 0.1272,
        "nauc_precision_at_3_max": 0.371806,
        "nauc_precision_at_3_std": 0.37211,
        "nauc_precision_at_3_diff1": 0.160684,
        "nauc_precision_at_5_max": 0.416247,
        "nauc_precision_at_5_std": 0.638535,
        "nauc_precision_at_5_diff1": 0.22004,
        "nauc_precision_at_10_max": 0.457533,
        "nauc_precision_at_10_std": 0.538731,
        "nauc_precision_at_10_diff1": 0.100567,
        "nauc_precision_at_20_max": 0.251983,
        "nauc_precision_at_20_std": 0.573347,
        "nauc_precision_at_20_diff1": -0.02131,
        "nauc_precision_at_100_max": 0.194364,
        "nauc_precision_at_100_std": 0.676736,
        "nauc_precision_at_100_diff1": -0.181409,
        "nauc_precision_at_1000_max": 0.089553,
        "nauc_precision_at_1000_std": 0.387667,
        "nauc_precision_at_1000_diff1": -0.212844,
        "nauc_mrr_at_1_max": 0.240197,
        "nauc_mrr_at_1_std": 0.273382,
        "nauc_mrr_at_1_diff1": 0.1272,
        "nauc_mrr_at_3_max": 0.359066,
        "nauc_mrr_at_3_std": 0.424102,
        "nauc_mrr_at_3_diff1": 0.28128,
        "nauc_mrr_at_5_max": 0.359066,
        "nauc_mrr_at_5_std": 0.424102,
        "nauc_mrr_at_5_diff1": 0.28128,
        "nauc_mrr_at_10_max": 0.34404,
        "nauc_mrr_at_10_std": 0.407141,
        "nauc_mrr_at_10_diff1": 0.260113,
        "nauc_mrr_at_20_max": 0.34404,
        "nauc_mrr_at_20_std": 0.407141,
        "nauc_mrr_at_20_diff1": 0.260113,
        "nauc_mrr_at_100_max": 0.34404,
        "nauc_mrr_at_100_std": 0.407141,
        "nauc_mrr_at_100_diff1": 0.260113,
        "nauc_mrr_at_1000_max": 0.34404,
        "nauc_mrr_at_1000_std": 0.407141,
        "nauc_mrr_at_1000_diff1": 0.260113,
        "hit_rate_at_1": 0.86,
        "hit_rate_at_3": 0.98,
        "hit_rate_at_5": 0.98,
        "hit_rate_at_10": 1.0,
        "hit_rate_at_20": 1.0,
        "hit_rate_at_100": 1.0,
        "hit_rate_at_1000": 1.0,
        "main_score": 0.79441,
        "hf_subset": "default",
        "languages": [
          "eng-Latn"
        ],
        "mteb_version": "2.12.32"
      }
    ]
  },
  "evaluation_time": 14273.434961795807,
  "kg_co2_emissions": null,
  "date": null
}