{
  "dataset_revision": "d50fd1daded60cf136b82d845b9bda65b8b2376e",
  "task_name": "UrbanSound8KT2ARetrieval",
  "mteb_version": "2.12.32",
  "scores": {
    "test": [
      {
        "ndcg_at_1": 0.00157,
        "ndcg_at_3": 0.00347,
        "ndcg_at_5": 0.00499,
        "ndcg_at_10": 0.00776,
        "ndcg_at_20": 0.01203,
        "ndcg_at_100": 0.03578,
        "ndcg_at_1000": 0.11447,
        "map_at_1": 0.00157,
        "map_at_3": 0.00298,
        "map_at_5": 0.00381,
        "map_at_10": 0.00494,
        "map_at_20": 0.00608,
        "map_at_100": 0.00882,
        "map_at_1000": 0.01115,
        "recall_at_1": 0.00157,
        "recall_at_3": 0.00491,
        "recall_at_5": 0.00864,
        "recall_at_10": 0.01729,
        "recall_at_20": 0.03438,
        "recall_at_100": 0.17073,
        "recall_at_1000": 0.82417,
        "accuracy": 0.00157,
        "precision_at_1": 0.00157,
        "precision_at_3": 0.00164,
        "precision_at_5": 0.00173,
        "precision_at_10": 0.00173,
        "precision_at_20": 0.00172,
        "precision_at_100": 0.00171,
        "precision_at_1000": 0.00082,
        "mrr_at_1": 0.001572,
        "mrr_at_3": 0.00298,
        "mrr_at_5": 0.003815,
        "mrr_at_10": 0.004938,
        "mrr_at_20": 0.006081,
        "mrr_at_100": 0.008823,
        "mrr_at_1000": 0.011149,
        "nauc_ndcg_at_1_max": 0.041924,
        "nauc_ndcg_at_1_std": 0.151563,
        "nauc_ndcg_at_1_diff1": -0.155386,
        "nauc_ndcg_at_3_max": -0.002205,
        "nauc_ndcg_at_3_std": 0.153652,
        "nauc_ndcg_at_3_diff1": -0.128254,
        "nauc_ndcg_at_5_max": -0.003959,
        "nauc_ndcg_at_5_std": 0.138089,
        "nauc_ndcg_at_5_diff1": -0.063114,
        "nauc_ndcg_at_10_max": -0.015079,
        "nauc_ndcg_at_10_std": 0.139225,
        "nauc_ndcg_at_10_diff1": -0.041177,
        "nauc_ndcg_at_20_max": -0.014394,
        "nauc_ndcg_at_20_std": 0.132216,
        "nauc_ndcg_at_20_diff1": -0.040299,
        "nauc_ndcg_at_100_max": -0.037289,
        "nauc_ndcg_at_100_std": 0.147734,
        "nauc_ndcg_at_100_diff1": -0.027537,
        "nauc_ndcg_at_1000_max": -0.03899,
        "nauc_ndcg_at_1000_std": 0.265777,
        "nauc_ndcg_at_1000_diff1": -0.006355,
        "nauc_map_at_1_max": 0.041924,
        "nauc_map_at_1_std": 0.151563,
        "nauc_map_at_1_diff1": -0.155386,
        "nauc_map_at_3_max": 0.00529,
        "nauc_map_at_3_std": 0.151729,
        "nauc_map_at_3_diff1": -0.12912,
        "nauc_map_at_5_max": 0.002166,
        "nauc_map_at_5_std": 0.14076,
        "nauc_map_at_5_diff1": -0.081642,
        "nauc_map_at_10_max": -0.006228,
        "nauc_map_at_10_std": 0.140681,
        "nauc_map_at_10_diff1": -0.06322,
        "nauc_map_at_20_max": -0.008128,
        "nauc_map_at_20_std": 0.137006,
        "nauc_map_at_20_diff1": -0.058897,
        "nauc_map_at_100_max": -0.019109,
        "nauc_map_at_100_std": 0.139264,
        "nauc_map_at_100_diff1": -0.046854,
        "nauc_map_at_1000_max": -0.020212,
        "nauc_map_at_1000_std": 0.157665,
        "nauc_map_at_1000_diff1": -0.046029,
        "nauc_recall_at_1_max": 0.041924,
        "nauc_recall_at_1_std": 0.151563,
        "nauc_recall_at_1_diff1": -0.155386,
        "nauc_recall_at_3_max": -0.015798,
        "nauc_recall_at_3_std": 0.157435,
        "nauc_recall_at_3_diff1": -0.127384,
        "nauc_recall_at_5_max": -0.012007,
        "nauc_recall_at_5_std": 0.13412,
        "nauc_recall_at_5_diff1": -0.036308,
        "nauc_recall_at_10_max": -0.023785,
        "nauc_recall_at_10_std": 0.138034,
        "nauc_recall_at_10_diff1": -0.01934,
        "nauc_recall_at_20_max": -0.017672,
        "nauc_recall_at_20_std": 0.128347,
        "nauc_recall_at_20_diff1": -0.028599,
        "nauc_recall_at_100_max": -0.04444,
        "nauc_recall_at_100_std": 0.153799,
        "nauc_recall_at_100_diff1": -0.02265,
        "nauc_recall_at_1000_max": -0.054433,
        "nauc_recall_at_1000_std": 0.402307,
        "nauc_recall_at_1000_diff1": 0.039446,
        "nauc_precision_at_1_max": 0.041924,
        "nauc_precision_at_1_std": 0.151563,
        "nauc_precision_at_1_diff1": -0.155386,
        "nauc_precision_at_3_max": -0.015798,
        "nauc_precision_at_3_std": 0.157435,
        "nauc_precision_at_3_diff1": -0.127384,
        "nauc_precision_at_5_max": -0.012007,
        "nauc_precision_at_5_std": 0.13412,
        "nauc_precision_at_5_diff1": -0.036308,
        "nauc_precision_at_10_max": -0.023785,
        "nauc_precision_at_10_std": 0.138034,
        "nauc_precision_at_10_diff1": -0.01934,
        "nauc_precision_at_20_max": -0.017672,
        "nauc_precision_at_20_std": 0.128347,
        "nauc_precision_at_20_diff1": -0.028599,
        "nauc_precision_at_100_max": -0.04444,
        "nauc_precision_at_100_std": 0.153799,
        "nauc_precision_at_100_diff1": -0.02265,
        "nauc_precision_at_1000_max": -0.054433,
        "nauc_precision_at_1000_std": 0.402307,
        "nauc_precision_at_1000_diff1": 0.039446,
        "nauc_mrr_at_1_max": 0.041924,
        "nauc_mrr_at_1_std": 0.151563,
        "nauc_mrr_at_1_diff1": -0.155386,
        "nauc_mrr_at_3_max": 0.00529,
        "nauc_mrr_at_3_std": 0.151729,
        "nauc_mrr_at_3_diff1": -0.12912,
        "nauc_mrr_at_5_max": 0.002166,
        "nauc_mrr_at_5_std": 0.14076,
        "nauc_mrr_at_5_diff1": -0.081642,
        "nauc_mrr_at_10_max": -0.006228,
        "nauc_mrr_at_10_std": 0.140681,
        "nauc_mrr_at_10_diff1": -0.06322,
        "nauc_mrr_at_20_max": -0.008128,
        "nauc_mrr_at_20_std": 0.137006,
        "nauc_mrr_at_20_diff1": -0.058897,
        "nauc_mrr_at_100_max": -0.019109,
        "nauc_mrr_at_100_std": 0.139264,
        "nauc_mrr_at_100_diff1": -0.046854,
        "nauc_mrr_at_1000_max": -0.020213,
        "nauc_mrr_at_1000_std": 0.157665,
        "nauc_mrr_at_1000_diff1": -0.046029,
        "hit_rate_at_1": 0.00157,
        "hit_rate_at_3": 0.00491,
        "hit_rate_at_5": 0.00864,
        "hit_rate_at_10": 0.01729,
        "hit_rate_at_20": 0.03438,
        "hit_rate_at_100": 0.17073,
        "hit_rate_at_1000": 0.82417,
        "main_score": 0.00864,
        "hf_subset": "default",
        "languages": [
          "zxx-Zxxx"
        ],
        "mteb_version": "2.12.32"
      }
    ]
  },
  "evaluation_time": 1601.7615976333618,
  "kg_co2_emissions": null,
  "date": null
}