{
  "dataset_revision": "78e6f5ad3bbc1af50ae9c0f006f57462213269fb",
  "task_name": "VidoreShiftProjectRetrieval",
  "mteb_version": "2.12.32",
  "scores": {
    "test": [
      {
        "ndcg_at_1": 0.64,
        "ndcg_at_3": 0.76095,
        "ndcg_at_5": 0.80226,
        "ndcg_at_10": 0.81495,
        "ndcg_at_20": 0.81751,
        "ndcg_at_100": 0.81908,
        "ndcg_at_1000": 0.81908,
        "map_at_1": 0.64,
        "map_at_3": 0.73333,
        "map_at_5": 0.75633,
        "map_at_10": 0.76141,
        "map_at_20": 0.76213,
        "map_at_100": 0.76225,
        "map_at_1000": 0.76225,
        "recall_at_1": 0.64,
        "recall_at_3": 0.84,
        "recall_at_5": 0.94,
        "recall_at_10": 0.98,
        "recall_at_20": 0.99,
        "recall_at_100": 1.0,
        "recall_at_1000": 1.0,
        "accuracy": 0.64,
        "precision_at_1": 0.64,
        "precision_at_3": 0.28,
        "precision_at_5": 0.188,
        "precision_at_10": 0.098,
        "precision_at_20": 0.0495,
        "precision_at_100": 0.01,
        "precision_at_1000": 0.001,
        "mrr_at_1": 0.64,
        "mrr_at_3": 0.733333,
        "mrr_at_5": 0.756333,
        "mrr_at_10": 0.761413,
        "mrr_at_20": 0.762127,
        "mrr_at_100": 0.762249,
        "mrr_at_1000": 0.762249,
        "nauc_ndcg_at_1_max": -0.266509,
        "nauc_ndcg_at_1_std": -0.55494,
        "nauc_ndcg_at_1_diff1": 0.812141,
        "nauc_ndcg_at_3_max": -0.427568,
        "nauc_ndcg_at_3_std": -0.736688,
        "nauc_ndcg_at_3_diff1": 0.751565,
        "nauc_ndcg_at_5_max": -0.376308,
        "nauc_ndcg_at_5_std": -0.60224,
        "nauc_ndcg_at_5_diff1": 0.779617,
        "nauc_ndcg_at_10_max": -0.372357,
        "nauc_ndcg_at_10_std": -0.587633,
        "nauc_ndcg_at_10_diff1": 0.789752,
        "nauc_ndcg_at_20_max": -0.349815,
        "nauc_ndcg_at_20_std": -0.606453,
        "nauc_ndcg_at_20_diff1": 0.786287,
        "nauc_ndcg_at_100_max": -0.363589,
        "nauc_ndcg_at_100_std": -0.613895,
        "nauc_ndcg_at_100_diff1": 0.784106,
        "nauc_ndcg_at_1000_max": -0.363589,
        "nauc_ndcg_at_1000_std": -0.613895,
        "nauc_ndcg_at_1000_diff1": 0.784106,
        "nauc_map_at_1_max": -0.266509,
        "nauc_map_at_1_std": -0.55494,
        "nauc_map_at_1_diff1": 0.812141,
        "nauc_map_at_3_max": -0.389373,
        "nauc_map_at_3_std": -0.679988,
        "nauc_map_at_3_diff1": 0.769149,
        "nauc_map_at_5_max": -0.364488,
        "nauc_map_at_5_std": -0.612144,
        "nauc_map_at_5_diff1": 0.783067,
        "nauc_map_at_10_max": -0.364764,
        "nauc_map_at_10_std": -0.609517,
        "nauc_map_at_10_diff1": 0.786046,
        "nauc_map_at_20_max": -0.359883,
        "nauc_map_at_20_std": -0.613647,
        "nauc_map_at_20_diff1": 0.785286,
        "nauc_map_at_100_max": -0.360707,
        "nauc_map_at_100_std": -0.614093,
        "nauc_map_at_100_diff1": 0.785156,
        "nauc_map_at_1000_max": -0.360707,
        "nauc_map_at_1000_std": -0.614093,
        "nauc_map_at_1000_diff1": 0.785156,
        "nauc_recall_at_1_max": -0.266509,
        "nauc_recall_at_1_std": -0.55494,
        "nauc_recall_at_1_diff1": 0.812141,
        "nauc_recall_at_3_max": -0.585604,
        "nauc_recall_at_3_std": -0.982266,
        "nauc_recall_at_3_diff1": 0.676209,
        "nauc_recall_at_5_max": -0.439932,
        "nauc_recall_at_5_std": -0.44071,
        "nauc_recall_at_5_diff1": 0.763928,
        "nauc_recall_at_10_max": -0.369981,
        "nauc_recall_at_10_std": 0.338469,
        "nauc_recall_at_10_diff1": 1.0,
        "nauc_recall_at_20_max": 1.0,
        "nauc_recall_at_20_std": 0.122782,
        "nauc_recall_at_20_diff1": 1.0,
        "nauc_recall_at_100_max": NaN,
        "nauc_recall_at_100_std": NaN,
        "nauc_recall_at_100_diff1": NaN,
        "nauc_recall_at_1000_max": NaN,
        "nauc_recall_at_1000_std": NaN,
        "nauc_recall_at_1000_diff1": NaN,
        "nauc_precision_at_1_max": -0.266509,
        "nauc_precision_at_1_std": -0.55494,
        "nauc_precision_at_1_diff1": 0.812141,
        "nauc_precision_at_3_max": -0.585604,
        "nauc_precision_at_3_std": -0.982266,
        "nauc_precision_at_3_diff1": 0.676209,
        "nauc_precision_at_5_max": -0.439932,
        "nauc_precision_at_5_std": -0.44071,
        "nauc_precision_at_5_diff1": 0.763928,
        "nauc_precision_at_10_max": -0.369981,
        "nauc_precision_at_10_std": 0.338469,
        "nauc_precision_at_10_diff1": 1.0,
        "nauc_precision_at_20_max": 1.0,
        "nauc_precision_at_20_std": 0.122782,
        "nauc_precision_at_20_diff1": 1.0,
        "nauc_precision_at_100_max": NaN,
        "nauc_precision_at_100_std": NaN,
        "nauc_precision_at_100_diff1": NaN,
        "nauc_precision_at_1000_max": NaN,
        "nauc_precision_at_1000_std": NaN,
        "nauc_precision_at_1000_diff1": NaN,
        "nauc_mrr_at_1_max": -0.266509,
        "nauc_mrr_at_1_std": -0.55494,
        "nauc_mrr_at_1_diff1": 0.812141,
        "nauc_mrr_at_3_max": -0.389373,
        "nauc_mrr_at_3_std": -0.679988,
        "nauc_mrr_at_3_diff1": 0.769149,
        "nauc_mrr_at_5_max": -0.364488,
        "nauc_mrr_at_5_std": -0.612144,
        "nauc_mrr_at_5_diff1": 0.783067,
        "nauc_mrr_at_10_max": -0.364764,
        "nauc_mrr_at_10_std": -0.609517,
        "nauc_mrr_at_10_diff1": 0.786046,
        "nauc_mrr_at_20_max": -0.359883,
        "nauc_mrr_at_20_std": -0.613647,
        "nauc_mrr_at_20_diff1": 0.785286,
        "nauc_mrr_at_100_max": -0.360707,
        "nauc_mrr_at_100_std": -0.614093,
        "nauc_mrr_at_100_diff1": 0.785156,
        "nauc_mrr_at_1000_max": -0.360707,
        "nauc_mrr_at_1000_std": -0.614093,
        "nauc_mrr_at_1000_diff1": 0.785156,
        "hit_rate_at_1": 0.64,
        "hit_rate_at_3": 0.84,
        "hit_rate_at_5": 0.94,
        "hit_rate_at_10": 0.98,
        "hit_rate_at_20": 0.99,
        "hit_rate_at_100": 1.0,
        "hit_rate_at_1000": 1.0,
        "main_score": 0.80226,
        "hf_subset": "default",
        "languages": [
          "eng-Latn"
        ],
        "mteb_version": "2.12.32"
      }
    ]
  },
  "evaluation_time": 950.3438167572021,
  "kg_co2_emissions": null,
  "date": null
}