{
  "dataset_revision": "dc7924ec102addd7f85c1ccfdd8625848179f615",
  "task_name": "VidoreTatdqaRetrieval",
  "mteb_version": "2.12.32",
  "scores": {
    "test": [
      {
        "ndcg_at_1": 0.4842,
        "ndcg_at_3": 0.59157,
        "ndcg_at_5": 0.62625,
        "ndcg_at_10": 0.65311,
        "ndcg_at_20": 0.67106,
        "ndcg_at_100": 0.6846,
        "ndcg_at_1000": 0.68822,
        "map_at_1": 0.48299,
        "map_at_3": 0.56511,
        "map_at_5": 0.58465,
        "map_at_10": 0.59589,
        "map_at_20": 0.60097,
        "map_at_100": 0.60291,
        "map_at_1000": 0.60309,
        "recall_at_1": 0.48299,
        "recall_at_3": 0.66707,
        "recall_at_5": 0.7503,
        "recall_at_10": 0.83262,
        "recall_at_20": 0.90249,
        "recall_at_100": 0.97388,
        "recall_at_1000": 1.0,
        "accuracy": 0.48299,
        "precision_at_1": 0.4842,
        "precision_at_3": 0.22296,
        "precision_at_5": 0.15067,
        "precision_at_10": 0.0836,
        "precision_at_20": 0.04529,
        "precision_at_100": 0.00981,
        "precision_at_1000": 0.00101,
        "mrr_at_1": 0.484204,
        "mrr_at_3": 0.56612,
        "mrr_at_5": 0.585348,
        "mrr_at_10": 0.596512,
        "mrr_at_20": 0.601585,
        "mrr_at_100": 0.603531,
        "mrr_at_1000": 0.603692,
        "nauc_ndcg_at_1_max": -0.132566,
        "nauc_ndcg_at_1_std": -0.033567,
        "nauc_ndcg_at_1_diff1": 0.706831,
        "nauc_ndcg_at_3_max": -0.139246,
        "nauc_ndcg_at_3_std": -0.020594,
        "nauc_ndcg_at_3_diff1": 0.642611,
        "nauc_ndcg_at_5_max": -0.136,
        "nauc_ndcg_at_5_std": 0.003308,
        "nauc_ndcg_at_5_diff1": 0.634634,
        "nauc_ndcg_at_10_max": -0.126676,
        "nauc_ndcg_at_10_std": 0.008319,
        "nauc_ndcg_at_10_diff1": 0.637105,
        "nauc_ndcg_at_20_max": -0.121899,
        "nauc_ndcg_at_20_std": 0.018049,
        "nauc_ndcg_at_20_diff1": 0.63874,
        "nauc_ndcg_at_100_max": -0.11988,
        "nauc_ndcg_at_100_std": 0.00618,
        "nauc_ndcg_at_100_diff1": 0.647615,
        "nauc_ndcg_at_1000_max": -0.126989,
        "nauc_ndcg_at_1000_std": 1.4e-05,
        "nauc_ndcg_at_1000_diff1": 0.649554,
        "nauc_map_at_1_max": -0.132996,
        "nauc_map_at_1_std": -0.034682,
        "nauc_map_at_1_diff1": 0.707721,
        "nauc_map_at_3_max": -0.136791,
        "nauc_map_at_3_std": -0.023599,
        "nauc_map_at_3_diff1": 0.658626,
        "nauc_map_at_5_max": -0.13515,
        "nauc_map_at_5_std": -0.011016,
        "nauc_map_at_5_diff1": 0.655013,
        "nauc_map_at_10_max": -0.131749,
        "nauc_map_at_10_std": -0.009699,
        "nauc_map_at_10_diff1": 0.656362,
        "nauc_map_at_20_max": -0.130516,
        "nauc_map_at_20_std": -0.007455,
        "nauc_map_at_20_diff1": 0.656957,
        "nauc_map_at_100_max": -0.130257,
        "nauc_map_at_100_std": -0.00884,
        "nauc_map_at_100_diff1": 0.65805,
        "nauc_map_at_1000_max": -0.130564,
        "nauc_map_at_1000_std": -0.009115,
        "nauc_map_at_1000_diff1": 0.658115,
        "nauc_recall_at_1_max": -0.132996,
        "nauc_recall_at_1_std": -0.034682,
        "nauc_recall_at_1_diff1": 0.707721,
        "nauc_recall_at_3_max": -0.147037,
        "nauc_recall_at_3_std": -0.011548,
        "nauc_recall_at_3_diff1": 0.588969,
        "nauc_recall_at_5_max": -0.139391,
        "nauc_recall_at_5_std": 0.063781,
        "nauc_recall_at_5_diff1": 0.552567,
        "nauc_recall_at_10_max": -0.091947,
        "nauc_recall_at_10_std": 0.115029,
        "nauc_recall_at_10_diff1": 0.533338,
        "nauc_recall_at_20_max": -0.026092,
        "nauc_recall_at_20_std": 0.275064,
        "nauc_recall_at_20_diff1": 0.486424,
        "nauc_recall_at_100_max": 0.330653,
        "nauc_recall_at_100_std": 0.394826,
        "nauc_recall_at_100_diff1": 0.5122,
        "nauc_recall_at_1000_max": NaN,
        "nauc_recall_at_1000_std": NaN,
        "nauc_recall_at_1000_diff1": NaN,
        "nauc_precision_at_1_max": -0.132566,
        "nauc_precision_at_1_std": -0.033567,
        "nauc_precision_at_1_diff1": 0.706831,
        "nauc_precision_at_3_max": -0.142415,
        "nauc_precision_at_3_std": -0.009617,
        "nauc_precision_at_3_diff1": 0.586476,
        "nauc_precision_at_5_max": -0.132463,
        "nauc_precision_at_5_std": 0.065584,
        "nauc_precision_at_5_diff1": 0.539423,
        "nauc_precision_at_10_max": -0.081713,
        "nauc_precision_at_10_std": 0.114809,
        "nauc_precision_at_10_diff1": 0.510223,
        "nauc_precision_at_20_max": -0.012988,
        "nauc_precision_at_20_std": 0.266983,
        "nauc_precision_at_20_diff1": 0.452009,
        "nauc_precision_at_100_max": 0.202526,
        "nauc_precision_at_100_std": 0.193151,
        "nauc_precision_at_100_diff1": 0.238059,
        "nauc_precision_at_1000_max": -0.209207,
        "nauc_precision_at_1000_std": -0.344057,
        "nauc_precision_at_1000_diff1": -0.419718,
        "nauc_mrr_at_1_max": -0.132566,
        "nauc_mrr_at_1_std": -0.033567,
        "nauc_mrr_at_1_diff1": 0.706831,
        "nauc_mrr_at_3_max": -0.137428,
        "nauc_mrr_at_3_std": -0.022941,
        "nauc_mrr_at_3_diff1": 0.658526,
        "nauc_mrr_at_5_max": -0.135129,
        "nauc_mrr_at_5_std": -0.010623,
        "nauc_mrr_at_5_diff1": 0.655003,
        "nauc_mrr_at_10_max": -0.131844,
        "nauc_mrr_at_10_std": -0.009201,
        "nauc_mrr_at_10_diff1": 0.656416,
        "nauc_mrr_at_20_max": -0.130613,
        "nauc_mrr_at_20_std": -0.006948,
        "nauc_mrr_at_20_diff1": 0.657012,
        "nauc_mrr_at_100_max": -0.130399,
        "nauc_mrr_at_100_std": -0.008345,
        "nauc_mrr_at_100_diff1": 0.65808,
        "nauc_mrr_at_1000_max": -0.130643,
        "nauc_mrr_at_1000_std": -0.008555,
        "nauc_mrr_at_1000_diff1": 0.658166,
        "hit_rate_at_1": 0.4842,
        "hit_rate_at_3": 0.66829,
        "hit_rate_at_5": 0.75091,
        "hit_rate_at_10": 0.83293,
        "hit_rate_at_20": 0.90279,
        "hit_rate_at_100": 0.97448,
        "hit_rate_at_1000": 1.0,
        "main_score": 0.62625,
        "hf_subset": "default",
        "languages": [
          "eng-Latn"
        ],
        "mteb_version": "2.12.32"
      }
    ]
  },
  "evaluation_time": 247.0980839729309,
  "kg_co2_emissions": null,
  "date": null
}