{
  "dataset_revision": "74d396242cc281c021eeb38d0ee5f6f30afc1fad",
  "task_name": "VidoreInfoVQARetrieval",
  "mteb_version": "2.12.32",
  "scores": {
    "test": [
      {
        "ndcg_at_1": 0.8502,
        "ndcg_at_3": 0.88975,
        "ndcg_at_5": 0.90509,
        "ndcg_at_10": 0.91014,
        "ndcg_at_20": 0.91372,
        "ndcg_at_100": 0.91512,
        "ndcg_at_1000": 0.91664,
        "map_at_1": 0.8502,
        "map_at_3": 0.8809,
        "map_at_5": 0.88925,
        "map_at_10": 0.89149,
        "map_at_20": 0.89247,
        "map_at_100": 0.89263,
        "map_at_1000": 0.8927,
        "recall_at_1": 0.8502,
        "recall_at_3": 0.91498,
        "recall_at_5": 0.95243,
        "recall_at_10": 0.96761,
        "recall_at_20": 0.98178,
        "recall_at_100": 0.98927,
        "recall_at_1000": 1.0,
        "accuracy": 0.8502,
        "precision_at_1": 0.8502,
        "precision_at_3": 0.30499,
        "precision_at_5": 0.19069,
        "precision_at_10": 0.09696,
        "precision_at_20": 0.04919,
        "precision_at_100": 0.00994,
        "precision_at_1000": 0.00101,
        "mrr_at_1": 0.850202,
        "mrr_at_3": 0.880904,
        "mrr_at_5": 0.889507,
        "mrr_at_10": 0.891455,
        "mrr_at_20": 0.892436,
        "mrr_at_100": 0.892637,
        "mrr_at_1000": 0.892669,
        "nauc_ndcg_at_1_max": 0.079897,
        "nauc_ndcg_at_1_std": -0.078383,
        "nauc_ndcg_at_1_diff1": 0.913534,
        "nauc_ndcg_at_3_max": 0.124768,
        "nauc_ndcg_at_3_std": -0.010178,
        "nauc_ndcg_at_3_diff1": 0.894611,
        "nauc_ndcg_at_5_max": 0.136649,
        "nauc_ndcg_at_5_std": 0.042846,
        "nauc_ndcg_at_5_diff1": 0.899077,
        "nauc_ndcg_at_10_max": 0.107989,
        "nauc_ndcg_at_10_std": 0.018388,
        "nauc_ndcg_at_10_diff1": 0.897629,
        "nauc_ndcg_at_20_max": 0.133886,
        "nauc_ndcg_at_20_std": 0.044013,
        "nauc_ndcg_at_20_diff1": 0.89746,
        "nauc_ndcg_at_100_max": 0.131088,
        "nauc_ndcg_at_100_std": 0.029089,
        "nauc_ndcg_at_100_diff1": 0.897533,
        "nauc_ndcg_at_1000_max": 0.125009,
        "nauc_ndcg_at_1000_std": 0.01233,
        "nauc_ndcg_at_1000_diff1": 0.899239,
        "nauc_map_at_1_max": 0.079897,
        "nauc_map_at_1_std": -0.078383,
        "nauc_map_at_1_diff1": 0.913534,
        "nauc_map_at_3_max": 0.115849,
        "nauc_map_at_3_std": -0.026269,
        "nauc_map_at_3_diff1": 0.89931,
        "nauc_map_at_5_max": 0.119234,
        "nauc_map_at_5_std": -0.002914,
        "nauc_map_at_5_diff1": 0.901568,
        "nauc_map_at_10_max": 0.111065,
        "nauc_map_at_10_std": -0.011172,
        "nauc_map_at_10_diff1": 0.901055,
        "nauc_map_at_20_max": 0.117868,
        "nauc_map_at_20_std": -0.005322,
        "nauc_map_at_20_diff1": 0.9011,
        "nauc_map_at_100_max": 0.117581,
        "nauc_map_at_100_std": -0.006724,
        "nauc_map_at_100_diff1": 0.901124,
        "nauc_map_at_1000_max": 0.117427,
        "nauc_map_at_1000_std": -0.007304,
        "nauc_map_at_1000_diff1": 0.901194,
        "nauc_recall_at_1_max": 0.079897,
        "nauc_recall_at_1_std": -0.078383,
        "nauc_recall_at_1_diff1": 0.913534,
        "nauc_recall_at_3_max": 0.157311,
        "nauc_recall_at_3_std": 0.050674,
        "nauc_recall_at_3_diff1": 0.876673,
        "nauc_recall_at_5_max": 0.235628,
        "nauc_recall_at_5_std": 0.344382,
        "nauc_recall_at_5_diff1": 0.885634,
        "nauc_recall_at_10_max": 0.028717,
        "nauc_recall_at_10_std": 0.276147,
        "nauc_recall_at_10_diff1": 0.868757,
        "nauc_recall_at_20_max": 0.394876,
        "nauc_recall_at_20_std": 0.92377,
        "nauc_recall_at_20_diff1": 0.841073,
        "nauc_recall_at_100_max": 0.464143,
        "nauc_recall_at_100_std": 0.921396,
        "nauc_recall_at_100_diff1": 0.796813,
        "nauc_recall_at_1000_max": NaN,
        "nauc_recall_at_1000_std": NaN,
        "nauc_recall_at_1000_diff1": NaN,
        "nauc_precision_at_1_max": 0.079897,
        "nauc_precision_at_1_std": -0.078383,
        "nauc_precision_at_1_diff1": 0.913534,
        "nauc_precision_at_3_max": 0.157311,
        "nauc_precision_at_3_std": 0.050674,
        "nauc_precision_at_3_diff1": 0.876673,
        "nauc_precision_at_5_max": 0.278656,
        "nauc_precision_at_5_std": 0.376882,
        "nauc_precision_at_5_diff1": 0.885987,
        "nauc_precision_at_10_max": 0.124163,
        "nauc_precision_at_10_std": 0.313856,
        "nauc_precision_at_10_diff1": 0.734388,
        "nauc_precision_at_20_max": 0.493085,
        "nauc_precision_at_20_std": 0.880943,
        "nauc_precision_at_20_diff1": 0.623649,
        "nauc_precision_at_100_max": 0.646144,
        "nauc_precision_at_100_std": 0.848394,
        "nauc_precision_at_100_diff1": 0.396362,
        "nauc_precision_at_1000_max": -0.093154,
        "nauc_precision_at_1000_std": -0.3414,
        "nauc_precision_at_1000_diff1": -0.518427,
        "nauc_mrr_at_1_max": 0.079897,
        "nauc_mrr_at_1_std": -0.078383,
        "nauc_mrr_at_1_diff1": 0.913534,
        "nauc_mrr_at_3_max": 0.115849,
        "nauc_mrr_at_3_std": -0.026269,
        "nauc_mrr_at_3_diff1": 0.89931,
        "nauc_mrr_at_5_max": 0.123632,
        "nauc_mrr_at_5_std": -0.000205,
        "nauc_mrr_at_5_diff1": 0.901644,
        "nauc_mrr_at_10_max": 0.110428,
        "nauc_mrr_at_10_std": -0.011563,
        "nauc_mrr_at_10_diff1": 0.901044,
        "nauc_mrr_at_20_max": 0.117223,
        "nauc_mrr_at_20_std": -0.005719,
        "nauc_mrr_at_20_diff1": 0.901089,
        "nauc_mrr_at_100_max": 0.11685,
        "nauc_mrr_at_100_std": -0.007464,
        "nauc_mrr_at_100_diff1": 0.90115,
        "nauc_mrr_at_1000_max": 0.116764,
        "nauc_mrr_at_1000_std": -0.007755,
        "nauc_mrr_at_1000_diff1": 0.901187,
        "hit_rate_at_1": 0.8502,
        "hit_rate_at_3": 0.91498,
        "hit_rate_at_5": 0.95344,
        "hit_rate_at_10": 0.96761,
        "hit_rate_at_20": 0.98178,
        "hit_rate_at_100": 0.9919,
        "hit_rate_at_1000": 1.0,
        "main_score": 0.90509,
        "hf_subset": "default",
        "languages": [
          "eng-Latn"
        ],
        "mteb_version": "2.12.32"
      }
    ]
  },
  "evaluation_time": 447.87085032463074,
  "kg_co2_emissions": null,
  "date": null
}