{
  "dataset_revision": "24a4541c4c461f5ff4f4af4e97ec820715281a06",
  "task_name": "VidoreTabfquadRetrieval",
  "mteb_version": "2.12.32",
  "scores": {
    "test": [
      {
        "ndcg_at_1": 0.84643,
        "ndcg_at_3": 0.89273,
        "ndcg_at_5": 0.90303,
        "ndcg_at_10": 0.90985,
        "ndcg_at_20": 0.91629,
        "ndcg_at_100": 0.91691,
        "ndcg_at_1000": 0.91691,
        "map_at_1": 0.84643,
        "map_at_3": 0.88155,
        "map_at_5": 0.88726,
        "map_at_10": 0.89001,
        "map_at_20": 0.89185,
        "map_at_100": 0.89191,
        "map_at_1000": 0.89191,
        "recall_at_1": 0.84643,
        "recall_at_3": 0.925,
        "recall_at_5": 0.95,
        "recall_at_10": 0.97143,
        "recall_at_20": 0.99643,
        "recall_at_100": 1.0,
        "recall_at_1000": 1.0,
        "accuracy": 0.84643,
        "precision_at_1": 0.84643,
        "precision_at_3": 0.30833,
        "precision_at_5": 0.19,
        "precision_at_10": 0.09714,
        "precision_at_20": 0.04982,
        "precision_at_100": 0.01,
        "precision_at_1000": 0.001,
        "mrr_at_1": 0.846429,
        "mrr_at_3": 0.881548,
        "mrr_at_5": 0.887262,
        "mrr_at_10": 0.890014,
        "mrr_at_20": 0.89185,
        "mrr_at_100": 0.891914,
        "mrr_at_1000": 0.891914,
        "nauc_ndcg_at_1_max": 0.434441,
        "nauc_ndcg_at_1_std": -0.294337,
        "nauc_ndcg_at_1_diff1": 0.928389,
        "nauc_ndcg_at_3_max": 0.462555,
        "nauc_ndcg_at_3_std": -0.398573,
        "nauc_ndcg_at_3_diff1": 0.924011,
        "nauc_ndcg_at_5_max": 0.42735,
        "nauc_ndcg_at_5_std": -0.452623,
        "nauc_ndcg_at_5_diff1": 0.924313,
        "nauc_ndcg_at_10_max": 0.445506,
        "nauc_ndcg_at_10_std": -0.381686,
        "nauc_ndcg_at_10_diff1": 0.925833,
        "nauc_ndcg_at_20_max": 0.447195,
        "nauc_ndcg_at_20_std": -0.36324,
        "nauc_ndcg_at_20_diff1": 0.926418,
        "nauc_ndcg_at_100_max": 0.442991,
        "nauc_ndcg_at_100_std": -0.370217,
        "nauc_ndcg_at_100_diff1": 0.925858,
        "nauc_ndcg_at_1000_max": 0.442991,
        "nauc_ndcg_at_1000_std": -0.370217,
        "nauc_ndcg_at_1000_diff1": 0.925858,
        "nauc_map_at_1_max": 0.434441,
        "nauc_map_at_1_std": -0.294337,
        "nauc_map_at_1_diff1": 0.928389,
        "nauc_map_at_3_max": 0.452475,
        "nauc_map_at_3_std": -0.371075,
        "nauc_map_at_3_diff1": 0.924539,
        "nauc_map_at_5_max": 0.435121,
        "nauc_map_at_5_std": -0.393588,
        "nauc_map_at_5_diff1": 0.924678,
        "nauc_map_at_10_max": 0.440925,
        "nauc_map_at_10_std": -0.367964,
        "nauc_map_at_10_diff1": 0.925398,
        "nauc_map_at_20_max": 0.441666,
        "nauc_map_at_20_std": -0.36349,
        "nauc_map_at_20_diff1": 0.925666,
        "nauc_map_at_100_max": 0.441326,
        "nauc_map_at_100_std": -0.364049,
        "nauc_map_at_100_diff1": 0.92562,
        "nauc_map_at_1000_max": 0.441326,
        "nauc_map_at_1000_std": -0.364049,
        "nauc_map_at_1000_diff1": 0.92562,
        "nauc_recall_at_1_max": 0.434441,
        "nauc_recall_at_1_std": -0.294337,
        "nauc_recall_at_1_diff1": 0.928389,
        "nauc_recall_at_3_max": 0.508048,
        "nauc_recall_at_3_std": -0.517318,
        "nauc_recall_at_3_diff1": 0.922191,
        "nauc_recall_at_5_max": 0.368948,
        "nauc_recall_at_5_std": -0.842204,
        "nauc_recall_at_5_diff1": 0.922969,
        "nauc_recall_at_10_max": 0.507878,
        "nauc_recall_at_10_std": -0.463002,
        "nauc_recall_at_10_diff1": 0.932598,
        "nauc_recall_at_20_max": 1.0,
        "nauc_recall_at_20_std": 0.554155,
        "nauc_recall_at_20_diff1": 1.0,
        "nauc_recall_at_100_max": NaN,
        "nauc_recall_at_100_std": NaN,
        "nauc_recall_at_100_diff1": NaN,
        "nauc_recall_at_1000_max": NaN,
        "nauc_recall_at_1000_std": NaN,
        "nauc_recall_at_1000_diff1": NaN,
        "nauc_precision_at_1_max": 0.434441,
        "nauc_precision_at_1_std": -0.294337,
        "nauc_precision_at_1_diff1": 0.928389,
        "nauc_precision_at_3_max": 0.508048,
        "nauc_precision_at_3_std": -0.517318,
        "nauc_precision_at_3_diff1": 0.922191,
        "nauc_precision_at_5_max": 0.368948,
        "nauc_precision_at_5_std": -0.842204,
        "nauc_precision_at_5_diff1": 0.922969,
        "nauc_precision_at_10_max": 0.507878,
        "nauc_precision_at_10_std": -0.463002,
        "nauc_precision_at_10_diff1": 0.932598,
        "nauc_precision_at_20_max": 1.0,
        "nauc_precision_at_20_std": 0.554155,
        "nauc_precision_at_20_diff1": 1.0,
        "nauc_precision_at_100_max": 1.0,
        "nauc_precision_at_100_std": 1.0,
        "nauc_precision_at_100_diff1": 1.0,
        "nauc_precision_at_1000_max": NaN,
        "nauc_precision_at_1000_std": NaN,
        "nauc_precision_at_1000_diff1": NaN,
        "nauc_mrr_at_1_max": 0.434441,
        "nauc_mrr_at_1_std": -0.294337,
        "nauc_mrr_at_1_diff1": 0.928389,
        "nauc_mrr_at_3_max": 0.452475,
        "nauc_mrr_at_3_std": -0.371075,
        "nauc_mrr_at_3_diff1": 0.924539,
        "nauc_mrr_at_5_max": 0.435121,
        "nauc_mrr_at_5_std": -0.393588,
        "nauc_mrr_at_5_diff1": 0.924678,
        "nauc_mrr_at_10_max": 0.440925,
        "nauc_mrr_at_10_std": -0.367964,
        "nauc_mrr_at_10_diff1": 0.925398,
        "nauc_mrr_at_20_max": 0.441666,
        "nauc_mrr_at_20_std": -0.36349,
        "nauc_mrr_at_20_diff1": 0.925666,
        "nauc_mrr_at_100_max": 0.441326,
        "nauc_mrr_at_100_std": -0.364049,
        "nauc_mrr_at_100_diff1": 0.92562,
        "nauc_mrr_at_1000_max": 0.441326,
        "nauc_mrr_at_1000_std": -0.364049,
        "nauc_mrr_at_1000_diff1": 0.92562,
        "hit_rate_at_1": 0.84643,
        "hit_rate_at_3": 0.925,
        "hit_rate_at_5": 0.95,
        "hit_rate_at_10": 0.97143,
        "hit_rate_at_20": 0.99643,
        "hit_rate_at_100": 1.0,
        "hit_rate_at_1000": 1.0,
        "main_score": 0.90303,
        "hf_subset": "default",
        "languages": [
          "eng-Latn"
        ],
        "mteb_version": "2.12.32"
      }
    ]
  },
  "evaluation_time": 23.118685483932495,
  "kg_co2_emissions": null,
  "date": null
}