{
  "dataset_revision": "e78cd130055fcb8d69bb0ff4115c4712a157f3d3",
  "task_name": "VidoreDocVQARetrieval",
  "mteb_version": "2.12.32",
  "scores": {
    "test": [
      {
        "ndcg_at_1": 0.4102,
        "ndcg_at_3": 0.47114,
        "ndcg_at_5": 0.49211,
        "ndcg_at_10": 0.51751,
        "ndcg_at_20": 0.53544,
        "ndcg_at_100": 0.56339,
        "ndcg_at_1000": 0.58188,
        "map_at_1": 0.40382,
        "map_at_3": 0.45366,
        "map_at_5": 0.46578,
        "map_at_10": 0.47642,
        "map_at_20": 0.4818,
        "map_at_100": 0.48534,
        "map_at_1000": 0.4861,
        "recall_at_1": 0.40382,
        "recall_at_3": 0.51199,
        "recall_at_5": 0.56317,
        "recall_at_10": 0.64215,
        "recall_at_20": 0.70996,
        "recall_at_100": 0.86351,
        "recall_at_1000": 1.0,
        "accuracy": 0.40382,
        "precision_at_1": 0.4102,
        "precision_at_3": 0.17443,
        "precision_at_5": 0.11574,
        "precision_at_10": 0.06674,
        "precision_at_20": 0.03714,
        "precision_at_100": 0.00918,
        "precision_at_1000": 0.00111,
        "mrr_at_1": 0.4102,
        "mrr_at_3": 0.460828,
        "mrr_at_5": 0.472579,
        "mrr_at_10": 0.482961,
        "mrr_at_20": 0.487976,
        "mrr_at_100": 0.491315,
        "mrr_at_1000": 0.491927,
        "nauc_ndcg_at_1_max": -0.245081,
        "nauc_ndcg_at_1_std": 0.103824,
        "nauc_ndcg_at_1_diff1": 0.771064,
        "nauc_ndcg_at_3_max": -0.286398,
        "nauc_ndcg_at_3_std": 0.127177,
        "nauc_ndcg_at_3_diff1": 0.706611,
        "nauc_ndcg_at_5_max": -0.303692,
        "nauc_ndcg_at_5_std": 0.133073,
        "nauc_ndcg_at_5_diff1": 0.705344,
        "nauc_ndcg_at_10_max": -0.318528,
        "nauc_ndcg_at_10_std": 0.135167,
        "nauc_ndcg_at_10_diff1": 0.701679,
        "nauc_ndcg_at_20_max": -0.324814,
        "nauc_ndcg_at_20_std": 0.143848,
        "nauc_ndcg_at_20_diff1": 0.705541,
        "nauc_ndcg_at_100_max": -0.315324,
        "nauc_ndcg_at_100_std": 0.163031,
        "nauc_ndcg_at_100_diff1": 0.706972,
        "nauc_ndcg_at_1000_max": -0.306532,
        "nauc_ndcg_at_1000_std": 0.138727,
        "nauc_ndcg_at_1000_diff1": 0.712406,
        "nauc_map_at_1_max": -0.248224,
        "nauc_map_at_1_std": 0.113639,
        "nauc_map_at_1_diff1": 0.773117,
        "nauc_map_at_3_max": -0.27788,
        "nauc_map_at_3_std": 0.128641,
        "nauc_map_at_3_diff1": 0.723537,
        "nauc_map_at_5_max": -0.287389,
        "nauc_map_at_5_std": 0.130645,
        "nauc_map_at_5_diff1": 0.722694,
        "nauc_map_at_10_max": -0.292645,
        "nauc_map_at_10_std": 0.130932,
        "nauc_map_at_10_diff1": 0.721736,
        "nauc_map_at_20_max": -0.294141,
        "nauc_map_at_20_std": 0.133328,
        "nauc_map_at_20_diff1": 0.722475,
        "nauc_map_at_100_max": -0.29266,
        "nauc_map_at_100_std": 0.13439,
        "nauc_map_at_100_diff1": 0.722897,
        "nauc_map_at_1000_max": -0.292318,
        "nauc_map_at_1000_std": 0.133605,
        "nauc_map_at_1000_diff1": 0.723027,
        "nauc_recall_at_1_max": -0.248224,
        "nauc_recall_at_1_std": 0.113639,
        "nauc_recall_at_1_diff1": 0.773117,
        "nauc_recall_at_3_max": -0.315432,
        "nauc_recall_at_3_std": 0.141463,
        "nauc_recall_at_3_diff1": 0.656339,
        "nauc_recall_at_5_max": -0.362232,
        "nauc_recall_at_5_std": 0.157903,
        "nauc_recall_at_5_diff1": 0.655487,
        "nauc_recall_at_10_max": -0.421759,
        "nauc_recall_at_10_std": 0.160338,
        "nauc_recall_at_10_diff1": 0.632579,
        "nauc_recall_at_20_max": -0.466176,
        "nauc_recall_at_20_std": 0.203034,
        "nauc_recall_at_20_diff1": 0.641755,
        "nauc_recall_at_100_max": -0.47526,
        "nauc_recall_at_100_std": 0.542835,
        "nauc_recall_at_100_diff1": 0.59931,
        "nauc_recall_at_1000_max": NaN,
        "nauc_recall_at_1000_std": NaN,
        "nauc_recall_at_1000_diff1": NaN,
        "nauc_precision_at_1_max": -0.245081,
        "nauc_precision_at_1_std": 0.103824,
        "nauc_precision_at_1_diff1": 0.771064,
        "nauc_precision_at_3_max": -0.295847,
        "nauc_precision_at_3_std": 0.121524,
        "nauc_precision_at_3_diff1": 0.645153,
        "nauc_precision_at_5_max": -0.321518,
        "nauc_precision_at_5_std": 0.124164,
        "nauc_precision_at_5_diff1": 0.616989,
        "nauc_precision_at_10_max": -0.341059,
        "nauc_precision_at_10_std": 0.11403,
        "nauc_precision_at_10_diff1": 0.550758,
        "nauc_precision_at_20_max": -0.327745,
        "nauc_precision_at_20_std": 0.154744,
        "nauc_precision_at_20_diff1": 0.502037,
        "nauc_precision_at_100_max": -0.172506,
        "nauc_precision_at_100_std": 0.256729,
        "nauc_precision_at_100_diff1": 0.25723,
        "nauc_precision_at_1000_max": 0.208925,
        "nauc_precision_at_1000_std": -0.330816,
        "nauc_precision_at_1000_diff1": -0.287552,
        "nauc_mrr_at_1_max": -0.245081,
        "nauc_mrr_at_1_std": 0.103824,
        "nauc_mrr_at_1_diff1": 0.771064,
        "nauc_mrr_at_3_max": -0.275874,
        "nauc_mrr_at_3_std": 0.114886,
        "nauc_mrr_at_3_diff1": 0.720994,
        "nauc_mrr_at_5_max": -0.286847,
        "nauc_mrr_at_5_std": 0.117268,
        "nauc_mrr_at_5_diff1": 0.720731,
        "nauc_mrr_at_10_max": -0.29113,
        "nauc_mrr_at_10_std": 0.119964,
        "nauc_mrr_at_10_diff1": 0.719696,
        "nauc_mrr_at_20_max": -0.292961,
        "nauc_mrr_at_20_std": 0.121675,
        "nauc_mrr_at_20_diff1": 0.720808,
        "nauc_mrr_at_100_max": -0.29198,
        "nauc_mrr_at_100_std": 0.122827,
        "nauc_mrr_at_100_diff1": 0.721054,
        "nauc_mrr_at_1000_max": -0.291754,
        "nauc_mrr_at_1000_std": 0.122199,
        "nauc_mrr_at_1000_diff1": 0.72125,
        "hit_rate_at_1": 0.4102,
        "hit_rate_at_3": 0.52106,
        "hit_rate_at_5": 0.57206,
        "hit_rate_at_10": 0.65188,
        "hit_rate_at_20": 0.7184,
        "hit_rate_at_100": 0.8714,
        "hit_rate_at_1000": 1.0,
        "main_score": 0.49211,
        "hf_subset": "default",
        "languages": [
          "eng-Latn"
        ],
        "mteb_version": "2.12.32"
      }
    ]
  },
  "evaluation_time": 500.45946526527405,
  "kg_co2_emissions": null,
  "date": null
}