{
  "dataset_revision": "158d0c0ce9cdd4f292964393de7dd47dc3e87519",
  "task_name": "VisualNewsI2TRetrieval",
  "mteb_version": "2.12.32",
  "scores": {
    "test": [
      {
        "ndcg_at_1": 0.0081,
        "ndcg_at_3": 0.01962,
        "ndcg_at_5": 0.02651,
        "ndcg_at_10": 0.03705,
        "ndcg_at_20": 0.05043,
        "ndcg_at_100": 0.08793,
        "ndcg_at_1000": 0.13428,
        "map_at_1": 0.0081,
        "map_at_3": 0.01659,
        "map_at_5": 0.02039,
        "map_at_10": 0.02468,
        "map_at_20": 0.02833,
        "map_at_100": 0.03299,
        "map_at_1000": 0.03454,
        "recall_at_1": 0.0081,
        "recall_at_3": 0.02845,
        "recall_at_5": 0.0453,
        "recall_at_10": 0.0782,
        "recall_at_20": 0.1313,
        "recall_at_100": 0.34125,
        "recall_at_1000": 0.7169,
        "accuracy": 0.0081,
        "precision_at_1": 0.0081,
        "precision_at_3": 0.00948,
        "precision_at_5": 0.00906,
        "precision_at_10": 0.00782,
        "precision_at_20": 0.00656,
        "precision_at_100": 0.00341,
        "precision_at_1000": 0.00072,
        "mrr_at_1": 0.0081,
        "mrr_at_3": 0.016592,
        "mrr_at_5": 0.020387,
        "mrr_at_10": 0.024678,
        "mrr_at_20": 0.028326,
        "mrr_at_100": 0.032993,
        "mrr_at_1000": 0.034544,
        "nauc_ndcg_at_1_max": -0.333731,
        "nauc_ndcg_at_1_std": -0.192998,
        "nauc_ndcg_at_1_diff1": -0.050053,
        "nauc_ndcg_at_3_max": -0.283111,
        "nauc_ndcg_at_3_std": -0.1223,
        "nauc_ndcg_at_3_diff1": -0.106751,
        "nauc_ndcg_at_5_max": -0.281113,
        "nauc_ndcg_at_5_std": -0.103608,
        "nauc_ndcg_at_5_diff1": -0.098446,
        "nauc_ndcg_at_10_max": -0.25293,
        "nauc_ndcg_at_10_std": -0.097168,
        "nauc_ndcg_at_10_diff1": -0.087087,
        "nauc_ndcg_at_20_max": -0.242876,
        "nauc_ndcg_at_20_std": -0.080277,
        "nauc_ndcg_at_20_diff1": -0.074629,
        "nauc_ndcg_at_100_max": -0.23109,
        "nauc_ndcg_at_100_std": -0.058456,
        "nauc_ndcg_at_100_diff1": -0.067185,
        "nauc_ndcg_at_1000_max": -0.233533,
        "nauc_ndcg_at_1000_std": -0.034298,
        "nauc_ndcg_at_1000_diff1": -0.06775,
        "nauc_map_at_1_max": -0.333731,
        "nauc_map_at_1_std": -0.192998,
        "nauc_map_at_1_diff1": -0.050053,
        "nauc_map_at_3_max": -0.289375,
        "nauc_map_at_3_std": -0.130772,
        "nauc_map_at_3_diff1": -0.09971,
        "nauc_map_at_5_max": -0.286997,
        "nauc_map_at_5_std": -0.115691,
        "nauc_map_at_5_diff1": -0.095378,
        "nauc_map_at_10_max": -0.268874,
        "nauc_map_at_10_std": -0.11028,
        "nauc_map_at_10_diff1": -0.089077,
        "nauc_map_at_20_max": -0.261813,
        "nauc_map_at_20_std": -0.101184,
        "nauc_map_at_20_diff1": -0.082867,
        "nauc_map_at_100_max": -0.256726,
        "nauc_map_at_100_std": -0.094205,
        "nauc_map_at_100_diff1": -0.080286,
        "nauc_map_at_1000_max": -0.257075,
        "nauc_map_at_1000_std": -0.092289,
        "nauc_map_at_1000_diff1": -0.080322,
        "nauc_recall_at_1_max": -0.333731,
        "nauc_recall_at_1_std": -0.192998,
        "nauc_recall_at_1_diff1": -0.050053,
        "nauc_recall_at_3_max": -0.272496,
        "nauc_recall_at_3_std": -0.108005,
        "nauc_recall_at_3_diff1": -0.118688,
        "nauc_recall_at_5_max": -0.273178,
        "nauc_recall_at_5_std": -0.086798,
        "nauc_recall_at_5_diff1": -0.101797,
        "nauc_recall_at_10_max": -0.234619,
        "nauc_recall_at_10_std": -0.083316,
        "nauc_recall_at_10_diff1": -0.083394,
        "nauc_recall_at_20_max": -0.22624,
        "nauc_recall_at_20_std": -0.061076,
        "nauc_recall_at_20_diff1": -0.06529,
        "nauc_recall_at_100_max": -0.213778,
        "nauc_recall_at_100_std": -0.02982,
        "nauc_recall_at_100_diff1": -0.056268,
        "nauc_recall_at_1000_max": -0.213249,
        "nauc_recall_at_1000_std": 0.054291,
        "nauc_recall_at_1000_diff1": -0.053461,
        "nauc_precision_at_1_max": -0.333731,
        "nauc_precision_at_1_std": -0.192998,
        "nauc_precision_at_1_diff1": -0.050053,
        "nauc_precision_at_3_max": -0.272496,
        "nauc_precision_at_3_std": -0.108005,
        "nauc_precision_at_3_diff1": -0.118688,
        "nauc_precision_at_5_max": -0.273178,
        "nauc_precision_at_5_std": -0.086798,
        "nauc_precision_at_5_diff1": -0.101797,
        "nauc_precision_at_10_max": -0.234619,
        "nauc_precision_at_10_std": -0.083316,
        "nauc_precision_at_10_diff1": -0.083394,
        "nauc_precision_at_20_max": -0.22624,
        "nauc_precision_at_20_std": -0.061076,
        "nauc_precision_at_20_diff1": -0.06529,
        "nauc_precision_at_100_max": -0.213778,
        "nauc_precision_at_100_std": -0.02982,
        "nauc_precision_at_100_diff1": -0.056268,
        "nauc_precision_at_1000_max": -0.213249,
        "nauc_precision_at_1000_std": 0.054291,
        "nauc_precision_at_1000_diff1": -0.053461,
        "nauc_mrr_at_1_max": -0.333731,
        "nauc_mrr_at_1_std": -0.192998,
        "nauc_mrr_at_1_diff1": -0.050053,
        "nauc_mrr_at_3_max": -0.289375,
        "nauc_mrr_at_3_std": -0.130772,
        "nauc_mrr_at_3_diff1": -0.09971,
        "nauc_mrr_at_5_max": -0.286997,
        "nauc_mrr_at_5_std": -0.115691,
        "nauc_mrr_at_5_diff1": -0.095378,
        "nauc_mrr_at_10_max": -0.268874,
        "nauc_mrr_at_10_std": -0.11028,
        "nauc_mrr_at_10_diff1": -0.089077,
        "nauc_mrr_at_20_max": -0.261813,
        "nauc_mrr_at_20_std": -0.101184,
        "nauc_mrr_at_20_diff1": -0.082867,
        "nauc_mrr_at_100_max": -0.256726,
        "nauc_mrr_at_100_std": -0.094205,
        "nauc_mrr_at_100_diff1": -0.080286,
        "nauc_mrr_at_1000_max": -0.257075,
        "nauc_mrr_at_1000_std": -0.092289,
        "nauc_mrr_at_1000_diff1": -0.080322,
        "hit_rate_at_1": 0.0081,
        "hit_rate_at_3": 0.02845,
        "hit_rate_at_5": 0.0453,
        "hit_rate_at_10": 0.0782,
        "hit_rate_at_20": 0.1313,
        "hit_rate_at_100": 0.34125,
        "hit_rate_at_1000": 0.7169,
        "main_score": 0.03705,
        "hf_subset": "default",
        "languages": [
          "eng-Latn"
        ],
        "mteb_version": "2.12.32"
      }
    ]
  },
  "evaluation_time": 9996.083198785782,
  "kg_co2_emissions": null,
  "date": null
}