{
  "dataset_revision": "cee84d52b243da575fa9ba71501a8433464a79a1",
  "task_name": "VQA2IT2TRetrieval",
  "mteb_version": "2.12.32",
  "scores": {
    "test": [
      {
        "ndcg_at_1": 0.12991,
        "ndcg_at_3": 0.18406,
        "ndcg_at_5": 0.20451,
        "ndcg_at_10": 0.23068,
        "ndcg_at_20": 0.25838,
        "ndcg_at_100": 0.31593,
        "ndcg_at_1000": 0.34041,
        "map_at_1": 0.12991,
        "map_at_3": 0.17054,
        "map_at_5": 0.18185,
        "map_at_10": 0.19258,
        "map_at_20": 0.20009,
        "map_at_100": 0.20788,
        "map_at_1000": 0.20884,
        "recall_at_1": 0.12991,
        "recall_at_3": 0.22329,
        "recall_at_5": 0.27305,
        "recall_at_10": 0.3544,
        "recall_at_20": 0.46458,
        "recall_at_100": 0.77712,
        "recall_at_1000": 0.96742,
        "accuracy": 0.12991,
        "precision_at_1": 0.12991,
        "precision_at_3": 0.07443,
        "precision_at_5": 0.05461,
        "precision_at_10": 0.03544,
        "precision_at_20": 0.02323,
        "precision_at_100": 0.00777,
        "precision_at_1000": 0.00097,
        "mrr_at_1": 0.129907,
        "mrr_at_3": 0.170539,
        "mrr_at_5": 0.181851,
        "mrr_at_10": 0.192577,
        "mrr_at_20": 0.200093,
        "mrr_at_100": 0.207875,
        "mrr_at_1000": 0.208837,
        "nauc_ndcg_at_1_max": 0.28073,
        "nauc_ndcg_at_1_std": 0.199059,
        "nauc_ndcg_at_1_diff1": 0.246194,
        "nauc_ndcg_at_3_max": 0.276918,
        "nauc_ndcg_at_3_std": 0.199448,
        "nauc_ndcg_at_3_diff1": 0.179279,
        "nauc_ndcg_at_5_max": 0.274429,
        "nauc_ndcg_at_5_std": 0.1959,
        "nauc_ndcg_at_5_diff1": 0.164855,
        "nauc_ndcg_at_10_max": 0.274254,
        "nauc_ndcg_at_10_std": 0.192234,
        "nauc_ndcg_at_10_diff1": 0.155254,
        "nauc_ndcg_at_20_max": 0.275178,
        "nauc_ndcg_at_20_std": 0.193042,
        "nauc_ndcg_at_20_diff1": 0.153109,
        "nauc_ndcg_at_100_max": 0.276488,
        "nauc_ndcg_at_100_std": 0.205965,
        "nauc_ndcg_at_100_diff1": 0.161676,
        "nauc_ndcg_at_1000_max": 0.27417,
        "nauc_ndcg_at_1000_std": 0.204915,
        "nauc_ndcg_at_1000_diff1": 0.166343,
        "nauc_map_at_1_max": 0.28073,
        "nauc_map_at_1_std": 0.199059,
        "nauc_map_at_1_diff1": 0.246194,
        "nauc_map_at_3_max": 0.277468,
        "nauc_map_at_3_std": 0.199162,
        "nauc_map_at_3_diff1": 0.192761,
        "nauc_map_at_5_max": 0.27602,
        "nauc_map_at_5_std": 0.197056,
        "nauc_map_at_5_diff1": 0.183893,
        "nauc_map_at_10_max": 0.275785,
        "nauc_map_at_10_std": 0.195322,
        "nauc_map_at_10_diff1": 0.179178,
        "nauc_map_at_20_max": 0.276014,
        "nauc_map_at_20_std": 0.195431,
        "nauc_map_at_20_diff1": 0.178454,
        "nauc_map_at_100_max": 0.276226,
        "nauc_map_at_100_std": 0.197093,
        "nauc_map_at_100_diff1": 0.179765,
        "nauc_map_at_1000_max": 0.276124,
        "nauc_map_at_1000_std": 0.197128,
        "nauc_map_at_1000_diff1": 0.180001,
        "nauc_recall_at_1_max": 0.28073,
        "nauc_recall_at_1_std": 0.199059,
        "nauc_recall_at_1_diff1": 0.246194,
        "nauc_recall_at_3_max": 0.275675,
        "nauc_recall_at_3_std": 0.200201,
        "nauc_recall_at_3_diff1": 0.146996,
        "nauc_recall_at_5_max": 0.270592,
        "nauc_recall_at_5_std": 0.192969,
        "nauc_recall_at_5_diff1": 0.120385,
        "nauc_recall_at_10_max": 0.270936,
        "nauc_recall_at_10_std": 0.184371,
        "nauc_recall_at_10_diff1": 0.100277,
        "nauc_recall_at_20_max": 0.274117,
        "nauc_recall_at_20_std": 0.187651,
        "nauc_recall_at_20_diff1": 0.093844,
        "nauc_recall_at_100_max": 0.281724,
        "nauc_recall_at_100_std": 0.274188,
        "nauc_recall_at_100_diff1": 0.1112,
        "nauc_recall_at_1000_max": 0.186857,
        "nauc_recall_at_1000_std": 0.525488,
        "nauc_recall_at_1000_diff1": 0.104269,
        "nauc_precision_at_1_max": 0.28073,
        "nauc_precision_at_1_std": 0.199059,
        "nauc_precision_at_1_diff1": 0.246194,
        "nauc_precision_at_3_max": 0.275675,
        "nauc_precision_at_3_std": 0.200201,
        "nauc_precision_at_3_diff1": 0.146996,
        "nauc_precision_at_5_max": 0.270592,
        "nauc_precision_at_5_std": 0.192969,
        "nauc_precision_at_5_diff1": 0.120385,
        "nauc_precision_at_10_max": 0.270936,
        "nauc_precision_at_10_std": 0.184371,
        "nauc_precision_at_10_diff1": 0.100277,
        "nauc_precision_at_20_max": 0.274117,
        "nauc_precision_at_20_std": 0.187651,
        "nauc_precision_at_20_diff1": 0.093844,
        "nauc_precision_at_100_max": 0.281724,
        "nauc_precision_at_100_std": 0.274188,
        "nauc_precision_at_100_diff1": 0.1112,
        "nauc_precision_at_1000_max": 0.186857,
        "nauc_precision_at_1000_std": 0.525488,
        "nauc_precision_at_1000_diff1": 0.104269,
        "nauc_mrr_at_1_max": 0.28073,
        "nauc_mrr_at_1_std": 0.199059,
        "nauc_mrr_at_1_diff1": 0.246194,
        "nauc_mrr_at_3_max": 0.277468,
        "nauc_mrr_at_3_std": 0.199162,
        "nauc_mrr_at_3_diff1": 0.192761,
        "nauc_mrr_at_5_max": 0.27602,
        "nauc_mrr_at_5_std": 0.197056,
        "nauc_mrr_at_5_diff1": 0.183893,
        "nauc_mrr_at_10_max": 0.275785,
        "nauc_mrr_at_10_std": 0.195322,
        "nauc_mrr_at_10_diff1": 0.179178,
        "nauc_mrr_at_20_max": 0.276014,
        "nauc_mrr_at_20_std": 0.195431,
        "nauc_mrr_at_20_diff1": 0.178454,
        "nauc_mrr_at_100_max": 0.276226,
        "nauc_mrr_at_100_std": 0.197093,
        "nauc_mrr_at_100_diff1": 0.179765,
        "nauc_mrr_at_1000_max": 0.276124,
        "nauc_mrr_at_1000_std": 0.197128,
        "nauc_mrr_at_1000_diff1": 0.180001,
        "hit_rate_at_1": 0.12991,
        "hit_rate_at_3": 0.22329,
        "hit_rate_at_5": 0.27305,
        "hit_rate_at_10": 0.3544,
        "hit_rate_at_20": 0.46458,
        "hit_rate_at_100": 0.77712,
        "hit_rate_at_1000": 0.96742,
        "main_score": 0.23068,
        "hf_subset": "default",
        "languages": [
          "eng-Latn"
        ],
        "mteb_version": "2.12.32"
      }
    ]
  },
  "evaluation_time": 15525.011238098145,
  "kg_co2_emissions": null,
  "date": null
}