{
  "dataset_revision": "8a9243d504a2039b3467abdef2208a127a5c0737",
  "task_name": "WebQAT2ITRetrieval",
  "mteb_version": "2.12.32",
  "scores": {
    "test": [
      {
        "ndcg_at_1": 0.51175,
        "ndcg_at_3": 0.56131,
        "ndcg_at_5": 0.59835,
        "ndcg_at_10": 0.63288,
        "ndcg_at_20": 0.65478,
        "ndcg_at_100": 0.67393,
        "ndcg_at_1000": 0.68032,
        "map_at_1": 0.40482,
        "map_at_3": 0.51809,
        "map_at_5": 0.5428,
        "map_at_10": 0.55979,
        "map_at_20": 0.56732,
        "map_at_100": 0.57104,
        "map_at_1000": 0.57137,
        "recall_at_1": 0.40482,
        "recall_at_3": 0.60872,
        "recall_at_5": 0.68857,
        "recall_at_10": 0.78375,
        "recall_at_20": 0.85962,
        "recall_at_100": 0.94703,
        "recall_at_1000": 0.99044,
        "accuracy": 0.40482,
        "precision_at_1": 0.51175,
        "precision_at_3": 0.27333,
        "precision_at_5": 0.18885,
        "precision_at_10": 0.10912,
        "precision_at_20": 0.06047,
        "precision_at_100": 0.01356,
        "precision_at_1000": 0.00143,
        "mrr_at_1": 0.51135,
        "mrr_at_3": 0.59777,
        "mrr_at_5": 0.613441,
        "mrr_at_10": 0.624288,
        "mrr_at_20": 0.628685,
        "mrr_at_100": 0.630232,
        "mrr_at_1000": 0.630341,
        "nauc_ndcg_at_1_max": 0.044116,
        "nauc_ndcg_at_1_std": -0.271289,
        "nauc_ndcg_at_1_diff1": 0.638407,
        "nauc_ndcg_at_3_max": 0.060756,
        "nauc_ndcg_at_3_std": -0.289093,
        "nauc_ndcg_at_3_diff1": 0.57082,
        "nauc_ndcg_at_5_max": 0.049791,
        "nauc_ndcg_at_5_std": -0.29699,
        "nauc_ndcg_at_5_diff1": 0.565014,
        "nauc_ndcg_at_10_max": 0.054996,
        "nauc_ndcg_at_10_std": -0.282549,
        "nauc_ndcg_at_10_diff1": 0.562505,
        "nauc_ndcg_at_20_max": 0.057389,
        "nauc_ndcg_at_20_std": -0.272541,
        "nauc_ndcg_at_20_diff1": 0.567378,
        "nauc_ndcg_at_100_max": 0.053577,
        "nauc_ndcg_at_100_std": -0.2671,
        "nauc_ndcg_at_100_diff1": 0.573999,
        "nauc_ndcg_at_1000_max": 0.053922,
        "nauc_ndcg_at_1000_std": -0.269852,
        "nauc_ndcg_at_1000_diff1": 0.577153,
        "nauc_map_at_1_max": 0.08123,
        "nauc_map_at_1_std": -0.224537,
        "nauc_map_at_1_diff1": 0.598569,
        "nauc_map_at_3_max": 0.068533,
        "nauc_map_at_3_std": -0.279494,
        "nauc_map_at_3_diff1": 0.582264,
        "nauc_map_at_5_max": 0.060987,
        "nauc_map_at_5_std": -0.284419,
        "nauc_map_at_5_diff1": 0.578915,
        "nauc_map_at_10_max": 0.062211,
        "nauc_map_at_10_std": -0.277526,
        "nauc_map_at_10_diff1": 0.578154,
        "nauc_map_at_20_max": 0.063006,
        "nauc_map_at_20_std": -0.27519,
        "nauc_map_at_20_diff1": 0.579254,
        "nauc_map_at_100_max": 0.062513,
        "nauc_map_at_100_std": -0.274052,
        "nauc_map_at_100_diff1": 0.580342,
        "nauc_map_at_1000_max": 0.062453,
        "nauc_map_at_1000_std": -0.274067,
        "nauc_map_at_1000_diff1": 0.580462,
        "nauc_recall_at_1_max": 0.08123,
        "nauc_recall_at_1_std": -0.224537,
        "nauc_recall_at_1_diff1": 0.598569,
        "nauc_recall_at_3_max": 0.068571,
        "nauc_recall_at_3_std": -0.288603,
        "nauc_recall_at_3_diff1": 0.501708,
        "nauc_recall_at_5_max": 0.043222,
        "nauc_recall_at_5_std": -0.306137,
        "nauc_recall_at_5_diff1": 0.470571,
        "nauc_recall_at_10_max": 0.068898,
        "nauc_recall_at_10_std": -0.255934,
        "nauc_recall_at_10_diff1": 0.428111,
        "nauc_recall_at_20_max": 0.094187,
        "nauc_recall_at_20_std": -0.17827,
        "nauc_recall_at_20_diff1": 0.415481,
        "nauc_recall_at_100_max": 0.096927,
        "nauc_recall_at_100_std": 0.019924,
        "nauc_recall_at_100_diff1": 0.397194,
        "nauc_recall_at_1000_max": 0.435332,
        "nauc_recall_at_1000_std": 0.601834,
        "nauc_recall_at_1000_diff1": 0.383928,
        "nauc_precision_at_1_max": 0.044116,
        "nauc_precision_at_1_std": -0.271289,
        "nauc_precision_at_1_diff1": 0.638407,
        "nauc_precision_at_3_max": -0.010864,
        "nauc_precision_at_3_std": -0.265296,
        "nauc_precision_at_3_diff1": 0.342443,
        "nauc_precision_at_5_max": -0.042268,
        "nauc_precision_at_5_std": -0.226788,
        "nauc_precision_at_5_diff1": 0.237166,
        "nauc_precision_at_10_max": -0.048817,
        "nauc_precision_at_10_std": -0.131965,
        "nauc_precision_at_10_diff1": 0.113979,
        "nauc_precision_at_20_max": -0.063613,
        "nauc_precision_at_20_std": -0.051505,
        "nauc_precision_at_20_diff1": 0.015396,
        "nauc_precision_at_100_max": -0.112275,
        "nauc_precision_at_100_std": 0.04948,
        "nauc_precision_at_100_diff1": -0.125409,
        "nauc_precision_at_1000_max": -0.127514,
        "nauc_precision_at_1000_std": 0.077313,
        "nauc_precision_at_1000_diff1": -0.208586,
        "nauc_mrr_at_1_max": 0.043901,
        "nauc_mrr_at_1_std": -0.271036,
        "nauc_mrr_at_1_diff1": 0.639294,
        "nauc_mrr_at_3_max": 0.033483,
        "nauc_mrr_at_3_std": -0.295829,
        "nauc_mrr_at_3_diff1": 0.595533,
        "nauc_mrr_at_5_max": 0.030169,
        "nauc_mrr_at_5_std": -0.297895,
        "nauc_mrr_at_5_diff1": 0.594487,
        "nauc_mrr_at_10_max": 0.032113,
        "nauc_mrr_at_10_std": -0.293687,
        "nauc_mrr_at_10_diff1": 0.59578,
        "nauc_mrr_at_20_max": 0.032834,
        "nauc_mrr_at_20_std": -0.291555,
        "nauc_mrr_at_20_diff1": 0.5981,
        "nauc_mrr_at_100_max": 0.032314,
        "nauc_mrr_at_100_std": -0.291333,
        "nauc_mrr_at_100_diff1": 0.598663,
        "nauc_mrr_at_1000_max": 0.032378,
        "nauc_mrr_at_1000_std": -0.291337,
        "nauc_mrr_at_1000_diff1": 0.598705,
        "hit_rate_at_1": 0.51175,
        "hit_rate_at_3": 0.70928,
        "hit_rate_at_5": 0.77658,
        "hit_rate_at_10": 0.85743,
        "hit_rate_at_20": 0.91756,
        "hit_rate_at_100": 0.97172,
        "hit_rate_at_1000": 0.99442,
        "main_score": 0.63288,
        "hf_subset": "default",
        "languages": [
          "eng-Latn"
        ],
        "mteb_version": "2.12.32"
      }
    ]
  },
  "evaluation_time": 38152.14313578606,
  "kg_co2_emissions": null,
  "date": null
}