{
  "dataset_revision": "c22ab2a51041ffd869aaddef7af8d8215647e41a",
  "task_name": "ArguAna",
  "mteb_version": "2.12.32",
  "scores": {
    "test": [
      {
        "ndcg_at_1": 0.13869,
        "ndcg_at_3": 0.26746,
        "ndcg_at_5": 0.32907,
        "ndcg_at_10": 0.3963,
        "ndcg_at_20": 0.43527,
        "ndcg_at_100": 0.45676,
        "ndcg_at_1000": 0.4586,
        "map_at_1": 0.13869,
        "map_at_3": 0.23447,
        "map_at_5": 0.26872,
        "map_at_10": 0.2965,
        "map_at_20": 0.30745,
        "map_at_100": 0.31082,
        "map_at_1000": 0.31091,
        "recall_at_1": 0.13869,
        "recall_at_3": 0.36344,
        "recall_at_5": 0.5128,
        "recall_at_10": 0.72048,
        "recall_at_20": 0.87269,
        "recall_at_100": 0.98293,
        "recall_at_1000": 0.99644,
        "accuracy": 0.13869,
        "precision_at_1": 0.13869,
        "precision_at_3": 0.12115,
        "precision_at_5": 0.10256,
        "precision_at_10": 0.07205,
        "precision_at_20": 0.04363,
        "precision_at_100": 0.00983,
        "precision_at_1000": 0.001,
        "mrr_at_1": 0.14367,
        "mrr_at_3": 0.235775,
        "mrr_at_5": 0.270804,
        "mrr_at_10": 0.298199,
        "mrr_at_20": 0.309147,
        "mrr_at_100": 0.312516,
        "mrr_at_1000": 0.312605,
        "nauc_ndcg_at_1_max": -0.212099,
        "nauc_ndcg_at_1_std": -0.211105,
        "nauc_ndcg_at_1_diff1": -0.055664,
        "nauc_ndcg_at_3_max": -0.151257,
        "nauc_ndcg_at_3_std": -0.188824,
        "nauc_ndcg_at_3_diff1": -0.054667,
        "nauc_ndcg_at_5_max": -0.155125,
        "nauc_ndcg_at_5_std": -0.202031,
        "nauc_ndcg_at_5_diff1": -0.043272,
        "nauc_ndcg_at_10_max": -0.146556,
        "nauc_ndcg_at_10_std": -0.201464,
        "nauc_ndcg_at_10_diff1": -0.049086,
        "nauc_ndcg_at_20_max": -0.142614,
        "nauc_ndcg_at_20_std": -0.203608,
        "nauc_ndcg_at_20_diff1": -0.044136,
        "nauc_ndcg_at_100_max": -0.149379,
        "nauc_ndcg_at_100_std": -0.193386,
        "nauc_ndcg_at_100_diff1": -0.048918,
        "nauc_ndcg_at_1000_max": -0.152978,
        "nauc_ndcg_at_1000_std": -0.19622,
        "nauc_ndcg_at_1000_diff1": -0.050723,
        "nauc_map_at_1_max": -0.212099,
        "nauc_map_at_1_std": -0.211105,
        "nauc_map_at_1_diff1": -0.055664,
        "nauc_map_at_3_max": -0.164045,
        "nauc_map_at_3_std": -0.193904,
        "nauc_map_at_3_diff1": -0.057957,
        "nauc_map_at_5_max": -0.166454,
        "nauc_map_at_5_std": -0.201977,
        "nauc_map_at_5_diff1": -0.051485,
        "nauc_map_at_10_max": -0.163265,
        "nauc_map_at_10_std": -0.201963,
        "nauc_map_at_10_diff1": -0.054341,
        "nauc_map_at_20_max": -0.163103,
        "nauc_map_at_20_std": -0.203154,
        "nauc_map_at_20_diff1": -0.053409,
        "nauc_map_at_100_max": -0.163458,
        "nauc_map_at_100_std": -0.201139,
        "nauc_map_at_100_diff1": -0.053769,
        "nauc_map_at_1000_max": -0.163597,
        "nauc_map_at_1000_std": -0.201234,
        "nauc_map_at_1000_diff1": -0.053858,
        "nauc_recall_at_1_max": -0.212099,
        "nauc_recall_at_1_std": -0.211105,
        "nauc_recall_at_1_diff1": -0.055664,
        "nauc_recall_at_3_max": -0.121559,
        "nauc_recall_at_3_std": -0.176914,
        "nauc_recall_at_3_diff1": -0.046134,
        "nauc_recall_at_5_max": -0.128608,
        "nauc_recall_at_5_std": -0.203259,
        "nauc_recall_at_5_diff1": -0.021362,
        "nauc_recall_at_10_max": -0.090259,
        "nauc_recall_at_10_std": -0.200699,
        "nauc_recall_at_10_diff1": -0.031337,
        "nauc_recall_at_20_max": -0.001854,
        "nauc_recall_at_20_std": -0.206044,
        "nauc_recall_at_20_diff1": 0.024934,
        "nauc_recall_at_100_max": 0.283341,
        "nauc_recall_at_100_std": 0.300563,
        "nauc_recall_at_100_diff1": 0.068895,
        "nauc_recall_at_1000_max": 0.314992,
        "nauc_recall_at_1000_std": 0.865985,
        "nauc_recall_at_1000_diff1": -0.223109,
        "nauc_precision_at_1_max": -0.212099,
        "nauc_precision_at_1_std": -0.211105,
        "nauc_precision_at_1_diff1": -0.055664,
        "nauc_precision_at_3_max": -0.121559,
        "nauc_precision_at_3_std": -0.176914,
        "nauc_precision_at_3_diff1": -0.046134,
        "nauc_precision_at_5_max": -0.128608,
        "nauc_precision_at_5_std": -0.203259,
        "nauc_precision_at_5_diff1": -0.021362,
        "nauc_precision_at_10_max": -0.090259,
        "nauc_precision_at_10_std": -0.200699,
        "nauc_precision_at_10_diff1": -0.031337,
        "nauc_precision_at_20_max": -0.001854,
        "nauc_precision_at_20_std": -0.206044,
        "nauc_precision_at_20_diff1": 0.024934,
        "nauc_precision_at_100_max": 0.283341,
        "nauc_precision_at_100_std": 0.300563,
        "nauc_precision_at_100_diff1": 0.068895,
        "nauc_precision_at_1000_max": 0.314992,
        "nauc_precision_at_1000_std": 0.865985,
        "nauc_precision_at_1000_diff1": -0.223109,
        "nauc_mrr_at_1_max": -0.207228,
        "nauc_mrr_at_1_std": -0.201964,
        "nauc_mrr_at_1_diff1": -0.076433,
        "nauc_mrr_at_3_max": -0.171804,
        "nauc_mrr_at_3_std": -0.193215,
        "nauc_mrr_at_3_diff1": -0.074351,
        "nauc_mrr_at_5_max": -0.171027,
        "nauc_mrr_at_5_std": -0.20019,
        "nauc_mrr_at_5_diff1": -0.065956,
        "nauc_mrr_at_10_max": -0.169172,
        "nauc_mrr_at_10_std": -0.200285,
        "nauc_mrr_at_10_diff1": -0.069615,
        "nauc_mrr_at_20_max": -0.169198,
        "nauc_mrr_at_20_std": -0.201406,
        "nauc_mrr_at_20_diff1": -0.069187,
        "nauc_mrr_at_100_max": -0.169629,
        "nauc_mrr_at_100_std": -0.199388,
        "nauc_mrr_at_100_diff1": -0.06974,
        "nauc_mrr_at_1000_max": -0.169769,
        "nauc_mrr_at_1000_std": -0.199482,
        "nauc_mrr_at_1000_diff1": -0.069833,
        "hit_rate_at_1": 0.13869,
        "hit_rate_at_3": 0.36344,
        "hit_rate_at_5": 0.5128,
        "hit_rate_at_10": 0.72048,
        "hit_rate_at_20": 0.87269,
        "hit_rate_at_100": 0.98293,
        "hit_rate_at_1000": 0.99644,
        "main_score": 0.3963,
        "hf_subset": "default",
        "languages": [
          "eng-Latn"
        ],
        "mteb_version": "2.12.32"
      }
    ]
  },
  "evaluation_time": 324.0951943397522,
  "kg_co2_emissions": null,
  "date": null
}