{
  "dataset_revision": "c5691e3c48741d5f83b5cc8e630653d7a8cfc048",
  "task_name": "AskUbuntuDupQuestions",
  "mteb_version": "2.12.32",
  "scores": {
    "test": [
      {
        "ndcg_at_1": 0.66205,
        "ndcg_at_3": 0.62466,
        "ndcg_at_5": 0.62914,
        "ndcg_at_10": 0.68124,
        "ndcg_at_20": 0.77745,
        "ndcg_at_100": 0.77745,
        "ndcg_at_1000": 0.77745,
        "map_at_1": 0.18046,
        "map_at_3": 0.33241,
        "map_at_5": 0.41732,
        "map_at_10": 0.53243,
        "map_at_20": 0.62925,
        "map_at_100": 0.62925,
        "map_at_1000": 0.62925,
        "recall_at_1": 0.18046,
        "recall_at_3": 0.37803,
        "recall_at_5": 0.51971,
        "recall_at_10": 0.74787,
        "recall_at_20": 1.0,
        "recall_at_100": 1.0,
        "recall_at_1000": 1.0,
        "accuracy": 0.18046,
        "precision_at_1": 0.66205,
        "precision_at_3": 0.5494,
        "precision_at_5": 0.4831,
        "precision_at_10": 0.38061,
        "precision_at_20": 0.27355,
        "precision_at_100": 0.05471,
        "precision_at_1000": 0.00547,
        "mrr_at_1": 0.66205,
        "mrr_at_3": 0.741921,
        "mrr_at_5": 0.757018,
        "mrr_at_10": 0.763167,
        "mrr_at_20": 0.766628,
        "mrr_at_100": 0.766628,
        "mrr_at_1000": 0.766628,
        "nauc_ndcg_at_1_max": 0.415759,
        "nauc_ndcg_at_1_std": 0.339994,
        "nauc_ndcg_at_1_diff1": 0.22549,
        "nauc_ndcg_at_3_max": 0.246653,
        "nauc_ndcg_at_3_std": 0.2175,
        "nauc_ndcg_at_3_diff1": 0.103249,
        "nauc_ndcg_at_5_max": 0.199659,
        "nauc_ndcg_at_5_std": 0.199144,
        "nauc_ndcg_at_5_diff1": 0.092368,
        "nauc_ndcg_at_10_max": 0.24223,
        "nauc_ndcg_at_10_std": 0.254445,
        "nauc_ndcg_at_10_diff1": 0.151284,
        "nauc_ndcg_at_20_max": 0.292632,
        "nauc_ndcg_at_20_std": 0.260675,
        "nauc_ndcg_at_20_diff1": 0.156203,
        "nauc_ndcg_at_100_max": 0.292632,
        "nauc_ndcg_at_100_std": 0.260675,
        "nauc_ndcg_at_100_diff1": 0.156203,
        "nauc_ndcg_at_1000_max": 0.292632,
        "nauc_ndcg_at_1000_std": 0.260675,
        "nauc_ndcg_at_1000_diff1": 0.156203,
        "nauc_map_at_1_max": 0.040549,
        "nauc_map_at_1_std": 0.038102,
        "nauc_map_at_1_diff1": 0.322553,
        "nauc_map_at_3_max": 0.038208,
        "nauc_map_at_3_std": 0.109118,
        "nauc_map_at_3_diff1": 0.183369,
        "nauc_map_at_5_max": 0.061785,
        "nauc_map_at_5_std": 0.143934,
        "nauc_map_at_5_diff1": 0.144843,
        "nauc_map_at_10_max": 0.166039,
        "nauc_map_at_10_std": 0.209901,
        "nauc_map_at_10_diff1": 0.15097,
        "nauc_map_at_20_max": 0.224536,
        "nauc_map_at_20_std": 0.210559,
        "nauc_map_at_20_diff1": 0.132329,
        "nauc_map_at_100_max": 0.224536,
        "nauc_map_at_100_std": 0.210559,
        "nauc_map_at_100_diff1": 0.132329,
        "nauc_map_at_1000_max": 0.224536,
        "nauc_map_at_1000_std": 0.210559,
        "nauc_map_at_1000_diff1": 0.132329,
        "nauc_recall_at_1_max": 0.040549,
        "nauc_recall_at_1_std": 0.038102,
        "nauc_recall_at_1_diff1": 0.322553,
        "nauc_recall_at_3_max": -0.02211,
        "nauc_recall_at_3_std": 0.087259,
        "nauc_recall_at_3_diff1": 0.120725,
        "nauc_recall_at_5_max": -0.048134,
        "nauc_recall_at_5_std": 0.098213,
        "nauc_recall_at_5_diff1": 0.052058,
        "nauc_recall_at_10_max": 0.041152,
        "nauc_recall_at_10_std": 0.184456,
        "nauc_recall_at_10_diff1": 0.092071,
        "nauc_recall_at_20_max": NaN,
        "nauc_recall_at_20_std": NaN,
        "nauc_recall_at_20_diff1": NaN,
        "nauc_recall_at_100_max": NaN,
        "nauc_recall_at_100_std": NaN,
        "nauc_recall_at_100_diff1": NaN,
        "nauc_recall_at_1000_max": NaN,
        "nauc_recall_at_1000_std": NaN,
        "nauc_recall_at_1000_diff1": NaN,
        "nauc_precision_at_1_max": 0.415759,
        "nauc_precision_at_1_std": 0.339994,
        "nauc_precision_at_1_diff1": 0.22549,
        "nauc_precision_at_3_max": 0.243257,
        "nauc_precision_at_3_std": 0.215634,
        "nauc_precision_at_3_diff1": -0.050413,
        "nauc_precision_at_5_max": 0.246833,
        "nauc_precision_at_5_std": 0.192537,
        "nauc_precision_at_5_diff1": -0.088901,
        "nauc_precision_at_10_max": 0.264506,
        "nauc_precision_at_10_std": 0.155771,
        "nauc_precision_at_10_diff1": -0.053795,
        "nauc_precision_at_20_max": 0.215126,
        "nauc_precision_at_20_std": 0.074012,
        "nauc_precision_at_20_diff1": -0.053579,
        "nauc_precision_at_100_max": 0.215126,
        "nauc_precision_at_100_std": 0.074012,
        "nauc_precision_at_100_diff1": -0.053579,
        "nauc_precision_at_1000_max": 0.215126,
        "nauc_precision_at_1000_std": 0.074012,
        "nauc_precision_at_1000_diff1": -0.053579,
        "nauc_mrr_at_1_max": 0.415759,
        "nauc_mrr_at_1_std": 0.339994,
        "nauc_mrr_at_1_diff1": 0.22549,
        "nauc_mrr_at_3_max": 0.395319,
        "nauc_mrr_at_3_std": 0.337391,
        "nauc_mrr_at_3_diff1": 0.220537,
        "nauc_mrr_at_5_max": 0.403814,
        "nauc_mrr_at_5_std": 0.345077,
        "nauc_mrr_at_5_diff1": 0.218993,
        "nauc_mrr_at_10_max": 0.400207,
        "nauc_mrr_at_10_std": 0.344772,
        "nauc_mrr_at_10_diff1": 0.217352,
        "nauc_mrr_at_20_max": 0.400232,
        "nauc_mrr_at_20_std": 0.341556,
        "nauc_mrr_at_20_diff1": 0.21895,
        "nauc_mrr_at_100_max": 0.400232,
        "nauc_mrr_at_100_std": 0.341556,
        "nauc_mrr_at_100_diff1": 0.21895,
        "nauc_mrr_at_1000_max": 0.400232,
        "nauc_mrr_at_1000_std": 0.341556,
        "nauc_mrr_at_1000_diff1": 0.21895,
        "hit_rate_at_1": 0.66205,
        "hit_rate_at_3": 0.84211,
        "hit_rate_at_5": 0.90859,
        "hit_rate_at_10": 0.95568,
        "hit_rate_at_20": 1.0,
        "hit_rate_at_100": 1.0,
        "hit_rate_at_1000": 1.0,
        "main_score": 0.62925,
        "hf_subset": "default",
        "languages": [
          "eng-Latn"
        ],
        "mteb_version": "2.12.32"
      }
    ]
  },
  "evaluation_time": 212.31112456321716,
  "kg_co2_emissions": null,
  "date": null
}