{
  "dataset_revision": "3a309e201f3c2c4b13bd4a367a8f37eee2ec1d21",
  "task_name": "ClimateFEVERHardNegatives",
  "mteb_version": "2.12.32",
  "scores": {
    "test": [
      {
        "ndcg_at_1": 0.152,
        "ndcg_at_3": 0.15707,
        "ndcg_at_5": 0.17638,
        "ndcg_at_10": 0.20736,
        "ndcg_at_20": 0.23924,
        "ndcg_at_100": 0.29157,
        "ndcg_at_1000": 0.33811,
        "map_at_1": 0.07022,
        "map_at_3": 0.11329,
        "map_at_5": 0.12631,
        "map_at_10": 0.13916,
        "map_at_20": 0.14926,
        "map_at_100": 0.15851,
        "map_at_1000": 0.16111,
        "recall_at_1": 0.07022,
        "recall_at_3": 0.1578,
        "recall_at_5": 0.20187,
        "recall_at_10": 0.27287,
        "recall_at_20": 0.3652,
        "recall_at_100": 0.57048,
        "recall_at_1000": 0.82983,
        "accuracy": 0.07022,
        "precision_at_1": 0.152,
        "precision_at_3": 0.12,
        "precision_at_5": 0.0976,
        "precision_at_10": 0.0687,
        "precision_at_20": 0.0477,
        "precision_at_100": 0.01578,
        "precision_at_1000": 0.00245,
        "mrr_at_1": 0.152,
        "mrr_at_3": 0.227833,
        "mrr_at_5": 0.247583,
        "mrr_at_10": 0.263613,
        "mrr_at_20": 0.27213,
        "mrr_at_100": 0.277024,
        "mrr_at_1000": 0.277618,
        "nauc_ndcg_at_1_max": 0.225299,
        "nauc_ndcg_at_1_std": 0.114768,
        "nauc_ndcg_at_1_diff1": 0.213161,
        "nauc_ndcg_at_3_max": 0.212003,
        "nauc_ndcg_at_3_std": 0.123642,
        "nauc_ndcg_at_3_diff1": 0.149576,
        "nauc_ndcg_at_5_max": 0.211488,
        "nauc_ndcg_at_5_std": 0.124618,
        "nauc_ndcg_at_5_diff1": 0.141114,
        "nauc_ndcg_at_10_max": 0.242119,
        "nauc_ndcg_at_10_std": 0.144703,
        "nauc_ndcg_at_10_diff1": 0.143308,
        "nauc_ndcg_at_20_max": 0.252345,
        "nauc_ndcg_at_20_std": 0.159612,
        "nauc_ndcg_at_20_diff1": 0.126831,
        "nauc_ndcg_at_100_max": 0.269907,
        "nauc_ndcg_at_100_std": 0.172719,
        "nauc_ndcg_at_100_diff1": 0.135908,
        "nauc_ndcg_at_1000_max": 0.272033,
        "nauc_ndcg_at_1000_std": 0.178254,
        "nauc_ndcg_at_1000_diff1": 0.136831,
        "nauc_map_at_1_max": 0.205811,
        "nauc_map_at_1_std": 0.046655,
        "nauc_map_at_1_diff1": 0.201303,
        "nauc_map_at_3_max": 0.205917,
        "nauc_map_at_3_std": 0.09456,
        "nauc_map_at_3_diff1": 0.154231,
        "nauc_map_at_5_max": 0.211205,
        "nauc_map_at_5_std": 0.10135,
        "nauc_map_at_5_diff1": 0.154583,
        "nauc_map_at_10_max": 0.227649,
        "nauc_map_at_10_std": 0.112503,
        "nauc_map_at_10_diff1": 0.154324,
        "nauc_map_at_20_max": 0.232738,
        "nauc_map_at_20_std": 0.121492,
        "nauc_map_at_20_diff1": 0.145406,
        "nauc_map_at_100_max": 0.239237,
        "nauc_map_at_100_std": 0.126472,
        "nauc_map_at_100_diff1": 0.148374,
        "nauc_map_at_1000_max": 0.240081,
        "nauc_map_at_1000_std": 0.127624,
        "nauc_map_at_1000_diff1": 0.148956,
        "nauc_recall_at_1_max": 0.205811,
        "nauc_recall_at_1_std": 0.046655,
        "nauc_recall_at_1_diff1": 0.201303,
        "nauc_recall_at_3_max": 0.183279,
        "nauc_recall_at_3_std": 0.114111,
        "nauc_recall_at_3_diff1": 0.115287,
        "nauc_recall_at_5_max": 0.180595,
        "nauc_recall_at_5_std": 0.118311,
        "nauc_recall_at_5_diff1": 0.09883,
        "nauc_recall_at_10_max": 0.230786,
        "nauc_recall_at_10_std": 0.149087,
        "nauc_recall_at_10_diff1": 0.104174,
        "nauc_recall_at_20_max": 0.241908,
        "nauc_recall_at_20_std": 0.174224,
        "nauc_recall_at_20_diff1": 0.065366,
        "nauc_recall_at_100_max": 0.262949,
        "nauc_recall_at_100_std": 0.191021,
        "nauc_recall_at_100_diff1": 0.070111,
        "nauc_recall_at_1000_max": 0.307755,
        "nauc_recall_at_1000_std": 0.265481,
        "nauc_recall_at_1000_diff1": 0.035854,
        "nauc_precision_at_1_max": 0.225299,
        "nauc_precision_at_1_std": 0.114768,
        "nauc_precision_at_1_diff1": 0.213161,
        "nauc_precision_at_3_max": 0.233285,
        "nauc_precision_at_3_std": 0.185223,
        "nauc_precision_at_3_diff1": 0.129981,
        "nauc_precision_at_5_max": 0.223204,
        "nauc_precision_at_5_std": 0.181142,
        "nauc_precision_at_5_diff1": 0.116751,
        "nauc_precision_at_10_max": 0.263474,
        "nauc_precision_at_10_std": 0.207292,
        "nauc_precision_at_10_diff1": 0.10344,
        "nauc_precision_at_20_max": 0.263263,
        "nauc_precision_at_20_std": 0.226435,
        "nauc_precision_at_20_diff1": 0.053089,
        "nauc_precision_at_100_max": 0.238145,
        "nauc_precision_at_100_std": 0.214625,
        "nauc_precision_at_100_diff1": 0.052734,
        "nauc_precision_at_1000_max": 0.132126,
        "nauc_precision_at_1000_std": 0.157407,
        "nauc_precision_at_1000_diff1": 0.005346,
        "nauc_mrr_at_1_max": 0.225299,
        "nauc_mrr_at_1_std": 0.114768,
        "nauc_mrr_at_1_diff1": 0.213161,
        "nauc_mrr_at_3_max": 0.226918,
        "nauc_mrr_at_3_std": 0.146998,
        "nauc_mrr_at_3_diff1": 0.170405,
        "nauc_mrr_at_5_max": 0.221603,
        "nauc_mrr_at_5_std": 0.143361,
        "nauc_mrr_at_5_diff1": 0.158603,
        "nauc_mrr_at_10_max": 0.234016,
        "nauc_mrr_at_10_std": 0.15022,
        "nauc_mrr_at_10_diff1": 0.162237,
        "nauc_mrr_at_20_max": 0.235027,
        "nauc_mrr_at_20_std": 0.149624,
        "nauc_mrr_at_20_diff1": 0.160438,
        "nauc_mrr_at_100_max": 0.234773,
        "nauc_mrr_at_100_std": 0.149425,
        "nauc_mrr_at_100_diff1": 0.161898,
        "nauc_mrr_at_1000_max": 0.234482,
        "nauc_mrr_at_1000_std": 0.149277,
        "nauc_mrr_at_1000_diff1": 0.161764,
        "hit_rate_at_1": 0.152,
        "hit_rate_at_3": 0.324,
        "hit_rate_at_5": 0.411,
        "hit_rate_at_10": 0.529,
        "hit_rate_at_20": 0.653,
        "hit_rate_at_100": 0.84,
        "hit_rate_at_1000": 0.965,
        "main_score": 0.20736,
        "hf_subset": "default",
        "languages": [
          "eng-Latn"
        ],
        "mteb_version": "2.12.32"
      }
    ]
  },
  "evaluation_time": 1676.7653896808624,
  "kg_co2_emissions": null,
  "date": null
}