{
  "dataset_revision": "6c6430d3a6d36f8d2a829195bc5dc94d7e063e53",
  "task_name": "CQADupstackUnixRetrieval",
  "mteb_version": "2.12.32",
  "scores": {
    "test": [
      {
        "ndcg_at_1": 0.34142,
        "ndcg_at_3": 0.39842,
        "ndcg_at_5": 0.42208,
        "ndcg_at_10": 0.45642,
        "ndcg_at_20": 0.47955,
        "ndcg_at_100": 0.51076,
        "ndcg_at_1000": 0.52959,
        "map_at_1": 0.28322,
        "map_at_3": 0.35898,
        "map_at_5": 0.37692,
        "map_at_10": 0.3938,
        "map_at_20": 0.40151,
        "map_at_100": 0.40669,
        "map_at_1000": 0.40763,
        "recall_at_1": 0.28322,
        "recall_at_3": 0.43916,
        "recall_at_5": 0.50118,
        "recall_at_10": 0.60063,
        "recall_at_20": 0.68396,
        "recall_at_100": 0.8318,
        "recall_at_1000": 0.95973,
        "accuracy": 0.28322,
        "precision_at_1": 0.34142,
        "precision_at_3": 0.18626,
        "precision_at_5": 0.13022,
        "precision_at_10": 0.0806,
        "precision_at_20": 0.04669,
        "precision_at_100": 0.01201,
        "precision_at_1000": 0.00146,
        "mrr_at_1": 0.341418,
        "mrr_at_3": 0.414335,
        "mrr_at_5": 0.427581,
        "mrr_at_10": 0.440483,
        "mrr_at_20": 0.445784,
        "mrr_at_100": 0.449333,
        "mrr_at_1000": 0.44986,
        "nauc_ndcg_at_1_max": 0.315712,
        "nauc_ndcg_at_1_std": 0.028593,
        "nauc_ndcg_at_1_diff1": 0.454788,
        "nauc_ndcg_at_3_max": 0.285586,
        "nauc_ndcg_at_3_std": 0.021398,
        "nauc_ndcg_at_3_diff1": 0.388881,
        "nauc_ndcg_at_5_max": 0.284336,
        "nauc_ndcg_at_5_std": 0.02659,
        "nauc_ndcg_at_5_diff1": 0.377661,
        "nauc_ndcg_at_10_max": 0.291763,
        "nauc_ndcg_at_10_std": 0.043792,
        "nauc_ndcg_at_10_diff1": 0.363884,
        "nauc_ndcg_at_20_max": 0.301136,
        "nauc_ndcg_at_20_std": 0.052119,
        "nauc_ndcg_at_20_diff1": 0.365807,
        "nauc_ndcg_at_100_max": 0.305726,
        "nauc_ndcg_at_100_std": 0.061991,
        "nauc_ndcg_at_100_diff1": 0.373339,
        "nauc_ndcg_at_1000_max": 0.301796,
        "nauc_ndcg_at_1000_std": 0.058052,
        "nauc_ndcg_at_1000_diff1": 0.37844,
        "nauc_map_at_1_max": 0.260684,
        "nauc_map_at_1_std": 0.003947,
        "nauc_map_at_1_diff1": 0.469627,
        "nauc_map_at_3_max": 0.271498,
        "nauc_map_at_3_std": 0.010816,
        "nauc_map_at_3_diff1": 0.415757,
        "nauc_map_at_5_max": 0.27632,
        "nauc_map_at_5_std": 0.017424,
        "nauc_map_at_5_diff1": 0.40498,
        "nauc_map_at_10_max": 0.283056,
        "nauc_map_at_10_std": 0.027191,
        "nauc_map_at_10_diff1": 0.397684,
        "nauc_map_at_20_max": 0.287243,
        "nauc_map_at_20_std": 0.030932,
        "nauc_map_at_20_diff1": 0.397889,
        "nauc_map_at_100_max": 0.288044,
        "nauc_map_at_100_std": 0.032814,
        "nauc_map_at_100_diff1": 0.398753,
        "nauc_map_at_1000_max": 0.287942,
        "nauc_map_at_1000_std": 0.032933,
        "nauc_map_at_1000_diff1": 0.398869,
        "nauc_recall_at_1_max": 0.260684,
        "nauc_recall_at_1_std": 0.003947,
        "nauc_recall_at_1_diff1": 0.469627,
        "nauc_recall_at_3_max": 0.253423,
        "nauc_recall_at_3_std": 0.008073,
        "nauc_recall_at_3_diff1": 0.338633,
        "nauc_recall_at_5_max": 0.257146,
        "nauc_recall_at_5_std": 0.027641,
        "nauc_recall_at_5_diff1": 0.302201,
        "nauc_recall_at_10_max": 0.267224,
        "nauc_recall_at_10_std": 0.071422,
        "nauc_recall_at_10_diff1": 0.245838,
        "nauc_recall_at_20_max": 0.298537,
        "nauc_recall_at_20_std": 0.104956,
        "nauc_recall_at_20_diff1": 0.238299,
        "nauc_recall_at_100_max": 0.341363,
        "nauc_recall_at_100_std": 0.212115,
        "nauc_recall_at_100_diff1": 0.241314,
        "nauc_recall_at_1000_max": 0.355786,
        "nauc_recall_at_1000_std": 0.466735,
        "nauc_recall_at_1000_diff1": 0.256073,
        "nauc_precision_at_1_max": 0.315712,
        "nauc_precision_at_1_std": 0.028593,
        "nauc_precision_at_1_diff1": 0.454788,
        "nauc_precision_at_3_max": 0.307956,
        "nauc_precision_at_3_std": 0.051959,
        "nauc_precision_at_3_diff1": 0.267107,
        "nauc_precision_at_5_max": 0.290035,
        "nauc_precision_at_5_std": 0.068822,
        "nauc_precision_at_5_diff1": 0.193318,
        "nauc_precision_at_10_max": 0.268475,
        "nauc_precision_at_10_std": 0.112109,
        "nauc_precision_at_10_diff1": 0.098556,
        "nauc_precision_at_20_max": 0.258921,
        "nauc_precision_at_20_std": 0.136203,
        "nauc_precision_at_20_diff1": 0.054169,
        "nauc_precision_at_100_max": 0.164371,
        "nauc_precision_at_100_std": 0.150696,
        "nauc_precision_at_100_diff1": -0.026525,
        "nauc_precision_at_1000_max": 0.027255,
        "nauc_precision_at_1000_std": 0.072591,
        "nauc_precision_at_1000_diff1": -0.109467,
        "nauc_mrr_at_1_max": 0.315712,
        "nauc_mrr_at_1_std": 0.028593,
        "nauc_mrr_at_1_diff1": 0.454788,
        "nauc_mrr_at_3_max": 0.315287,
        "nauc_mrr_at_3_std": 0.035762,
        "nauc_mrr_at_3_diff1": 0.397574,
        "nauc_mrr_at_5_max": 0.313712,
        "nauc_mrr_at_5_std": 0.041157,
        "nauc_mrr_at_5_diff1": 0.390965,
        "nauc_mrr_at_10_max": 0.314339,
        "nauc_mrr_at_10_std": 0.046942,
        "nauc_mrr_at_10_diff1": 0.387583,
        "nauc_mrr_at_20_max": 0.315638,
        "nauc_mrr_at_20_std": 0.047454,
        "nauc_mrr_at_20_diff1": 0.388333,
        "nauc_mrr_at_100_max": 0.315867,
        "nauc_mrr_at_100_std": 0.048259,
        "nauc_mrr_at_100_diff1": 0.389193,
        "nauc_mrr_at_1000_max": 0.315782,
        "nauc_mrr_at_1000_std": 0.048157,
        "nauc_mrr_at_1000_diff1": 0.389425,
        "hit_rate_at_1": 0.34142,
        "hit_rate_at_3": 0.50746,
        "hit_rate_at_5": 0.5653,
        "hit_rate_at_10": 0.66138,
        "hit_rate_at_20": 0.73694,
        "hit_rate_at_100": 0.8722,
        "hit_rate_at_1000": 0.97668,
        "main_score": 0.45642,
        "hf_subset": "default",
        "languages": [
          "eng-Latn"
        ],
        "mteb_version": "2.12.32"
      }
    ]
  },
  "evaluation_time": 1874.6541075706482,
  "kg_co2_emissions": null,
  "date": null
}