{
  "dataset_revision": "4885aa143210c98657558c04aaf3dc47cfb54340",
  "task_name": "CQADupstackGamingRetrieval",
  "mteb_version": "2.12.32",
  "scores": {
    "test": [
      {
        "ndcg_at_1": 0.43448,
        "ndcg_at_3": 0.51652,
        "ndcg_at_5": 0.54541,
        "ndcg_at_10": 0.57547,
        "ndcg_at_20": 0.59588,
        "ndcg_at_100": 0.61974,
        "ndcg_at_1000": 0.6289,
        "map_at_1": 0.38085,
        "map_at_3": 0.47724,
        "map_at_5": 0.49663,
        "map_at_10": 0.5115,
        "map_at_20": 0.51878,
        "map_at_100": 0.52306,
        "map_at_1000": 0.52355,
        "recall_at_1": 0.38085,
        "recall_at_3": 0.5711,
        "recall_at_5": 0.64131,
        "recall_at_10": 0.72979,
        "recall_at_20": 0.80361,
        "recall_at_100": 0.91782,
        "recall_at_1000": 0.98132,
        "accuracy": 0.38085,
        "precision_at_1": 0.43448,
        "precision_at_3": 0.23302,
        "precision_at_5": 0.16113,
        "precision_at_10": 0.09386,
        "precision_at_20": 0.05342,
        "precision_at_100": 0.01263,
        "precision_at_1000": 0.00138,
        "mrr_at_1": 0.434483,
        "mrr_at_3": 0.5186,
        "mrr_at_5": 0.534556,
        "mrr_at_10": 0.545967,
        "mrr_at_20": 0.550498,
        "mrr_at_100": 0.55305,
        "mrr_at_1000": 0.553284,
        "nauc_ndcg_at_1_max": 0.281916,
        "nauc_ndcg_at_1_std": -0.095792,
        "nauc_ndcg_at_1_diff1": 0.522723,
        "nauc_ndcg_at_3_max": 0.284697,
        "nauc_ndcg_at_3_std": -0.092659,
        "nauc_ndcg_at_3_diff1": 0.469674,
        "nauc_ndcg_at_5_max": 0.285135,
        "nauc_ndcg_at_5_std": -0.083737,
        "nauc_ndcg_at_5_diff1": 0.468646,
        "nauc_ndcg_at_10_max": 0.279796,
        "nauc_ndcg_at_10_std": -0.073416,
        "nauc_ndcg_at_10_diff1": 0.464447,
        "nauc_ndcg_at_20_max": 0.295915,
        "nauc_ndcg_at_20_std": -0.053321,
        "nauc_ndcg_at_20_diff1": 0.4613,
        "nauc_ndcg_at_100_max": 0.304281,
        "nauc_ndcg_at_100_std": -0.046432,
        "nauc_ndcg_at_100_diff1": 0.467084,
        "nauc_ndcg_at_1000_max": 0.298249,
        "nauc_ndcg_at_1000_std": -0.053845,
        "nauc_ndcg_at_1000_diff1": 0.471583,
        "nauc_map_at_1_max": 0.23208,
        "nauc_map_at_1_std": -0.114106,
        "nauc_map_at_1_diff1": 0.521572,
        "nauc_map_at_3_max": 0.270217,
        "nauc_map_at_3_std": -0.10504,
        "nauc_map_at_3_diff1": 0.483126,
        "nauc_map_at_5_max": 0.271328,
        "nauc_map_at_5_std": -0.099518,
        "nauc_map_at_5_diff1": 0.480737,
        "nauc_map_at_10_max": 0.270749,
        "nauc_map_at_10_std": -0.093686,
        "nauc_map_at_10_diff1": 0.479354,
        "nauc_map_at_20_max": 0.277544,
        "nauc_map_at_20_std": -0.085484,
        "nauc_map_at_20_diff1": 0.478587,
        "nauc_map_at_100_max": 0.279901,
        "nauc_map_at_100_std": -0.082909,
        "nauc_map_at_100_diff1": 0.479468,
        "nauc_map_at_1000_max": 0.279666,
        "nauc_map_at_1000_std": -0.083024,
        "nauc_map_at_1000_diff1": 0.479644,
        "nauc_recall_at_1_max": 0.23208,
        "nauc_recall_at_1_std": -0.114106,
        "nauc_recall_at_1_diff1": 0.521572,
        "nauc_recall_at_3_max": 0.280999,
        "nauc_recall_at_3_std": -0.097142,
        "nauc_recall_at_3_diff1": 0.428953,
        "nauc_recall_at_5_max": 0.282833,
        "nauc_recall_at_5_std": -0.069651,
        "nauc_recall_at_5_diff1": 0.412603,
        "nauc_recall_at_10_max": 0.26001,
        "nauc_recall_at_10_std": -0.030637,
        "nauc_recall_at_10_diff1": 0.386966,
        "nauc_recall_at_20_max": 0.338245,
        "nauc_recall_at_20_std": 0.088007,
        "nauc_recall_at_20_diff1": 0.355181,
        "nauc_recall_at_100_max": 0.498244,
        "nauc_recall_at_100_std": 0.31363,
        "nauc_recall_at_100_diff1": 0.335863,
        "nauc_recall_at_1000_max": 0.640285,
        "nauc_recall_at_1000_std": 0.677769,
        "nauc_recall_at_1000_diff1": 0.470168,
        "nauc_precision_at_1_max": 0.281916,
        "nauc_precision_at_1_std": -0.095792,
        "nauc_precision_at_1_diff1": 0.522723,
        "nauc_precision_at_3_max": 0.302904,
        "nauc_precision_at_3_std": -0.019276,
        "nauc_precision_at_3_diff1": 0.301199,
        "nauc_precision_at_5_max": 0.268414,
        "nauc_precision_at_5_std": 0.029462,
        "nauc_precision_at_5_diff1": 0.22865,
        "nauc_precision_at_10_max": 0.228173,
        "nauc_precision_at_10_std": 0.106821,
        "nauc_precision_at_10_diff1": 0.131083,
        "nauc_precision_at_20_max": 0.250613,
        "nauc_precision_at_20_std": 0.217326,
        "nauc_precision_at_20_diff1": 0.03838,
        "nauc_precision_at_100_max": 0.188167,
        "nauc_precision_at_100_std": 0.261746,
        "nauc_precision_at_100_diff1": -0.072652,
        "nauc_precision_at_1000_max": 0.103466,
        "nauc_precision_at_1000_std": 0.239791,
        "nauc_precision_at_1000_diff1": -0.106803,
        "nauc_mrr_at_1_max": 0.281916,
        "nauc_mrr_at_1_std": -0.095792,
        "nauc_mrr_at_1_diff1": 0.522723,
        "nauc_mrr_at_3_max": 0.291273,
        "nauc_mrr_at_3_std": -0.09029,
        "nauc_mrr_at_3_diff1": 0.481262,
        "nauc_mrr_at_5_max": 0.292053,
        "nauc_mrr_at_5_std": -0.08222,
        "nauc_mrr_at_5_diff1": 0.480233,
        "nauc_mrr_at_10_max": 0.290673,
        "nauc_mrr_at_10_std": -0.077424,
        "nauc_mrr_at_10_diff1": 0.478808,
        "nauc_mrr_at_20_max": 0.292856,
        "nauc_mrr_at_20_std": -0.074287,
        "nauc_mrr_at_20_diff1": 0.478339,
        "nauc_mrr_at_100_max": 0.2936,
        "nauc_mrr_at_100_std": -0.074427,
        "nauc_mrr_at_100_diff1": 0.47964,
        "nauc_mrr_at_1000_max": 0.293439,
        "nauc_mrr_at_1000_std": -0.074662,
        "nauc_mrr_at_1000_diff1": 0.479807,
        "hit_rate_at_1": 0.43448,
        "hit_rate_at_3": 0.62445,
        "hit_rate_at_5": 0.69404,
        "hit_rate_at_10": 0.77868,
        "hit_rate_at_20": 0.84326,
        "hit_rate_at_100": 0.93981,
        "hit_rate_at_1000": 0.98683,
        "main_score": 0.57547,
        "hf_subset": "default",
        "languages": [
          "eng-Latn"
        ],
        "mteb_version": "2.12.32"
      }
    ]
  },
  "evaluation_time": 1368.2947356700897,
  "kg_co2_emissions": null,
  "date": null
}