{
  "dataset_revision": "080c9ed6267b65029207906e815d44a9240bafca",
  "task_name": "FEVERHardNegatives",
  "mteb_version": "2.12.32",
  "scores": {
    "test": [
      {
        "ndcg_at_1": 0.435,
        "ndcg_at_3": 0.53731,
        "ndcg_at_5": 0.56403,
        "ndcg_at_10": 0.58556,
        "ndcg_at_20": 0.6027,
        "ndcg_at_100": 0.6256,
        "ndcg_at_1000": 0.63355,
        "map_at_1": 0.40723,
        "map_at_3": 0.50085,
        "map_at_5": 0.5164,
        "map_at_10": 0.52552,
        "map_at_20": 0.53046,
        "map_at_100": 0.53413,
        "map_at_1000": 0.53451,
        "recall_at_1": 0.40723,
        "recall_at_3": 0.61233,
        "recall_at_5": 0.67783,
        "recall_at_10": 0.74358,
        "recall_at_20": 0.80932,
        "recall_at_100": 0.92482,
        "recall_at_1000": 0.97979,
        "accuracy": 0.40723,
        "precision_at_1": 0.435,
        "precision_at_3": 0.21867,
        "precision_at_5": 0.1456,
        "precision_at_10": 0.08,
        "precision_at_20": 0.04375,
        "precision_at_100": 0.01017,
        "precision_at_1000": 0.00111,
        "mrr_at_1": 0.435,
        "mrr_at_3": 0.529167,
        "mrr_at_5": 0.545167,
        "mrr_at_10": 0.554415,
        "mrr_at_20": 0.558999,
        "mrr_at_100": 0.561907,
        "mrr_at_1000": 0.562151,
        "nauc_ndcg_at_1_max": 0.417623,
        "nauc_ndcg_at_1_std": 0.071582,
        "nauc_ndcg_at_1_diff1": 0.552711,
        "nauc_ndcg_at_3_max": 0.408903,
        "nauc_ndcg_at_3_std": 0.040679,
        "nauc_ndcg_at_3_diff1": 0.487785,
        "nauc_ndcg_at_5_max": 0.414855,
        "nauc_ndcg_at_5_std": 0.046367,
        "nauc_ndcg_at_5_diff1": 0.483264,
        "nauc_ndcg_at_10_max": 0.410735,
        "nauc_ndcg_at_10_std": 0.05252,
        "nauc_ndcg_at_10_diff1": 0.484354,
        "nauc_ndcg_at_20_max": 0.410119,
        "nauc_ndcg_at_20_std": 0.050706,
        "nauc_ndcg_at_20_diff1": 0.489474,
        "nauc_ndcg_at_100_max": 0.408865,
        "nauc_ndcg_at_100_std": 0.057129,
        "nauc_ndcg_at_100_diff1": 0.489251,
        "nauc_ndcg_at_1000_max": 0.410923,
        "nauc_ndcg_at_1000_std": 0.05885,
        "nauc_ndcg_at_1000_diff1": 0.493574,
        "nauc_map_at_1_max": 0.373374,
        "nauc_map_at_1_std": 0.056895,
        "nauc_map_at_1_diff1": 0.538211,
        "nauc_map_at_3_max": 0.39045,
        "nauc_map_at_3_std": 0.03949,
        "nauc_map_at_3_diff1": 0.497956,
        "nauc_map_at_5_max": 0.395057,
        "nauc_map_at_5_std": 0.04328,
        "nauc_map_at_5_diff1": 0.49628,
        "nauc_map_at_10_max": 0.393347,
        "nauc_map_at_10_std": 0.045973,
        "nauc_map_at_10_diff1": 0.49675,
        "nauc_map_at_20_max": 0.393438,
        "nauc_map_at_20_std": 0.04627,
        "nauc_map_at_20_diff1": 0.497651,
        "nauc_map_at_100_max": 0.39381,
        "nauc_map_at_100_std": 0.04697,
        "nauc_map_at_100_diff1": 0.498078,
        "nauc_map_at_1000_max": 0.393967,
        "nauc_map_at_1000_std": 0.047202,
        "nauc_map_at_1000_diff1": 0.498199,
        "nauc_recall_at_1_max": 0.373374,
        "nauc_recall_at_1_std": 0.056895,
        "nauc_recall_at_1_diff1": 0.538211,
        "nauc_recall_at_3_max": 0.401228,
        "nauc_recall_at_3_std": 0.024602,
        "nauc_recall_at_3_diff1": 0.432254,
        "nauc_recall_at_5_max": 0.415763,
        "nauc_recall_at_5_std": 0.038688,
        "nauc_recall_at_5_diff1": 0.409047,
        "nauc_recall_at_10_max": 0.399367,
        "nauc_recall_at_10_std": 0.062088,
        "nauc_recall_at_10_diff1": 0.392116,
        "nauc_recall_at_20_max": 0.385523,
        "nauc_recall_at_20_std": 0.046845,
        "nauc_recall_at_20_diff1": 0.397767,
        "nauc_recall_at_100_max": 0.310208,
        "nauc_recall_at_100_std": 0.160175,
        "nauc_recall_at_100_diff1": 0.271618,
        "nauc_recall_at_1000_max": 0.266263,
        "nauc_recall_at_1000_std": 0.484123,
        "nauc_recall_at_1000_diff1": 0.244676,
        "nauc_precision_at_1_max": 0.417623,
        "nauc_precision_at_1_std": 0.071582,
        "nauc_precision_at_1_diff1": 0.552711,
        "nauc_precision_at_3_max": 0.447707,
        "nauc_precision_at_3_std": 0.031007,
        "nauc_precision_at_3_diff1": 0.426997,
        "nauc_precision_at_5_max": 0.467481,
        "nauc_precision_at_5_std": 0.044291,
        "nauc_precision_at_5_diff1": 0.395416,
        "nauc_precision_at_10_max": 0.447794,
        "nauc_precision_at_10_std": 0.07575,
        "nauc_precision_at_10_diff1": 0.358423,
        "nauc_precision_at_20_max": 0.423208,
        "nauc_precision_at_20_std": 0.077796,
        "nauc_precision_at_20_diff1": 0.306319,
        "nauc_precision_at_100_max": 0.294807,
        "nauc_precision_at_100_std": 0.172508,
        "nauc_precision_at_100_diff1": 0.016509,
        "nauc_precision_at_1000_max": 0.174871,
        "nauc_precision_at_1000_std": 0.207049,
        "nauc_precision_at_1000_diff1": -0.140187,
        "nauc_mrr_at_1_max": 0.417623,
        "nauc_mrr_at_1_std": 0.071582,
        "nauc_mrr_at_1_diff1": 0.552711,
        "nauc_mrr_at_3_max": 0.438349,
        "nauc_mrr_at_3_std": 0.052799,
        "nauc_mrr_at_3_diff1": 0.513906,
        "nauc_mrr_at_5_max": 0.443031,
        "nauc_mrr_at_5_std": 0.057795,
        "nauc_mrr_at_5_diff1": 0.51058,
        "nauc_mrr_at_10_max": 0.442388,
        "nauc_mrr_at_10_std": 0.061983,
        "nauc_mrr_at_10_diff1": 0.511281,
        "nauc_mrr_at_20_max": 0.442288,
        "nauc_mrr_at_20_std": 0.061243,
        "nauc_mrr_at_20_diff1": 0.512624,
        "nauc_mrr_at_100_max": 0.441232,
        "nauc_mrr_at_100_std": 0.061393,
        "nauc_mrr_at_100_diff1": 0.512534,
        "nauc_mrr_at_1000_max": 0.441243,
        "nauc_mrr_at_1000_std": 0.061389,
        "nauc_mrr_at_1000_diff1": 0.512728,
        "hit_rate_at_1": 0.435,
        "hit_rate_at_3": 0.646,
        "hit_rate_at_5": 0.715,
        "hit_rate_at_10": 0.783,
        "hit_rate_at_20": 0.848,
        "hit_rate_at_100": 0.953,
        "hit_rate_at_1000": 0.998,
        "main_score": 0.58556,
        "hf_subset": "default",
        "languages": [
          "eng-Latn"
        ],
        "mteb_version": "2.12.32"
      }
    ]
  },
  "evaluation_time": 5131.305263757706,
  "kg_co2_emissions": null,
  "date": null
}