{
  "dataset_revision": "27a168819829fe9bcd655c2df245fb19452e8e06",
  "task_name": "FiQA2018",
  "mteb_version": "2.12.32",
  "scores": {
    "test": [
      {
        "ndcg_at_1": 0.36728,
        "ndcg_at_3": 0.33943,
        "ndcg_at_5": 0.35774,
        "ndcg_at_10": 0.38622,
        "ndcg_at_20": 0.41518,
        "ndcg_at_100": 0.45918,
        "ndcg_at_1000": 0.49101,
        "map_at_1": 0.19165,
        "map_at_3": 0.26398,
        "map_at_5": 0.28796,
        "map_at_10": 0.30699,
        "map_at_20": 0.31811,
        "map_at_100": 0.32697,
        "map_at_1000": 0.32887,
        "recall_at_1": 0.19165,
        "recall_at_3": 0.30861,
        "recall_at_5": 0.37446,
        "recall_at_10": 0.46061,
        "recall_at_20": 0.55136,
        "recall_at_100": 0.73188,
        "recall_at_1000": 0.92421,
        "accuracy": 0.19165,
        "precision_at_1": 0.36728,
        "precision_at_3": 0.22222,
        "precision_at_5": 0.16975,
        "precision_at_10": 0.10818,
        "precision_at_20": 0.06597,
        "precision_at_100": 0.01832,
        "precision_at_1000": 0.0024,
        "mrr_at_1": 0.367284,
        "mrr_at_3": 0.430298,
        "mrr_at_5": 0.449743,
        "mrr_at_10": 0.460071,
        "mrr_at_20": 0.465125,
        "mrr_at_100": 0.468452,
        "mrr_at_1000": 0.468851,
        "nauc_ndcg_at_1_max": 0.246296,
        "nauc_ndcg_at_1_std": -0.10167,
        "nauc_ndcg_at_1_diff1": 0.418684,
        "nauc_ndcg_at_3_max": 0.21643,
        "nauc_ndcg_at_3_std": -0.135325,
        "nauc_ndcg_at_3_diff1": 0.365019,
        "nauc_ndcg_at_5_max": 0.206914,
        "nauc_ndcg_at_5_std": -0.120517,
        "nauc_ndcg_at_5_diff1": 0.366418,
        "nauc_ndcg_at_10_max": 0.196648,
        "nauc_ndcg_at_10_std": -0.108914,
        "nauc_ndcg_at_10_diff1": 0.353187,
        "nauc_ndcg_at_20_max": 0.20716,
        "nauc_ndcg_at_20_std": -0.085186,
        "nauc_ndcg_at_20_diff1": 0.344393,
        "nauc_ndcg_at_100_max": 0.225685,
        "nauc_ndcg_at_100_std": -0.066302,
        "nauc_ndcg_at_100_diff1": 0.345404,
        "nauc_ndcg_at_1000_max": 0.234576,
        "nauc_ndcg_at_1000_std": -0.069695,
        "nauc_ndcg_at_1000_diff1": 0.348016,
        "nauc_map_at_1_max": 0.139919,
        "nauc_map_at_1_std": -0.10777,
        "nauc_map_at_1_diff1": 0.403793,
        "nauc_map_at_3_max": 0.177117,
        "nauc_map_at_3_std": -0.136472,
        "nauc_map_at_3_diff1": 0.374011,
        "nauc_map_at_5_max": 0.184921,
        "nauc_map_at_5_std": -0.129993,
        "nauc_map_at_5_diff1": 0.367073,
        "nauc_map_at_10_max": 0.185851,
        "nauc_map_at_10_std": -0.125323,
        "nauc_map_at_10_diff1": 0.361251,
        "nauc_map_at_20_max": 0.192349,
        "nauc_map_at_20_std": -0.117298,
        "nauc_map_at_20_diff1": 0.360248,
        "nauc_map_at_100_max": 0.198347,
        "nauc_map_at_100_std": -0.112384,
        "nauc_map_at_100_diff1": 0.359906,
        "nauc_map_at_1000_max": 0.199446,
        "nauc_map_at_1000_std": -0.11187,
        "nauc_map_at_1000_diff1": 0.359766,
        "nauc_recall_at_1_max": 0.139919,
        "nauc_recall_at_1_std": -0.10777,
        "nauc_recall_at_1_diff1": 0.403793,
        "nauc_recall_at_3_max": 0.149277,
        "nauc_recall_at_3_std": -0.134309,
        "nauc_recall_at_3_diff1": 0.326624,
        "nauc_recall_at_5_max": 0.146691,
        "nauc_recall_at_5_std": -0.101754,
        "nauc_recall_at_5_diff1": 0.302905,
        "nauc_recall_at_10_max": 0.121728,
        "nauc_recall_at_10_std": -0.07848,
        "nauc_recall_at_10_diff1": 0.251723,
        "nauc_recall_at_20_max": 0.13384,
        "nauc_recall_at_20_std": -0.005683,
        "nauc_recall_at_20_diff1": 0.210359,
        "nauc_recall_at_100_max": 0.169902,
        "nauc_recall_at_100_std": 0.105679,
        "nauc_recall_at_100_diff1": 0.187856,
        "nauc_recall_at_1000_max": 0.178353,
        "nauc_recall_at_1000_std": 0.218017,
        "nauc_recall_at_1000_diff1": 0.128365,
        "nauc_precision_at_1_max": 0.246296,
        "nauc_precision_at_1_std": -0.10167,
        "nauc_precision_at_1_diff1": 0.418684,
        "nauc_precision_at_3_max": 0.263307,
        "nauc_precision_at_3_std": -0.121759,
        "nauc_precision_at_3_diff1": 0.265162,
        "nauc_precision_at_5_max": 0.267177,
        "nauc_precision_at_5_std": -0.072885,
        "nauc_precision_at_5_diff1": 0.222442,
        "nauc_precision_at_10_max": 0.234357,
        "nauc_precision_at_10_std": -0.02975,
        "nauc_precision_at_10_diff1": 0.155544,
        "nauc_precision_at_20_max": 0.258186,
        "nauc_precision_at_20_std": 0.044515,
        "nauc_precision_at_20_diff1": 0.110202,
        "nauc_precision_at_100_max": 0.266644,
        "nauc_precision_at_100_std": 0.107195,
        "nauc_precision_at_100_diff1": 0.038245,
        "nauc_precision_at_1000_max": 0.246844,
        "nauc_precision_at_1000_std": 0.119048,
        "nauc_precision_at_1000_diff1": -0.034206,
        "nauc_mrr_at_1_max": 0.246296,
        "nauc_mrr_at_1_std": -0.10167,
        "nauc_mrr_at_1_diff1": 0.418684,
        "nauc_mrr_at_3_max": 0.243452,
        "nauc_mrr_at_3_std": -0.114223,
        "nauc_mrr_at_3_diff1": 0.39301,
        "nauc_mrr_at_5_max": 0.248044,
        "nauc_mrr_at_5_std": -0.096598,
        "nauc_mrr_at_5_diff1": 0.391954,
        "nauc_mrr_at_10_max": 0.24818,
        "nauc_mrr_at_10_std": -0.096224,
        "nauc_mrr_at_10_diff1": 0.3884,
        "nauc_mrr_at_20_max": 0.248263,
        "nauc_mrr_at_20_std": -0.092966,
        "nauc_mrr_at_20_diff1": 0.38676,
        "nauc_mrr_at_100_max": 0.248003,
        "nauc_mrr_at_100_std": -0.093739,
        "nauc_mrr_at_100_diff1": 0.387359,
        "nauc_mrr_at_1000_max": 0.247949,
        "nauc_mrr_at_1000_std": -0.093989,
        "nauc_mrr_at_1000_diff1": 0.387535,
        "hit_rate_at_1": 0.36728,
        "hit_rate_at_3": 0.5108,
        "hit_rate_at_5": 0.59414,
        "hit_rate_at_10": 0.67438,
        "hit_rate_at_20": 0.75154,
        "hit_rate_at_100": 0.88272,
        "hit_rate_at_1000": 0.97685,
        "main_score": 0.38622,
        "hf_subset": "default",
        "languages": [
          "eng-Latn"
        ],
        "mteb_version": "2.12.32"
      }
    ]
  },
  "evaluation_time": 1812.8704040050507,
  "kg_co2_emissions": null,
  "date": null
}