{
  "dataset_revision": "617612fa63afcb60e3b134bed8b7216a99707c37",
  "task_name": "HotpotQAHardNegatives",
  "mteb_version": "2.12.32",
  "scores": {
    "test": [
      {
        "ndcg_at_1": 0.648,
        "ndcg_at_3": 0.53334,
        "ndcg_at_5": 0.56722,
        "ndcg_at_10": 0.59191,
        "ndcg_at_20": 0.61261,
        "ndcg_at_100": 0.6447,
        "ndcg_at_1000": 0.66229,
        "map_at_1": 0.324,
        "map_at_3": 0.45858,
        "map_at_5": 0.48336,
        "map_at_10": 0.49735,
        "map_at_20": 0.50554,
        "map_at_100": 0.51194,
        "map_at_1000": 0.51297,
        "recall_at_1": 0.324,
        "recall_at_3": 0.5135,
        "recall_at_5": 0.5805,
        "recall_at_10": 0.6425,
        "recall_at_20": 0.709,
        "recall_at_100": 0.85,
        "recall_at_1000": 0.963,
        "accuracy": 0.324,
        "precision_at_1": 0.648,
        "precision_at_3": 0.34233,
        "precision_at_5": 0.2322,
        "precision_at_10": 0.1285,
        "precision_at_20": 0.0709,
        "precision_at_100": 0.017,
        "precision_at_1000": 0.00193,
        "mrr_at_1": 0.648,
        "mrr_at_3": 0.713833,
        "mrr_at_5": 0.725683,
        "mrr_at_10": 0.731117,
        "mrr_at_20": 0.733434,
        "mrr_at_100": 0.735101,
        "mrr_at_1000": 0.735199,
        "nauc_ndcg_at_1_max": 0.39397,
        "nauc_ndcg_at_1_std": -0.073235,
        "nauc_ndcg_at_1_diff1": 0.651093,
        "nauc_ndcg_at_3_max": 0.300291,
        "nauc_ndcg_at_3_std": -0.021735,
        "nauc_ndcg_at_3_diff1": 0.387853,
        "nauc_ndcg_at_5_max": 0.312116,
        "nauc_ndcg_at_5_std": 0.002227,
        "nauc_ndcg_at_5_diff1": 0.375816,
        "nauc_ndcg_at_10_max": 0.302724,
        "nauc_ndcg_at_10_std": 0.005194,
        "nauc_ndcg_at_10_diff1": 0.368102,
        "nauc_ndcg_at_20_max": 0.29712,
        "nauc_ndcg_at_20_std": 0.002608,
        "nauc_ndcg_at_20_diff1": 0.365852,
        "nauc_ndcg_at_100_max": 0.300901,
        "nauc_ndcg_at_100_std": 0.021593,
        "nauc_ndcg_at_100_diff1": 0.376671,
        "nauc_ndcg_at_1000_max": 0.310715,
        "nauc_ndcg_at_1000_std": 0.018907,
        "nauc_ndcg_at_1000_diff1": 0.389631,
        "nauc_map_at_1_max": 0.39397,
        "nauc_map_at_1_std": -0.073235,
        "nauc_map_at_1_diff1": 0.651093,
        "nauc_map_at_3_max": 0.275987,
        "nauc_map_at_3_std": -0.020557,
        "nauc_map_at_3_diff1": 0.333512,
        "nauc_map_at_5_max": 0.287174,
        "nauc_map_at_5_std": -0.001344,
        "nauc_map_at_5_diff1": 0.328356,
        "nauc_map_at_10_max": 0.283057,
        "nauc_map_at_10_std": -0.000422,
        "nauc_map_at_10_diff1": 0.325363,
        "nauc_map_at_20_max": 0.281954,
        "nauc_map_at_20_std": -0.001379,
        "nauc_map_at_20_diff1": 0.325351,
        "nauc_map_at_100_max": 0.282313,
        "nauc_map_at_100_std": 0.001887,
        "nauc_map_at_100_diff1": 0.327727,
        "nauc_map_at_1000_max": 0.282738,
        "nauc_map_at_1000_std": 0.002021,
        "nauc_map_at_1000_diff1": 0.328299,
        "nauc_recall_at_1_max": 0.39397,
        "nauc_recall_at_1_std": -0.073235,
        "nauc_recall_at_1_diff1": 0.651093,
        "nauc_recall_at_3_max": 0.255288,
        "nauc_recall_at_3_std": 0.000219,
        "nauc_recall_at_3_diff1": 0.283221,
        "nauc_recall_at_5_max": 0.266725,
        "nauc_recall_at_5_std": 0.049773,
        "nauc_recall_at_5_diff1": 0.243953,
        "nauc_recall_at_10_max": 0.231212,
        "nauc_recall_at_10_std": 0.058285,
        "nauc_recall_at_10_diff1": 0.207255,
        "nauc_recall_at_20_max": 0.193954,
        "nauc_recall_at_20_std": 0.054734,
        "nauc_recall_at_20_diff1": 0.172192,
        "nauc_recall_at_100_max": 0.155026,
        "nauc_recall_at_100_std": 0.221146,
        "nauc_recall_at_100_diff1": 0.115603,
        "nauc_recall_at_1000_max": 0.254744,
        "nauc_recall_at_1000_std": 0.593699,
        "nauc_recall_at_1000_diff1": 0.052742,
        "nauc_precision_at_1_max": 0.39397,
        "nauc_precision_at_1_std": -0.073235,
        "nauc_precision_at_1_diff1": 0.651093,
        "nauc_precision_at_3_max": 0.255288,
        "nauc_precision_at_3_std": 0.000219,
        "nauc_precision_at_3_diff1": 0.283221,
        "nauc_precision_at_5_max": 0.266725,
        "nauc_precision_at_5_std": 0.049773,
        "nauc_precision_at_5_diff1": 0.243953,
        "nauc_precision_at_10_max": 0.231212,
        "nauc_precision_at_10_std": 0.058285,
        "nauc_precision_at_10_diff1": 0.207255,
        "nauc_precision_at_20_max": 0.193954,
        "nauc_precision_at_20_std": 0.054734,
        "nauc_precision_at_20_diff1": 0.172192,
        "nauc_precision_at_100_max": 0.155026,
        "nauc_precision_at_100_std": 0.221146,
        "nauc_precision_at_100_diff1": 0.115603,
        "nauc_precision_at_1000_max": 0.254744,
        "nauc_precision_at_1000_std": 0.593699,
        "nauc_precision_at_1000_diff1": 0.052742,
        "nauc_mrr_at_1_max": 0.39397,
        "nauc_mrr_at_1_std": -0.073235,
        "nauc_mrr_at_1_diff1": 0.651093,
        "nauc_mrr_at_3_max": 0.405809,
        "nauc_mrr_at_3_std": -0.054246,
        "nauc_mrr_at_3_diff1": 0.639916,
        "nauc_mrr_at_5_max": 0.408807,
        "nauc_mrr_at_5_std": -0.054236,
        "nauc_mrr_at_5_diff1": 0.640376,
        "nauc_mrr_at_10_max": 0.406083,
        "nauc_mrr_at_10_std": -0.05259,
        "nauc_mrr_at_10_diff1": 0.64018,
        "nauc_mrr_at_20_max": 0.406352,
        "nauc_mrr_at_20_std": -0.053564,
        "nauc_mrr_at_20_diff1": 0.641751,
        "nauc_mrr_at_100_max": 0.406373,
        "nauc_mrr_at_100_std": -0.053362,
        "nauc_mrr_at_100_diff1": 0.641847,
        "nauc_mrr_at_1000_max": 0.406385,
        "nauc_mrr_at_1000_std": -0.053436,
        "nauc_mrr_at_1000_diff1": 0.641925,
        "hit_rate_at_1": 0.648,
        "hit_rate_at_3": 0.797,
        "hit_rate_at_5": 0.849,
        "hit_rate_at_10": 0.889,
        "hit_rate_at_20": 0.922,
        "hit_rate_at_100": 0.98,
        "hit_rate_at_1000": 0.998,
        "main_score": 0.59191,
        "hf_subset": "default",
        "languages": [
          "eng-Latn"
        ],
        "mteb_version": "2.12.32"
      }
    ]
  },
  "evaluation_time": 6285.493988990784,
  "kg_co2_emissions": null,
  "date": null
}