{
  "dataset_revision": "227478e3235572039f4f7661840e059f31ef6eb1",
  "task_name": "MindSmallReranking",
  "mteb_version": "2.12.32",
  "scores": {
    "test": [
      {
        "ndcg_at_1": 0.1312,
        "ndcg_at_3": 0.20444,
        "ndcg_at_5": 0.24997,
        "ndcg_at_10": 0.31211,
        "ndcg_at_20": 0.36463,
        "ndcg_at_100": 0.42843,
        "ndcg_at_1000": 0.432,
        "map_at_1": 0.1001,
        "map_at_3": 0.16811,
        "map_at_5": 0.19512,
        "map_at_10": 0.22292,
        "map_at_20": 0.24006,
        "map_at_100": 0.25367,
        "map_at_1000": 0.25412,
        "recall_at_1": 0.1001,
        "recall_at_3": 0.25302,
        "recall_at_5": 0.36176,
        "recall_at_10": 0.53784,
        "recall_at_20": 0.71682,
        "recall_at_100": 0.98278,
        "recall_at_1000": 1.0,
        "accuracy": 0.1001,
        "precision_at_1": 0.1312,
        "precision_at_3": 0.11249,
        "precision_at_5": 0.09884,
        "precision_at_10": 0.07726,
        "precision_at_20": 0.05517,
        "precision_at_100": 0.01763,
        "precision_at_1000": 0.00183,
        "mrr_at_1": 0.131199,
        "mrr_at_3": 0.212391,
        "mrr_at_5": 0.241536,
        "mrr_at_10": 0.267296,
        "mrr_at_20": 0.279425,
        "mrr_at_100": 0.284864,
        "mrr_at_1000": 0.284911,
        "nauc_ndcg_at_1_max": -0.09898,
        "nauc_ndcg_at_1_std": 0.009846,
        "nauc_ndcg_at_1_diff1": 0.118901,
        "nauc_ndcg_at_3_max": -0.198991,
        "nauc_ndcg_at_3_std": -0.025161,
        "nauc_ndcg_at_3_diff1": 0.121901,
        "nauc_ndcg_at_5_max": -0.234959,
        "nauc_ndcg_at_5_std": -0.033121,
        "nauc_ndcg_at_5_diff1": 0.118383,
        "nauc_ndcg_at_10_max": -0.272961,
        "nauc_ndcg_at_10_std": -0.040851,
        "nauc_ndcg_at_10_diff1": 0.114699,
        "nauc_ndcg_at_20_max": -0.282219,
        "nauc_ndcg_at_20_std": -0.038097,
        "nauc_ndcg_at_20_diff1": 0.113217,
        "nauc_ndcg_at_100_max": -0.219712,
        "nauc_ndcg_at_100_std": -0.024177,
        "nauc_ndcg_at_100_diff1": 0.112631,
        "nauc_ndcg_at_1000_max": -0.208148,
        "nauc_ndcg_at_1000_std": -0.022654,
        "nauc_ndcg_at_1000_diff1": 0.112537,
        "nauc_map_at_1_max": -0.164214,
        "nauc_map_at_1_std": -0.013078,
        "nauc_map_at_1_diff1": 0.138172,
        "nauc_map_at_3_max": -0.211332,
        "nauc_map_at_3_std": -0.029115,
        "nauc_map_at_3_diff1": 0.130494,
        "nauc_map_at_5_max": -0.22955,
        "nauc_map_at_5_std": -0.032283,
        "nauc_map_at_5_diff1": 0.126827,
        "nauc_map_at_10_max": -0.245612,
        "nauc_map_at_10_std": -0.034846,
        "nauc_map_at_10_diff1": 0.124131,
        "nauc_map_at_20_max": -0.246928,
        "nauc_map_at_20_std": -0.033114,
        "nauc_map_at_20_diff1": 0.123145,
        "nauc_map_at_100_max": -0.234149,
        "nauc_map_at_100_std": -0.029851,
        "nauc_map_at_100_diff1": 0.122728,
        "nauc_map_at_1000_max": -0.232949,
        "nauc_map_at_1000_std": -0.029693,
        "nauc_map_at_1000_diff1": 0.12273,
        "nauc_recall_at_1_max": -0.164214,
        "nauc_recall_at_1_std": -0.013078,
        "nauc_recall_at_1_diff1": 0.138172,
        "nauc_recall_at_3_max": -0.239533,
        "nauc_recall_at_3_std": -0.040882,
        "nauc_recall_at_3_diff1": 0.117621,
        "nauc_recall_at_5_max": -0.289391,
        "nauc_recall_at_5_std": -0.052201,
        "nauc_recall_at_5_diff1": 0.107105,
        "nauc_recall_at_10_max": -0.379941,
        "nauc_recall_at_10_std": -0.073009,
        "nauc_recall_at_10_diff1": 0.096739,
        "nauc_recall_at_20_max": -0.470637,
        "nauc_recall_at_20_std": -0.079998,
        "nauc_recall_at_20_diff1": 0.090382,
        "nauc_recall_at_100_max": -0.776601,
        "nauc_recall_at_100_std": -0.097174,
        "nauc_recall_at_100_diff1": 0.084486,
        "nauc_recall_at_1000_max": -0.539963,
        "nauc_recall_at_1000_std": 0.283147,
        "nauc_recall_at_1000_diff1": 0.294071,
        "nauc_precision_at_1_max": -0.09898,
        "nauc_precision_at_1_std": 0.009846,
        "nauc_precision_at_1_diff1": 0.118901,
        "nauc_precision_at_3_max": -0.159036,
        "nauc_precision_at_3_std": -0.007562,
        "nauc_precision_at_3_diff1": 0.097064,
        "nauc_precision_at_5_max": -0.182207,
        "nauc_precision_at_5_std": -0.009984,
        "nauc_precision_at_5_diff1": 0.079589,
        "nauc_precision_at_10_max": -0.170177,
        "nauc_precision_at_10_std": -0.00623,
        "nauc_precision_at_10_diff1": 0.044434,
        "nauc_precision_at_20_max": -0.065927,
        "nauc_precision_at_20_std": 0.019928,
        "nauc_precision_at_20_diff1": 0.003058,
        "nauc_precision_at_100_max": 0.239651,
        "nauc_precision_at_100_std": 0.059802,
        "nauc_precision_at_100_diff1": -0.051137,
        "nauc_precision_at_1000_max": 0.270237,
        "nauc_precision_at_1000_std": 0.061844,
        "nauc_precision_at_1000_diff1": -0.052382,
        "nauc_mrr_at_1_max": -0.09898,
        "nauc_mrr_at_1_std": 0.009846,
        "nauc_mrr_at_1_diff1": 0.118901,
        "nauc_mrr_at_3_max": -0.143976,
        "nauc_mrr_at_3_std": -0.006847,
        "nauc_mrr_at_3_diff1": 0.111254,
        "nauc_mrr_at_5_max": -0.159817,
        "nauc_mrr_at_5_std": -0.010582,
        "nauc_mrr_at_5_diff1": 0.108997,
        "nauc_mrr_at_10_max": -0.1715,
        "nauc_mrr_at_10_std": -0.013315,
        "nauc_mrr_at_10_diff1": 0.108205,
        "nauc_mrr_at_20_max": -0.17176,
        "nauc_mrr_at_20_std": -0.012768,
        "nauc_mrr_at_20_diff1": 0.108586,
        "nauc_mrr_at_100_max": -0.167677,
        "nauc_mrr_at_100_std": -0.011792,
        "nauc_mrr_at_100_diff1": 0.109081,
        "nauc_mrr_at_1000_max": -0.167566,
        "nauc_mrr_at_1000_std": -0.011777,
        "nauc_mrr_at_1000_diff1": 0.109084,
        "hit_rate_at_1": 0.1312,
        "hit_rate_at_3": 0.3203,
        "hit_rate_at_5": 0.44866,
        "hit_rate_at_10": 0.64158,
        "hit_rate_at_20": 0.81388,
        "hit_rate_at_100": 0.99424,
        "hit_rate_at_1000": 1.0,
        "max_over_subqueries_ndcg_at_1": 0.16648,
        "max_over_subqueries_ndcg_at_3": 0.25982,
        "max_over_subqueries_ndcg_at_5": 0.31171,
        "max_over_subqueries_ndcg_at_10": 0.37457,
        "max_over_subqueries_ndcg_at_20": 0.42095,
        "max_over_subqueries_ndcg_at_100": 0.46693,
        "max_over_subqueries_ndcg_at_1000": 0.4688,
        "max_over_subqueries_map_at_1": 0.14033,
        "max_over_subqueries_map_at_3": 0.22258,
        "max_over_subqueries_map_at_5": 0.2529,
        "max_over_subqueries_map_at_10": 0.28087,
        "max_over_subqueries_map_at_20": 0.29588,
        "max_over_subqueries_map_at_100": 0.30539,
        "max_over_subqueries_map_at_1000": 0.3056,
        "max_over_subqueries_recall_at_1": 0.14033,
        "max_over_subqueries_recall_at_3": 0.32486,
        "max_over_subqueries_recall_at_5": 0.44744,
        "max_over_subqueries_recall_at_10": 0.62729,
        "max_over_subqueries_recall_at_20": 0.78947,
        "max_over_subqueries_recall_at_100": 0.99007,
        "max_over_subqueries_recall_at_1000": 0.99999,
        "max_over_subqueries_accuracy": 0.14033,
        "max_over_subqueries_precision_at_1": 0.16648,
        "max_over_subqueries_precision_at_3": 0.13206,
        "max_over_subqueries_precision_at_5": 0.11159,
        "max_over_subqueries_precision_at_10": 0.08168,
        "max_over_subqueries_precision_at_20": 0.05422,
        "max_over_subqueries_precision_at_100": 0.01494,
        "max_over_subqueries_precision_at_1000": 0.00152,
        "max_over_subqueries_mrr_at_1": 0.166483,
        "max_over_subqueries_mrr_at_3": 0.258573,
        "max_over_subqueries_mrr_at_5": 0.289257,
        "max_over_subqueries_mrr_at_10": 0.31456,
        "max_over_subqueries_mrr_at_20": 0.325183,
        "max_over_subqueries_mrr_at_100": 0.329562,
        "max_over_subqueries_mrr_at_1000": 0.329596,