{
  "dataset_revision": "f8c2fcf00f625baaa80f62ec5bd9e1fff3b8ae88",
  "task_name": "SCIDOCS",
  "mteb_version": "2.12.32",
  "scores": {
    "test": [
      {
        "ndcg_at_1": 0.215,
        "ndcg_at_3": 0.18221,
        "ndcg_at_5": 0.165,
        "ndcg_at_10": 0.2002,
        "ndcg_at_20": 0.22959,
        "ndcg_at_100": 0.28276,
        "ndcg_at_1000": 0.33773,
        "map_at_1": 0.04363,
        "map_at_3": 0.08124,
        "map_at_5": 0.10026,
        "map_at_10": 0.1183,
        "map_at_20": 0.12907,
        "map_at_100": 0.13984,
        "map_at_1000": 0.14303,
        "recall_at_1": 0.04363,
        "recall_at_3": 0.10453,
        "recall_at_5": 0.15078,
        "recall_at_10": 0.2153,
        "recall_at_20": 0.28423,
        "recall_at_100": 0.45662,
        "recall_at_1000": 0.72375,
        "accuracy": 0.04363,
        "precision_at_1": 0.215,
        "precision_at_3": 0.172,
        "precision_at_5": 0.1488,
        "precision_at_10": 0.1061,
        "precision_at_20": 0.07005,
        "precision_at_100": 0.02252,
        "precision_at_1000": 0.00357,
        "mrr_at_1": 0.215,
        "mrr_at_3": 0.294333,
        "mrr_at_5": 0.316283,
        "mrr_at_10": 0.331867,
        "mrr_at_20": 0.338231,
        "mrr_at_100": 0.342742,
        "mrr_at_1000": 0.343338,
        "nauc_ndcg_at_1_max": 0.127235,
        "nauc_ndcg_at_1_std": -0.05996,
        "nauc_ndcg_at_1_diff1": 0.16616,
        "nauc_ndcg_at_3_max": 0.201888,
        "nauc_ndcg_at_3_std": 0.002504,
        "nauc_ndcg_at_3_diff1": 0.15795,
        "nauc_ndcg_at_5_max": 0.21227,
        "nauc_ndcg_at_5_std": 0.024326,
        "nauc_ndcg_at_5_diff1": 0.159275,
        "nauc_ndcg_at_10_max": 0.247015,
        "nauc_ndcg_at_10_std": 0.072928,
        "nauc_ndcg_at_10_diff1": 0.159729,
        "nauc_ndcg_at_20_max": 0.251865,
        "nauc_ndcg_at_20_std": 0.093138,
        "nauc_ndcg_at_20_diff1": 0.143081,
        "nauc_ndcg_at_100_max": 0.270867,
        "nauc_ndcg_at_100_std": 0.150568,
        "nauc_ndcg_at_100_diff1": 0.141648,
        "nauc_ndcg_at_1000_max": 0.274913,
        "nauc_ndcg_at_1000_std": 0.158949,
        "nauc_ndcg_at_1000_diff1": 0.13329,
        "nauc_map_at_1_max": 0.127509,
        "nauc_map_at_1_std": -0.058741,
        "nauc_map_at_1_diff1": 0.169538,
        "nauc_map_at_3_max": 0.212482,
        "nauc_map_at_3_std": -0.008052,
        "nauc_map_at_3_diff1": 0.174313,
        "nauc_map_at_5_max": 0.213221,
        "nauc_map_at_5_std": 0.006077,
        "nauc_map_at_5_diff1": 0.16756,
        "nauc_map_at_10_max": 0.240122,
        "nauc_map_at_10_std": 0.04507,
        "nauc_map_at_10_diff1": 0.166291,
        "nauc_map_at_20_max": 0.245456,
        "nauc_map_at_20_std": 0.059469,
        "nauc_map_at_20_diff1": 0.15674,
        "nauc_map_at_100_max": 0.252248,
        "nauc_map_at_100_std": 0.079453,
        "nauc_map_at_100_diff1": 0.155299,
        "nauc_map_at_1000_max": 0.25339,
        "nauc_map_at_1000_std": 0.08237,
        "nauc_map_at_1000_diff1": 0.154496,
        "nauc_recall_at_1_max": 0.127509,
        "nauc_recall_at_1_std": -0.058741,
        "nauc_recall_at_1_diff1": 0.169538,
        "nauc_recall_at_3_max": 0.219906,
        "nauc_recall_at_3_std": 0.025489,
        "nauc_recall_at_3_diff1": 0.153829,
        "nauc_recall_at_5_max": 0.225143,
        "nauc_recall_at_5_std": 0.057065,
        "nauc_recall_at_5_diff1": 0.14802,
        "nauc_recall_at_10_max": 0.276024,
        "nauc_recall_at_10_std": 0.137678,
        "nauc_recall_at_10_diff1": 0.145,
        "nauc_recall_at_20_max": 0.265796,
        "nauc_recall_at_20_std": 0.165799,
        "nauc_recall_at_20_diff1": 0.103132,
        "nauc_recall_at_100_max": 0.280322,
        "nauc_recall_at_100_std": 0.289411,
        "nauc_recall_at_100_diff1": 0.086561,
        "nauc_recall_at_1000_max": 0.278836,
        "nauc_recall_at_1000_std": 0.345715,
        "nauc_recall_at_1000_diff1": 0.022065,
        "nauc_precision_at_1_max": 0.127235,
        "nauc_precision_at_1_std": -0.05996,
        "nauc_precision_at_1_diff1": 0.16616,
        "nauc_precision_at_3_max": 0.222074,
        "nauc_precision_at_3_std": 0.026373,
        "nauc_precision_at_3_diff1": 0.152298,
        "nauc_precision_at_5_max": 0.22647,
        "nauc_precision_at_5_std": 0.056401,
        "nauc_precision_at_5_diff1": 0.146778,
        "nauc_precision_at_10_max": 0.27669,
        "nauc_precision_at_10_std": 0.136172,
        "nauc_precision_at_10_diff1": 0.144085,
        "nauc_precision_at_20_max": 0.266633,
        "nauc_precision_at_20_std": 0.163951,
        "nauc_precision_at_20_diff1": 0.103023,
        "nauc_precision_at_100_max": 0.277464,
        "nauc_precision_at_100_std": 0.284119,
        "nauc_precision_at_100_diff1": 0.085377,
        "nauc_precision_at_1000_max": 0.270252,
        "nauc_precision_at_1000_std": 0.328999,
        "nauc_precision_at_1000_diff1": 0.023692,
        "nauc_mrr_at_1_max": 0.127235,
        "nauc_mrr_at_1_std": -0.05996,
        "nauc_mrr_at_1_diff1": 0.16616,
        "nauc_mrr_at_3_max": 0.159728,
        "nauc_mrr_at_3_std": -0.013453,
        "nauc_mrr_at_3_diff1": 0.145538,
        "nauc_mrr_at_5_max": 0.169437,
        "nauc_mrr_at_5_std": -0.001737,
        "nauc_mrr_at_5_diff1": 0.148659,
        "nauc_mrr_at_10_max": 0.174673,
        "nauc_mrr_at_10_std": 0.005442,
        "nauc_mrr_at_10_diff1": 0.146194,
        "nauc_mrr_at_20_max": 0.174242,
        "nauc_mrr_at_20_std": 0.007931,
        "nauc_mrr_at_20_diff1": 0.143488,
        "nauc_mrr_at_100_max": 0.173761,
        "nauc_mrr_at_100_std": 0.007809,
        "nauc_mrr_at_100_diff1": 0.145385,
        "nauc_mrr_at_1000_max": 0.173511,
        "nauc_mrr_at_1000_std": 0.007291,
        "nauc_mrr_at_1000_diff1": 0.145355,
        "hit_rate_at_1": 0.215,
        "hit_rate_at_3": 0.394,
        "hit_rate_at_5": 0.489,
        "hit_rate_at_10": 0.603,
        "hit_rate_at_20": 0.693,
        "hit_rate_at_100": 0.864,
        "hit_rate_at_1000": 0.979,
        "main_score": 0.2002,
        "hf_subset": "default",
        "languages": [
          "eng-Latn"
        ],
        "mteb_version": "2.12.32"
      }
    ]
  },
  "evaluation_time": 873.3172929286957,
  "kg_co2_emissions": null,
  "date": null
}