{
  "dataset_revision": "431886eaecc48f067a3975b70d0949ea2862463c",
  "task_name": "Touche2020Retrieval.v3",
  "mteb_version": "2.12.32",
  "scores": {
    "test": [
      {
        "ndcg_at_1": 0.55102,
        "ndcg_at_3": 0.55165,
        "ndcg_at_5": 0.50883,
        "ndcg_at_10": 0.46194,
        "ndcg_at_20": 0.40687,
        "ndcg_at_100": 0.48173,
        "ndcg_at_1000": 0.6206,
        "map_at_1": 0.02592,
        "map_at_3": 0.06306,
        "map_at_5": 0.08965,
        "map_at_10": 0.13868,
        "map_at_20": 0.18912,
        "map_at_100": 0.26183,
        "map_at_1000": 0.29284,
        "recall_at_1": 0.02592,
        "recall_at_3": 0.06928,
        "recall_at_5": 0.10419,
        "recall_at_10": 0.17532,
        "recall_at_20": 0.27102,
        "recall_at_100": 0.52004,
        "recall_at_1000": 0.8607,
        "accuracy": 0.02592,
        "precision_at_1": 0.65306,
        "precision_at_3": 0.63946,
        "precision_at_5": 0.56735,
        "precision_at_10": 0.49184,
        "precision_at_20": 0.37959,
        "precision_at_100": 0.15939,
        "precision_at_1000": 0.02963,
        "mrr_at_1": 0.653061,
        "mrr_at_3": 0.765306,
        "mrr_at_5": 0.77449,
        "mrr_at_10": 0.779956,
        "mrr_at_20": 0.779956,
        "mrr_at_100": 0.780685,
        "mrr_at_1000": 0.780685,
        "nauc_ndcg_at_1_max": -0.3025,
        "nauc_ndcg_at_1_std": -0.245796,
        "nauc_ndcg_at_1_diff1": 0.208758,
        "nauc_ndcg_at_3_max": -0.188273,
        "nauc_ndcg_at_3_std": -0.058566,
        "nauc_ndcg_at_3_diff1": 0.223016,
        "nauc_ndcg_at_5_max": -0.370766,
        "nauc_ndcg_at_5_std": -0.121709,
        "nauc_ndcg_at_5_diff1": 0.225914,
        "nauc_ndcg_at_10_max": -0.348179,
        "nauc_ndcg_at_10_std": -0.109061,
        "nauc_ndcg_at_10_diff1": 0.217075,
        "nauc_ndcg_at_20_max": -0.337881,
        "nauc_ndcg_at_20_std": -0.15432,
        "nauc_ndcg_at_20_diff1": 0.200636,
        "nauc_ndcg_at_100_max": -0.487803,
        "nauc_ndcg_at_100_std": -0.095981,
        "nauc_ndcg_at_100_diff1": 0.204622,
        "nauc_ndcg_at_1000_max": -0.379245,
        "nauc_ndcg_at_1000_std": 0.172194,
        "nauc_ndcg_at_1000_diff1": 0.183112,
        "nauc_map_at_1_max": -0.422914,
        "nauc_map_at_1_std": -0.462849,
        "nauc_map_at_1_diff1": 0.061591,
        "nauc_map_at_3_max": -0.361102,
        "nauc_map_at_3_std": -0.400669,
        "nauc_map_at_3_diff1": 0.179841,
        "nauc_map_at_5_max": -0.445067,
        "nauc_map_at_5_std": -0.419799,
        "nauc_map_at_5_diff1": 0.209405,
        "nauc_map_at_10_max": -0.420348,
        "nauc_map_at_10_std": -0.367531,
        "nauc_map_at_10_diff1": 0.219735,
        "nauc_map_at_20_max": -0.401513,
        "nauc_map_at_20_std": -0.350017,
        "nauc_map_at_20_diff1": 0.2333,
        "nauc_map_at_100_max": -0.444523,
        "nauc_map_at_100_std": -0.260447,
        "nauc_map_at_100_diff1": 0.218864,
        "nauc_map_at_1000_max": -0.427067,
        "nauc_map_at_1000_std": -0.188097,
        "nauc_map_at_1000_diff1": 0.203491,
        "nauc_recall_at_1_max": -0.422914,
        "nauc_recall_at_1_std": -0.462849,
        "nauc_recall_at_1_diff1": 0.061591,
        "nauc_recall_at_3_max": -0.381363,
        "nauc_recall_at_3_std": -0.368966,
        "nauc_recall_at_3_diff1": 0.178652,
        "nauc_recall_at_5_max": -0.523786,
        "nauc_recall_at_5_std": -0.424845,
        "nauc_recall_at_5_diff1": 0.235224,
        "nauc_recall_at_10_max": -0.460903,
        "nauc_recall_at_10_std": -0.361612,
        "nauc_recall_at_10_diff1": 0.255941,
        "nauc_recall_at_20_max": -0.458135,
        "nauc_recall_at_20_std": -0.343629,
        "nauc_recall_at_20_diff1": 0.228541,
        "nauc_recall_at_100_max": -0.547811,
        "nauc_recall_at_100_std": -0.083869,
        "nauc_recall_at_100_diff1": 0.155055,
        "nauc_recall_at_1000_max": -0.370116,
        "nauc_recall_at_1000_std": 0.586114,
        "nauc_recall_at_1000_diff1": 0.120672,
        "nauc_precision_at_1_max": -0.415139,
        "nauc_precision_at_1_std": -0.424659,
        "nauc_precision_at_1_diff1": 0.196083,
        "nauc_precision_at_3_max": -0.180241,
        "nauc_precision_at_3_std": -0.13302,
        "nauc_precision_at_3_diff1": 0.214629,
        "nauc_precision_at_5_max": -0.437651,
        "nauc_precision_at_5_std": -0.222632,
        "nauc_precision_at_5_diff1": 0.246432,
        "nauc_precision_at_10_max": -0.300486,
        "nauc_precision_at_10_std": -0.120825,
        "nauc_precision_at_10_diff1": 0.212291,
        "nauc_precision_at_20_max": -0.243978,
        "nauc_precision_at_20_std": -0.061786,
        "nauc_precision_at_20_diff1": 0.184461,
        "nauc_precision_at_100_max": -0.114079,
        "nauc_precision_at_100_std": 0.507645,
        "nauc_precision_at_100_diff1": -0.104677,
        "nauc_precision_at_1000_max": 0.460484,
        "nauc_precision_at_1000_std": 0.659514,
        "nauc_precision_at_1000_diff1": -0.264237,
        "nauc_mrr_at_1_max": -0.415139,
        "nauc_mrr_at_1_std": -0.424659,
        "nauc_mrr_at_1_diff1": 0.196083,
        "nauc_mrr_at_3_max": -0.346671,
        "nauc_mrr_at_3_std": -0.270397,
        "nauc_mrr_at_3_diff1": 0.160334,
        "nauc_mrr_at_5_max": -0.393374,
        "nauc_mrr_at_5_std": -0.313491,
        "nauc_mrr_at_5_diff1": 0.193955,
        "nauc_mrr_at_10_max": -0.376205,
        "nauc_mrr_at_10_std": -0.312972,
        "nauc_mrr_at_10_diff1": 0.190389,
        "nauc_mrr_at_20_max": -0.376205,
        "nauc_mrr_at_20_std": -0.312972,
        "nauc_mrr_at_20_diff1": 0.190389,
        "nauc_mrr_at_100_max": -0.373294,
        "nauc_mrr_at_100_std": -0.317556,
        "nauc_mrr_at_100_diff1": 0.190653,
        "nauc_mrr_at_1000_max": -0.373294,
        "nauc_mrr_at_1000_std": -0.317556,
        "nauc_mrr_at_1000_diff1": 0.190653,
        "hit_rate_at_1": 0.65306,
        "hit_rate_at_3": 0.89796,
        "hit_rate_at_5": 0.93878,
        "hit_rate_at_10": 0.97959,
        "hit_rate_at_20": 0.97959,
        "hit_rate_at_100": 1.0,
        "hit_rate_at_1000": 1.0,
        "main_score": 0.46194,
        "hf_subset": "default",
        "languages": [
          "eng-Latn"
        ],
        "mteb_version": "2.12.32"
      }
    ]
  },
  "evaluation_time": 9867.551604509354,
  "kg_co2_emissions": null,
  "date": null
}