{
  "dataset_revision": "bb9466bac8153a0349341eb1b22e06409e78ef4e",
  "task_name": "TRECCOVID",
  "mteb_version": "2.12.32",
  "scores": {
    "test": [
      {
        "ndcg_at_1": 0.73,
        "ndcg_at_3": 0.66693,
        "ndcg_at_5": 0.67479,
        "ndcg_at_10": 0.6658,
        "ndcg_at_20": 0.64204,
        "ndcg_at_100": 0.54253,
        "ndcg_at_1000": 0.52338,
        "map_at_1": 0.00213,
        "map_at_3": 0.00522,
        "map_at_5": 0.00838,
        "map_at_10": 0.01618,
        "map_at_20": 0.02886,
        "map_at_100": 0.10042,
        "map_at_1000": 0.26136,
        "recall_at_1": 0.00213,
        "recall_at_3": 0.00555,
        "recall_at_5": 0.00944,
        "recall_at_10": 0.01897,
        "recall_at_20": 0.03559,
        "recall_at_100": 0.13805,
        "recall_at_1000": 0.50207,
        "accuracy": 0.00213,
        "precision_at_1": 0.8,
        "precision_at_3": 0.7,
        "precision_at_5": 0.72,
        "precision_at_10": 0.712,
        "precision_at_20": 0.685,
        "precision_at_100": 0.5632,
        "precision_at_1000": 0.23436,
        "mrr_at_1": 0.8,
        "mrr_at_3": 0.873333,
        "mrr_at_5": 0.882333,
        "mrr_at_10": 0.882333,
        "mrr_at_20": 0.882333,
        "mrr_at_100": 0.882333,
        "mrr_at_1000": 0.882333,
        "nauc_ndcg_at_1_max": 0.166005,
        "nauc_ndcg_at_1_std": 0.397695,
        "nauc_ndcg_at_1_diff1": 0.06704,
        "nauc_ndcg_at_3_max": 0.276229,
        "nauc_ndcg_at_3_std": 0.379419,
        "nauc_ndcg_at_3_diff1": 0.026813,
        "nauc_ndcg_at_5_max": 0.205366,
        "nauc_ndcg_at_5_std": 0.438859,
        "nauc_ndcg_at_5_diff1": 0.027883,
        "nauc_ndcg_at_10_max": 0.144727,
        "nauc_ndcg_at_10_std": 0.46995,
        "nauc_ndcg_at_10_diff1": -0.021802,
        "nauc_ndcg_at_20_max": 0.22392,
        "nauc_ndcg_at_20_std": 0.525191,
        "nauc_ndcg_at_20_diff1": -0.020927,
        "nauc_ndcg_at_100_max": 0.225753,
        "nauc_ndcg_at_100_std": 0.692515,
        "nauc_ndcg_at_100_diff1": -0.106867,
        "nauc_ndcg_at_1000_max": 0.247135,
        "nauc_ndcg_at_1000_std": 0.711205,
        "nauc_ndcg_at_1000_diff1": -0.111033,
        "nauc_map_at_1_max": 0.029509,
        "nauc_map_at_1_std": 0.09489,
        "nauc_map_at_1_diff1": -0.021166,
        "nauc_map_at_3_max": 0.158737,
        "nauc_map_at_3_std": 0.133432,
        "nauc_map_at_3_diff1": 0.020628,
        "nauc_map_at_5_max": 0.148091,
        "nauc_map_at_5_std": 0.161428,
        "nauc_map_at_5_diff1": -0.00309,
        "nauc_map_at_10_max": 0.114847,
        "nauc_map_at_10_std": 0.190286,
        "nauc_map_at_10_diff1": -0.047767,
        "nauc_map_at_20_max": 0.192742,
        "nauc_map_at_20_std": 0.252287,
        "nauc_map_at_20_diff1": -0.043803,
        "nauc_map_at_100_max": 0.259403,
        "nauc_map_at_100_std": 0.533588,
        "nauc_map_at_100_diff1": -0.156036,
        "nauc_map_at_1000_max": 0.261633,
        "nauc_map_at_1000_std": 0.746192,
        "nauc_map_at_1000_diff1": -0.179889,
        "nauc_recall_at_1_max": 0.029509,
        "nauc_recall_at_1_std": 0.09489,
        "nauc_recall_at_1_diff1": -0.021166,
        "nauc_recall_at_3_max": 0.159765,
        "nauc_recall_at_3_std": 0.116654,
        "nauc_recall_at_3_diff1": 0.034783,
        "nauc_recall_at_5_max": 0.115252,
        "nauc_recall_at_5_std": 0.150811,
        "nauc_recall_at_5_diff1": -0.016504,
        "nauc_recall_at_10_max": 0.068169,
        "nauc_recall_at_10_std": 0.153532,
        "nauc_recall_at_10_diff1": -0.065008,
        "nauc_recall_at_20_max": 0.142207,
        "nauc_recall_at_20_std": 0.199592,
        "nauc_recall_at_20_diff1": -0.051408,
        "nauc_recall_at_100_max": 0.197614,
        "nauc_recall_at_100_std": 0.443664,
        "nauc_recall_at_100_diff1": -0.129482,
        "nauc_recall_at_1000_max": 0.200971,
        "nauc_recall_at_1000_std": 0.595756,
        "nauc_recall_at_1000_diff1": -0.08404,
        "nauc_precision_at_1_max": 0.2,
        "nauc_precision_at_1_std": 0.396304,
        "nauc_precision_at_1_diff1": 0.121828,
        "nauc_precision_at_3_max": 0.337691,
        "nauc_precision_at_3_std": 0.314222,
        "nauc_precision_at_3_diff1": 0.06605,
        "nauc_precision_at_5_max": 0.223481,
        "nauc_precision_at_5_std": 0.405663,
        "nauc_precision_at_5_diff1": 0.038533,
        "nauc_precision_at_10_max": 0.121864,
        "nauc_precision_at_10_std": 0.458568,
        "nauc_precision_at_10_diff1": -0.010861,
        "nauc_precision_at_20_max": 0.259013,
        "nauc_precision_at_20_std": 0.533846,
        "nauc_precision_at_20_diff1": 0.031396,
        "nauc_precision_at_100_max": 0.258618,
        "nauc_precision_at_100_std": 0.70296,
        "nauc_precision_at_100_diff1": -0.070329,
        "nauc_precision_at_1000_max": 0.120249,
        "nauc_precision_at_1000_std": 0.393299,
        "nauc_precision_at_1000_diff1": -0.02683,
        "nauc_mrr_at_1_max": 0.2,
        "nauc_mrr_at_1_std": 0.396304,
        "nauc_mrr_at_1_diff1": 0.121828,
        "nauc_mrr_at_3_max": 0.273058,
        "nauc_mrr_at_3_std": 0.457291,
        "nauc_mrr_at_3_diff1": 0.168403,
        "nauc_mrr_at_5_max": 0.249789,
        "nauc_mrr_at_5_std": 0.444913,
        "nauc_mrr_at_5_diff1": 0.12582,
        "nauc_mrr_at_10_max": 0.249789,
        "nauc_mrr_at_10_std": 0.444913,
        "nauc_mrr_at_10_diff1": 0.12582,
        "nauc_mrr_at_20_max": 0.249789,
        "nauc_mrr_at_20_std": 0.444913,
        "nauc_mrr_at_20_diff1": 0.12582,
        "nauc_mrr_at_100_max": 0.249789,
        "nauc_mrr_at_100_std": 0.444913,
        "nauc_mrr_at_100_diff1": 0.12582,
        "nauc_mrr_at_1000_max": 0.249789,
        "nauc_mrr_at_1000_std": 0.444913,
        "nauc_mrr_at_1000_diff1": 0.12582,
        "hit_rate_at_1": 0.8,
        "hit_rate_at_3": 0.96,
        "hit_rate_at_5": 1.0,
        "hit_rate_at_10": 1.0,
        "hit_rate_at_20": 1.0,
        "hit_rate_at_100": 1.0,
        "hit_rate_at_1000": 1.0,
        "main_score": 0.6658,
        "hf_subset": "default",
        "languages": [
          "eng-Latn"
        ],
        "mteb_version": "2.12.32"
      }
    ]
  },
  "evaluation_time": 5705.495431423187,
  "kg_co2_emissions": null,
  "date": null
}