{
  "dataset_revision": "c22ab2a51041ffd869aaddef7af8d8215647e41a",
  "task_name": "ArguAna",
  "mteb_version": "2.12.32",
  "scores": {
    "test": [
      {
        "ndcg_at_1": 0.53414,
        "ndcg_at_3": 0.68019,
        "ndcg_at_5": 0.71258,
        "ndcg_at_10": 0.73318,
        "ndcg_at_20": 0.74001,
        "ndcg_at_100": 0.74364,
        "ndcg_at_1000": 0.74616,
        "map_at_1": 0.53414,
        "map_at_3": 0.64438,
        "map_at_5": 0.66245,
        "map_at_10": 0.6713,
        "map_at_20": 0.67327,
        "map_at_100": 0.67385,
        "map_at_1000": 0.67394,
        "recall_at_1": 0.53414,
        "recall_at_3": 0.78378,
        "recall_at_5": 0.86202,
        "recall_at_10": 0.9239,
        "recall_at_20": 0.95021,
        "recall_at_100": 0.96871,
        "recall_at_1000": 0.98862,
        "accuracy": 0.53414,
        "precision_at_1": 0.53414,
        "precision_at_3": 0.26126,
        "precision_at_5": 0.1724,
        "precision_at_10": 0.09239,
        "precision_at_20": 0.04751,
        "precision_at_100": 0.00969,
        "precision_at_1000": 0.00099,
        "mrr_at_1": 0.537696,
        "mrr_at_3": 0.64533,
        "mrr_at_5": 0.663537,
        "mrr_at_10": 0.672625,
        "mrr_at_20": 0.674596,
        "mrr_at_100": 0.675173,
        "mrr_at_1000": 0.675263,
        "nauc_ndcg_at_1_max": -0.126652,
        "nauc_ndcg_at_1_std": -0.272641,
        "nauc_ndcg_at_1_diff1": 0.203212,
        "nauc_ndcg_at_3_max": -0.073451,
        "nauc_ndcg_at_3_std": -0.321602,
        "nauc_ndcg_at_3_diff1": 0.180162,
        "nauc_ndcg_at_5_max": -0.058678,
        "nauc_ndcg_at_5_std": -0.328799,
        "nauc_ndcg_at_5_diff1": 0.173996,
        "nauc_ndcg_at_10_max": -0.055397,
        "nauc_ndcg_at_10_std": -0.340283,
        "nauc_ndcg_at_10_diff1": 0.170273,
        "nauc_ndcg_at_20_max": -0.051835,
        "nauc_ndcg_at_20_std": -0.340415,
        "nauc_ndcg_at_20_diff1": 0.169614,
        "nauc_ndcg_at_100_max": -0.064662,
        "nauc_ndcg_at_100_std": -0.343937,
        "nauc_ndcg_at_100_diff1": 0.168709,
        "nauc_ndcg_at_1000_max": -0.071488,
        "nauc_ndcg_at_1000_std": -0.330119,
        "nauc_ndcg_at_1000_diff1": 0.170613,
        "nauc_map_at_1_max": -0.126652,
        "nauc_map_at_1_std": -0.272641,
        "nauc_map_at_1_diff1": 0.203212,
        "nauc_map_at_3_max": -0.09226,
        "nauc_map_at_3_std": -0.30613,
        "nauc_map_at_3_diff1": 0.181148,
        "nauc_map_at_5_max": -0.086428,
        "nauc_map_at_5_std": -0.308259,
        "nauc_map_at_5_diff1": 0.178111,
        "nauc_map_at_10_max": -0.086101,
        "nauc_map_at_10_std": -0.312034,
        "nauc_map_at_10_diff1": 0.176821,
        "nauc_map_at_20_max": -0.085406,
        "nauc_map_at_20_std": -0.311756,
        "nauc_map_at_20_diff1": 0.176624,
        "nauc_map_at_100_max": -0.087088,
        "nauc_map_at_100_std": -0.312329,
        "nauc_map_at_100_diff1": 0.17657,
        "nauc_map_at_1000_max": -0.087295,
        "nauc_map_at_1000_std": -0.311942,
        "nauc_map_at_1000_diff1": 0.176609,
        "nauc_recall_at_1_max": -0.126652,
        "nauc_recall_at_1_std": -0.272641,
        "nauc_recall_at_1_diff1": 0.203212,
        "nauc_recall_at_3_max": 0.004618,
        "nauc_recall_at_3_std": -0.384939,
        "nauc_recall_at_3_diff1": 0.179503,
        "nauc_recall_at_5_max": 0.107716,
        "nauc_recall_at_5_std": -0.450525,
        "nauc_recall_at_5_diff1": 0.153938,
        "nauc_recall_at_10_max": 0.259239,
        "nauc_recall_at_10_std": -0.632115,
        "nauc_recall_at_10_diff1": 0.109382,
        "nauc_recall_at_20_max": 0.478641,
        "nauc_recall_at_20_std": -0.791966,
        "nauc_recall_at_20_diff1": 0.070465,
        "nauc_recall_at_100_max": 0.367192,
        "nauc_recall_at_100_std": -1.153954,
        "nauc_recall_at_100_diff1": -0.023915,
        "nauc_recall_at_1000_max": 0.18548,
        "nauc_recall_at_1000_std": -0.636226,
        "nauc_recall_at_1000_diff1": -0.070374,
        "nauc_precision_at_1_max": -0.126652,
        "nauc_precision_at_1_std": -0.272641,
        "nauc_precision_at_1_diff1": 0.203212,
        "nauc_precision_at_3_max": 0.004618,
        "nauc_precision_at_3_std": -0.384939,
        "nauc_precision_at_3_diff1": 0.179503,
        "nauc_precision_at_5_max": 0.107716,
        "nauc_precision_at_5_std": -0.450525,
        "nauc_precision_at_5_diff1": 0.153938,
        "nauc_precision_at_10_max": 0.259239,
        "nauc_precision_at_10_std": -0.632115,
        "nauc_precision_at_10_diff1": 0.109382,
        "nauc_precision_at_20_max": 0.478641,
        "nauc_precision_at_20_std": -0.791966,
        "nauc_precision_at_20_diff1": 0.070465,
        "nauc_precision_at_100_max": 0.367192,
        "nauc_precision_at_100_std": -1.153954,
        "nauc_precision_at_100_diff1": -0.023915,
        "nauc_precision_at_1000_max": 0.18548,
        "nauc_precision_at_1000_std": -0.636226,
        "nauc_precision_at_1000_diff1": -0.070374,
        "nauc_mrr_at_1_max": -0.12367,
        "nauc_mrr_at_1_std": -0.275521,
        "nauc_mrr_at_1_diff1": 0.193423,
        "nauc_mrr_at_3_max": -0.096127,
        "nauc_mrr_at_3_std": -0.307296,
        "nauc_mrr_at_3_diff1": 0.168109,
        "nauc_mrr_at_5_max": -0.088843,
        "nauc_mrr_at_5_std": -0.310022,
        "nauc_mrr_at_5_diff1": 0.166132,
        "nauc_mrr_at_10_max": -0.088321,
        "nauc_mrr_at_10_std": -0.314312,
        "nauc_mrr_at_10_diff1": 0.16494,
        "nauc_mrr_at_20_max": -0.087642,
        "nauc_mrr_at_20_std": -0.314051,
        "nauc_mrr_at_20_diff1": 0.164649,
        "nauc_mrr_at_100_max": -0.089332,
        "nauc_mrr_at_100_std": -0.31463,
        "nauc_mrr_at_100_diff1": 0.164568,
        "nauc_mrr_at_1000_max": -0.08954,
        "nauc_mrr_at_1000_std": -0.314243,
        "nauc_mrr_at_1000_diff1": 0.164603,
        "hit_rate_at_1": 0.53414,
        "hit_rate_at_3": 0.78378,
        "hit_rate_at_5": 0.86202,
        "hit_rate_at_10": 0.9239,
        "hit_rate_at_20": 0.95021,
        "hit_rate_at_100": 0.96871,
        "hit_rate_at_1000": 0.98862,
        "main_score": 0.73318,
        "hf_subset": "default",
        "languages": [
          "eng-Latn"
        ],
        "mteb_version": "2.12.32"
      }
    ]
  },
  "evaluation_time": 816.6346642971039,
  "kg_co2_emissions": null,
  "date": null
}