{
  "dataset_revision": "c5691e3c48741d5f83b5cc8e630653d7a8cfc048",
  "task_name": "AskUbuntuDupQuestions",
  "mteb_version": "2.12.32",
  "scores": {
    "test": [
      {
        "ndcg_at_1": 0.63712,
        "ndcg_at_3": 0.61897,
        "ndcg_at_5": 0.62033,
        "ndcg_at_10": 0.66773,
        "ndcg_at_20": 0.77071,
        "ndcg_at_100": 0.77071,
        "ndcg_at_1000": 0.77071,
        "map_at_1": 0.17478,
        "map_at_3": 0.32827,
        "map_at_5": 0.40845,
        "map_at_10": 0.51586,
        "map_at_20": 0.61656,
        "map_at_100": 0.61656,
        "map_at_1000": 0.61656,
        "recall_at_1": 0.17478,
        "recall_at_3": 0.37877,
        "recall_at_5": 0.5112,
        "recall_at_10": 0.73262,
        "recall_at_20": 1.0,
        "recall_at_100": 1.0,
        "recall_at_1000": 1.0,
        "accuracy": 0.17478,
        "precision_at_1": 0.63712,
        "precision_at_3": 0.54571,
        "precision_at_5": 0.47479,
        "precision_at_10": 0.36981,
        "precision_at_20": 0.27355,
        "precision_at_100": 0.05471,
        "precision_at_1000": 0.00547,
        "mrr_at_1": 0.637119,
        "mrr_at_3": 0.731302,
        "mrr_at_5": 0.748061,
        "mrr_at_10": 0.755423,
        "mrr_at_20": 0.758252,
        "mrr_at_100": 0.758252,
        "mrr_at_1000": 0.758252,
        "nauc_ndcg_at_1_max": 0.324581,
        "nauc_ndcg_at_1_std": 0.173065,
        "nauc_ndcg_at_1_diff1": 0.221139,
        "nauc_ndcg_at_3_max": 0.300458,
        "nauc_ndcg_at_3_std": 0.203993,
        "nauc_ndcg_at_3_diff1": 0.106122,
        "nauc_ndcg_at_5_max": 0.241643,
        "nauc_ndcg_at_5_std": 0.21354,
        "nauc_ndcg_at_5_diff1": 0.114793,
        "nauc_ndcg_at_10_max": 0.236651,
        "nauc_ndcg_at_10_std": 0.210324,
        "nauc_ndcg_at_10_diff1": 0.135627,
        "nauc_ndcg_at_20_max": 0.279423,
        "nauc_ndcg_at_20_std": 0.20523,
        "nauc_ndcg_at_20_diff1": 0.134018,
        "nauc_ndcg_at_100_max": 0.279423,
        "nauc_ndcg_at_100_std": 0.20523,
        "nauc_ndcg_at_100_diff1": 0.134018,
        "nauc_ndcg_at_1000_max": 0.279423,
        "nauc_ndcg_at_1000_std": 0.20523,
        "nauc_ndcg_at_1000_diff1": 0.134018,
        "nauc_map_at_1_max": 0.053927,
        "nauc_map_at_1_std": -0.020036,
        "nauc_map_at_1_diff1": 0.302765,
        "nauc_map_at_3_max": 0.104136,
        "nauc_map_at_3_std": 0.084241,
        "nauc_map_at_3_diff1": 0.191793,
        "nauc_map_at_5_max": 0.124107,
        "nauc_map_at_5_std": 0.139852,
        "nauc_map_at_5_diff1": 0.17256,
        "nauc_map_at_10_max": 0.184667,
        "nauc_map_at_10_std": 0.170305,
        "nauc_map_at_10_diff1": 0.147707,
        "nauc_map_at_20_max": 0.244316,
        "nauc_map_at_20_std": 0.186245,
        "nauc_map_at_20_diff1": 0.12679,
        "nauc_map_at_100_max": 0.244316,
        "nauc_map_at_100_std": 0.186245,
        "nauc_map_at_100_diff1": 0.12679,
        "nauc_map_at_1000_max": 0.244316,
        "nauc_map_at_1000_std": 0.186245,
        "nauc_map_at_1000_diff1": 0.12679,
        "nauc_recall_at_1_max": 0.053927,
        "nauc_recall_at_1_std": -0.020036,
        "nauc_recall_at_1_diff1": 0.302765,
        "nauc_recall_at_3_max": 0.043235,
        "nauc_recall_at_3_std": 0.076175,
        "nauc_recall_at_3_diff1": 0.132736,
        "nauc_recall_at_5_max": 0.00353,
        "nauc_recall_at_5_std": 0.136726,
        "nauc_recall_at_5_diff1": 0.113037,
        "nauc_recall_at_10_max": 0.036238,
        "nauc_recall_at_10_std": 0.128863,
        "nauc_recall_at_10_diff1": 0.082012,
        "nauc_recall_at_20_max": NaN,
        "nauc_recall_at_20_std": NaN,
        "nauc_recall_at_20_diff1": NaN,
        "nauc_recall_at_100_max": NaN,
        "nauc_recall_at_100_std": NaN,
        "nauc_recall_at_100_diff1": NaN,
        "nauc_recall_at_1000_max": NaN,
        "nauc_recall_at_1000_std": NaN,
        "nauc_recall_at_1000_diff1": NaN,
        "nauc_precision_at_1_max": 0.324581,
        "nauc_precision_at_1_std": 0.173065,
        "nauc_precision_at_1_diff1": 0.221139,
        "nauc_precision_at_3_max": 0.303838,
        "nauc_precision_at_3_std": 0.238292,
        "nauc_precision_at_3_diff1": -0.018519,
        "nauc_precision_at_5_max": 0.256728,
        "nauc_precision_at_5_std": 0.225312,
        "nauc_precision_at_5_diff1": -0.053486,
        "nauc_precision_at_10_max": 0.23676,
        "nauc_precision_at_10_std": 0.149881,
        "nauc_precision_at_10_diff1": -0.083162,
        "nauc_precision_at_20_max": 0.197821,
        "nauc_precision_at_20_std": 0.097561,
        "nauc_precision_at_20_diff1": -0.079066,
        "nauc_precision_at_100_max": 0.197821,
        "nauc_precision_at_100_std": 0.097561,
        "nauc_precision_at_100_diff1": -0.079066,
        "nauc_precision_at_1000_max": 0.197821,
        "nauc_precision_at_1000_std": 0.097561,
        "nauc_precision_at_1000_diff1": -0.079066,
        "nauc_mrr_at_1_max": 0.324581,
        "nauc_mrr_at_1_std": 0.173065,
        "nauc_mrr_at_1_diff1": 0.221139,
        "nauc_mrr_at_3_max": 0.323664,
        "nauc_mrr_at_3_std": 0.212939,
        "nauc_mrr_at_3_diff1": 0.173223,
        "nauc_mrr_at_5_max": 0.31597,
        "nauc_mrr_at_5_std": 0.221199,
        "nauc_mrr_at_5_diff1": 0.182266,
        "nauc_mrr_at_10_max": 0.320153,
        "nauc_mrr_at_10_std": 0.213489,
        "nauc_mrr_at_10_diff1": 0.19016,
        "nauc_mrr_at_20_max": 0.31998,
        "nauc_mrr_at_20_std": 0.211562,
        "nauc_mrr_at_20_diff1": 0.189613,
        "nauc_mrr_at_100_max": 0.31998,
        "nauc_mrr_at_100_std": 0.211562,
        "nauc_mrr_at_100_diff1": 0.189613,
        "nauc_mrr_at_1000_max": 0.31998,
        "nauc_mrr_at_1000_std": 0.211562,
        "nauc_mrr_at_1000_diff1": 0.189613,
        "hit_rate_at_1": 0.63712,
        "hit_rate_at_3": 0.83934,
        "hit_rate_at_5": 0.91136,
        "hit_rate_at_10": 0.96122,
        "hit_rate_at_20": 1.0,
        "hit_rate_at_100": 1.0,
        "hit_rate_at_1000": 1.0,
        "main_score": 0.61656,
        "hf_subset": "default",
        "languages": [
          "eng-Latn"
        ],
        "mteb_version": "2.12.32"
      }
    ]
  },
  "evaluation_time": 564.0477242469788,
  "kg_co2_emissions": null,
  "date": null
}