{
  "dataset_revision": "0418ecbea812ab97bda7eabe2c34065fdb81810f",
  "task_name": "BLINKIT2IMultiChoice",
  "mteb_version": "2.12.32",
  "scores": {
    "test": [
      {
        "ndcg_at_1": 0.73383,
        "ndcg_at_3": 0.90176,
        "ndcg_at_5": 0.90176,
        "ndcg_at_10": 0.90176,
        "ndcg_at_20": 0.90176,
        "ndcg_at_100": 0.90176,
        "ndcg_at_1000": 0.90176,
        "map_at_1": 0.73383,
        "map_at_3": 0.86692,
        "map_at_5": 0.86692,
        "map_at_10": 0.86692,
        "map_at_20": 0.86692,
        "map_at_100": 0.86692,
        "map_at_1000": 0.86692,
        "recall_at_1": 0.73383,
        "recall_at_3": 1.0,
        "recall_at_5": 1.0,
        "recall_at_10": 1.0,
        "recall_at_20": 1.0,
        "recall_at_100": 1.0,
        "recall_at_1000": 1.0,
        "accuracy": 0.73383,
        "precision_at_1": 0.73383,
        "precision_at_3": 0.33333,
        "precision_at_5": 0.2,
        "precision_at_10": 0.1,
        "precision_at_20": 0.05,
        "precision_at_100": 0.01,
        "precision_at_1000": 0.001,
        "mrr_at_1": 0.733831,
        "mrr_at_3": 0.866915,
        "mrr_at_5": 0.866915,
        "mrr_at_10": 0.866915,
        "mrr_at_20": 0.866915,
        "mrr_at_100": 0.866915,
        "mrr_at_1000": 0.866915,
        "nauc_ndcg_at_1_max": 0.121679,
        "nauc_ndcg_at_1_std": 0.474991,
        "nauc_ndcg_at_1_diff1": 0.474991,
        "nauc_ndcg_at_3_max": 0.121679,
        "nauc_ndcg_at_3_std": 0.474991,
        "nauc_ndcg_at_3_diff1": 0.474991,
        "nauc_ndcg_at_5_max": 0.121679,
        "nauc_ndcg_at_5_std": 0.474991,
        "nauc_ndcg_at_5_diff1": 0.474991,
        "nauc_ndcg_at_10_max": 0.121679,
        "nauc_ndcg_at_10_std": 0.474991,
        "nauc_ndcg_at_10_diff1": 0.474991,
        "nauc_ndcg_at_20_max": 0.121679,
        "nauc_ndcg_at_20_std": 0.474991,
        "nauc_ndcg_at_20_diff1": 0.474991,
        "nauc_ndcg_at_100_max": 0.121679,
        "nauc_ndcg_at_100_std": 0.474991,
        "nauc_ndcg_at_100_diff1": 0.474991,
        "nauc_ndcg_at_1000_max": 0.121679,
        "nauc_ndcg_at_1000_std": 0.474991,
        "nauc_ndcg_at_1000_diff1": 0.474991,
        "nauc_map_at_1_max": 0.121679,
        "nauc_map_at_1_std": 0.474991,
        "nauc_map_at_1_diff1": 0.474991,
        "nauc_map_at_3_max": 0.121679,
        "nauc_map_at_3_std": 0.474991,
        "nauc_map_at_3_diff1": 0.474991,
        "nauc_map_at_5_max": 0.121679,
        "nauc_map_at_5_std": 0.474991,
        "nauc_map_at_5_diff1": 0.474991,
        "nauc_map_at_10_max": 0.121679,
        "nauc_map_at_10_std": 0.474991,
        "nauc_map_at_10_diff1": 0.474991,
        "nauc_map_at_20_max": 0.121679,
        "nauc_map_at_20_std": 0.474991,
        "nauc_map_at_20_diff1": 0.474991,
        "nauc_map_at_100_max": 0.121679,
        "nauc_map_at_100_std": 0.474991,
        "nauc_map_at_100_diff1": 0.474991,
        "nauc_map_at_1000_max": 0.121679,
        "nauc_map_at_1000_std": 0.474991,
        "nauc_map_at_1000_diff1": 0.474991,
        "nauc_recall_at_1_max": 0.121679,
        "nauc_recall_at_1_std": 0.474991,
        "nauc_recall_at_1_diff1": 0.474991,
        "nauc_recall_at_3_max": NaN,
        "nauc_recall_at_3_std": NaN,
        "nauc_recall_at_3_diff1": NaN,
        "nauc_recall_at_5_max": NaN,
        "nauc_recall_at_5_std": NaN,
        "nauc_recall_at_5_diff1": NaN,
        "nauc_recall_at_10_max": NaN,
        "nauc_recall_at_10_std": NaN,
        "nauc_recall_at_10_diff1": NaN,
        "nauc_recall_at_20_max": NaN,
        "nauc_recall_at_20_std": NaN,
        "nauc_recall_at_20_diff1": NaN,
        "nauc_recall_at_100_max": NaN,
        "nauc_recall_at_100_std": NaN,
        "nauc_recall_at_100_diff1": NaN,
        "nauc_recall_at_1000_max": NaN,
        "nauc_recall_at_1000_std": NaN,
        "nauc_recall_at_1000_diff1": NaN,
        "nauc_precision_at_1_max": 0.121679,
        "nauc_precision_at_1_std": 0.474991,
        "nauc_precision_at_1_diff1": 0.474991,
        "nauc_precision_at_3_max": 1.0,
        "nauc_precision_at_3_std": 1.0,
        "nauc_precision_at_3_diff1": 1.0,
        "nauc_precision_at_5_max": NaN,
        "nauc_precision_at_5_std": NaN,
        "nauc_precision_at_5_diff1": NaN,
        "nauc_precision_at_10_max": NaN,
        "nauc_precision_at_10_std": NaN,
        "nauc_precision_at_10_diff1": NaN,
        "nauc_precision_at_20_max": NaN,
        "nauc_precision_at_20_std": NaN,
        "nauc_precision_at_20_diff1": NaN,
        "nauc_precision_at_100_max": NaN,
        "nauc_precision_at_100_std": NaN,
        "nauc_precision_at_100_diff1": NaN,
        "nauc_precision_at_1000_max": NaN,
        "nauc_precision_at_1000_std": NaN,
        "nauc_precision_at_1000_diff1": NaN,
        "nauc_mrr_at_1_max": 0.121679,
        "nauc_mrr_at_1_std": 0.474991,
        "nauc_mrr_at_1_diff1": 0.474991,
        "nauc_mrr_at_3_max": 0.121679,
        "nauc_mrr_at_3_std": 0.474991,
        "nauc_mrr_at_3_diff1": 0.474991,
        "nauc_mrr_at_5_max": 0.121679,
        "nauc_mrr_at_5_std": 0.474991,
        "nauc_mrr_at_5_diff1": 0.474991,
        "nauc_mrr_at_10_max": 0.121679,
        "nauc_mrr_at_10_std": 0.474991,
        "nauc_mrr_at_10_diff1": 0.474991,
        "nauc_mrr_at_20_max": 0.121679,
        "nauc_mrr_at_20_std": 0.474991,
        "nauc_mrr_at_20_diff1": 0.474991,
        "nauc_mrr_at_100_max": 0.121679,
        "nauc_mrr_at_100_std": 0.474991,
        "nauc_mrr_at_100_diff1": 0.474991,
        "nauc_mrr_at_1000_max": 0.121679,
        "nauc_mrr_at_1000_std": 0.474991,
        "nauc_mrr_at_1000_diff1": 0.474991,
        "hit_rate_at_1": 0.73383,
        "hit_rate_at_3": 1.0,
        "hit_rate_at_5": 1.0,
        "hit_rate_at_10": 1.0,
        "hit_rate_at_20": 1.0,
        "hit_rate_at_100": 1.0,
        "hit_rate_at_1000": 1.0,
        "main_score": 0.73383,
        "hf_subset": "default",
        "languages": [
          "eng-Latn"
        ],
        "mteb_version": "2.12.32"
      }
    ]
  },
  "evaluation_time": 399.8088836669922,
  "kg_co2_emissions": null,
  "date": null
}