{
  "dataset_revision": "bb0713ed1ed136b2974fce68df7e26388040b650",
  "task_name": "CIRRIT2IRetrieval",
  "mteb_version": "2.12.32",
  "scores": {
    "test": [
      {
        "ndcg_at_1": 0.01871,
        "ndcg_at_3": 0.10076,
        "ndcg_at_5": 0.13034,
        "ndcg_at_10": 0.15916,
        "ndcg_at_20": 0.18286,
        "ndcg_at_100": 0.23158,
        "ndcg_at_1000": 0.26491,
        "map_at_1": 0.01451,
        "map_at_3": 0.08056,
        "map_at_5": 0.09701,
        "map_at_10": 0.10898,
        "map_at_20": 0.11549,
        "map_at_100": 0.12196,
        "map_at_1000": 0.12321,
        "recall_at_1": 0.01451,
        "recall_at_3": 0.15899,
        "recall_at_5": 0.23058,
        "recall_at_10": 0.3193,
        "recall_at_20": 0.41295,
        "recall_at_100": 0.67974,
        "recall_at_1000": 0.94221,
        "accuracy": 0.01451,
        "precision_at_1": 0.01871,
        "precision_at_3": 0.0562,
        "precision_at_5": 0.04806,
        "precision_at_10": 0.03293,
        "precision_at_20": 0.02115,
        "precision_at_100": 0.0069,
        "precision_at_1000": 0.00095,
        "mrr_at_1": 0.018705,
        "mrr_at_3": 0.080616,
        "mrr_at_5": 0.097162,
        "mrr_at_10": 0.109122,
        "mrr_at_20": 0.115639,
        "mrr_at_100": 0.122088,
        "mrr_at_1000": 0.123332,
        "nauc_ndcg_at_1_max": -0.241663,
        "nauc_ndcg_at_1_std": 0.009099,
        "nauc_ndcg_at_1_diff1": -0.533481,
        "nauc_ndcg_at_3_max": -0.049501,
        "nauc_ndcg_at_3_std": -0.015546,
        "nauc_ndcg_at_3_diff1": -0.177066,
        "nauc_ndcg_at_5_max": -0.056451,
        "nauc_ndcg_at_5_std": -0.019795,
        "nauc_ndcg_at_5_diff1": -0.168187,
        "nauc_ndcg_at_10_max": -0.051372,
        "nauc_ndcg_at_10_std": -0.01722,
        "nauc_ndcg_at_10_diff1": -0.160157,
        "nauc_ndcg_at_20_max": -0.043107,
        "nauc_ndcg_at_20_std": -0.004618,
        "nauc_ndcg_at_20_diff1": -0.158584,
        "nauc_ndcg_at_100_max": -0.035935,
        "nauc_ndcg_at_100_std": 0.02589,
        "nauc_ndcg_at_100_diff1": -0.162813,
        "nauc_ndcg_at_1000_max": -0.043815,
        "nauc_ndcg_at_1000_std": 0.027244,
        "nauc_ndcg_at_1000_diff1": -0.17148,
        "nauc_map_at_1_max": -0.290267,
        "nauc_map_at_1_std": -0.014252,
        "nauc_map_at_1_diff1": -0.533111,
        "nauc_map_at_3_max": -0.061244,
        "nauc_map_at_3_std": -0.016593,
        "nauc_map_at_3_diff1": -0.197818,
        "nauc_map_at_5_max": -0.065344,
        "nauc_map_at_5_std": -0.019352,
        "nauc_map_at_5_diff1": -0.189294,
        "nauc_map_at_10_max": -0.062265,
        "nauc_map_at_10_std": -0.017661,
        "nauc_map_at_10_diff1": -0.184093,
        "nauc_map_at_20_max": -0.059156,
        "nauc_map_at_20_std": -0.013021,
        "nauc_map_at_20_diff1": -0.182876,
        "nauc_map_at_100_max": -0.057588,
        "nauc_map_at_100_std": -0.008495,
        "nauc_map_at_100_diff1": -0.183039,
        "nauc_map_at_1000_max": -0.058035,
        "nauc_map_at_1000_std": -0.008175,
        "nauc_map_at_1000_diff1": -0.183476,
        "nauc_recall_at_1_max": -0.290267,
        "nauc_recall_at_1_std": -0.014252,
        "nauc_recall_at_1_diff1": -0.533111,
        "nauc_recall_at_3_max": -0.031652,
        "nauc_recall_at_3_std": -0.013528,
        "nauc_recall_at_3_diff1": -0.145026,
        "nauc_recall_at_5_max": -0.044634,
        "nauc_recall_at_5_std": -0.020383,
        "nauc_recall_at_5_diff1": -0.138625,
        "nauc_recall_at_10_max": -0.037063,
        "nauc_recall_at_10_std": -0.016446,
        "nauc_recall_at_10_diff1": -0.12796,
        "nauc_recall_at_20_max": -0.019238,
        "nauc_recall_at_20_std": 0.011426,
        "nauc_recall_at_20_diff1": -0.127023,
        "nauc_recall_at_100_max": 0.010376,
        "nauc_recall_at_100_std": 0.135396,
        "nauc_recall_at_100_diff1": -0.139772,
        "nauc_recall_at_1000_max": 0.007412,
        "nauc_recall_at_1000_std": 0.492784,
        "nauc_recall_at_1000_diff1": -0.248027,
        "nauc_precision_at_1_max": -0.241663,
        "nauc_precision_at_1_std": 0.009099,
        "nauc_precision_at_1_diff1": -0.533481,
        "nauc_precision_at_3_max": -0.03481,
        "nauc_precision_at_3_std": -0.006321,
        "nauc_precision_at_3_diff1": -0.170085,
        "nauc_precision_at_5_max": -0.046853,
        "nauc_precision_at_5_std": -0.014463,
        "nauc_precision_at_5_diff1": -0.159187,
        "nauc_precision_at_10_max": -0.038962,
        "nauc_precision_at_10_std": -0.011855,
        "nauc_precision_at_10_diff1": -0.146558,
        "nauc_precision_at_20_max": -0.022115,
        "nauc_precision_at_20_std": 0.014494,
        "nauc_precision_at_20_diff1": -0.145397,
        "nauc_precision_at_100_max": 0.004173,
        "nauc_precision_at_100_std": 0.130906,
        "nauc_precision_at_100_diff1": -0.163796,
        "nauc_precision_at_1000_max": -0.017158,
        "nauc_precision_at_1000_std": 0.381282,
        "nauc_precision_at_1000_diff1": -0.312994,
        "nauc_mrr_at_1_max": -0.241663,
        "nauc_mrr_at_1_std": 0.009099,
        "nauc_mrr_at_1_diff1": -0.533481,
        "nauc_mrr_at_3_max": -0.061427,
        "nauc_mrr_at_3_std": -0.016615,
        "nauc_mrr_at_3_diff1": -0.198827,
        "nauc_mrr_at_5_max": -0.065864,
        "nauc_mrr_at_5_std": -0.018947,
        "nauc_mrr_at_5_diff1": -0.190311,
        "nauc_mrr_at_10_max": -0.062422,
        "nauc_mrr_at_10_std": -0.017752,
        "nauc_mrr_at_10_diff1": -0.184896,
        "nauc_mrr_at_20_max": -0.059354,
        "nauc_mrr_at_20_std": -0.013139,
        "nauc_mrr_at_20_diff1": -0.183728,
        "nauc_mrr_at_100_max": -0.057676,
        "nauc_mrr_at_100_std": -0.008584,
        "nauc_mrr_at_100_diff1": -0.183825,
        "nauc_mrr_at_1000_max": -0.058122,
        "nauc_mrr_at_1000_std": -0.008255,
        "nauc_mrr_at_1000_diff1": -0.184254,
        "hit_rate_at_1": 0.01871,
        "hit_rate_at_3": 0.15899,
        "hit_rate_at_5": 0.2307,
        "hit_rate_at_10": 0.31942,
        "hit_rate_at_20": 0.41319,
        "hit_rate_at_100": 0.67986,
        "hit_rate_at_1000": 0.94221,
        "main_score": 0.15916,
        "hf_subset": "default",
        "languages": [
          "eng-Latn"
        ],
        "mteb_version": "2.12.32"
      }
    ]
  },
  "evaluation_time": 3928.5866179466248,
  "kg_co2_emissions": null,
  "date": null
}