{
  "dataset_revision": "3a309e201f3c2c4b13bd4a367a8f37eee2ec1d21",
  "task_name": "ClimateFEVERHardNegatives",
  "mteb_version": "2.12.32",
  "scores": {
    "test": [
      {
        "ndcg_at_1": 0.231,
        "ndcg_at_3": 0.20401,
        "ndcg_at_5": 0.21955,
        "ndcg_at_10": 0.24877,
        "ndcg_at_20": 0.271,
        "ndcg_at_100": 0.30378,
        "ndcg_at_1000": 0.32564,
        "map_at_1": 0.10698,
        "map_at_3": 0.15067,
        "map_at_5": 0.16422,
        "map_at_10": 0.1772,
        "map_at_20": 0.18411,
        "map_at_100": 0.18976,
        "map_at_1000": 0.19087,
        "recall_at_1": 0.10698,
        "recall_at_3": 0.18922,
        "recall_at_5": 0.23097,
        "recall_at_10": 0.29522,
        "recall_at_20": 0.35685,
        "recall_at_100": 0.48002,
        "recall_at_1000": 0.59765,
        "accuracy": 0.10698,
        "precision_at_1": 0.231,
        "precision_at_3": 0.149,
        "precision_at_5": 0.114,
        "precision_at_10": 0.0765,
        "precision_at_20": 0.04805,
        "precision_at_100": 0.0137,
        "precision_at_1000": 0.00179,
        "mrr_at_1": 0.231,
        "mrr_at_3": 0.302833,
        "mrr_at_5": 0.319483,
        "mrr_at_10": 0.334451,
        "mrr_at_20": 0.34111,
        "mrr_at_100": 0.344822,
        "mrr_at_1000": 0.345237,
        "nauc_ndcg_at_1_max": 0.264842,
        "nauc_ndcg_at_1_std": 0.107732,
        "nauc_ndcg_at_1_diff1": 0.253868,
        "nauc_ndcg_at_3_max": 0.294577,
        "nauc_ndcg_at_3_std": 0.103624,
        "nauc_ndcg_at_3_diff1": 0.274017,
        "nauc_ndcg_at_5_max": 0.294799,
        "nauc_ndcg_at_5_std": 0.112315,
        "nauc_ndcg_at_5_diff1": 0.281793,
        "nauc_ndcg_at_10_max": 0.31345,
        "nauc_ndcg_at_10_std": 0.13964,
        "nauc_ndcg_at_10_diff1": 0.270911,
        "nauc_ndcg_at_20_max": 0.316085,
        "nauc_ndcg_at_20_std": 0.149516,
        "nauc_ndcg_at_20_diff1": 0.27506,
        "nauc_ndcg_at_100_max": 0.310788,
        "nauc_ndcg_at_100_std": 0.160608,
        "nauc_ndcg_at_100_diff1": 0.263784,
        "nauc_ndcg_at_1000_max": 0.30964,
        "nauc_ndcg_at_1000_std": 0.156881,
        "nauc_ndcg_at_1000_diff1": 0.262756,
        "nauc_map_at_1_max": 0.286246,
        "nauc_map_at_1_std": 0.074235,
        "nauc_map_at_1_diff1": 0.359392,
        "nauc_map_at_3_max": 0.301712,
        "nauc_map_at_3_std": 0.090552,
        "nauc_map_at_3_diff1": 0.304807,
        "nauc_map_at_5_max": 0.303473,
        "nauc_map_at_5_std": 0.100182,
        "nauc_map_at_5_diff1": 0.307461,
        "nauc_map_at_10_max": 0.316226,
        "nauc_map_at_10_std": 0.114035,
        "nauc_map_at_10_diff1": 0.303077,
        "nauc_map_at_20_max": 0.317004,
        "nauc_map_at_20_std": 0.118653,
        "nauc_map_at_20_diff1": 0.303287,
        "nauc_map_at_100_max": 0.315857,
        "nauc_map_at_100_std": 0.12265,
        "nauc_map_at_100_diff1": 0.299856,
        "nauc_map_at_1000_max": 0.315899,
        "nauc_map_at_1000_std": 0.122647,
        "nauc_map_at_1000_diff1": 0.299694,
        "nauc_recall_at_1_max": 0.286246,
        "nauc_recall_at_1_std": 0.074235,
        "nauc_recall_at_1_diff1": 0.359392,
        "nauc_recall_at_3_max": 0.285154,
        "nauc_recall_at_3_std": 0.090243,
        "nauc_recall_at_3_diff1": 0.267444,
        "nauc_recall_at_5_max": 0.2724,
        "nauc_recall_at_5_std": 0.106906,
        "nauc_recall_at_5_diff1": 0.269482,
        "nauc_recall_at_10_max": 0.297919,
        "nauc_recall_at_10_std": 0.155828,
        "nauc_recall_at_10_diff1": 0.234459,
        "nauc_recall_at_20_max": 0.288047,
        "nauc_recall_at_20_std": 0.168764,
        "nauc_recall_at_20_diff1": 0.234073,
        "nauc_recall_at_100_max": 0.241735,
        "nauc_recall_at_100_std": 0.183574,
        "nauc_recall_at_100_diff1": 0.17813,
        "nauc_recall_at_1000_max": 0.204749,
        "nauc_recall_at_1000_std": 0.154003,
        "nauc_recall_at_1000_diff1": 0.144374,
        "nauc_precision_at_1_max": 0.264842,
        "nauc_precision_at_1_std": 0.107732,
        "nauc_precision_at_1_diff1": 0.253868,
        "nauc_precision_at_3_max": 0.291832,
        "nauc_precision_at_3_std": 0.130422,
        "nauc_precision_at_3_diff1": 0.187299,
        "nauc_precision_at_5_max": 0.268661,
        "nauc_precision_at_5_std": 0.144021,
        "nauc_precision_at_5_diff1": 0.17884,
        "nauc_precision_at_10_max": 0.298178,
        "nauc_precision_at_10_std": 0.202604,
        "nauc_precision_at_10_diff1": 0.14147,
        "nauc_precision_at_20_max": 0.27941,
        "nauc_precision_at_20_std": 0.222617,
        "nauc_precision_at_20_diff1": 0.138021,
        "nauc_precision_at_100_max": 0.197134,
        "nauc_precision_at_100_std": 0.223532,
        "nauc_precision_at_100_diff1": 0.060152,
        "nauc_precision_at_1000_max": 0.113965,
        "nauc_precision_at_1000_std": 0.155902,
        "nauc_precision_at_1000_diff1": 0.003185,
        "nauc_mrr_at_1_max": 0.264842,
        "nauc_mrr_at_1_std": 0.107732,
        "nauc_mrr_at_1_diff1": 0.253868,
        "nauc_mrr_at_3_max": 0.276753,
        "nauc_mrr_at_3_std": 0.116831,
        "nauc_mrr_at_3_diff1": 0.241098,
        "nauc_mrr_at_5_max": 0.272121,
        "nauc_mrr_at_5_std": 0.120397,
        "nauc_mrr_at_5_diff1": 0.240145,
        "nauc_mrr_at_10_max": 0.276273,
        "nauc_mrr_at_10_std": 0.130871,
        "nauc_mrr_at_10_diff1": 0.233998,
        "nauc_mrr_at_20_max": 0.278733,
        "nauc_mrr_at_20_std": 0.132889,
        "nauc_mrr_at_20_diff1": 0.236621,
        "nauc_mrr_at_100_max": 0.277848,
        "nauc_mrr_at_100_std": 0.132397,
        "nauc_mrr_at_100_diff1": 0.235777,
        "nauc_mrr_at_1000_max": 0.277764,
        "nauc_mrr_at_1000_std": 0.132227,
        "nauc_mrr_at_1000_diff1": 0.235824,
        "hit_rate_at_1": 0.231,
        "hit_rate_at_3": 0.392,
        "hit_rate_at_5": 0.464,
        "hit_rate_at_10": 0.574,
        "hit_rate_at_20": 0.67,
        "hit_rate_at_100": 0.809,
        "hit_rate_at_1000": 0.898,
        "main_score": 0.24877,
        "hf_subset": "default",
        "languages": [
          "eng-Latn"
        ],
        "mteb_version": "2.12.32"
      }
    ]
  },
  "evaluation_time": 4139.9035522937775,
  "kg_co2_emissions": null,
  "date": null
}