{
  "dataset_revision": "c44521cd4067f134e5f5bace4290b59ed773b451",
  "task_name": "ClothoT2ARetrieval",
  "mteb_version": "2.12.32",
  "scores": {
    "test": [
      {
        "ndcg_at_1": 0.19678,
        "ndcg_at_3": 0.28331,
        "ndcg_at_5": 0.31454,
        "ndcg_at_10": 0.34824,
        "ndcg_at_20": 0.37309,
        "ndcg_at_100": 0.40673,
        "ndcg_at_1000": 0.42915,
        "map_at_1": 0.19678,
        "map_at_3": 0.2615,
        "map_at_5": 0.2788,
        "map_at_10": 0.29274,
        "map_at_20": 0.29962,
        "map_at_100": 0.30434,
        "map_at_1000": 0.305,
        "recall_at_1": 0.19678,
        "recall_at_3": 0.34664,
        "recall_at_5": 0.42256,
        "recall_at_10": 0.52659,
        "recall_at_20": 0.62453,
        "recall_at_100": 0.80466,
        "recall_at_1000": 0.99284,
        "accuracy": 0.19678,
        "precision_at_1": 0.19678,
        "precision_at_3": 0.11555,
        "precision_at_5": 0.08451,
        "precision_at_10": 0.05266,
        "precision_at_20": 0.03123,
        "precision_at_100": 0.00805,
        "precision_at_1000": 0.00099,
        "mrr_at_1": 0.196777,
        "mrr_at_3": 0.261504,
        "mrr_at_5": 0.2788,
        "mrr_at_10": 0.292744,
        "mrr_at_20": 0.299615,
        "mrr_at_100": 0.304337,
        "mrr_at_1000": 0.305001,
        "nauc_ndcg_at_1_max": 0.286876,
        "nauc_ndcg_at_1_std": 0.118925,
        "nauc_ndcg_at_1_diff1": 0.513858,
        "nauc_ndcg_at_3_max": 0.32046,
        "nauc_ndcg_at_3_std": 0.152218,
        "nauc_ndcg_at_3_diff1": 0.473774,
        "nauc_ndcg_at_5_max": 0.337517,
        "nauc_ndcg_at_5_std": 0.172838,
        "nauc_ndcg_at_5_diff1": 0.472787,
        "nauc_ndcg_at_10_max": 0.352047,
        "nauc_ndcg_at_10_std": 0.193628,
        "nauc_ndcg_at_10_diff1": 0.478228,
        "nauc_ndcg_at_20_max": 0.371582,
        "nauc_ndcg_at_20_std": 0.221021,
        "nauc_ndcg_at_20_diff1": 0.492603,
        "nauc_ndcg_at_100_max": 0.392041,
        "nauc_ndcg_at_100_std": 0.249851,
        "nauc_ndcg_at_100_diff1": 0.516411,
        "nauc_ndcg_at_1000_max": 0.365224,
        "nauc_ndcg_at_1000_std": 0.212891,
        "nauc_ndcg_at_1000_diff1": 0.500955,
        "nauc_map_at_1_max": 0.286876,
        "nauc_map_at_1_std": 0.118925,
        "nauc_map_at_1_diff1": 0.513858,
        "nauc_map_at_3_max": 0.312095,
        "nauc_map_at_3_std": 0.143863,
        "nauc_map_at_3_diff1": 0.481965,
        "nauc_map_at_5_max": 0.321865,
        "nauc_map_at_5_std": 0.155729,
        "nauc_map_at_5_diff1": 0.481214,
        "nauc_map_at_10_max": 0.327789,
        "nauc_map_at_10_std": 0.164213,
        "nauc_map_at_10_diff1": 0.483836,
        "nauc_map_at_20_max": 0.33303,
        "nauc_map_at_20_std": 0.171402,
        "nauc_map_at_20_diff1": 0.48774,
        "nauc_map_at_100_max": 0.335542,
        "nauc_map_at_100_std": 0.174982,
        "nauc_map_at_100_diff1": 0.490763,
        "nauc_map_at_1000_max": 0.335046,
        "nauc_map_at_1000_std": 0.174222,
        "nauc_map_at_1000_diff1": 0.490554,
        "nauc_recall_at_1_max": 0.286876,
        "nauc_recall_at_1_std": 0.118925,
        "nauc_recall_at_1_diff1": 0.513858,
        "nauc_recall_at_3_max": 0.342485,
        "nauc_recall_at_3_std": 0.174239,
        "nauc_recall_at_3_diff1": 0.452785,
        "nauc_recall_at_5_max": 0.380161,
        "nauc_recall_at_5_std": 0.21963,
        "nauc_recall_at_5_diff1": 0.451489,
        "nauc_recall_at_10_max": 0.425579,
        "nauc_recall_at_10_std": 0.28396,
        "nauc_recall_at_10_diff1": 0.464978,
        "nauc_recall_at_20_max": 0.515021,
        "nauc_recall_at_20_std": 0.409206,
        "nauc_recall_at_20_diff1": 0.523125,
        "nauc_recall_at_100_max": 0.777279,
        "nauc_recall_at_100_std": 0.769715,
        "nauc_recall_at_100_diff1": 0.746849,
        "nauc_recall_at_1000_max": 0.957521,
        "nauc_recall_at_1000_std": 0.954253,
        "nauc_recall_at_1000_diff1": 0.903603,
        "nauc_precision_at_1_max": 0.286876,
        "nauc_precision_at_1_std": 0.118925,
        "nauc_precision_at_1_diff1": 0.513858,
        "nauc_precision_at_3_max": 0.342485,
        "nauc_precision_at_3_std": 0.174239,
        "nauc_precision_at_3_diff1": 0.452785,
        "nauc_precision_at_5_max": 0.380161,
        "nauc_precision_at_5_std": 0.21963,
        "nauc_precision_at_5_diff1": 0.451489,
        "nauc_precision_at_10_max": 0.425579,
        "nauc_precision_at_10_std": 0.28396,
        "nauc_precision_at_10_diff1": 0.464978,
        "nauc_precision_at_20_max": 0.515021,
        "nauc_precision_at_20_std": 0.409206,
        "nauc_precision_at_20_diff1": 0.523125,
        "nauc_precision_at_100_max": 0.777279,
        "nauc_precision_at_100_std": 0.769715,
        "nauc_precision_at_100_diff1": 0.746849,
        "nauc_precision_at_1000_max": 0.957521,
        "nauc_precision_at_1000_std": 0.954253,
        "nauc_precision_at_1000_diff1": 0.903603,
        "nauc_mrr_at_1_max": 0.286876,
        "nauc_mrr_at_1_std": 0.118925,
        "nauc_mrr_at_1_diff1": 0.513858,
        "nauc_mrr_at_3_max": 0.312095,
        "nauc_mrr_at_3_std": 0.143863,
        "nauc_mrr_at_3_diff1": 0.481965,
        "nauc_mrr_at_5_max": 0.321865,
        "nauc_mrr_at_5_std": 0.155729,
        "nauc_mrr_at_5_diff1": 0.481214,
        "nauc_mrr_at_10_max": 0.327789,
        "nauc_mrr_at_10_std": 0.164213,
        "nauc_mrr_at_10_diff1": 0.483836,
        "nauc_mrr_at_20_max": 0.33303,
        "nauc_mrr_at_20_std": 0.171402,
        "nauc_mrr_at_20_diff1": 0.48774,
        "nauc_mrr_at_100_max": 0.335542,
        "nauc_mrr_at_100_std": 0.174982,
        "nauc_mrr_at_100_diff1": 0.490763,
        "nauc_mrr_at_1000_max": 0.335046,
        "nauc_mrr_at_1000_std": 0.174222,
        "nauc_mrr_at_1000_diff1": 0.490554,
        "hit_rate_at_1": 0.19678,
        "hit_rate_at_3": 0.34664,
        "hit_rate_at_5": 0.42256,
        "hit_rate_at_10": 0.52659,
        "hit_rate_at_20": 0.62453,
        "hit_rate_at_100": 0.80466,
        "hit_rate_at_1000": 0.99284,
        "main_score": 0.42256,
        "hf_subset": "default",
        "languages": [
          "eng-Latn"
        ],
        "mteb_version": "2.12.32"
      }
    ]
  },
  "evaluation_time": 699.7101771831512,
  "kg_co2_emissions": null,
  "date": null
}