{
  "dataset_revision": "4885aa143210c98657558c04aaf3dc47cfb54340",
  "task_name": "CQADupstackGamingRetrieval",
  "mteb_version": "2.12.32",
  "scores": {
    "test": [
      {
        "ndcg_at_1": 0.40125,
        "ndcg_at_3": 0.48757,
        "ndcg_at_5": 0.51535,
        "ndcg_at_10": 0.54508,
        "ndcg_at_20": 0.56333,
        "ndcg_at_100": 0.58401,
        "ndcg_at_1000": 0.59584,
        "map_at_1": 0.35343,
        "map_at_3": 0.45038,
        "map_at_5": 0.46856,
        "map_at_10": 0.48348,
        "map_at_20": 0.4899,
        "map_at_100": 0.49359,
        "map_at_1000": 0.49414,
        "recall_at_1": 0.35343,
        "recall_at_3": 0.545,
        "recall_at_5": 0.61264,
        "recall_at_10": 0.69628,
        "recall_at_20": 0.76224,
        "recall_at_100": 0.86124,
        "recall_at_1000": 0.94571,
        "accuracy": 0.35343,
        "precision_at_1": 0.40125,
        "precision_at_3": 0.22006,
        "precision_at_5": 0.15185,
        "precision_at_10": 0.08978,
        "precision_at_20": 0.0505,
        "precision_at_100": 0.01179,
        "precision_at_1000": 0.00132,
        "mrr_at_1": 0.401254,
        "mrr_at_3": 0.487356,
        "mrr_at_5": 0.503563,
        "mrr_at_10": 0.513799,
        "mrr_at_20": 0.517938,
        "mrr_at_100": 0.52023,
        "mrr_at_1000": 0.520568,
        "nauc_ndcg_at_1_max": 0.336448,
        "nauc_ndcg_at_1_std": 0.011511,
        "nauc_ndcg_at_1_diff1": 0.470803,
        "nauc_ndcg_at_3_max": 0.324371,
        "nauc_ndcg_at_3_std": 0.003428,
        "nauc_ndcg_at_3_diff1": 0.443199,
        "nauc_ndcg_at_5_max": 0.345137,
        "nauc_ndcg_at_5_std": 0.019794,
        "nauc_ndcg_at_5_diff1": 0.446471,
        "nauc_ndcg_at_10_max": 0.35789,
        "nauc_ndcg_at_10_std": 0.042139,
        "nauc_ndcg_at_10_diff1": 0.448305,
        "nauc_ndcg_at_20_max": 0.353562,
        "nauc_ndcg_at_20_std": 0.048278,
        "nauc_ndcg_at_20_diff1": 0.440979,
        "nauc_ndcg_at_100_max": 0.35487,
        "nauc_ndcg_at_100_std": 0.063194,
        "nauc_ndcg_at_100_diff1": 0.440253,
        "nauc_ndcg_at_1000_max": 0.35477,
        "nauc_ndcg_at_1000_std": 0.058604,
        "nauc_ndcg_at_1000_diff1": 0.442001,
        "nauc_map_at_1_max": 0.284096,
        "nauc_map_at_1_std": -0.02181,
        "nauc_map_at_1_diff1": 0.474755,
        "nauc_map_at_3_max": 0.311822,
        "nauc_map_at_3_std": -0.008018,
        "nauc_map_at_3_diff1": 0.453028,
        "nauc_map_at_5_max": 0.325708,
        "nauc_map_at_5_std": 0.00323,
        "nauc_map_at_5_diff1": 0.454639,
        "nauc_map_at_10_max": 0.335324,
        "nauc_map_at_10_std": 0.015755,
        "nauc_map_at_10_diff1": 0.455721,
        "nauc_map_at_20_max": 0.335731,
        "nauc_map_at_20_std": 0.020254,
        "nauc_map_at_20_diff1": 0.452809,
        "nauc_map_at_100_max": 0.336545,
        "nauc_map_at_100_std": 0.023989,
        "nauc_map_at_100_diff1": 0.452148,
        "nauc_map_at_1000_max": 0.336558,
        "nauc_map_at_1000_std": 0.023967,
        "nauc_map_at_1000_diff1": 0.452143,
        "nauc_recall_at_1_max": 0.284096,
        "nauc_recall_at_1_std": -0.02181,
        "nauc_recall_at_1_diff1": 0.474755,
        "nauc_recall_at_3_max": 0.308866,
        "nauc_recall_at_3_std": -0.009367,
        "nauc_recall_at_3_diff1": 0.41379,
        "nauc_recall_at_5_max": 0.351473,
        "nauc_recall_at_5_std": 0.033923,
        "nauc_recall_at_5_diff1": 0.412886,
        "nauc_recall_at_10_max": 0.387705,
        "nauc_recall_at_10_std": 0.110673,
        "nauc_recall_at_10_diff1": 0.416334,
        "nauc_recall_at_20_max": 0.372712,
        "nauc_recall_at_20_std": 0.151994,
        "nauc_recall_at_20_diff1": 0.378331,
        "nauc_recall_at_100_max": 0.386672,
        "nauc_recall_at_100_std": 0.346017,
        "nauc_recall_at_100_diff1": 0.355908,
        "nauc_recall_at_1000_max": 0.452846,
        "nauc_recall_at_1000_std": 0.589348,
        "nauc_recall_at_1000_diff1": 0.331783,
        "nauc_precision_at_1_max": 0.336448,
        "nauc_precision_at_1_std": 0.011511,
        "nauc_precision_at_1_diff1": 0.470803,
        "nauc_precision_at_3_max": 0.319705,
        "nauc_precision_at_3_std": 0.053849,
        "nauc_precision_at_3_diff1": 0.308022,
        "nauc_precision_at_5_max": 0.34403,
        "nauc_precision_at_5_std": 0.110651,
        "nauc_precision_at_5_diff1": 0.256956,
        "nauc_precision_at_10_max": 0.334306,
        "nauc_precision_at_10_std": 0.186258,
        "nauc_precision_at_10_diff1": 0.164172,
        "nauc_precision_at_20_max": 0.289795,
        "nauc_precision_at_20_std": 0.238484,
        "nauc_precision_at_20_diff1": 0.062706,
        "nauc_precision_at_100_max": 0.228012,
        "nauc_precision_at_100_std": 0.290613,
        "nauc_precision_at_100_diff1": -0.047151,
        "nauc_precision_at_1000_max": 0.162086,
        "nauc_precision_at_1000_std": 0.246531,
        "nauc_precision_at_1000_diff1": -0.116844,
        "nauc_mrr_at_1_max": 0.336448,
        "nauc_mrr_at_1_std": 0.011511,
        "nauc_mrr_at_1_diff1": 0.470803,
        "nauc_mrr_at_3_max": 0.345898,
        "nauc_mrr_at_3_std": 0.016451,
        "nauc_mrr_at_3_diff1": 0.449467,
        "nauc_mrr_at_5_max": 0.353084,
        "nauc_mrr_at_5_std": 0.026949,
        "nauc_mrr_at_5_diff1": 0.448185,
        "nauc_mrr_at_10_max": 0.355028,
        "nauc_mrr_at_10_std": 0.031332,
        "nauc_mrr_at_10_diff1": 0.449138,
        "nauc_mrr_at_20_max": 0.353933,
        "nauc_mrr_at_20_std": 0.031621,
        "nauc_mrr_at_20_diff1": 0.447981,
        "nauc_mrr_at_100_max": 0.353801,
        "nauc_mrr_at_100_std": 0.033047,
        "nauc_mrr_at_100_diff1": 0.448137,
        "nauc_mrr_at_1000_max": 0.353743,
        "nauc_mrr_at_1000_std": 0.032834,
        "nauc_mrr_at_1000_diff1": 0.44822,
        "hit_rate_at_1": 0.40125,
        "hit_rate_at_3": 0.59498,
        "hit_rate_at_5": 0.66583,
        "hit_rate_at_10": 0.74107,
        "hit_rate_at_20": 0.8,
        "hit_rate_at_100": 0.88652,
        "hit_rate_at_1000": 0.95737,
        "main_score": 0.54508,
        "hf_subset": "default",
        "languages": [
          "eng-Latn"
        ],
        "mteb_version": "2.12.32"
      }
    ]
  },
  "evaluation_time": 3661.775495290756,
  "kg_co2_emissions": null,
  "date": null
}