{
  "dataset_revision": "6c6430d3a6d36f8d2a829195bc5dc94d7e063e53",
  "task_name": "CQADupstackUnixRetrieval",
  "mteb_version": "2.12.32",
  "scores": {
    "test": [
      {
        "ndcg_at_1": 0.31623,
        "ndcg_at_3": 0.37011,
        "ndcg_at_5": 0.3932,
        "ndcg_at_10": 0.42067,
        "ndcg_at_20": 0.44173,
        "ndcg_at_100": 0.47063,
        "ndcg_at_1000": 0.49024,
        "map_at_1": 0.26635,
        "map_at_3": 0.33521,
        "map_at_5": 0.35076,
        "map_at_10": 0.36417,
        "map_at_20": 0.37099,
        "map_at_100": 0.37563,
        "map_at_1000": 0.37659,
        "recall_at_1": 0.26635,
        "recall_at_3": 0.41147,
        "recall_at_5": 0.46759,
        "recall_at_10": 0.54694,
        "recall_at_20": 0.62249,
        "recall_at_100": 0.76166,
        "recall_at_1000": 0.89643,
        "accuracy": 0.26635,
        "precision_at_1": 0.31623,
        "precision_at_3": 0.17009,
        "precision_at_5": 0.12108,
        "precision_at_10": 0.07276,
        "precision_at_20": 0.04249,
        "precision_at_100": 0.0109,
        "precision_at_1000": 0.00135,
        "mrr_at_1": 0.316231,
        "mrr_at_3": 0.382152,
        "mrr_at_5": 0.396611,
        "mrr_at_10": 0.407636,
        "mrr_at_20": 0.412589,
        "mrr_at_100": 0.415802,
        "mrr_at_1000": 0.416336,
        "nauc_ndcg_at_1_max": 0.301864,
        "nauc_ndcg_at_1_std": 0.025297,
        "nauc_ndcg_at_1_diff1": 0.422474,
        "nauc_ndcg_at_3_max": 0.299945,
        "nauc_ndcg_at_3_std": 0.031638,
        "nauc_ndcg_at_3_diff1": 0.366069,
        "nauc_ndcg_at_5_max": 0.294236,
        "nauc_ndcg_at_5_std": 0.04409,
        "nauc_ndcg_at_5_diff1": 0.356314,
        "nauc_ndcg_at_10_max": 0.292743,
        "nauc_ndcg_at_10_std": 0.045837,
        "nauc_ndcg_at_10_diff1": 0.345112,
        "nauc_ndcg_at_20_max": 0.297789,
        "nauc_ndcg_at_20_std": 0.056063,
        "nauc_ndcg_at_20_diff1": 0.34593,
        "nauc_ndcg_at_100_max": 0.298089,
        "nauc_ndcg_at_100_std": 0.066247,
        "nauc_ndcg_at_100_diff1": 0.349743,
        "nauc_ndcg_at_1000_max": 0.299166,
        "nauc_ndcg_at_1000_std": 0.06238,
        "nauc_ndcg_at_1000_diff1": 0.352514,
        "nauc_map_at_1_max": 0.307676,
        "nauc_map_at_1_std": 0.025786,
        "nauc_map_at_1_diff1": 0.433122,
        "nauc_map_at_3_max": 0.305563,
        "nauc_map_at_3_std": 0.028564,
        "nauc_map_at_3_diff1": 0.383969,
        "nauc_map_at_5_max": 0.302494,
        "nauc_map_at_5_std": 0.037716,
        "nauc_map_at_5_diff1": 0.378969,
        "nauc_map_at_10_max": 0.30278,
        "nauc_map_at_10_std": 0.039369,
        "nauc_map_at_10_diff1": 0.37347,
        "nauc_map_at_20_max": 0.304208,
        "nauc_map_at_20_std": 0.042689,
        "nauc_map_at_20_diff1": 0.374199,
        "nauc_map_at_100_max": 0.304667,
        "nauc_map_at_100_std": 0.044382,
        "nauc_map_at_100_diff1": 0.375205,
        "nauc_map_at_1000_max": 0.304597,
        "nauc_map_at_1000_std": 0.044174,
        "nauc_map_at_1000_diff1": 0.375294,
        "nauc_recall_at_1_max": 0.307676,
        "nauc_recall_at_1_std": 0.025786,
        "nauc_recall_at_1_diff1": 0.433122,
        "nauc_recall_at_3_max": 0.280427,
        "nauc_recall_at_3_std": 0.026634,
        "nauc_recall_at_3_diff1": 0.314171,
        "nauc_recall_at_5_max": 0.264489,
        "nauc_recall_at_5_std": 0.056232,
        "nauc_recall_at_5_diff1": 0.291731,
        "nauc_recall_at_10_max": 0.248514,
        "nauc_recall_at_10_std": 0.060059,
        "nauc_recall_at_10_diff1": 0.249152,
        "nauc_recall_at_20_max": 0.263381,
        "nauc_recall_at_20_std": 0.100905,
        "nauc_recall_at_20_diff1": 0.239898,
        "nauc_recall_at_100_max": 0.259881,
        "nauc_recall_at_100_std": 0.187541,
        "nauc_recall_at_100_diff1": 0.228452,
        "nauc_recall_at_1000_max": 0.277076,
        "nauc_recall_at_1000_std": 0.253903,
        "nauc_recall_at_1000_diff1": 0.204802,
        "nauc_precision_at_1_max": 0.301864,
        "nauc_precision_at_1_std": 0.025297,
        "nauc_precision_at_1_diff1": 0.422474,
        "nauc_precision_at_3_max": 0.25824,
        "nauc_precision_at_3_std": 0.031935,
        "nauc_precision_at_3_diff1": 0.28254,
        "nauc_precision_at_5_max": 0.22046,
        "nauc_precision_at_5_std": 0.06778,
        "nauc_precision_at_5_diff1": 0.226849,
        "nauc_precision_at_10_max": 0.183301,
        "nauc_precision_at_10_std": 0.071755,
        "nauc_precision_at_10_diff1": 0.154459,
        "nauc_precision_at_20_max": 0.157519,
        "nauc_precision_at_20_std": 0.09478,
        "nauc_precision_at_20_diff1": 0.116824,
        "nauc_precision_at_100_max": 0.073322,
        "nauc_precision_at_100_std": 0.115241,
        "nauc_precision_at_100_diff1": 0.049384,
        "nauc_precision_at_1000_max": -0.020592,
        "nauc_precision_at_1000_std": 0.059243,
        "nauc_precision_at_1000_diff1": -0.057084,
        "nauc_mrr_at_1_max": 0.301864,
        "nauc_mrr_at_1_std": 0.025297,
        "nauc_mrr_at_1_diff1": 0.422474,
        "nauc_mrr_at_3_max": 0.298774,
        "nauc_mrr_at_3_std": 0.032986,
        "nauc_mrr_at_3_diff1": 0.369055,
        "nauc_mrr_at_5_max": 0.295873,
        "nauc_mrr_at_5_std": 0.038557,
        "nauc_mrr_at_5_diff1": 0.364833,
        "nauc_mrr_at_10_max": 0.293847,
        "nauc_mrr_at_10_std": 0.038111,
        "nauc_mrr_at_10_diff1": 0.362521,
        "nauc_mrr_at_20_max": 0.295296,
        "nauc_mrr_at_20_std": 0.039764,
        "nauc_mrr_at_20_diff1": 0.363053,
        "nauc_mrr_at_100_max": 0.295415,
        "nauc_mrr_at_100_std": 0.04064,
        "nauc_mrr_at_100_diff1": 0.363823,
        "nauc_mrr_at_1000_max": 0.295536,
        "nauc_mrr_at_1000_std": 0.040441,
        "nauc_mrr_at_1000_diff1": 0.36401,
        "hit_rate_at_1": 0.31623,
        "hit_rate_at_3": 0.46922,
        "hit_rate_at_5": 0.53265,
        "hit_rate_at_10": 0.61287,
        "hit_rate_at_20": 0.68563,
        "hit_rate_at_100": 0.81343,
        "hit_rate_at_1000": 0.92724,
        "main_score": 0.42067,
        "hf_subset": "default",
        "languages": [
          "eng-Latn"
        ],
        "mteb_version": "2.12.32"
      }
    ]
  },
  "evaluation_time": 4663.174610376358,
  "kg_co2_emissions": null,
  "date": null
}