{
  "dataset_revision": "ad08c1307b15a226bf1b64e62656a17f1f85f7ec",
  "task_name": "CUB200I2IRetrieval",
  "mteb_version": "2.12.32",
  "scores": {
    "test": [
      {
        "ndcg_at_1": 0.79116,
        "ndcg_at_3": 0.76908,
        "ndcg_at_5": 0.75391,
        "ndcg_at_10": 0.72224,
        "ndcg_at_20": 0.66335,
        "ndcg_at_100": 0.74805,
        "ndcg_at_1000": 0.81814,
        "map_at_1": 0.02831,
        "map_at_3": 0.07809,
        "map_at_5": 0.12391,
        "map_at_10": 0.22611,
        "map_at_20": 0.38346,
        "map_at_100": 0.55743,
        "map_at_1000": 0.57627,
        "recall_at_1": 0.02831,
        "recall_at_3": 0.08166,
        "recall_at_5": 0.13256,
        "recall_at_10": 0.25024,
        "recall_at_20": 0.44399,
        "recall_at_100": 0.80516,
        "recall_at_1000": 0.97546,
        "accuracy": 0.02831,
        "precision_at_1": 0.79116,
        "precision_at_3": 0.76269,
        "precision_at_5": 0.74315,
        "precision_at_10": 0.70257,
        "precision_at_20": 0.62543,
        "precision_at_100": 0.2275,
        "precision_at_1000": 0.02757,
        "mrr_at_1": 0.791163,
        "mrr_at_3": 0.844782,
        "mrr_at_5": 0.851919,
        "mrr_at_10": 0.855811,
        "mrr_at_20": 0.85701,
        "mrr_at_100": 0.8573,
        "mrr_at_1000": 0.857317,
        "nauc_ndcg_at_1_max": 0.32821,
        "nauc_ndcg_at_1_std": -0.084702,
        "nauc_ndcg_at_1_diff1": 0.067231,
        "nauc_ndcg_at_3_max": 0.338474,
        "nauc_ndcg_at_3_std": -0.076047,
        "nauc_ndcg_at_3_diff1": -0.010779,
        "nauc_ndcg_at_5_max": 0.345875,
        "nauc_ndcg_at_5_std": -0.06517,
        "nauc_ndcg_at_5_diff1": -0.029545,
        "nauc_ndcg_at_10_max": 0.346551,
        "nauc_ndcg_at_10_std": -0.062927,
        "nauc_ndcg_at_10_diff1": -0.043308,
        "nauc_ndcg_at_20_max": 0.335881,
        "nauc_ndcg_at_20_std": -0.055446,
        "nauc_ndcg_at_20_diff1": -0.041984,
        "nauc_ndcg_at_100_max": 0.350668,
        "nauc_ndcg_at_100_std": 0.026772,
        "nauc_ndcg_at_100_diff1": -0.046716,
        "nauc_ndcg_at_1000_max": 0.357259,
        "nauc_ndcg_at_1000_std": 0.030411,
        "nauc_ndcg_at_1000_diff1": -0.040163,
        "nauc_map_at_1_max": 0.25509,
        "nauc_map_at_1_std": -0.044631,
        "nauc_map_at_1_diff1": 0.067288,
        "nauc_map_at_3_max": 0.291878,
        "nauc_map_at_3_std": -0.055718,
        "nauc_map_at_3_diff1": -0.005495,
        "nauc_map_at_5_max": 0.305241,
        "nauc_map_at_5_std": -0.050841,
        "nauc_map_at_5_diff1": -0.025451,
        "nauc_map_at_10_max": 0.317883,
        "nauc_map_at_10_std": -0.057059,
        "nauc_map_at_10_diff1": -0.042307,
        "nauc_map_at_20_max": 0.319068,
        "nauc_map_at_20_std": -0.057806,
        "nauc_map_at_20_diff1": -0.042985,
        "nauc_map_at_100_max": 0.324873,
        "nauc_map_at_100_std": -0.025568,
        "nauc_map_at_100_diff1": -0.047501,
        "nauc_map_at_1000_max": 0.326963,
        "nauc_map_at_1000_std": -0.020387,
        "nauc_map_at_1000_diff1": -0.047359,
        "nauc_recall_at_1_max": 0.25509,
        "nauc_recall_at_1_std": -0.044631,
        "nauc_recall_at_1_diff1": 0.067288,
        "nauc_recall_at_3_max": 0.289906,
        "nauc_recall_at_3_std": -0.045936,
        "nauc_recall_at_3_diff1": -0.018248,
        "nauc_recall_at_5_max": 0.304506,
        "nauc_recall_at_5_std": -0.033003,
        "nauc_recall_at_5_diff1": -0.037041,
        "nauc_recall_at_10_max": 0.316002,
        "nauc_recall_at_10_std": -0.040028,
        "nauc_recall_at_10_diff1": -0.047125,
        "nauc_recall_at_20_max": 0.318999,
        "nauc_recall_at_20_std": -0.039952,
        "nauc_recall_at_20_diff1": -0.041346,
        "nauc_recall_at_100_max": 0.327997,
        "nauc_recall_at_100_std": 0.128394,
        "nauc_recall_at_100_diff1": -0.054324,
        "nauc_recall_at_1000_max": 0.353476,
        "nauc_recall_at_1000_std": 0.572786,
        "nauc_recall_at_1000_diff1": -0.010546,
        "nauc_precision_at_1_max": 0.32821,
        "nauc_precision_at_1_std": -0.084702,
        "nauc_precision_at_1_diff1": 0.067231,
        "nauc_precision_at_3_max": 0.339034,
        "nauc_precision_at_3_std": -0.073778,
        "nauc_precision_at_3_diff1": -0.031214,
        "nauc_precision_at_5_max": 0.347175,
        "nauc_precision_at_5_std": -0.058806,
        "nauc_precision_at_5_diff1": -0.049071,
        "nauc_precision_at_10_max": 0.343148,
        "nauc_precision_at_10_std": -0.058612,
        "nauc_precision_at_10_diff1": -0.057327,
        "nauc_precision_at_20_max": 0.326596,
        "nauc_precision_at_20_std": -0.050974,
        "nauc_precision_at_20_diff1": -0.048191,
        "nauc_precision_at_100_max": 0.316857,
        "nauc_precision_at_100_std": 0.100169,
        "nauc_precision_at_100_diff1": -0.064332,
        "nauc_precision_at_1000_max": 0.235273,
        "nauc_precision_at_1000_std": 0.216344,
        "nauc_precision_at_1000_diff1": -0.060376,
        "nauc_mrr_at_1_max": 0.32821,
        "nauc_mrr_at_1_std": -0.084702,
        "nauc_mrr_at_1_diff1": 0.067231,
        "nauc_mrr_at_3_max": 0.340257,
        "nauc_mrr_at_3_std": -0.068837,
        "nauc_mrr_at_3_diff1": 0.047683,
        "nauc_mrr_at_5_max": 0.342166,
        "nauc_mrr_at_5_std": -0.0643,
        "nauc_mrr_at_5_diff1": 0.050688,
        "nauc_mrr_at_10_max": 0.340188,
        "nauc_mrr_at_10_std": -0.06523,
        "nauc_mrr_at_10_diff1": 0.052067,
        "nauc_mrr_at_20_max": 0.339085,
        "nauc_mrr_at_20_std": -0.065926,
        "nauc_mrr_at_20_diff1": 0.052449,
        "nauc_mrr_at_100_max": 0.339425,
        "nauc_mrr_at_100_std": -0.06661,
        "nauc_mrr_at_100_diff1": 0.052744,
        "nauc_mrr_at_1000_max": 0.339414,
        "nauc_mrr_at_1000_std": -0.066647,
        "nauc_mrr_at_1000_diff1": 0.052761,
        "hit_rate_at_1": 0.79116,
        "hit_rate_at_3": 0.9106,
        "hit_rate_at_5": 0.94166,
        "hit_rate_at_10": 0.9698,
        "hit_rate_at_20": 0.98619,
        "hit_rate_at_100": 0.99603,
        "hit_rate_at_1000": 0.99983,
        "main_score": 0.79116,
        "hf_subset": "default",
        "languages": [
          "eng-Latn"
        ],
        "mteb_version": "2.12.32"
      }
    ]
  },
  "evaluation_time": 1886.7184522151947,
  "kg_co2_emissions": null,
  "date": null
}