{
  "dataset_revision": "9926abb226c15b55dd8cce8c91cac1abf2326a61",
  "task_name": "CVBenchCount",
  "mteb_version": "2.12.32",
  "scores": {
    "test": [
      {
        "ndcg_at_1": 0.29442,
        "ndcg_at_3": 0.6062,
        "ndcg_at_5": 0.66947,
        "ndcg_at_10": 0.67399,
        "ndcg_at_20": 0.67399,
        "ndcg_at_100": 0.67399,
        "ndcg_at_1000": 0.67399,
        "map_at_1": 0.29442,
        "map_at_3": 0.52665,
        "map_at_5": 0.56269,
        "map_at_10": 0.56481,
        "map_at_20": 0.56481,
        "map_at_100": 0.56481,
        "map_at_1000": 0.56481,
        "recall_at_1": 0.29442,
        "recall_at_3": 0.83756,
        "recall_at_5": 0.98731,
        "recall_at_10": 1.0,
        "recall_at_20": 1.0,
        "recall_at_100": 1.0,
        "recall_at_1000": 1.0,
        "accuracy": 0.29442,
        "precision_at_1": 0.29442,
        "precision_at_3": 0.27919,
        "precision_at_5": 0.19746,
        "precision_at_10": 0.1,
        "precision_at_20": 0.05,
        "precision_at_100": 0.01,
        "precision_at_1000": 0.001,
        "mrr_at_1": 0.294416,
        "mrr_at_3": 0.52665,
        "mrr_at_5": 0.56269,
        "mrr_at_10": 0.564805,
        "mrr_at_20": 0.564805,
        "mrr_at_100": 0.564805,
        "mrr_at_1000": 0.564805,
        "nauc_ndcg_at_1_max": 0.214301,
        "nauc_ndcg_at_1_std": 0.231462,
        "nauc_ndcg_at_1_diff1": 0.138338,
        "nauc_ndcg_at_3_max": 0.303137,
        "nauc_ndcg_at_3_std": 0.284078,
        "nauc_ndcg_at_3_diff1": 0.097617,
        "nauc_ndcg_at_5_max": 0.272359,
        "nauc_ndcg_at_5_std": 0.25495,
        "nauc_ndcg_at_5_diff1": 0.109039,
        "nauc_ndcg_at_10_max": 0.270321,
        "nauc_ndcg_at_10_std": 0.252486,
        "nauc_ndcg_at_10_diff1": 0.110993,
        "nauc_ndcg_at_20_max": 0.270321,
        "nauc_ndcg_at_20_std": 0.252486,
        "nauc_ndcg_at_20_diff1": 0.110993,
        "nauc_ndcg_at_100_max": 0.270321,
        "nauc_ndcg_at_100_std": 0.252486,
        "nauc_ndcg_at_100_diff1": 0.110993,
        "nauc_ndcg_at_1000_max": 0.270321,
        "nauc_ndcg_at_1000_std": 0.252486,
        "nauc_ndcg_at_1000_diff1": 0.110993,
        "nauc_map_at_1_max": 0.214301,
        "nauc_map_at_1_std": 0.231462,
        "nauc_map_at_1_diff1": 0.138338,
        "nauc_map_at_3_max": 0.284859,
        "nauc_map_at_3_std": 0.267824,
        "nauc_map_at_3_diff1": 0.105011,
        "nauc_map_at_5_max": 0.268268,
        "nauc_map_at_5_std": 0.252125,
        "nauc_map_at_5_diff1": 0.111571,
        "nauc_map_at_10_max": 0.267512,
        "nauc_map_at_10_std": 0.25123,
        "nauc_map_at_10_diff1": 0.112284,
        "nauc_map_at_20_max": 0.267512,
        "nauc_map_at_20_std": 0.25123,
        "nauc_map_at_20_diff1": 0.112284,
        "nauc_map_at_100_max": 0.267512,
        "nauc_map_at_100_std": 0.25123,
        "nauc_map_at_100_diff1": 0.112284,
        "nauc_map_at_1000_max": 0.267512,
        "nauc_map_at_1000_std": 0.25123,
        "nauc_map_at_1000_diff1": 0.112284,
        "nauc_recall_at_1_max": 0.214301,
        "nauc_recall_at_1_std": 0.231462,
        "nauc_recall_at_1_diff1": 0.138338,
        "nauc_recall_at_3_max": 0.390957,
        "nauc_recall_at_3_std": 0.368008,
        "nauc_recall_at_3_diff1": 0.063152,
        "nauc_recall_at_5_max": 0.353657,
        "nauc_recall_at_5_std": 0.35327,
        "nauc_recall_at_5_diff1": 0.031062,
        "nauc_recall_at_10_max": NaN,
        "nauc_recall_at_10_std": NaN,
        "nauc_recall_at_10_diff1": NaN,
        "nauc_recall_at_20_max": NaN,
        "nauc_recall_at_20_std": NaN,
        "nauc_recall_at_20_diff1": NaN,
        "nauc_recall_at_100_max": NaN,
        "nauc_recall_at_100_std": NaN,
        "nauc_recall_at_100_diff1": NaN,
        "nauc_recall_at_1000_max": NaN,
        "nauc_recall_at_1000_std": NaN,
        "nauc_recall_at_1000_diff1": NaN,
        "nauc_precision_at_1_max": 0.214301,
        "nauc_precision_at_1_std": 0.231462,
        "nauc_precision_at_1_diff1": 0.138338,
        "nauc_precision_at_3_max": 0.390957,
        "nauc_precision_at_3_std": 0.368008,
        "nauc_precision_at_3_diff1": 0.063152,
        "nauc_precision_at_5_max": 0.353657,
        "nauc_precision_at_5_std": 0.35327,
        "nauc_precision_at_5_diff1": 0.031062,
        "nauc_precision_at_10_max": NaN,
        "nauc_precision_at_10_std": NaN,
        "nauc_precision_at_10_diff1": NaN,
        "nauc_precision_at_20_max": NaN,
        "nauc_precision_at_20_std": NaN,
        "nauc_precision_at_20_diff1": NaN,
        "nauc_precision_at_100_max": NaN,
        "nauc_precision_at_100_std": NaN,
        "nauc_precision_at_100_diff1": NaN,
        "nauc_precision_at_1000_max": 1.0,
        "nauc_precision_at_1000_std": 1.0,
        "nauc_precision_at_1000_diff1": 1.0,
        "nauc_mrr_at_1_max": 0.214301,
        "nauc_mrr_at_1_std": 0.231462,
        "nauc_mrr_at_1_diff1": 0.138338,
        "nauc_mrr_at_3_max": 0.284859,
        "nauc_mrr_at_3_std": 0.267824,
        "nauc_mrr_at_3_diff1": 0.105011,
        "nauc_mrr_at_5_max": 0.268268,
        "nauc_mrr_at_5_std": 0.252125,
        "nauc_mrr_at_5_diff1": 0.111571,
        "nauc_mrr_at_10_max": 0.267512,
        "nauc_mrr_at_10_std": 0.25123,
        "nauc_mrr_at_10_diff1": 0.112284,
        "nauc_mrr_at_20_max": 0.267512,
        "nauc_mrr_at_20_std": 0.25123,
        "nauc_mrr_at_20_diff1": 0.112284,
        "nauc_mrr_at_100_max": 0.267512,
        "nauc_mrr_at_100_std": 0.25123,
        "nauc_mrr_at_100_diff1": 0.112284,
        "nauc_mrr_at_1000_max": 0.267512,
        "nauc_mrr_at_1000_std": 0.25123,
        "nauc_mrr_at_1000_diff1": 0.112284,
        "hit_rate_at_1": 0.29442,
        "hit_rate_at_3": 0.83756,
        "hit_rate_at_5": 0.98731,
        "hit_rate_at_10": 1.0,
        "hit_rate_at_20": 1.0,
        "hit_rate_at_100": 1.0,
        "hit_rate_at_1000": 1.0,
        "main_score": 0.29442,
        "hf_subset": "default",
        "languages": [
          "eng-Latn"
        ],
        "mteb_version": "2.12.32"
      }
    ]
  },
  "evaluation_time": 224.2487268447876,
  "kg_co2_emissions": null,
  "date": null
}