{
  "dataset_revision": "74e9e63bf8f802f8cfb4ba6e01f48efc4f49032c",
  "task_name": "Fashion200kI2TRetrieval",
  "mteb_version": "2.12.32",
  "scores": {
    "test": [
      {
        "ndcg_at_1": 0.01084,
        "ndcg_at_3": 0.01818,
        "ndcg_at_5": 0.0213,
        "ndcg_at_10": 0.0274,
        "ndcg_at_20": 0.03395,
        "ndcg_at_100": 0.05202,
        "ndcg_at_1000": 0.087,
        "map_at_1": 0.01084,
        "map_at_3": 0.0164,
        "map_at_5": 0.01814,
        "map_at_10": 0.02065,
        "map_at_20": 0.02245,
        "map_at_100": 0.02472,
        "map_at_1000": 0.02574,
        "recall_at_1": 0.01084,
        "recall_at_3": 0.02332,
        "recall_at_5": 0.03089,
        "recall_at_10": 0.0497,
        "recall_at_20": 0.07568,
        "recall_at_100": 0.17652,
        "recall_at_1000": 0.46901,
        "accuracy": 0.01084,
        "precision_at_1": 0.01084,
        "precision_at_3": 0.00777,
        "precision_at_5": 0.00618,
        "precision_at_10": 0.00497,
        "precision_at_20": 0.00378,
        "precision_at_100": 0.00177,
        "precision_at_1000": 0.00047,
        "mrr_at_1": 0.010841,
        "mrr_at_3": 0.016397,
        "mrr_at_5": 0.018136,
        "mrr_at_10": 0.020655,
        "mrr_at_20": 0.022448,
        "mrr_at_100": 0.024721,
        "mrr_at_1000": 0.025744,
        "nauc_ndcg_at_1_max": -0.052154,
        "nauc_ndcg_at_1_std": 0.104899,
        "nauc_ndcg_at_1_diff1": 0.281489,
        "nauc_ndcg_at_3_max": -0.06601,
        "nauc_ndcg_at_3_std": 0.007397,
        "nauc_ndcg_at_3_diff1": 0.130493,
        "nauc_ndcg_at_5_max": -0.072407,
        "nauc_ndcg_at_5_std": 0.011247,
        "nauc_ndcg_at_5_diff1": 0.132417,
        "nauc_ndcg_at_10_max": -0.061571,
        "nauc_ndcg_at_10_std": 0.027515,
        "nauc_ndcg_at_10_diff1": 0.085098,
        "nauc_ndcg_at_20_max": -0.047133,
        "nauc_ndcg_at_20_std": 0.030956,
        "nauc_ndcg_at_20_diff1": 0.064844,
        "nauc_ndcg_at_100_max": -0.040994,
        "nauc_ndcg_at_100_std": 0.050762,
        "nauc_ndcg_at_100_diff1": 0.064899,
        "nauc_ndcg_at_1000_max": -0.035742,
        "nauc_ndcg_at_1000_std": 0.07687,
        "nauc_ndcg_at_1000_diff1": 0.054577,
        "nauc_map_at_1_max": -0.052154,
        "nauc_map_at_1_std": 0.104899,
        "nauc_map_at_1_diff1": 0.281489,
        "nauc_map_at_3_max": -0.065235,
        "nauc_map_at_3_std": 0.02306,
        "nauc_map_at_3_diff1": 0.154779,
        "nauc_map_at_5_max": -0.069707,
        "nauc_map_at_5_std": 0.024036,
        "nauc_map_at_5_diff1": 0.153593,
        "nauc_map_at_10_max": -0.063893,
        "nauc_map_at_10_std": 0.031689,
        "nauc_map_at_10_diff1": 0.125473,
        "nauc_map_at_20_max": -0.05723,
        "nauc_map_at_20_std": 0.032695,
        "nauc_map_at_20_diff1": 0.113821,
        "nauc_map_at_100_max": -0.054262,
        "nauc_map_at_100_std": 0.037571,
        "nauc_map_at_100_diff1": 0.110299,
        "nauc_map_at_1000_max": -0.053807,
        "nauc_map_at_1000_std": 0.039149,
        "nauc_map_at_1000_diff1": 0.108631,
        "nauc_recall_at_1_max": -0.052154,
        "nauc_recall_at_1_std": 0.104899,
        "nauc_recall_at_1_diff1": 0.281489,
        "nauc_recall_at_3_max": -0.067166,
        "nauc_recall_at_3_std": -0.024422,
        "nauc_recall_at_3_diff1": 0.081146,
        "nauc_recall_at_5_max": -0.07704,
        "nauc_recall_at_5_std": -0.010101,
        "nauc_recall_at_5_diff1": 0.096734,
        "nauc_recall_at_10_max": -0.057302,
        "nauc_recall_at_10_std": 0.024977,
        "nauc_recall_at_10_diff1": 0.028772,
        "nauc_recall_at_20_max": -0.03423,
        "nauc_recall_at_20_std": 0.032189,
        "nauc_recall_at_20_diff1": 0.01219,
        "nauc_recall_at_100_max": -0.031057,
        "nauc_recall_at_100_std": 0.066646,
        "nauc_recall_at_100_diff1": 0.03835,
        "nauc_recall_at_1000_max": -0.021839,
        "nauc_recall_at_1000_std": 0.122703,
        "nauc_recall_at_1000_diff1": 0.024981,
        "nauc_precision_at_1_max": -0.052154,
        "nauc_precision_at_1_std": 0.104899,
        "nauc_precision_at_1_diff1": 0.281489,
        "nauc_precision_at_3_max": -0.067166,
        "nauc_precision_at_3_std": -0.024422,
        "nauc_precision_at_3_diff1": 0.081146,
        "nauc_precision_at_5_max": -0.07704,
        "nauc_precision_at_5_std": -0.010101,
        "nauc_precision_at_5_diff1": 0.096734,
        "nauc_precision_at_10_max": -0.057302,
        "nauc_precision_at_10_std": 0.024977,
        "nauc_precision_at_10_diff1": 0.028772,
        "nauc_precision_at_20_max": -0.03423,
        "nauc_precision_at_20_std": 0.032189,
        "nauc_precision_at_20_diff1": 0.01219,
        "nauc_precision_at_100_max": -0.031057,
        "nauc_precision_at_100_std": 0.066646,
        "nauc_precision_at_100_diff1": 0.03835,
        "nauc_precision_at_1000_max": -0.021839,
        "nauc_precision_at_1000_std": 0.122703,
        "nauc_precision_at_1000_diff1": 0.024981,
        "nauc_mrr_at_1_max": -0.052154,
        "nauc_mrr_at_1_std": 0.104899,
        "nauc_mrr_at_1_diff1": 0.281489,
        "nauc_mrr_at_3_max": -0.065235,
        "nauc_mrr_at_3_std": 0.02306,
        "nauc_mrr_at_3_diff1": 0.154779,
        "nauc_mrr_at_5_max": -0.069707,
        "nauc_mrr_at_5_std": 0.024036,
        "nauc_mrr_at_5_diff1": 0.153593,
        "nauc_mrr_at_10_max": -0.063893,
        "nauc_mrr_at_10_std": 0.031689,
        "nauc_mrr_at_10_diff1": 0.125473,
        "nauc_mrr_at_20_max": -0.05723,
        "nauc_mrr_at_20_std": 0.032695,
        "nauc_mrr_at_20_diff1": 0.113821,
        "nauc_mrr_at_100_max": -0.054262,
        "nauc_mrr_at_100_std": 0.037571,
        "nauc_mrr_at_100_diff1": 0.110299,
        "nauc_mrr_at_1000_max": -0.053807,
        "nauc_mrr_at_1000_std": 0.039149,
        "nauc_mrr_at_1000_diff1": 0.108631,
        "hit_rate_at_1": 0.01084,
        "hit_rate_at_3": 0.02332,
        "hit_rate_at_5": 0.03089,
        "hit_rate_at_10": 0.0497,
        "hit_rate_at_20": 0.07568,
        "hit_rate_at_100": 0.17652,
        "hit_rate_at_1000": 0.46901,
        "main_score": 0.0274,
        "hf_subset": "default",
        "languages": [
          "eng-Latn"
        ],
        "mteb_version": "2.12.32"
      }
    ]
  },
  "evaluation_time": 3836.135861635208,
  "kg_co2_emissions": null,
  "date": null
}