{
  "dataset_revision": "080c9ed6267b65029207906e815d44a9240bafca",
  "task_name": "FEVERHardNegatives",
  "mteb_version": "2.12.32",
  "scores": {
    "test": [
      {
        "ndcg_at_1": 0.672,
        "ndcg_at_3": 0.70411,
        "ndcg_at_5": 0.70833,
        "ndcg_at_10": 0.71094,
        "ndcg_at_20": 0.71279,
        "ndcg_at_100": 0.7151,
        "ndcg_at_1000": 0.71628,
        "map_at_1": 0.62764,
        "map_at_3": 0.68116,
        "map_at_5": 0.6848,
        "map_at_10": 0.68634,
        "map_at_20": 0.68708,
        "map_at_100": 0.68764,
        "map_at_1000": 0.68769,
        "recall_at_1": 0.62764,
        "recall_at_3": 0.73069,
        "recall_at_5": 0.74275,
        "recall_at_10": 0.75014,
        "recall_at_20": 0.75572,
        "recall_at_100": 0.76413,
        "recall_at_1000": 0.77281,
        "accuracy": 0.62764,
        "precision_at_1": 0.672,
        "precision_at_3": 0.266,
        "precision_at_5": 0.1634,
        "precision_at_10": 0.0833,
        "precision_at_20": 0.04235,
        "precision_at_100": 0.00878,
        "precision_at_1000": 0.0009,
        "mrr_at_1": 0.672,
        "mrr_at_3": 0.718833,
        "mrr_at_5": 0.721033,
        "mrr_at_10": 0.721728,
        "mrr_at_20": 0.72195,
        "mrr_at_100": 0.722021,
        "mrr_at_1000": 0.722031,
        "nauc_ndcg_at_1_max": 0.530987,
        "nauc_ndcg_at_1_std": -0.219259,
        "nauc_ndcg_at_1_diff1": 0.757837,
        "nauc_ndcg_at_3_max": 0.592802,
        "nauc_ndcg_at_3_std": -0.211353,
        "nauc_ndcg_at_3_diff1": 0.68007,
        "nauc_ndcg_at_5_max": 0.591821,
        "nauc_ndcg_at_5_std": -0.215048,
        "nauc_ndcg_at_5_diff1": 0.67467,
        "nauc_ndcg_at_10_max": 0.594241,
        "nauc_ndcg_at_10_std": -0.216912,
        "nauc_ndcg_at_10_diff1": 0.674411,
        "nauc_ndcg_at_20_max": 0.596969,
        "nauc_ndcg_at_20_std": -0.217864,
        "nauc_ndcg_at_20_diff1": 0.675811,
        "nauc_ndcg_at_100_max": 0.599427,
        "nauc_ndcg_at_100_std": -0.218517,
        "nauc_ndcg_at_100_diff1": 0.678695,
        "nauc_ndcg_at_1000_max": 0.598975,
        "nauc_ndcg_at_1000_std": -0.219765,
        "nauc_ndcg_at_1000_diff1": 0.678898,
        "nauc_map_at_1_max": 0.492624,
        "nauc_map_at_1_std": -0.188047,
        "nauc_map_at_1_diff1": 0.715089,
        "nauc_map_at_3_max": 0.562652,
        "nauc_map_at_3_std": -0.199705,
        "nauc_map_at_3_diff1": 0.677971,
        "nauc_map_at_5_max": 0.563686,
        "nauc_map_at_5_std": -0.202324,
        "nauc_map_at_5_diff1": 0.675803,
        "nauc_map_at_10_max": 0.565333,
        "nauc_map_at_10_std": -0.202932,
        "nauc_map_at_10_diff1": 0.675982,
        "nauc_map_at_20_max": 0.566772,
        "nauc_map_at_20_std": -0.203256,
        "nauc_map_at_20_diff1": 0.67691,
        "nauc_map_at_100_max": 0.567661,
        "nauc_map_at_100_std": -0.203216,
        "nauc_map_at_100_diff1": 0.677754,
        "nauc_map_at_1000_max": 0.567635,
        "nauc_map_at_1000_std": -0.203284,
        "nauc_map_at_1000_diff1": 0.677756,
        "nauc_recall_at_1_max": 0.492624,
        "nauc_recall_at_1_std": -0.188047,
        "nauc_recall_at_1_diff1": 0.715089,
        "nauc_recall_at_3_max": 0.636845,
        "nauc_recall_at_3_std": -0.209831,
        "nauc_recall_at_3_diff1": 0.624209,
        "nauc_recall_at_5_max": 0.637574,
        "nauc_recall_at_5_std": -0.224688,
        "nauc_recall_at_5_diff1": 0.611584,
        "nauc_recall_at_10_max": 0.644498,
        "nauc_recall_at_10_std": -0.232817,
        "nauc_recall_at_10_diff1": 0.609958,
        "nauc_recall_at_20_max": 0.653752,
        "nauc_recall_at_20_std": -0.238102,
        "nauc_recall_at_20_diff1": 0.613581,
        "nauc_recall_at_100_max": 0.666661,
        "nauc_recall_at_100_std": -0.244747,
        "nauc_recall_at_100_diff1": 0.626423,
        "nauc_recall_at_1000_max": 0.66557,
        "nauc_recall_at_1000_std": -0.251421,
        "nauc_recall_at_1000_diff1": 0.626563,
        "nauc_precision_at_1_max": 0.530987,
        "nauc_precision_at_1_std": -0.219259,
        "nauc_precision_at_1_diff1": 0.757837,
        "nauc_precision_at_3_max": 0.592746,
        "nauc_precision_at_3_std": -0.190639,
        "nauc_precision_at_3_diff1": 0.515769,
        "nauc_precision_at_5_max": 0.550952,
        "nauc_precision_at_5_std": -0.184938,
        "nauc_precision_at_5_diff1": 0.456803,
        "nauc_precision_at_10_max": 0.513262,
        "nauc_precision_at_10_std": -0.176644,
        "nauc_precision_at_10_diff1": 0.40776,
        "nauc_precision_at_20_max": 0.483945,
        "nauc_precision_at_20_std": -0.151687,
        "nauc_precision_at_20_diff1": 0.368128,
        "nauc_precision_at_100_max": 0.397915,
        "nauc_precision_at_100_std": -0.11622,
        "nauc_precision_at_100_diff1": 0.295852,
        "nauc_precision_at_1000_max": 0.35691,
        "nauc_precision_at_1000_std": -0.116678,
        "nauc_precision_at_1000_diff1": 0.261666,
        "nauc_mrr_at_1_max": 0.530987,
        "nauc_mrr_at_1_std": -0.219259,
        "nauc_mrr_at_1_diff1": 0.757837,
        "nauc_mrr_at_3_max": 0.600936,
        "nauc_mrr_at_3_std": -0.231882,
        "nauc_mrr_at_3_diff1": 0.729382,
        "nauc_mrr_at_5_max": 0.598855,
        "nauc_mrr_at_5_std": -0.235821,
        "nauc_mrr_at_5_diff1": 0.726954,
        "nauc_mrr_at_10_max": 0.598968,
        "nauc_mrr_at_10_std": -0.236314,
        "nauc_mrr_at_10_diff1": 0.72691,
        "nauc_mrr_at_20_max": 0.59852,
        "nauc_mrr_at_20_std": -0.236575,
        "nauc_mrr_at_20_diff1": 0.726472,
        "nauc_mrr_at_100_max": 0.598391,
        "nauc_mrr_at_100_std": -0.236589,
        "nauc_mrr_at_100_diff1": 0.726463,
        "nauc_mrr_at_1000_max": 0.598385,
        "nauc_mrr_at_1000_std": -0.236589,
        "nauc_mrr_at_1000_diff1": 0.726453,
        "hit_rate_at_1": 0.672,
        "hit_rate_at_3": 0.772,
        "hit_rate_at_5": 0.782,
        "hit_rate_at_10": 0.787,
        "hit_rate_at_20": 0.79,
        "hit_rate_at_100": 0.793,
        "hit_rate_at_1000": 0.798,
        "main_score": 0.71094,
        "hf_subset": "default",
        "languages": [
          "eng-Latn"
        ],
        "mteb_version": "2.12.32"
      }
    ]
  },
  "evaluation_time": 13140.548579454422,
  "kg_co2_emissions": null,
  "date": null
}