{
  "dataset_revision": "27a168819829fe9bcd655c2df245fb19452e8e06",
  "task_name": "FiQA2018",
  "mteb_version": "2.12.32",
  "scores": {
    "test": [
      {
        "ndcg_at_1": 0.47531,
        "ndcg_at_3": 0.44237,
        "ndcg_at_5": 0.46215,
        "ndcg_at_10": 0.48998,
        "ndcg_at_20": 0.51452,
        "ndcg_at_100": 0.55088,
        "ndcg_at_1000": 0.56874,
        "map_at_1": 0.24351,
        "map_at_3": 0.35303,
        "map_at_5": 0.38544,
        "map_at_10": 0.40678,
        "map_at_20": 0.41762,
        "map_at_100": 0.42596,
        "map_at_1000": 0.42719,
        "recall_at_1": 0.24351,
        "recall_at_3": 0.40078,
        "recall_at_5": 0.48223,
        "recall_at_10": 0.56668,
        "recall_at_20": 0.63894,
        "recall_at_100": 0.78091,
        "recall_at_1000": 0.88466,
        "accuracy": 0.24351,
        "precision_at_1": 0.47531,
        "precision_at_3": 0.29527,
        "precision_at_5": 0.21914,
        "precision_at_10": 0.13503,
        "precision_at_20": 0.07901,
        "precision_at_100": 0.02023,
        "precision_at_1000": 0.00234,
        "mrr_at_1": 0.475309,
        "mrr_at_3": 0.538837,
        "mrr_at_5": 0.555195,
        "mrr_at_10": 0.567186,
        "mrr_at_20": 0.570315,
        "mrr_at_100": 0.572641,
        "mrr_at_1000": 0.572903,
        "nauc_ndcg_at_1_max": 0.390855,
        "nauc_ndcg_at_1_std": 0.095356,
        "nauc_ndcg_at_1_diff1": 0.626279,
        "nauc_ndcg_at_3_max": 0.334447,
        "nauc_ndcg_at_3_std": 0.079352,
        "nauc_ndcg_at_3_diff1": 0.50675,
        "nauc_ndcg_at_5_max": 0.308616,
        "nauc_ndcg_at_5_std": 0.102529,
        "nauc_ndcg_at_5_diff1": 0.49988,
        "nauc_ndcg_at_10_max": 0.306716,
        "nauc_ndcg_at_10_std": 0.122426,
        "nauc_ndcg_at_10_diff1": 0.503514,
        "nauc_ndcg_at_20_max": 0.310071,
        "nauc_ndcg_at_20_std": 0.139733,
        "nauc_ndcg_at_20_diff1": 0.506858,
        "nauc_ndcg_at_100_max": 0.327021,
        "nauc_ndcg_at_100_std": 0.160782,
        "nauc_ndcg_at_100_diff1": 0.506646,
        "nauc_ndcg_at_1000_max": 0.326629,
        "nauc_ndcg_at_1000_std": 0.151376,
        "nauc_ndcg_at_1000_diff1": 0.505041,
        "nauc_map_at_1_max": 0.215287,
        "nauc_map_at_1_std": 0.036141,
        "nauc_map_at_1_diff1": 0.565921,
        "nauc_map_at_3_max": 0.265804,
        "nauc_map_at_3_std": 0.064852,
        "nauc_map_at_3_diff1": 0.521116,
        "nauc_map_at_5_max": 0.276811,
        "nauc_map_at_5_std": 0.082542,
        "nauc_map_at_5_diff1": 0.509119,
        "nauc_map_at_10_max": 0.288565,
        "nauc_map_at_10_std": 0.092659,
        "nauc_map_at_10_diff1": 0.506684,
        "nauc_map_at_20_max": 0.293848,
        "nauc_map_at_20_std": 0.100173,
        "nauc_map_at_20_diff1": 0.508394,
        "nauc_map_at_100_max": 0.29867,
        "nauc_map_at_100_std": 0.105939,
        "nauc_map_at_100_diff1": 0.508067,
        "nauc_map_at_1000_max": 0.298853,
        "nauc_map_at_1000_std": 0.105732,
        "nauc_map_at_1000_diff1": 0.507637,
        "nauc_recall_at_1_max": 0.215287,
        "nauc_recall_at_1_std": 0.036141,
        "nauc_recall_at_1_diff1": 0.565921,
        "nauc_recall_at_3_max": 0.230516,
        "nauc_recall_at_3_std": 0.061335,
        "nauc_recall_at_3_diff1": 0.451243,
        "nauc_recall_at_5_max": 0.213926,
        "nauc_recall_at_5_std": 0.112897,
        "nauc_recall_at_5_diff1": 0.405574,
        "nauc_recall_at_10_max": 0.213594,
        "nauc_recall_at_10_std": 0.157794,
        "nauc_recall_at_10_diff1": 0.378236,
        "nauc_recall_at_20_max": 0.200601,
        "nauc_recall_at_20_std": 0.208145,
        "nauc_recall_at_20_diff1": 0.376137,
        "nauc_recall_at_100_max": 0.237219,
        "nauc_recall_at_100_std": 0.348457,
        "nauc_recall_at_100_diff1": 0.336843,
        "nauc_recall_at_1000_max": 0.164599,
        "nauc_recall_at_1000_std": 0.347976,
        "nauc_recall_at_1000_diff1": 0.261098,
        "nauc_precision_at_1_max": 0.390855,
        "nauc_precision_at_1_std": 0.095356,
        "nauc_precision_at_1_diff1": 0.626279,
        "nauc_precision_at_3_max": 0.34726,
        "nauc_precision_at_3_std": 0.098106,
        "nauc_precision_at_3_diff1": 0.316643,
        "nauc_precision_at_5_max": 0.325963,
        "nauc_precision_at_5_std": 0.125296,
        "nauc_precision_at_5_diff1": 0.226901,
        "nauc_precision_at_10_max": 0.305211,
        "nauc_precision_at_10_std": 0.14978,
        "nauc_precision_at_10_diff1": 0.138657,
        "nauc_precision_at_20_max": 0.274503,
        "nauc_precision_at_20_std": 0.163919,
        "nauc_precision_at_20_diff1": 0.0898,
        "nauc_precision_at_100_max": 0.235494,
        "nauc_precision_at_100_std": 0.163657,
        "nauc_precision_at_100_diff1": -0.01453,
        "nauc_precision_at_1000_max": 0.17803,
        "nauc_precision_at_1000_std": 0.094286,
        "nauc_precision_at_1000_diff1": -0.088077,
        "nauc_mrr_at_1_max": 0.390855,
        "nauc_mrr_at_1_std": 0.095356,
        "nauc_mrr_at_1_diff1": 0.626279,
        "nauc_mrr_at_3_max": 0.385068,
        "nauc_mrr_at_3_std": 0.106643,
        "nauc_mrr_at_3_diff1": 0.582448,
        "nauc_mrr_at_5_max": 0.386589,
        "nauc_mrr_at_5_std": 0.1209,
        "nauc_mrr_at_5_diff1": 0.576978,
        "nauc_mrr_at_10_max": 0.387036,
        "nauc_mrr_at_10_std": 0.12381,
        "nauc_mrr_at_10_diff1": 0.575012,
        "nauc_mrr_at_20_max": 0.386259,
        "nauc_mrr_at_20_std": 0.124369,
        "nauc_mrr_at_20_diff1": 0.576389,
        "nauc_mrr_at_100_max": 0.387055,
        "nauc_mrr_at_100_std": 0.125307,
        "nauc_mrr_at_100_diff1": 0.577122,
        "nauc_mrr_at_1000_max": 0.387058,
        "nauc_mrr_at_1000_std": 0.125095,
        "nauc_mrr_at_1000_diff1": 0.577182,
        "hit_rate_at_1": 0.47531,
        "hit_rate_at_3": 0.61574,
        "hit_rate_at_5": 0.68673,
        "hit_rate_at_10": 0.7716,
        "hit_rate_at_20": 0.8179,
        "hit_rate_at_100": 0.8966,
        "hit_rate_at_1000": 0.94444,
        "main_score": 0.48998,
        "hf_subset": "default",
        "languages": [
          "eng-Latn"
        ],
        "mteb_version": "2.12.32"
      }
    ]
  },
  "evaluation_time": 4639.257028579712,
  "kg_co2_emissions": null,
  "date": null
}