{
  "dataset_revision": "38876698eba40ac88433e0ca0d9dff6f35e4d0ff",
  "task_name": "GigaSpeechT2ARetrieval",
  "mteb_version": "2.12.32",
  "scores": {
    "test": [
      {
        "ndcg_at_1": 0.46904,
        "ndcg_at_3": 0.53618,
        "ndcg_at_5": 0.5513,
        "ndcg_at_10": 0.56827,
        "ndcg_at_20": 0.58012,
        "ndcg_at_100": 0.59853,
        "ndcg_at_1000": 0.61643,
        "map_at_1": 0.46904,
        "map_at_3": 0.5197,
        "map_at_5": 0.52808,
        "map_at_10": 0.53509,
        "map_at_20": 0.53837,
        "map_at_100": 0.54082,
        "map_at_1000": 0.54144,
        "recall_at_1": 0.46904,
        "recall_at_3": 0.58385,
        "recall_at_5": 0.62059,
        "recall_at_10": 0.67304,
        "recall_at_20": 0.7197,
        "recall_at_100": 0.82044,
        "recall_at_1000": 0.96356,
        "accuracy": 0.46904,
        "precision_at_1": 0.46904,
        "precision_at_3": 0.19462,
        "precision_at_5": 0.12412,
        "precision_at_10": 0.0673,
        "precision_at_20": 0.03599,
        "precision_at_100": 0.0082,
        "precision_at_1000": 0.00096,
        "mrr_at_1": 0.469037,
        "mrr_at_3": 0.519704,
        "mrr_at_5": 0.528081,
        "mrr_at_10": 0.535094,
        "mrr_at_20": 0.53837,
        "mrr_at_100": 0.540816,
        "mrr_at_1000": 0.541443,
        "nauc_ndcg_at_1_max": 0.040303,
        "nauc_ndcg_at_1_std": -0.385941,
        "nauc_ndcg_at_1_diff1": 0.719252,
        "nauc_ndcg_at_3_max": -0.012134,
        "nauc_ndcg_at_3_std": -0.444906,
        "nauc_ndcg_at_3_diff1": 0.673657,
        "nauc_ndcg_at_5_max": -0.030458,
        "nauc_ndcg_at_5_std": -0.459328,
        "nauc_ndcg_at_5_diff1": 0.664585,
        "nauc_ndcg_at_10_max": -0.048195,
        "nauc_ndcg_at_10_std": -0.476897,
        "nauc_ndcg_at_10_diff1": 0.658424,
        "nauc_ndcg_at_20_max": -0.061762,
        "nauc_ndcg_at_20_std": -0.487877,
        "nauc_ndcg_at_20_diff1": 0.654466,
        "nauc_ndcg_at_100_max": -0.06935,
        "nauc_ndcg_at_100_std": -0.495005,
        "nauc_ndcg_at_100_diff1": 0.650889,
        "nauc_ndcg_at_1000_max": -0.044347,
        "nauc_ndcg_at_1000_std": -0.471459,
        "nauc_ndcg_at_1000_diff1": 0.653778,
        "nauc_map_at_1_max": 0.040303,
        "nauc_map_at_1_std": -0.385941,
        "nauc_map_at_1_diff1": 0.719252,
        "nauc_map_at_3_max": 0.001264,
        "nauc_map_at_3_std": -0.429739,
        "nauc_map_at_3_diff1": 0.685147,
        "nauc_map_at_5_max": -0.008488,
        "nauc_map_at_5_std": -0.437302,
        "nauc_map_at_5_diff1": 0.680295,
        "nauc_map_at_10_max": -0.015072,
        "nauc_map_at_10_std": -0.444015,
        "nauc_map_at_10_diff1": 0.678107,
        "nauc_map_at_20_max": -0.018438,
        "nauc_map_at_20_std": -0.446626,
        "nauc_map_at_20_diff1": 0.677096,
        "nauc_map_at_100_max": -0.019364,
        "nauc_map_at_100_std": -0.447723,
        "nauc_map_at_100_diff1": 0.676806,
        "nauc_map_at_1000_max": -0.01861,
        "nauc_map_at_1000_std": -0.446983,
        "nauc_map_at_1000_diff1": 0.676911,
        "nauc_recall_at_1_max": 0.040303,
        "nauc_recall_at_1_std": -0.385941,
        "nauc_recall_at_1_diff1": 0.719252,
        "nauc_recall_at_3_max": -0.053222,
        "nauc_recall_at_3_std": -0.491462,
        "nauc_recall_at_3_diff1": 0.63849,
        "nauc_recall_at_5_max": -0.103726,
        "nauc_recall_at_5_std": -0.532295,
        "nauc_recall_at_5_diff1": 0.613011,
        "nauc_recall_at_10_max": -0.176319,
        "nauc_recall_at_10_std": -0.602979,
        "nauc_recall_at_10_diff1": 0.584995,
        "nauc_recall_at_20_max": -0.259093,
        "nauc_recall_at_20_std": -0.67342,
        "nauc_recall_at_20_diff1": 0.557449,
        "nauc_recall_at_100_max": -0.412818,
        "nauc_recall_at_100_std": -0.811313,
        "nauc_recall_at_100_diff1": 0.479654,
        "nauc_recall_at_1000_max": -0.09267,
        "nauc_recall_at_1000_std": -0.506428,
        "nauc_recall_at_1000_diff1": 0.053476,
        "nauc_precision_at_1_max": 0.040303,
        "nauc_precision_at_1_std": -0.385941,
        "nauc_precision_at_1_diff1": 0.719252,
        "nauc_precision_at_3_max": -0.053222,
        "nauc_precision_at_3_std": -0.491462,
        "nauc_precision_at_3_diff1": 0.63849,
        "nauc_precision_at_5_max": -0.103726,
        "nauc_precision_at_5_std": -0.532295,
        "nauc_precision_at_5_diff1": 0.613011,
        "nauc_precision_at_10_max": -0.176319,
        "nauc_precision_at_10_std": -0.602979,
        "nauc_precision_at_10_diff1": 0.584995,
        "nauc_precision_at_20_max": -0.259093,
        "nauc_precision_at_20_std": -0.67342,
        "nauc_precision_at_20_diff1": 0.557449,
        "nauc_precision_at_100_max": -0.412818,
        "nauc_precision_at_100_std": -0.811313,
        "nauc_precision_at_100_diff1": 0.479654,
        "nauc_precision_at_1000_max": -0.09267,
        "nauc_precision_at_1000_std": -0.506428,
        "nauc_precision_at_1000_diff1": 0.053476,
        "nauc_mrr_at_1_max": 0.040303,
        "nauc_mrr_at_1_std": -0.385941,
        "nauc_mrr_at_1_diff1": 0.719252,
        "nauc_mrr_at_3_max": 0.001264,
        "nauc_mrr_at_3_std": -0.429739,
        "nauc_mrr_at_3_diff1": 0.685147,
        "nauc_mrr_at_5_max": -0.008488,
        "nauc_mrr_at_5_std": -0.437302,
        "nauc_mrr_at_5_diff1": 0.680295,
        "nauc_mrr_at_10_max": -0.015072,
        "nauc_mrr_at_10_std": -0.444015,
        "nauc_mrr_at_10_diff1": 0.678107,
        "nauc_mrr_at_20_max": -0.018438,
        "nauc_mrr_at_20_std": -0.446626,
        "nauc_mrr_at_20_diff1": 0.677096,
        "nauc_mrr_at_100_max": -0.019364,
        "nauc_mrr_at_100_std": -0.447723,
        "nauc_mrr_at_100_diff1": 0.676806,
        "nauc_mrr_at_1000_max": -0.01861,
        "nauc_mrr_at_1000_std": -0.446983,
        "nauc_mrr_at_1000_diff1": 0.676911,
        "hit_rate_at_1": 0.46904,
        "hit_rate_at_3": 0.58385,
        "hit_rate_at_5": 0.62059,
        "hit_rate_at_10": 0.67304,
        "hit_rate_at_20": 0.7197,
        "hit_rate_at_100": 0.82044,
        "hit_rate_at_1000": 0.96356,
        "main_score": 0.62059,
        "hf_subset": "default",
        "languages": [
          "eng-Latn"
        ],
        "mteb_version": "2.12.32"
      }
    ]
  },
  "evaluation_time": 2524.1631746292114,
  "kg_co2_emissions": null,
  "date": null
}