{
  "dataset_revision": "e6cf8c1771177dbf88550dbdd8c867d676d15119",
  "task_name": "GTZANAudioReranking",
  "mteb_version": "2.12.32",
  "scores": {
    "test": [
      {
        "ndcg_at_1": 0.87,
        "ndcg_at_3": 0.77715,
        "ndcg_at_5": 0.84864,
        "ndcg_at_10": 0.90148,
        "ndcg_at_20": 0.9079,
        "ndcg_at_100": 0.9079,
        "ndcg_at_1000": 0.9079,
        "map_at_1": 0.29,
        "map_at_3": 0.70889,
        "map_at_5": 0.78272,
        "map_at_10": 0.82702,
        "map_at_20": 0.83135,
        "map_at_100": 0.83135,
        "map_at_1000": 0.83135,
        "recall_at_1": 0.29,
        "recall_at_3": 0.74333,
        "recall_at_5": 0.86667,
        "recall_at_10": 0.98333,
        "recall_at_20": 1.0,
        "recall_at_100": 1.0,
        "recall_at_1000": 1.0,
        "accuracy": 0.29,
        "precision_at_1": 0.87,
        "precision_at_3": 0.74333,
        "precision_at_5": 0.52,
        "precision_at_10": 0.295,
        "precision_at_20": 0.15,
        "precision_at_100": 0.03,
        "precision_at_1000": 0.003,
        "mrr_at_1": 0.87,
        "mrr_at_3": 0.92,
        "mrr_at_5": 0.9245,
        "mrr_at_10": 0.9245,
        "mrr_at_20": 0.9245,
        "mrr_at_100": 0.9245,
        "mrr_at_1000": 0.9245,
        "nauc_ndcg_at_1_max": 0.724172,
        "nauc_ndcg_at_1_std": 0.52655,
        "nauc_ndcg_at_1_diff1": 0.055617,
        "nauc_ndcg_at_3_max": 0.415767,
        "nauc_ndcg_at_3_std": 0.448771,
        "nauc_ndcg_at_3_diff1": -0.144304,
        "nauc_ndcg_at_5_max": 0.50829,
        "nauc_ndcg_at_5_std": 0.499289,
        "nauc_ndcg_at_5_diff1": -0.023338,
        "nauc_ndcg_at_10_max": 0.500521,
        "nauc_ndcg_at_10_std": 0.48997,
        "nauc_ndcg_at_10_diff1": 0.012462,
        "nauc_ndcg_at_20_max": 0.526768,
        "nauc_ndcg_at_20_std": 0.498392,
        "nauc_ndcg_at_20_diff1": -0.035744,
        "nauc_ndcg_at_100_max": 0.526768,
        "nauc_ndcg_at_100_std": 0.498392,
        "nauc_ndcg_at_100_diff1": -0.035744,
        "nauc_ndcg_at_1000_max": 0.526768,
        "nauc_ndcg_at_1000_std": 0.498392,
        "nauc_ndcg_at_1000_diff1": -0.035744,
        "nauc_map_at_1_max": 0.724172,
        "nauc_map_at_1_std": 0.52655,
        "nauc_map_at_1_diff1": 0.055617,
        "nauc_map_at_3_max": 0.380145,
        "nauc_map_at_3_std": 0.428965,
        "nauc_map_at_3_diff1": -0.162617,
        "nauc_map_at_5_max": 0.470947,
        "nauc_map_at_5_std": 0.48045,
        "nauc_map_at_5_diff1": -0.05978,
        "nauc_map_at_10_max": 0.456856,
        "nauc_map_at_10_std": 0.475289,
        "nauc_map_at_10_diff1": -0.04874,
        "nauc_map_at_20_max": 0.46603,
        "nauc_map_at_20_std": 0.478262,
        "nauc_map_at_20_diff1": -0.069275,
        "nauc_map_at_100_max": 0.46603,
        "nauc_map_at_100_std": 0.478262,
        "nauc_map_at_100_diff1": -0.069275,
        "nauc_map_at_1000_max": 0.46603,
        "nauc_map_at_1000_std": 0.478262,
        "nauc_map_at_1000_diff1": -0.069275,
        "nauc_recall_at_1_max": 0.724172,
        "nauc_recall_at_1_std": 0.52655,
        "nauc_recall_at_1_diff1": 0.055617,
        "nauc_recall_at_3_max": 0.344426,
        "nauc_recall_at_3_std": 0.431395,
        "nauc_recall_at_3_diff1": -0.189789,
        "nauc_recall_at_5_max": 0.463708,
        "nauc_recall_at_5_std": 0.494508,
        "nauc_recall_at_5_diff1": 0.00441,
        "nauc_recall_at_10_max": 0.161251,
        "nauc_recall_at_10_std": 0.35733,
        "nauc_recall_at_10_diff1": 0.57619,
        "nauc_recall_at_20_max": NaN,
        "nauc_recall_at_20_std": NaN,
        "nauc_recall_at_20_diff1": NaN,
        "nauc_recall_at_100_max": NaN,
        "nauc_recall_at_100_std": NaN,
        "nauc_recall_at_100_diff1": NaN,
        "nauc_recall_at_1000_max": NaN,
        "nauc_recall_at_1000_std": NaN,
        "nauc_recall_at_1000_diff1": NaN,
        "nauc_precision_at_1_max": 0.724172,
        "nauc_precision_at_1_std": 0.52655,
        "nauc_precision_at_1_diff1": 0.055617,
        "nauc_precision_at_3_max": 0.344426,
        "nauc_precision_at_3_std": 0.431395,
        "nauc_precision_at_3_diff1": -0.189789,
        "nauc_precision_at_5_max": 0.463708,
        "nauc_precision_at_5_std": 0.494508,
        "nauc_precision_at_5_diff1": 0.00441,
        "nauc_precision_at_10_max": 0.161251,
        "nauc_precision_at_10_std": 0.35733,
        "nauc_precision_at_10_diff1": 0.57619,
        "nauc_precision_at_20_max": NaN,
        "nauc_precision_at_20_std": NaN,
        "nauc_precision_at_20_diff1": NaN,
        "nauc_precision_at_100_max": NaN,
        "nauc_precision_at_100_std": NaN,
        "nauc_precision_at_100_diff1": NaN,
        "nauc_precision_at_1000_max": NaN,
        "nauc_precision_at_1000_std": NaN,
        "nauc_precision_at_1000_diff1": NaN,
        "nauc_mrr_at_1_max": 0.724172,
        "nauc_mrr_at_1_std": 0.52655,
        "nauc_mrr_at_1_diff1": 0.055617,
        "nauc_mrr_at_3_max": 0.713388,
        "nauc_mrr_at_3_std": 0.529991,
        "nauc_mrr_at_3_diff1": 0.058567,
        "nauc_mrr_at_5_max": 0.707975,
        "nauc_mrr_at_5_std": 0.540244,
        "nauc_mrr_at_5_diff1": 0.05411,
        "nauc_mrr_at_10_max": 0.707975,
        "nauc_mrr_at_10_std": 0.540244,
        "nauc_mrr_at_10_diff1": 0.05411,
        "nauc_mrr_at_20_max": 0.707975,
        "nauc_mrr_at_20_std": 0.540244,
        "nauc_mrr_at_20_diff1": 0.05411,
        "nauc_mrr_at_100_max": 0.707975,
        "nauc_mrr_at_100_std": 0.540244,
        "nauc_mrr_at_100_diff1": 0.05411,
        "nauc_mrr_at_1000_max": 0.707975,
        "nauc_mrr_at_1000_std": 0.540244,
        "nauc_mrr_at_1000_diff1": 0.05411,
        "hit_rate_at_1": 0.87,
        "hit_rate_at_3": 0.98,
        "hit_rate_at_5": 1.0,
        "hit_rate_at_10": 1.0,
        "hit_rate_at_20": 1.0,
        "hit_rate_at_100": 1.0,
        "hit_rate_at_1000": 1.0,
        "main_score": 0.83135,
        "hf_subset": "default",
        "languages": [
          "zxx-Zxxx"
        ],
        "mteb_version": "2.12.32"
      }
    ]
  },
  "evaluation_time": 467.4460849761963,
  "kg_co2_emissions": null,
  "date": null
}