{
  "dataset_revision": "852290806bbf9d660f5c04c246f81ce38bfc1d48",
  "task_name": "HatefulMemesI2TRetrieval",
  "mteb_version": "2.12.32",
  "scores": {
    "test": [
      {
        "ndcg_at_1": 0.329,
        "ndcg_at_3": 0.41738,
        "ndcg_at_5": 0.43709,
        "ndcg_at_10": 0.45871,
        "ndcg_at_20": 0.47306,
        "ndcg_at_100": 0.49151,
        "ndcg_at_1000": 0.49983,
        "map_at_1": 0.329,
        "map_at_3": 0.39633,
        "map_at_5": 0.40723,
        "map_at_10": 0.41613,
        "map_at_20": 0.42017,
        "map_at_100": 0.42274,
        "map_at_1000": 0.42307,
        "recall_at_1": 0.329,
        "recall_at_3": 0.478,
        "recall_at_5": 0.526,
        "recall_at_10": 0.593,
        "recall_at_20": 0.649,
        "recall_at_100": 0.748,
        "recall_at_1000": 0.813,
        "accuracy": 0.329,
        "precision_at_1": 0.329,
        "precision_at_3": 0.15933,
        "precision_at_5": 0.1052,
        "precision_at_10": 0.0593,
        "precision_at_20": 0.03245,
        "precision_at_100": 0.00748,
        "precision_at_1000": 0.00081,
        "mrr_at_1": 0.329,
        "mrr_at_3": 0.396333,
        "mrr_at_5": 0.407233,
        "mrr_at_10": 0.416131,
        "mrr_at_20": 0.420171,
        "mrr_at_100": 0.422738,
        "mrr_at_1000": 0.42307,
        "nauc_ndcg_at_1_max": 0.332728,
        "nauc_ndcg_at_1_std": -0.078611,
        "nauc_ndcg_at_1_diff1": 0.527034,
        "nauc_ndcg_at_3_max": 0.287741,
        "nauc_ndcg_at_3_std": -0.103195,
        "nauc_ndcg_at_3_diff1": 0.419303,
        "nauc_ndcg_at_5_max": 0.289557,
        "nauc_ndcg_at_5_std": -0.095131,
        "nauc_ndcg_at_5_diff1": 0.417948,
        "nauc_ndcg_at_10_max": 0.287441,
        "nauc_ndcg_at_10_std": -0.079493,
        "nauc_ndcg_at_10_diff1": 0.411157,
        "nauc_ndcg_at_20_max": 0.275953,
        "nauc_ndcg_at_20_std": -0.085475,
        "nauc_ndcg_at_20_diff1": 0.404,
        "nauc_ndcg_at_100_max": 0.268398,
        "nauc_ndcg_at_100_std": -0.077832,
        "nauc_ndcg_at_100_diff1": 0.40006,
        "nauc_ndcg_at_1000_max": 0.264178,
        "nauc_ndcg_at_1000_std": -0.077638,
        "nauc_ndcg_at_1000_diff1": 0.397611,
        "nauc_map_at_1_max": 0.332728,
        "nauc_map_at_1_std": -0.078611,
        "nauc_map_at_1_diff1": 0.527034,
        "nauc_map_at_3_max": 0.299398,
        "nauc_map_at_3_std": -0.096227,
        "nauc_map_at_3_diff1": 0.444143,
        "nauc_map_at_5_max": 0.300617,
        "nauc_map_at_5_std": -0.091748,
        "nauc_map_at_5_diff1": 0.443394,
        "nauc_map_at_10_max": 0.300154,
        "nauc_map_at_10_std": -0.085386,
        "nauc_map_at_10_diff1": 0.441285,
        "nauc_map_at_20_max": 0.296898,
        "nauc_map_at_20_std": -0.087269,
        "nauc_map_at_20_diff1": 0.43939,
        "nauc_map_at_100_max": 0.296081,
        "nauc_map_at_100_std": -0.086034,
        "nauc_map_at_100_diff1": 0.438895,
        "nauc_map_at_1000_max": 0.295908,
        "nauc_map_at_1000_std": -0.085995,
        "nauc_map_at_1000_diff1": 0.438828,
        "nauc_recall_at_1_max": 0.332728,
        "nauc_recall_at_1_std": -0.078611,
        "nauc_recall_at_1_diff1": 0.527034,
        "nauc_recall_at_3_max": 0.253778,
        "nauc_recall_at_3_std": -0.123724,
        "nauc_recall_at_3_diff1": 0.348106,
        "nauc_recall_at_5_max": 0.256529,
        "nauc_recall_at_5_std": -0.104378,
        "nauc_recall_at_5_diff1": 0.343041,
        "nauc_recall_at_10_max": 0.245306,
        "nauc_recall_at_10_std": -0.053209,
        "nauc_recall_at_10_diff1": 0.31248,
        "nauc_recall_at_20_max": 0.191007,
        "nauc_recall_at_20_std": -0.075346,
        "nauc_recall_at_20_diff1": 0.271226,
        "nauc_recall_at_100_max": 0.107702,
        "nauc_recall_at_100_std": -0.019331,
        "nauc_recall_at_100_diff1": 0.206863,
        "nauc_recall_at_1000_max": 0.00768,
        "nauc_recall_at_1000_std": -0.004277,
        "nauc_recall_at_1000_diff1": 0.118832,
        "nauc_precision_at_1_max": 0.332728,
        "nauc_precision_at_1_std": -0.078611,
        "nauc_precision_at_1_diff1": 0.527034,
        "nauc_precision_at_3_max": 0.253778,
        "nauc_precision_at_3_std": -0.123724,
        "nauc_precision_at_3_diff1": 0.348106,
        "nauc_precision_at_5_max": 0.256529,
        "nauc_precision_at_5_std": -0.104378,
        "nauc_precision_at_5_diff1": 0.343041,
        "nauc_precision_at_10_max": 0.245306,
        "nauc_precision_at_10_std": -0.053209,
        "nauc_precision_at_10_diff1": 0.31248,
        "nauc_precision_at_20_max": 0.191007,
        "nauc_precision_at_20_std": -0.075346,
        "nauc_precision_at_20_diff1": 0.271226,
        "nauc_precision_at_100_max": 0.107702,
        "nauc_precision_at_100_std": -0.019331,
        "nauc_precision_at_100_diff1": 0.206863,
        "nauc_precision_at_1000_max": 0.00768,
        "nauc_precision_at_1000_std": -0.004277,
        "nauc_precision_at_1000_diff1": 0.118832,
        "nauc_mrr_at_1_max": 0.332728,
        "nauc_mrr_at_1_std": -0.078611,
        "nauc_mrr_at_1_diff1": 0.527034,
        "nauc_mrr_at_3_max": 0.299398,
        "nauc_mrr_at_3_std": -0.096227,
        "nauc_mrr_at_3_diff1": 0.444143,
        "nauc_mrr_at_5_max": 0.300617,
        "nauc_mrr_at_5_std": -0.091748,
        "nauc_mrr_at_5_diff1": 0.443394,
        "nauc_mrr_at_10_max": 0.300154,
        "nauc_mrr_at_10_std": -0.085386,
        "nauc_mrr_at_10_diff1": 0.441285,
        "nauc_mrr_at_20_max": 0.296898,
        "nauc_mrr_at_20_std": -0.087269,
        "nauc_mrr_at_20_diff1": 0.43939,
        "nauc_mrr_at_100_max": 0.296081,
        "nauc_mrr_at_100_std": -0.086034,
        "nauc_mrr_at_100_diff1": 0.438895,
        "nauc_mrr_at_1000_max": 0.295908,
        "nauc_mrr_at_1000_std": -0.085995,
        "nauc_mrr_at_1000_diff1": 0.438828,
        "hit_rate_at_1": 0.329,
        "hit_rate_at_3": 0.478,
        "hit_rate_at_5": 0.526,
        "hit_rate_at_10": 0.593,
        "hit_rate_at_20": 0.649,
        "hit_rate_at_100": 0.748,
        "hit_rate_at_1000": 0.813,
        "main_score": 0.45871,
        "hf_subset": "default",
        "languages": [
          "eng-Latn"
        ],
        "mteb_version": "2.12.32"
      }
    ]
  },
  "evaluation_time": 586.2950940132141,
  "kg_co2_emissions": null,
  "date": null
}