{
  "dataset_revision": "617612fa63afcb60e3b134bed8b7216a99707c37",
  "task_name": "HotpotQAHardNegatives",
  "mteb_version": "2.12.32",
  "scores": {
    "test": [
      {
        "ndcg_at_1": 0.85,
        "ndcg_at_3": 0.74917,
        "ndcg_at_5": 0.78187,
        "ndcg_at_10": 0.80197,
        "ndcg_at_20": 0.81741,
        "ndcg_at_100": 0.83265,
        "ndcg_at_1000": 0.8368,
        "map_at_1": 0.425,
        "map_at_3": 0.69017,
        "map_at_5": 0.71707,
        "map_at_10": 0.72997,
        "map_at_20": 0.73648,
        "map_at_100": 0.73974,
        "map_at_1000": 0.74,
        "recall_at_1": 0.425,
        "recall_at_3": 0.734,
        "recall_at_5": 0.798,
        "recall_at_10": 0.8485,
        "recall_at_20": 0.8985,
        "recall_at_100": 0.9655,
        "recall_at_1000": 0.992,
        "accuracy": 0.425,
        "precision_at_1": 0.85,
        "precision_at_3": 0.48933,
        "precision_at_5": 0.3192,
        "precision_at_10": 0.1697,
        "precision_at_20": 0.08985,
        "precision_at_100": 0.01931,
        "precision_at_1000": 0.00198,
        "mrr_at_1": 0.85,
        "mrr_at_3": 0.891667,
        "mrr_at_5": 0.897767,
        "mrr_at_10": 0.899163,
        "mrr_at_20": 0.899836,
        "mrr_at_100": 0.900176,
        "mrr_at_1000": 0.900182,
        "nauc_ndcg_at_1_max": 0.421051,
        "nauc_ndcg_at_1_std": -0.136111,
        "nauc_ndcg_at_1_diff1": 0.651852,
        "nauc_ndcg_at_3_max": 0.256891,
        "nauc_ndcg_at_3_std": -0.041848,
        "nauc_ndcg_at_3_diff1": 0.197174,
        "nauc_ndcg_at_5_max": 0.266628,
        "nauc_ndcg_at_5_std": -0.035862,
        "nauc_ndcg_at_5_diff1": 0.208284,
        "nauc_ndcg_at_10_max": 0.291262,
        "nauc_ndcg_at_10_std": -0.038029,
        "nauc_ndcg_at_10_diff1": 0.242828,
        "nauc_ndcg_at_20_max": 0.289729,
        "nauc_ndcg_at_20_std": -0.021913,
        "nauc_ndcg_at_20_diff1": 0.243991,
        "nauc_ndcg_at_100_max": 0.289648,
        "nauc_ndcg_at_100_std": -0.017643,
        "nauc_ndcg_at_100_diff1": 0.252848,
        "nauc_ndcg_at_1000_max": 0.29026,
        "nauc_ndcg_at_1000_std": -0.024263,
        "nauc_ndcg_at_1000_diff1": 0.256284,
        "nauc_map_at_1_max": 0.421051,
        "nauc_map_at_1_std": -0.136111,
        "nauc_map_at_1_diff1": 0.651852,
        "nauc_map_at_3_max": 0.224112,
        "nauc_map_at_3_std": -0.032788,
        "nauc_map_at_3_diff1": 0.150039,
        "nauc_map_at_5_max": 0.234095,
        "nauc_map_at_5_std": -0.030825,
        "nauc_map_at_5_diff1": 0.162549,
        "nauc_map_at_10_max": 0.246477,
        "nauc_map_at_10_std": -0.032276,
        "nauc_map_at_10_diff1": 0.179787,
        "nauc_map_at_20_max": 0.244847,
        "nauc_map_at_20_std": -0.026946,
        "nauc_map_at_20_diff1": 0.178802,
        "nauc_map_at_100_max": 0.244628,
        "nauc_map_at_100_std": -0.025946,
        "nauc_map_at_100_diff1": 0.17971,
        "nauc_map_at_1000_max": 0.244694,
        "nauc_map_at_1000_std": -0.026161,
        "nauc_map_at_1000_diff1": 0.179805,
        "nauc_recall_at_1_max": 0.421051,
        "nauc_recall_at_1_std": -0.136111,
        "nauc_recall_at_1_diff1": 0.651852,
        "nauc_recall_at_3_max": 0.227331,
        "nauc_recall_at_3_std": -0.022826,
        "nauc_recall_at_3_diff1": 0.098246,
        "nauc_recall_at_5_max": 0.236134,
        "nauc_recall_at_5_std": -0.006717,
        "nauc_recall_at_5_diff1": 0.096759,
        "nauc_recall_at_10_max": 0.29985,
        "nauc_recall_at_10_std": -0.005585,
        "nauc_recall_at_10_diff1": 0.171684,
        "nauc_recall_at_20_max": 0.290925,
        "nauc_recall_at_20_std": 0.085119,
        "nauc_recall_at_20_diff1": 0.146277,
        "nauc_recall_at_100_max": 0.325133,
        "nauc_recall_at_100_std": 0.334314,
        "nauc_recall_at_100_diff1": 0.152478,
        "nauc_recall_at_1000_max": 0.522584,
        "nauc_recall_at_1000_std": 0.750992,
        "nauc_recall_at_1000_diff1": 0.218867,
        "nauc_precision_at_1_max": 0.421051,
        "nauc_precision_at_1_std": -0.136111,
        "nauc_precision_at_1_diff1": 0.651852,
        "nauc_precision_at_3_max": 0.227331,
        "nauc_precision_at_3_std": -0.022826,
        "nauc_precision_at_3_diff1": 0.098246,
        "nauc_precision_at_5_max": 0.236134,
        "nauc_precision_at_5_std": -0.006717,
        "nauc_precision_at_5_diff1": 0.096759,
        "nauc_precision_at_10_max": 0.29985,
        "nauc_precision_at_10_std": -0.005585,
        "nauc_precision_at_10_diff1": 0.171684,
        "nauc_precision_at_20_max": 0.290925,
        "nauc_precision_at_20_std": 0.085119,
        "nauc_precision_at_20_diff1": 0.146277,
        "nauc_precision_at_100_max": 0.325133,
        "nauc_precision_at_100_std": 0.334314,
        "nauc_precision_at_100_diff1": 0.152478,
        "nauc_precision_at_1000_max": 0.522584,
        "nauc_precision_at_1000_std": 0.750992,
        "nauc_precision_at_1000_diff1": 0.218867,
        "nauc_mrr_at_1_max": 0.421051,
        "nauc_mrr_at_1_std": -0.136111,
        "nauc_mrr_at_1_diff1": 0.651852,
        "nauc_mrr_at_3_max": 0.471511,
        "nauc_mrr_at_3_std": -0.130959,
        "nauc_mrr_at_3_diff1": 0.658324,
        "nauc_mrr_at_5_max": 0.46622,
        "nauc_mrr_at_5_std": -0.122721,
        "nauc_mrr_at_5_diff1": 0.657054,
        "nauc_mrr_at_10_max": 0.466303,
        "nauc_mrr_at_10_std": -0.122162,
        "nauc_mrr_at_10_diff1": 0.659176,
        "nauc_mrr_at_20_max": 0.466841,
        "nauc_mrr_at_20_std": -0.121244,
        "nauc_mrr_at_20_diff1": 0.659917,
        "nauc_mrr_at_100_max": 0.465433,
        "nauc_mrr_at_100_std": -0.122324,
        "nauc_mrr_at_100_diff1": 0.659269,
        "nauc_mrr_at_1000_max": 0.4654,
        "nauc_mrr_at_1000_std": -0.12226,
        "nauc_mrr_at_1000_diff1": 0.659248,
        "hit_rate_at_1": 0.85,
        "hit_rate_at_3": 0.943,
        "hit_rate_at_5": 0.969,
        "hit_rate_at_10": 0.979,
        "hit_rate_at_20": 0.988,
        "hit_rate_at_100": 0.999,
        "hit_rate_at_1000": 1.0,
        "main_score": 0.80197,
        "hf_subset": "default",
        "languages": [
          "eng-Latn"
        ],
        "mteb_version": "2.12.32"
      }
    ]
  },
  "evaluation_time": 16744.699517011642,
  "kg_co2_emissions": null,
  "date": null
}