{
  "dataset_revision": "4510aa3b456b23f39564694e053e70492cc1de9f",
  "task_name": "InfoSeekIT2TRetrieval",
  "mteb_version": "2.12.32",
  "scores": {
    "test": [
      {
        "ndcg_at_1": 0.18599,
        "ndcg_at_3": 0.16748,
        "ndcg_at_5": 0.17236,
        "ndcg_at_10": 0.18709,
        "ndcg_at_20": 0.20506,
        "ndcg_at_100": 0.2517,
        "ndcg_at_1000": 0.29888,
        "map_at_1": 0.05265,
        "map_at_3": 0.08615,
        "map_at_5": 0.09956,
        "map_at_10": 0.11432,
        "map_at_20": 0.1262,
        "map_at_100": 0.13983,
        "map_at_1000": 0.14363,
        "recall_at_1": 0.05265,
        "recall_at_3": 0.11154,
        "recall_at_5": 0.1482,
        "recall_at_10": 0.20409,
        "recall_at_20": 0.27001,
        "recall_at_100": 0.44224,
        "recall_at_1000": 0.6581,
        "accuracy": 0.05265,
        "precision_at_1": 0.18599,
        "precision_at_3": 0.13951,
        "precision_at_5": 0.11785,
        "precision_at_10": 0.08968,
        "precision_at_20": 0.06569,
        "precision_at_100": 0.02512,
        "precision_at_1000": 0.00428,
        "mrr_at_1": 0.185993,
        "mrr_at_3": 0.237143,
        "mrr_at_5": 0.25073,
        "mrr_at_10": 0.261114,
        "mrr_at_20": 0.266736,
        "mrr_at_100": 0.271189,
        "mrr_at_1000": 0.271995,
        "nauc_ndcg_at_1_max": 0.230223,
        "nauc_ndcg_at_1_std": 0.207807,
        "nauc_ndcg_at_1_diff1": 0.312718,
        "nauc_ndcg_at_3_max": 0.211505,
        "nauc_ndcg_at_3_std": 0.228218,
        "nauc_ndcg_at_3_diff1": 0.2756,
        "nauc_ndcg_at_5_max": 0.197594,
        "nauc_ndcg_at_5_std": 0.229883,
        "nauc_ndcg_at_5_diff1": 0.274135,
        "nauc_ndcg_at_10_max": 0.187531,
        "nauc_ndcg_at_10_std": 0.227846,
        "nauc_ndcg_at_10_diff1": 0.270877,
        "nauc_ndcg_at_20_max": 0.172882,
        "nauc_ndcg_at_20_std": 0.232838,
        "nauc_ndcg_at_20_diff1": 0.261503,
        "nauc_ndcg_at_100_max": 0.15037,
        "nauc_ndcg_at_100_std": 0.260207,
        "nauc_ndcg_at_100_diff1": 0.255224,
        "nauc_ndcg_at_1000_max": 0.150562,
        "nauc_ndcg_at_1000_std": 0.264726,
        "nauc_ndcg_at_1000_diff1": 0.246198,
        "nauc_map_at_1_max": 0.232143,
        "nauc_map_at_1_std": 0.167346,
        "nauc_map_at_1_diff1": 0.300426,
        "nauc_map_at_3_max": 0.227543,
        "nauc_map_at_3_std": 0.165966,
        "nauc_map_at_3_diff1": 0.294369,
        "nauc_map_at_5_max": 0.218212,
        "nauc_map_at_5_std": 0.179729,
        "nauc_map_at_5_diff1": 0.294798,
        "nauc_map_at_10_max": 0.209323,
        "nauc_map_at_10_std": 0.19734,
        "nauc_map_at_10_diff1": 0.295057,
        "nauc_map_at_20_max": 0.200553,
        "nauc_map_at_20_std": 0.216607,
        "nauc_map_at_20_diff1": 0.292658,
        "nauc_map_at_100_max": 0.195399,
        "nauc_map_at_100_std": 0.245304,
        "nauc_map_at_100_diff1": 0.285925,
        "nauc_map_at_1000_max": 0.194604,
        "nauc_map_at_1000_std": 0.248787,
        "nauc_map_at_1000_diff1": 0.283919,
        "nauc_recall_at_1_max": 0.232143,
        "nauc_recall_at_1_std": 0.167346,
        "nauc_recall_at_1_diff1": 0.300426,
        "nauc_recall_at_3_max": 0.185796,
        "nauc_recall_at_3_std": 0.152464,
        "nauc_recall_at_3_diff1": 0.258297,
        "nauc_recall_at_5_max": 0.158252,
        "nauc_recall_at_5_std": 0.158104,
        "nauc_recall_at_5_diff1": 0.246878,
        "nauc_recall_at_10_max": 0.1191,
        "nauc_recall_at_10_std": 0.157395,
        "nauc_recall_at_10_diff1": 0.220491,
        "nauc_recall_at_20_max": 0.080989,
        "nauc_recall_at_20_std": 0.177788,
        "nauc_recall_at_20_diff1": 0.18818,
        "nauc_recall_at_100_max": 0.03182,
        "nauc_recall_at_100_std": 0.249589,
        "nauc_recall_at_100_diff1": 0.151843,
        "nauc_recall_at_1000_max": -0.004529,
        "nauc_recall_at_1000_std": 0.266057,
        "nauc_recall_at_1000_diff1": 0.092774,
        "nauc_precision_at_1_max": 0.230223,
        "nauc_precision_at_1_std": 0.207807,
        "nauc_precision_at_1_diff1": 0.312718,
        "nauc_precision_at_3_max": 0.199804,
        "nauc_precision_at_3_std": 0.234252,
        "nauc_precision_at_3_diff1": 0.260365,
        "nauc_precision_at_5_max": 0.169053,
        "nauc_precision_at_5_std": 0.259726,
        "nauc_precision_at_5_diff1": 0.238604,
        "nauc_precision_at_10_max": 0.133813,
        "nauc_precision_at_10_std": 0.279079,
        "nauc_precision_at_10_diff1": 0.203639,
        "nauc_precision_at_20_max": 0.102217,
        "nauc_precision_at_20_std": 0.297807,
        "nauc_precision_at_20_diff1": 0.168376,
        "nauc_precision_at_100_max": 0.056685,
        "nauc_precision_at_100_std": 0.314707,
        "nauc_precision_at_100_diff1": 0.094004,
        "nauc_precision_at_1000_max": 0.028232,
        "nauc_precision_at_1000_std": 0.197114,
        "nauc_precision_at_1000_diff1": 0.028077,
        "nauc_mrr_at_1_max": 0.230223,
        "nauc_mrr_at_1_std": 0.207807,
        "nauc_mrr_at_1_diff1": 0.312718,
        "nauc_mrr_at_3_max": 0.205091,
        "nauc_mrr_at_3_std": 0.212269,
        "nauc_mrr_at_3_diff1": 0.278091,
        "nauc_mrr_at_5_max": 0.199151,
        "nauc_mrr_at_5_std": 0.211751,
        "nauc_mrr_at_5_diff1": 0.275604,
        "nauc_mrr_at_10_max": 0.193332,
        "nauc_mrr_at_10_std": 0.209283,
        "nauc_mrr_at_10_diff1": 0.271878,
        "nauc_mrr_at_20_max": 0.19081,
        "nauc_mrr_at_20_std": 0.208615,
        "nauc_mrr_at_20_diff1": 0.269388,
        "nauc_mrr_at_100_max": 0.190339,
        "nauc_mrr_at_100_std": 0.208462,
        "nauc_mrr_at_100_diff1": 0.269691,
        "nauc_mrr_at_1000_max": 0.190675,
        "nauc_mrr_at_1000_std": 0.208647,
        "nauc_mrr_at_1000_diff1": 0.26981,
        "hit_rate_at_1": 0.18599,
        "hit_rate_at_3": 0.30257,
        "hit_rate_at_5": 0.36209,
        "hit_rate_at_10": 0.43893,
        "hit_rate_at_20": 0.52,
        "hit_rate_at_100": 0.70282,
        "hit_rate_at_1000": 0.89208,
        "main_score": 0.18709,
        "hf_subset": "default",
        "languages": [
          "eng-Latn"
        ],
        "mteb_version": "2.12.32"
      }
    ]
  },
  "evaluation_time": 22554.953670978546,
  "kg_co2_emissions": null,
  "date": null
}