{
  "dataset_revision": "74ce553cb9b43aee5169f0bddd30bd5dee8d26d1",
  "task_name": "MACST2ARetrieval",
  "mteb_version": "2.12.32",
  "scores": {
    "test": [
      {
        "ndcg_at_1": 0.10687,
        "ndcg_at_3": 0.16763,
        "ndcg_at_5": 0.18439,
        "ndcg_at_10": 0.21619,
        "ndcg_at_20": 0.24351,
        "ndcg_at_100": 0.30824,
        "ndcg_at_1000": 0.33368,
        "map_at_1": 0.10687,
        "map_at_3": 0.15182,
        "map_at_5": 0.16111,
        "map_at_10": 0.17407,
        "map_at_20": 0.18138,
        "map_at_100": 0.19021,
        "map_at_1000": 0.19143,
        "recall_at_1": 0.10687,
        "recall_at_3": 0.21374,
        "recall_at_5": 0.25445,
        "recall_at_10": 0.35369,
        "recall_at_20": 0.4631,
        "recall_at_100": 0.81425,
        "recall_at_1000": 1.0,
        "accuracy": 0.10687,
        "precision_at_1": 0.10687,
        "precision_at_3": 0.07125,
        "precision_at_5": 0.05089,
        "precision_at_10": 0.03537,
        "precision_at_20": 0.02316,
        "precision_at_100": 0.00814,
        "precision_at_1000": 0.001,
        "mrr_at_1": 0.10687,
        "mrr_at_3": 0.151824,
        "mrr_at_5": 0.161111,
        "mrr_at_10": 0.174067,
        "mrr_at_20": 0.181377,
        "mrr_at_100": 0.190208,
        "mrr_at_1000": 0.191429,
        "nauc_ndcg_at_1_max": 0.130629,
        "nauc_ndcg_at_1_std": -0.126324,
        "nauc_ndcg_at_1_diff1": 0.466042,
        "nauc_ndcg_at_3_max": 0.108241,
        "nauc_ndcg_at_3_std": -0.098437,
        "nauc_ndcg_at_3_diff1": 0.405581,
        "nauc_ndcg_at_5_max": 0.103475,
        "nauc_ndcg_at_5_std": -0.068597,
        "nauc_ndcg_at_5_diff1": 0.391446,
        "nauc_ndcg_at_10_max": 0.092144,
        "nauc_ndcg_at_10_std": -0.079453,
        "nauc_ndcg_at_10_diff1": 0.386075,
        "nauc_ndcg_at_20_max": 0.115294,
        "nauc_ndcg_at_20_std": -0.067571,
        "nauc_ndcg_at_20_diff1": 0.38332,
        "nauc_ndcg_at_100_max": 0.124543,
        "nauc_ndcg_at_100_std": -0.046159,
        "nauc_ndcg_at_100_diff1": 0.38218,
        "nauc_ndcg_at_1000_max": 0.116454,
        "nauc_ndcg_at_1000_std": -0.068272,
        "nauc_ndcg_at_1000_diff1": 0.394598,
        "nauc_map_at_1_max": 0.130629,
        "nauc_map_at_1_std": -0.126324,
        "nauc_map_at_1_diff1": 0.466042,
        "nauc_map_at_3_max": 0.115271,
        "nauc_map_at_3_std": -0.104297,
        "nauc_map_at_3_diff1": 0.419695,
        "nauc_map_at_5_max": 0.112352,
        "nauc_map_at_5_std": -0.086056,
        "nauc_map_at_5_diff1": 0.411118,
        "nauc_map_at_10_max": 0.107397,
        "nauc_map_at_10_std": -0.089304,
        "nauc_map_at_10_diff1": 0.406666,
        "nauc_map_at_20_max": 0.114638,
        "nauc_map_at_20_std": -0.085933,
        "nauc_map_at_20_diff1": 0.406121,
        "nauc_map_at_100_max": 0.116162,
        "nauc_map_at_100_std": -0.082472,
        "nauc_map_at_100_diff1": 0.4064,
        "nauc_map_at_1000_max": 0.115773,
        "nauc_map_at_1000_std": -0.083414,
        "nauc_map_at_1000_diff1": 0.407015,
        "nauc_recall_at_1_max": 0.130629,
        "nauc_recall_at_1_std": -0.126324,
        "nauc_recall_at_1_diff1": 0.466042,
        "nauc_recall_at_3_max": 0.091582,
        "nauc_recall_at_3_std": -0.085113,
        "nauc_recall_at_3_diff1": 0.373078,
        "nauc_recall_at_5_max": 0.083111,
        "nauc_recall_at_5_std": -0.028045,
        "nauc_recall_at_5_diff1": 0.34696,
        "nauc_recall_at_10_max": 0.057065,
        "nauc_recall_at_10_std": -0.062739,
        "nauc_recall_at_10_diff1": 0.344576,
        "nauc_recall_at_20_max": 0.125628,
        "nauc_recall_at_20_std": -0.02578,
        "nauc_recall_at_20_diff1": 0.334579,
        "nauc_recall_at_100_max": 0.197004,
        "nauc_recall_at_100_std": 0.161364,
        "nauc_recall_at_100_diff1": 0.268215,
        "nauc_recall_at_1000_max": NaN,
        "nauc_recall_at_1000_std": NaN,
        "nauc_recall_at_1000_diff1": NaN,
        "nauc_precision_at_1_max": 0.130629,
        "nauc_precision_at_1_std": -0.126324,
        "nauc_precision_at_1_diff1": 0.466042,
        "nauc_precision_at_3_max": 0.091582,
        "nauc_precision_at_3_std": -0.085113,
        "nauc_precision_at_3_diff1": 0.373078,
        "nauc_precision_at_5_max": 0.083111,
        "nauc_precision_at_5_std": -0.028045,
        "nauc_precision_at_5_diff1": 0.34696,
        "nauc_precision_at_10_max": 0.057065,
        "nauc_precision_at_10_std": -0.062739,
        "nauc_precision_at_10_diff1": 0.344576,
        "nauc_precision_at_20_max": 0.125628,
        "nauc_precision_at_20_std": -0.02578,
        "nauc_precision_at_20_diff1": 0.334579,
        "nauc_precision_at_100_max": 0.197004,
        "nauc_precision_at_100_std": 0.161364,
        "nauc_precision_at_100_diff1": 0.268215,
        "nauc_precision_at_1000_max": 1.0,
        "nauc_precision_at_1000_std": 1.0,
        "nauc_precision_at_1000_diff1": 1.0,
        "nauc_mrr_at_1_max": 0.130629,
        "nauc_mrr_at_1_std": -0.126324,
        "nauc_mrr_at_1_diff1": 0.466042,
        "nauc_mrr_at_3_max": 0.115271,
        "nauc_mrr_at_3_std": -0.104297,
        "nauc_mrr_at_3_diff1": 0.419695,
        "nauc_mrr_at_5_max": 0.112352,
        "nauc_mrr_at_5_std": -0.086056,
        "nauc_mrr_at_5_diff1": 0.411118,
        "nauc_mrr_at_10_max": 0.107397,
        "nauc_mrr_at_10_std": -0.089304,
        "nauc_mrr_at_10_diff1": 0.406666,
        "nauc_mrr_at_20_max": 0.114638,
        "nauc_mrr_at_20_std": -0.085933,
        "nauc_mrr_at_20_diff1": 0.406121,
        "nauc_mrr_at_100_max": 0.116162,
        "nauc_mrr_at_100_std": -0.082472,
        "nauc_mrr_at_100_diff1": 0.4064,
        "nauc_mrr_at_1000_max": 0.115773,
        "nauc_mrr_at_1000_std": -0.083414,
        "nauc_mrr_at_1000_diff1": 0.407015,
        "hit_rate_at_1": 0.10687,
        "hit_rate_at_3": 0.21374,
        "hit_rate_at_5": 0.25445,
        "hit_rate_at_10": 0.35369,
        "hit_rate_at_20": 0.4631,
        "hit_rate_at_100": 0.81425,
        "hit_rate_at_1000": 1.0,
        "main_score": 0.25445,
        "hf_subset": "default",
        "languages": [
          "eng-Latn"
        ],
        "mteb_version": "2.12.32"
      }
    ]
  },
  "evaluation_time": 157.11420941352844,
  "kg_co2_emissions": null,
  "date": null
}