{
  "dataset_revision": "227478e3235572039f4f7661840e059f31ef6eb1",
  "task_name": "MindSmallReranking",
  "mteb_version": "2.12.32",
  "scores": {
    "test": [
      {
        "ndcg_at_1": 0.12903,
        "ndcg_at_3": 0.20564,
        "ndcg_at_5": 0.25135,
        "ndcg_at_10": 0.31222,
        "ndcg_at_20": 0.36427,
        "ndcg_at_100": 0.42791,
        "ndcg_at_1000": 0.43173,
        "map_at_1": 0.0979,
        "map_at_3": 0.16846,
        "map_at_5": 0.19558,
        "map_at_10": 0.22276,
        "map_at_20": 0.23975,
        "map_at_100": 0.25325,
        "map_at_1000": 0.25372,
        "recall_at_1": 0.0979,
        "recall_at_3": 0.25664,
        "recall_at_5": 0.36579,
        "recall_at_10": 0.53797,
        "recall_at_20": 0.71544,
        "recall_at_100": 0.98141,
        "recall_at_1000": 1.0,
        "accuracy": 0.0979,
        "precision_at_1": 0.12903,
        "precision_at_3": 0.11385,
        "precision_at_5": 0.09968,
        "precision_at_10": 0.0773,
        "precision_at_20": 0.05502,
        "precision_at_100": 0.01759,
        "precision_at_1000": 0.00183,
        "mrr_at_1": 0.129034,
        "mrr_at_3": 0.212904,
        "mrr_at_5": 0.242238,
        "mrr_at_10": 0.267517,
        "mrr_at_20": 0.279503,
        "mrr_at_100": 0.284883,
        "mrr_at_1000": 0.284936,
        "nauc_ndcg_at_1_max": -0.078312,
        "nauc_ndcg_at_1_std": 0.041706,
        "nauc_ndcg_at_1_diff1": 0.123263,
        "nauc_ndcg_at_3_max": -0.171046,
        "nauc_ndcg_at_3_std": 0.015245,
        "nauc_ndcg_at_3_diff1": 0.150788,
        "nauc_ndcg_at_5_max": -0.197954,
        "nauc_ndcg_at_5_std": 0.017613,
        "nauc_ndcg_at_5_diff1": 0.155279,
        "nauc_ndcg_at_10_max": -0.221834,
        "nauc_ndcg_at_10_std": 0.023903,
        "nauc_ndcg_at_10_diff1": 0.157166,
        "nauc_ndcg_at_20_max": -0.229829,
        "nauc_ndcg_at_20_std": 0.026094,
        "nauc_ndcg_at_20_diff1": 0.157452,
        "nauc_ndcg_at_100_max": -0.183682,
        "nauc_ndcg_at_100_std": 0.024553,
        "nauc_ndcg_at_100_diff1": 0.145084,
        "nauc_ndcg_at_1000_max": -0.173998,
        "nauc_ndcg_at_1000_std": 0.025263,
        "nauc_ndcg_at_1000_diff1": 0.142803,
        "nauc_map_at_1_max": -0.132063,
        "nauc_map_at_1_std": 0.019984,
        "nauc_map_at_1_diff1": 0.14787,
        "nauc_map_at_3_max": -0.179278,
        "nauc_map_at_3_std": 0.011386,
        "nauc_map_at_3_diff1": 0.157991,
        "nauc_map_at_5_max": -0.192704,
        "nauc_map_at_5_std": 0.014787,
        "nauc_map_at_5_diff1": 0.159148,
        "nauc_map_at_10_max": -0.202322,
        "nauc_map_at_10_std": 0.019147,
        "nauc_map_at_10_diff1": 0.159036,
        "nauc_map_at_20_max": -0.20374,
        "nauc_map_at_20_std": 0.020544,
        "nauc_map_at_20_diff1": 0.158425,
        "nauc_map_at_100_max": -0.194507,
        "nauc_map_at_100_std": 0.020256,
        "nauc_map_at_100_diff1": 0.155705,
        "nauc_map_at_1000_max": -0.193526,
        "nauc_map_at_1000_std": 0.020334,
        "nauc_map_at_1000_diff1": 0.155477,
        "nauc_recall_at_1_max": -0.132063,
        "nauc_recall_at_1_std": 0.019984,
        "nauc_recall_at_1_diff1": 0.14787,
        "nauc_recall_at_3_max": -0.207021,
        "nauc_recall_at_3_std": 0.003407,
        "nauc_recall_at_3_diff1": 0.156969,
        "nauc_recall_at_5_max": -0.242311,
        "nauc_recall_at_5_std": 0.008563,
        "nauc_recall_at_5_diff1": 0.158234,
        "nauc_recall_at_10_max": -0.29919,
        "nauc_recall_at_10_std": 0.02098,
        "nauc_recall_at_10_diff1": 0.161533,
        "nauc_recall_at_20_max": -0.368953,
        "nauc_recall_at_20_std": 0.025611,
        "nauc_recall_at_20_diff1": 0.172017,
        "nauc_recall_at_100_max": -0.618089,
        "nauc_recall_at_100_std": -0.015496,
        "nauc_recall_at_100_diff1": 0.216926,
        "nauc_recall_at_1000_max": 0.002334,
        "nauc_recall_at_1000_std": 0.607656,
        "nauc_recall_at_1000_diff1": 0.02633,
        "nauc_precision_at_1_max": -0.078312,
        "nauc_precision_at_1_std": 0.041706,
        "nauc_precision_at_1_diff1": 0.123263,
        "nauc_precision_at_3_max": -0.139975,
        "nauc_precision_at_3_std": 0.036481,
        "nauc_precision_at_3_diff1": 0.127841,
        "nauc_precision_at_5_max": -0.155373,
        "nauc_precision_at_5_std": 0.04542,
        "nauc_precision_at_5_diff1": 0.118199,
        "nauc_precision_at_10_max": -0.13515,
        "nauc_precision_at_10_std": 0.056551,
        "nauc_precision_at_10_diff1": 0.080152,
        "nauc_precision_at_20_max": -0.056111,
        "nauc_precision_at_20_std": 0.050351,
        "nauc_precision_at_20_diff1": 0.022251,
        "nauc_precision_at_100_max": 0.183221,
        "nauc_precision_at_100_std": 0.022961,
        "nauc_precision_at_100_diff1": -0.088208,
        "nauc_precision_at_1000_max": 0.209586,
        "nauc_precision_at_1000_std": 0.02283,
        "nauc_precision_at_1000_diff1": -0.095868,
        "nauc_mrr_at_1_max": -0.078312,
        "nauc_mrr_at_1_std": 0.041706,
        "nauc_mrr_at_1_diff1": 0.123263,
        "nauc_mrr_at_3_max": -0.123381,
        "nauc_mrr_at_3_std": 0.029117,
        "nauc_mrr_at_3_diff1": 0.130817,
        "nauc_mrr_at_5_max": -0.135483,
        "nauc_mrr_at_5_std": 0.029533,
        "nauc_mrr_at_5_diff1": 0.132143,
        "nauc_mrr_at_10_max": -0.142437,
        "nauc_mrr_at_10_std": 0.030992,
        "nauc_mrr_at_10_diff1": 0.132674,
        "nauc_mrr_at_20_max": -0.142646,
        "nauc_mrr_at_20_std": 0.031062,
        "nauc_mrr_at_20_diff1": 0.13297,
        "nauc_mrr_at_100_max": -0.139683,
        "nauc_mrr_at_100_std": 0.030805,
        "nauc_mrr_at_100_diff1": 0.132627,
        "nauc_mrr_at_1000_max": -0.139582,
        "nauc_mrr_at_1000_std": 0.030815,
        "nauc_mrr_at_1000_diff1": 0.13261,
        "hit_rate_at_1": 0.12903,
        "hit_rate_at_3": 0.32441,
        "hit_rate_at_5": 0.45342,
        "hit_rate_at_10": 0.64299,
        "hit_rate_at_20": 0.81342,
        "hit_rate_at_100": 0.99337,
        "hit_rate_at_1000": 1.0,
        "max_over_subqueries_ndcg_at_1": 0.15196,
        "max_over_subqueries_ndcg_at_3": 0.23792,
        "max_over_subqueries_ndcg_at_5": 0.28833,
        "max_over_subqueries_ndcg_at_10": 0.35018,
        "max_over_subqueries_ndcg_at_20": 0.39756,
        "max_over_subqueries_ndcg_at_100": 0.44797,
        "max_over_subqueries_ndcg_at_1000": 0.45068,
        "max_over_subqueries_map_at_1": 0.12825,
        "max_over_subqueries_map_at_3": 0.20363,
        "max_over_subqueries_map_at_5": 0.23269,
        "max_over_subqueries_map_at_10": 0.25986,
        "max_over_subqueries_map_at_20": 0.27491,
        "max_over_subqueries_map_at_100": 0.28492,
        "max_over_subqueries_map_at_1000": 0.2852,
        "max_over_subqueries_recall_at_1": 0.12825,
        "max_over_subqueries_recall_at_3": 0.29899,
        "max_over_subqueries_recall_at_5": 0.41795,
        "max_over_subqueries_recall_at_10": 0.5958,
        "max_over_subqueries_recall_at_20": 0.76297,
        "max_over_subqueries_recall_at_100": 0.98543,
        "max_over_subqueries_recall_at_1000": 0.99999,
        "max_over_subqueries_accuracy": 0.12825,
        "max_over_subqueries_precision_at_1": 0.15196,
        "max_over_subqueries_precision_at_3": 0.12038,
        "max_over_subqueries_precision_at_5": 0.10325,
        "max_over_subqueries_precision_at_10": 0.07668,
        "max_over_subqueries_precision_at_20": 0.05174,
        "max_over_subqueries_precision_at_100": 0.01482,
        "max_over_subqueries_precision_at_1000": 0.00152,
        "max_over_subqueries_mrr_at_1": 0.151964,
        "max_over_subqueries_mrr_at_3": 0.236432,
        "max_over_subqueries_mrr_at_5": 0.2667,
        "max_over_subqueries_mrr_at_10": 0.292013,
        "max_over_subqueries_mrr_at_20": 0.303124,
        "max_over_subqueries_mrr_at_100": 0.308059,
        "max_over_subqueries_mrr_at_1000": 0.308114,
        "max_over_subqueries_nauc_ndcg_at_1_max": -0.124767,