{
  "dataset_revision": "c798fa2f5173dc9fe0c727fd0abfd2f94cbc2f23",
  "task_name": "NIGHTSI2IRetrieval",
  "mteb_version": "2.12.32",
  "scores": {
    "test": [
      {
        "ndcg_at_1": 0.07689,
        "ndcg_at_3": 0.14329,
        "ndcg_at_5": 0.17965,
        "ndcg_at_10": 0.24572,
        "ndcg_at_20": 0.29837,
        "ndcg_at_100": 0.34523,
        "ndcg_at_1000": 0.35268,
        "map_at_1": 0.07689,
        "map_at_3": 0.1261,
        "map_at_5": 0.14629,
        "map_at_10": 0.1733,
        "map_at_20": 0.18771,
        "map_at_100": 0.19494,
        "map_at_1000": 0.19525,
        "recall_at_1": 0.07689,
        "recall_at_3": 0.1934,
        "recall_at_5": 0.2816,
        "recall_at_10": 0.48726,
        "recall_at_20": 0.69575,
        "recall_at_100": 0.93774,
        "recall_at_1000": 0.99481,
        "accuracy": 0.07689,
        "precision_at_1": 0.07689,
        "precision_at_3": 0.06447,
        "precision_at_5": 0.05632,
        "precision_at_10": 0.04873,
        "precision_at_20": 0.03479,
        "precision_at_100": 0.00938,
        "precision_at_1000": 0.00099,
        "mrr_at_1": 0.076887,
        "mrr_at_3": 0.126101,
        "mrr_at_5": 0.146289,
        "mrr_at_10": 0.173302,
        "mrr_at_20": 0.187715,
        "mrr_at_100": 0.194936,
        "mrr_at_1000": 0.195249,
        "nauc_ndcg_at_1_max": 0.025715,
        "nauc_ndcg_at_1_std": -0.027037,
        "nauc_ndcg_at_1_diff1": 0.069027,
        "nauc_ndcg_at_3_max": 0.036895,
        "nauc_ndcg_at_3_std": -0.065164,
        "nauc_ndcg_at_3_diff1": 0.067051,
        "nauc_ndcg_at_5_max": 0.035722,
        "nauc_ndcg_at_5_std": -0.074899,
        "nauc_ndcg_at_5_diff1": 0.064422,
        "nauc_ndcg_at_10_max": 0.057994,
        "nauc_ndcg_at_10_std": -0.053786,
        "nauc_ndcg_at_10_diff1": 0.047608,
        "nauc_ndcg_at_20_max": 0.066869,
        "nauc_ndcg_at_20_std": -0.048287,
        "nauc_ndcg_at_20_diff1": 0.038967,
        "nauc_ndcg_at_100_max": 0.071338,
        "nauc_ndcg_at_100_std": -0.029871,
        "nauc_ndcg_at_100_diff1": 0.045406,
        "nauc_ndcg_at_1000_max": 0.062228,
        "nauc_ndcg_at_1000_std": -0.042532,
        "nauc_ndcg_at_1000_diff1": 0.052226,
        "nauc_map_at_1_max": 0.025715,
        "nauc_map_at_1_std": -0.027037,
        "nauc_map_at_1_diff1": 0.069027,
        "nauc_map_at_3_max": 0.035073,
        "nauc_map_at_3_std": -0.057875,
        "nauc_map_at_3_diff1": 0.065962,
        "nauc_map_at_5_max": 0.034583,
        "nauc_map_at_5_std": -0.064618,
        "nauc_map_at_5_diff1": 0.064783,
        "nauc_map_at_10_max": 0.045639,
        "nauc_map_at_10_std": -0.054454,
        "nauc_map_at_10_diff1": 0.057132,
        "nauc_map_at_20_max": 0.047715,
        "nauc_map_at_20_std": -0.052795,
        "nauc_map_at_20_diff1": 0.05546,
        "nauc_map_at_100_max": 0.048857,
        "nauc_map_at_100_std": -0.050354,
        "nauc_map_at_100_diff1": 0.056683,
        "nauc_map_at_1000_max": 0.048542,
        "nauc_map_at_1000_std": -0.050784,
        "nauc_map_at_1000_diff1": 0.056954,
        "nauc_recall_at_1_max": 0.025715,
        "nauc_recall_at_1_std": -0.027037,
        "nauc_recall_at_1_diff1": 0.069027,
        "nauc_recall_at_3_max": 0.040576,
        "nauc_recall_at_3_std": -0.080206,
        "nauc_recall_at_3_diff1": 0.069662,
        "nauc_recall_at_5_max": 0.037547,
        "nauc_recall_at_5_std": -0.09453,
        "nauc_recall_at_5_diff1": 0.063529,
        "nauc_recall_at_10_max": 0.084726,
        "nauc_recall_at_10_std": -0.048464,
        "nauc_recall_at_10_diff1": 0.025758,
        "nauc_recall_at_20_max": 0.125361,
        "nauc_recall_at_20_std": -0.027996,
        "nauc_recall_at_20_diff1": -0.014811,
        "nauc_recall_at_100_max": 0.334518,
        "nauc_recall_at_100_std": 0.323052,
        "nauc_recall_at_100_diff1": -0.080698,
        "nauc_recall_at_1000_max": 0.688566,
        "nauc_recall_at_1000_std": 0.688991,
        "nauc_recall_at_1000_diff1": 0.34144,
        "nauc_precision_at_1_max": 0.025715,
        "nauc_precision_at_1_std": -0.027037,
        "nauc_precision_at_1_diff1": 0.069027,
        "nauc_precision_at_3_max": 0.040576,
        "nauc_precision_at_3_std": -0.080206,
        "nauc_precision_at_3_diff1": 0.069662,
        "nauc_precision_at_5_max": 0.037547,
        "nauc_precision_at_5_std": -0.09453,
        "nauc_precision_at_5_diff1": 0.063529,
        "nauc_precision_at_10_max": 0.084726,
        "nauc_precision_at_10_std": -0.048464,
        "nauc_precision_at_10_diff1": 0.025758,
        "nauc_precision_at_20_max": 0.125361,
        "nauc_precision_at_20_std": -0.027996,
        "nauc_precision_at_20_diff1": -0.014811,
        "nauc_precision_at_100_max": 0.334518,
        "nauc_precision_at_100_std": 0.323052,
        "nauc_precision_at_100_diff1": -0.080698,
        "nauc_precision_at_1000_max": 0.688566,
        "nauc_precision_at_1000_std": 0.688991,
        "nauc_precision_at_1000_diff1": 0.34144,
        "nauc_mrr_at_1_max": 0.025715,
        "nauc_mrr_at_1_std": -0.027037,
        "nauc_mrr_at_1_diff1": 0.069027,
        "nauc_mrr_at_3_max": 0.035073,
        "nauc_mrr_at_3_std": -0.057875,
        "nauc_mrr_at_3_diff1": 0.065962,
        "nauc_mrr_at_5_max": 0.034583,
        "nauc_mrr_at_5_std": -0.064618,
        "nauc_mrr_at_5_diff1": 0.064783,
        "nauc_mrr_at_10_max": 0.045639,
        "nauc_mrr_at_10_std": -0.054454,
        "nauc_mrr_at_10_diff1": 0.057132,
        "nauc_mrr_at_20_max": 0.047715,
        "nauc_mrr_at_20_std": -0.052795,
        "nauc_mrr_at_20_diff1": 0.05546,
        "nauc_mrr_at_100_max": 0.048857,
        "nauc_mrr_at_100_std": -0.050354,
        "nauc_mrr_at_100_diff1": 0.056683,
        "nauc_mrr_at_1000_max": 0.048542,
        "nauc_mrr_at_1000_std": -0.050784,
        "nauc_mrr_at_1000_diff1": 0.056954,
        "hit_rate_at_1": 0.07689,
        "hit_rate_at_3": 0.1934,
        "hit_rate_at_5": 0.2816,
        "hit_rate_at_10": 0.48726,
        "hit_rate_at_20": 0.69575,
        "hit_rate_at_100": 0.93774,
        "hit_rate_at_1000": 0.99481,
        "main_score": 0.24572,
        "hf_subset": "default",
        "languages": [
          "eng-Latn"
        ],
        "mteb_version": "2.12.32"
      }
    ]
  },
  "evaluation_time": 5464.985866069794,
  "kg_co2_emissions": null,
  "date": null
}