{
  "dataset_revision": "88994735625f4ebf646eaf42096f7ba204880ac2",
  "task_name": "OVENIT2TRetrieval",
  "mteb_version": "2.12.32",
  "scores": {
    "test": [
      {
        "ndcg_at_1": 0.18513,
        "ndcg_at_3": 0.16385,
        "ndcg_at_5": 0.16042,
        "ndcg_at_10": 0.16019,
        "ndcg_at_20": 0.16295,
        "ndcg_at_100": 0.17584,
        "ndcg_at_1000": 0.18735,
        "map_at_1": 0.07422,
        "map_at_3": 0.09691,
        "map_at_5": 0.10271,
        "map_at_10": 0.10729,
        "map_at_20": 0.10944,
        "map_at_100": 0.11122,
        "map_at_1000": 0.11155,
        "recall_at_1": 0.07422,
        "recall_at_3": 0.12597,
        "recall_at_5": 0.1515,
        "recall_at_10": 0.18557,
        "recall_at_20": 0.21632,
        "recall_at_100": 0.28789,
        "recall_at_1000": 0.36505,
        "accuracy": 0.07422,
        "precision_at_1": 0.18513,
        "precision_at_3": 0.10474,
        "precision_at_5": 0.07559,
        "precision_at_10": 0.04616,
        "precision_at_20": 0.02695,
        "precision_at_100": 0.0071,
        "precision_at_1000": 0.00089,
        "mrr_at_1": 0.185125,
        "mrr_at_3": 0.241547,
        "mrr_at_5": 0.25609,
        "mrr_at_10": 0.267312,
        "mrr_at_20": 0.272734,
        "mrr_at_100": 0.276983,
        "mrr_at_1000": 0.277745,
        "nauc_ndcg_at_1_max": -0.014171,
        "nauc_ndcg_at_1_std": 0.101962,
        "nauc_ndcg_at_1_diff1": 0.341278,
        "nauc_ndcg_at_3_max": -0.08119,
        "nauc_ndcg_at_3_std": 0.110356,
        "nauc_ndcg_at_3_diff1": 0.260179,
        "nauc_ndcg_at_5_max": -0.111759,
        "nauc_ndcg_at_5_std": 0.106569,
        "nauc_ndcg_at_5_diff1": 0.240415,
        "nauc_ndcg_at_10_max": -0.137147,
        "nauc_ndcg_at_10_std": 0.097414,
        "nauc_ndcg_at_10_diff1": 0.221211,
        "nauc_ndcg_at_20_max": -0.148625,
        "nauc_ndcg_at_20_std": 0.091031,
        "nauc_ndcg_at_20_diff1": 0.208797,
        "nauc_ndcg_at_100_max": -0.158111,
        "nauc_ndcg_at_100_std": 0.087795,
        "nauc_ndcg_at_100_diff1": 0.200493,
        "nauc_ndcg_at_1000_max": -0.165796,
        "nauc_ndcg_at_1000_std": 0.081259,
        "nauc_ndcg_at_1000_diff1": 0.200303,
        "nauc_map_at_1_max": -0.145574,
        "nauc_map_at_1_std": 0.043021,
        "nauc_map_at_1_diff1": 0.323467,
        "nauc_map_at_3_max": -0.154778,
        "nauc_map_at_3_std": 0.058685,
        "nauc_map_at_3_diff1": 0.251192,
        "nauc_map_at_5_max": -0.159322,
        "nauc_map_at_5_std": 0.06227,
        "nauc_map_at_5_diff1": 0.241173,
        "nauc_map_at_10_max": -0.163848,
        "nauc_map_at_10_std": 0.065183,
        "nauc_map_at_10_diff1": 0.235897,
        "nauc_map_at_20_max": -0.166586,
        "nauc_map_at_20_std": 0.066145,
        "nauc_map_at_20_diff1": 0.233935,
        "nauc_map_at_100_max": -0.168785,
        "nauc_map_at_100_std": 0.066517,
        "nauc_map_at_100_diff1": 0.233688,
        "nauc_map_at_1000_max": -0.169218,
        "nauc_map_at_1000_std": 0.066381,
        "nauc_map_at_1000_diff1": 0.233744,
        "nauc_recall_at_1_max": -0.145574,
        "nauc_recall_at_1_std": 0.043021,
        "nauc_recall_at_1_diff1": 0.323467,
        "nauc_recall_at_3_max": -0.154999,
        "nauc_recall_at_3_std": 0.068696,
        "nauc_recall_at_3_diff1": 0.181402,
        "nauc_recall_at_5_max": -0.162383,
        "nauc_recall_at_5_std": 0.075954,
        "nauc_recall_at_5_diff1": 0.148814,
        "nauc_recall_at_10_max": -0.174639,
        "nauc_recall_at_10_std": 0.084232,
        "nauc_recall_at_10_diff1": 0.12116,
        "nauc_recall_at_20_max": -0.185639,
        "nauc_recall_at_20_std": 0.085854,
        "nauc_recall_at_20_diff1": 0.098662,
        "nauc_recall_at_100_max": -0.200712,
        "nauc_recall_at_100_std": 0.077524,
        "nauc_recall_at_100_diff1": 0.067927,
        "nauc_recall_at_1000_max": -0.220582,
        "nauc_recall_at_1000_std": 0.036942,
        "nauc_recall_at_1000_diff1": 0.038233,
        "nauc_precision_at_1_max": -0.014171,
        "nauc_precision_at_1_std": 0.101962,
        "nauc_precision_at_1_diff1": 0.341278,
        "nauc_precision_at_3_max": -0.027417,
        "nauc_precision_at_3_std": 0.142121,
        "nauc_precision_at_3_diff1": 0.224381,
        "nauc_precision_at_5_max": -0.03212,
        "nauc_precision_at_5_std": 0.164536,
        "nauc_precision_at_5_diff1": 0.198482,
        "nauc_precision_at_10_max": -0.035883,
        "nauc_precision_at_10_std": 0.194978,
        "nauc_precision_at_10_diff1": 0.172199,
        "nauc_precision_at_20_max": -0.033011,
        "nauc_precision_at_20_std": 0.228162,
        "nauc_precision_at_20_diff1": 0.151998,
        "nauc_precision_at_100_max": 0.002935,
        "nauc_precision_at_100_std": 0.303431,
        "nauc_precision_at_100_diff1": 0.131856,
        "nauc_precision_at_1000_max": 0.179118,
        "nauc_precision_at_1000_std": 0.417675,
        "nauc_precision_at_1000_diff1": 0.117344,
        "nauc_mrr_at_1_max": -0.014171,
        "nauc_mrr_at_1_std": 0.101962,
        "nauc_mrr_at_1_diff1": 0.341278,
        "nauc_mrr_at_3_max": -0.021246,
        "nauc_mrr_at_3_std": 0.121711,
        "nauc_mrr_at_3_diff1": 0.281907,
        "nauc_mrr_at_5_max": -0.022484,
        "nauc_mrr_at_5_std": 0.127774,
        "nauc_mrr_at_5_diff1": 0.274457,
        "nauc_mrr_at_10_max": -0.023048,
        "nauc_mrr_at_10_std": 0.132355,
        "nauc_mrr_at_10_diff1": 0.270294,
        "nauc_mrr_at_20_max": -0.022828,
        "nauc_mrr_at_20_std": 0.134656,
        "nauc_mrr_at_20_diff1": 0.269034,
        "nauc_mrr_at_100_max": -0.022035,
        "nauc_mrr_at_100_std": 0.135755,
        "nauc_mrr_at_100_diff1": 0.269288,
        "nauc_mrr_at_1000_max": -0.021774,
        "nauc_mrr_at_1000_std": 0.135703,
        "nauc_mrr_at_1000_diff1": 0.269493,
        "hit_rate_at_1": 0.18513,
        "hit_rate_at_3": 0.31421,
        "hit_rate_at_5": 0.37795,
        "hit_rate_at_10": 0.46158,
        "hit_rate_at_20": 0.53898,
        "hit_rate_at_100": 0.70956,
        "hit_rate_at_1000": 0.88683,
        "main_score": 0.16019,
        "hf_subset": "default",
        "languages": [
          "eng-Latn"
        ],
        "mteb_version": "2.12.32"
      }
    ]
  },
  "evaluation_time": 30169.919810295105,
  "kg_co2_emissions": null,
  "date": null
}