{
  "dataset_revision": "03b56e190634e7138c906d67cb356900ee50c98f",
  "task_name": "RP2kI2IRetrieval",
  "mteb_version": "2.12.32",
  "scores": {
    "test": [
      {
        "ndcg_at_1": 0.55518,
        "ndcg_at_3": 0.50061,
        "ndcg_at_5": 0.47074,
        "ndcg_at_10": 0.42714,
        "ndcg_at_20": 0.38278,
        "ndcg_at_100": 0.31109,
        "ndcg_at_1000": 0.37254,
        "map_at_1": 0.02074,
        "map_at_3": 0.04171,
        "map_at_5": 0.05485,
        "map_at_10": 0.07566,
        "map_at_20": 0.09828,
        "map_at_100": 0.14541,
        "map_at_1000": 0.17204,
        "recall_at_1": 0.02074,
        "recall_at_3": 0.0455,
        "recall_at_5": 0.06288,
        "recall_at_10": 0.09363,
        "recall_at_20": 0.13237,
        "recall_at_100": 0.24491,
        "recall_at_1000": 0.44731,
        "accuracy": 0.02074,
        "precision_at_1": 0.55518,
        "precision_at_3": 0.48374,
        "precision_at_5": 0.44316,
        "precision_at_10": 0.38294,
        "precision_at_20": 0.31681,
        "precision_at_100": 0.16379,
        "precision_at_1000": 0.03854,
        "mrr_at_1": 0.555177,
        "mrr_at_3": 0.608884,
        "mrr_at_5": 0.620106,
        "mrr_at_10": 0.628102,
        "mrr_at_20": 0.631372,
        "mrr_at_100": 0.633592,
        "mrr_at_1000": 0.63383,
        "nauc_ndcg_at_1_max": 0.382006,
        "nauc_ndcg_at_1_std": 0.331178,
        "nauc_ndcg_at_1_diff1": 0.298674,
        "nauc_ndcg_at_3_max": 0.381868,
        "nauc_ndcg_at_3_std": 0.372077,
        "nauc_ndcg_at_3_diff1": 0.183045,
        "nauc_ndcg_at_5_max": 0.388961,
        "nauc_ndcg_at_5_std": 0.397573,
        "nauc_ndcg_at_5_diff1": 0.150213,
        "nauc_ndcg_at_10_max": 0.400036,
        "nauc_ndcg_at_10_std": 0.437274,
        "nauc_ndcg_at_10_diff1": 0.119373,
        "nauc_ndcg_at_20_max": 0.407317,
        "nauc_ndcg_at_20_std": 0.472037,
        "nauc_ndcg_at_20_diff1": 0.103713,
        "nauc_ndcg_at_100_max": 0.399666,
        "nauc_ndcg_at_100_std": 0.476549,
        "nauc_ndcg_at_100_diff1": 0.128499,
        "nauc_ndcg_at_1000_max": 0.41342,
        "nauc_ndcg_at_1000_std": 0.491533,
        "nauc_ndcg_at_1000_diff1": 0.110925,
        "nauc_map_at_1_max": 0.034008,
        "nauc_map_at_1_std": -0.088681,
        "nauc_map_at_1_diff1": 0.401454,
        "nauc_map_at_3_max": 0.082253,
        "nauc_map_at_3_std": -0.045726,
        "nauc_map_at_3_diff1": 0.337466,
        "nauc_map_at_5_max": 0.117387,
        "nauc_map_at_5_std": -0.008505,
        "nauc_map_at_5_diff1": 0.30596,
        "nauc_map_at_10_max": 0.171823,
        "nauc_map_at_10_std": 0.063186,
        "nauc_map_at_10_diff1": 0.267814,
        "nauc_map_at_20_max": 0.231614,
        "nauc_map_at_20_std": 0.154913,
        "nauc_map_at_20_diff1": 0.228492,
        "nauc_map_at_100_max": 0.341521,
        "nauc_map_at_100_std": 0.359855,
        "nauc_map_at_100_diff1": 0.145704,
        "nauc_map_at_1000_max": 0.386081,
        "nauc_map_at_1000_std": 0.452854,
        "nauc_map_at_1000_diff1": 0.111744,
        "nauc_recall_at_1_max": 0.034008,
        "nauc_recall_at_1_std": -0.088681,
        "nauc_recall_at_1_diff1": 0.401454,
        "nauc_recall_at_3_max": 0.061512,
        "nauc_recall_at_3_std": -0.052021,
        "nauc_recall_at_3_diff1": 0.314275,
        "nauc_recall_at_5_max": 0.085408,
        "nauc_recall_at_5_std": -0.020871,
        "nauc_recall_at_5_diff1": 0.280184,
        "nauc_recall_at_10_max": 0.126764,
        "nauc_recall_at_10_std": 0.041129,
        "nauc_recall_at_10_diff1": 0.24571,
        "nauc_recall_at_20_max": 0.176753,
        "nauc_recall_at_20_std": 0.123401,
        "nauc_recall_at_20_diff1": 0.211293,
        "nauc_recall_at_100_max": 0.290505,
        "nauc_recall_at_100_std": 0.327959,
        "nauc_recall_at_100_diff1": 0.136442,
        "nauc_recall_at_1000_max": 0.361096,
        "nauc_recall_at_1000_std": 0.46833,
        "nauc_recall_at_1000_diff1": 0.064103,
        "nauc_precision_at_1_max": 0.382006,
        "nauc_precision_at_1_std": 0.331178,
        "nauc_precision_at_1_diff1": 0.298674,
        "nauc_precision_at_3_max": 0.380396,
        "nauc_precision_at_3_std": 0.383199,
        "nauc_precision_at_3_diff1": 0.14699,
        "nauc_precision_at_5_max": 0.388054,
        "nauc_precision_at_5_std": 0.414376,
        "nauc_precision_at_5_diff1": 0.099885,
        "nauc_precision_at_10_max": 0.400532,
        "nauc_precision_at_10_std": 0.464855,
        "nauc_precision_at_10_diff1": 0.050504,
        "nauc_precision_at_20_max": 0.410603,
        "nauc_precision_at_20_std": 0.515346,
        "nauc_precision_at_20_diff1": 0.009807,
        "nauc_precision_at_100_max": 0.411166,
        "nauc_precision_at_100_std": 0.606615,
        "nauc_precision_at_100_diff1": -0.056876,
        "nauc_precision_at_1000_max": 0.341607,
        "nauc_precision_at_1000_std": 0.573065,
        "nauc_precision_at_1000_diff1": -0.090606,
        "nauc_mrr_at_1_max": 0.382006,
        "nauc_mrr_at_1_std": 0.331178,
        "nauc_mrr_at_1_diff1": 0.298674,
        "nauc_mrr_at_3_max": 0.388428,
        "nauc_mrr_at_3_std": 0.348152,
        "nauc_mrr_at_3_diff1": 0.285541,
        "nauc_mrr_at_5_max": 0.389766,
        "nauc_mrr_at_5_std": 0.351135,
        "nauc_mrr_at_5_diff1": 0.282998,
        "nauc_mrr_at_10_max": 0.391421,
        "nauc_mrr_at_10_std": 0.35273,
        "nauc_mrr_at_10_diff1": 0.282507,
        "nauc_mrr_at_20_max": 0.392009,
        "nauc_mrr_at_20_std": 0.353043,
        "nauc_mrr_at_20_diff1": 0.282859,
        "nauc_mrr_at_100_max": 0.392125,
        "nauc_mrr_at_100_std": 0.352624,
        "nauc_mrr_at_100_diff1": 0.282872,
        "nauc_mrr_at_1000_max": 0.392093,
        "nauc_mrr_at_1000_std": 0.352542,
        "nauc_mrr_at_1000_diff1": 0.282869,
        "hit_rate_at_1": 0.55518,
        "hit_rate_at_3": 0.67671,
        "hit_rate_at_5": 0.72579,
        "hit_rate_at_10": 0.78516,
        "hit_rate_at_20": 0.83185,
        "hit_rate_at_100": 0.91492,
        "hit_rate_at_1000": 0.96572,
        "main_score": 0.55518,
        "hf_subset": "default",
        "languages": [
          "eng-Latn"
        ],
        "mteb_version": "2.12.32"
      }
    ]
  },
  "evaluation_time": 9894.844564676285,
  "kg_co2_emissions": null,
  "date": null
}