{
  "dataset_revision": "f8c2fcf00f625baaa80f62ec5bd9e1fff3b8ae88",
  "task_name": "SCIDOCS",
  "mteb_version": "2.12.32",
  "scores": {
    "test": [
      {
        "ndcg_at_1": 0.28,
        "ndcg_at_3": 0.23426,
        "ndcg_at_5": 0.20817,
        "ndcg_at_10": 0.25287,
        "ndcg_at_20": 0.2908,
        "ndcg_at_100": 0.36108,
        "ndcg_at_1000": 0.41768,
        "map_at_1": 0.05673,
        "map_at_3": 0.10637,
        "map_at_5": 0.13144,
        "map_at_10": 0.15517,
        "map_at_20": 0.17037,
        "map_at_100": 0.18595,
        "map_at_1000": 0.18993,
        "recall_at_1": 0.05673,
        "recall_at_3": 0.13383,
        "recall_at_5": 0.18778,
        "recall_at_10": 0.26955,
        "recall_at_20": 0.35878,
        "recall_at_100": 0.5859,
        "recall_at_1000": 0.8575,
        "accuracy": 0.05673,
        "precision_at_1": 0.28,
        "precision_at_3": 0.22,
        "precision_at_5": 0.1854,
        "precision_at_10": 0.1331,
        "precision_at_20": 0.0885,
        "precision_at_100": 0.0289,
        "precision_at_1000": 0.00423,
        "mrr_at_1": 0.28,
        "mrr_at_3": 0.370833,
        "mrr_at_5": 0.390333,
        "mrr_at_10": 0.408227,
        "mrr_at_20": 0.415098,
        "mrr_at_100": 0.419115,
        "mrr_at_1000": 0.419401,
        "nauc_ndcg_at_1_max": 0.125321,
        "nauc_ndcg_at_1_std": 0.02727,
        "nauc_ndcg_at_1_diff1": 0.212117,
        "nauc_ndcg_at_3_max": 0.122085,
        "nauc_ndcg_at_3_std": 0.042168,
        "nauc_ndcg_at_3_diff1": 0.148018,
        "nauc_ndcg_at_5_max": 0.149345,
        "nauc_ndcg_at_5_std": 0.057177,
        "nauc_ndcg_at_5_diff1": 0.132278,
        "nauc_ndcg_at_10_max": 0.167519,
        "nauc_ndcg_at_10_std": 0.096601,
        "nauc_ndcg_at_10_diff1": 0.138629,
        "nauc_ndcg_at_20_max": 0.174471,
        "nauc_ndcg_at_20_std": 0.117791,
        "nauc_ndcg_at_20_diff1": 0.128609,
        "nauc_ndcg_at_100_max": 0.182519,
        "nauc_ndcg_at_100_std": 0.175136,
        "nauc_ndcg_at_100_diff1": 0.118572,
        "nauc_ndcg_at_1000_max": 0.178515,
        "nauc_ndcg_at_1000_std": 0.16341,
        "nauc_ndcg_at_1000_diff1": 0.130658,
        "nauc_map_at_1_max": 0.121757,
        "nauc_map_at_1_std": 0.026824,
        "nauc_map_at_1_diff1": 0.206734,
        "nauc_map_at_3_max": 0.113897,
        "nauc_map_at_3_std": 0.032027,
        "nauc_map_at_3_diff1": 0.151857,
        "nauc_map_at_5_max": 0.134937,
        "nauc_map_at_5_std": 0.043414,
        "nauc_map_at_5_diff1": 0.135284,
        "nauc_map_at_10_max": 0.152667,
        "nauc_map_at_10_std": 0.073019,
        "nauc_map_at_10_diff1": 0.135846,
        "nauc_map_at_20_max": 0.155329,
        "nauc_map_at_20_std": 0.08442,
        "nauc_map_at_20_diff1": 0.128858,
        "nauc_map_at_100_max": 0.159702,
        "nauc_map_at_100_std": 0.105462,
        "nauc_map_at_100_diff1": 0.125307,
        "nauc_map_at_1000_max": 0.160681,
        "nauc_map_at_1000_std": 0.106064,
        "nauc_map_at_1000_diff1": 0.126677,
        "nauc_recall_at_1_max": 0.121757,
        "nauc_recall_at_1_std": 0.026824,
        "nauc_recall_at_1_diff1": 0.206734,
        "nauc_recall_at_3_max": 0.117367,
        "nauc_recall_at_3_std": 0.04656,
        "nauc_recall_at_3_diff1": 0.119187,
        "nauc_recall_at_5_max": 0.159594,
        "nauc_recall_at_5_std": 0.069642,
        "nauc_recall_at_5_diff1": 0.09525,
        "nauc_recall_at_10_max": 0.182596,
        "nauc_recall_at_10_std": 0.137131,
        "nauc_recall_at_10_diff1": 0.105944,
        "nauc_recall_at_20_max": 0.18254,
        "nauc_recall_at_20_std": 0.17069,
        "nauc_recall_at_20_diff1": 0.079072,
        "nauc_recall_at_100_max": 0.179648,
        "nauc_recall_at_100_std": 0.321185,
        "nauc_recall_at_100_diff1": 0.028727,
        "nauc_recall_at_1000_max": 0.138357,
        "nauc_recall_at_1000_std": 0.353573,
        "nauc_recall_at_1000_diff1": 0.038142,
        "nauc_precision_at_1_max": 0.125321,
        "nauc_precision_at_1_std": 0.02727,
        "nauc_precision_at_1_diff1": 0.212117,
        "nauc_precision_at_3_max": 0.119585,
        "nauc_precision_at_3_std": 0.04855,
        "nauc_precision_at_3_diff1": 0.120445,
        "nauc_precision_at_5_max": 0.163177,
        "nauc_precision_at_5_std": 0.072161,
        "nauc_precision_at_5_diff1": 0.097226,
        "nauc_precision_at_10_max": 0.18684,
        "nauc_precision_at_10_std": 0.14034,
        "nauc_precision_at_10_diff1": 0.105932,
        "nauc_precision_at_20_max": 0.188428,
        "nauc_precision_at_20_std": 0.173736,
        "nauc_precision_at_20_diff1": 0.078268,
        "nauc_precision_at_100_max": 0.18503,
        "nauc_precision_at_100_std": 0.321437,
        "nauc_precision_at_100_diff1": 0.028351,
        "nauc_precision_at_1000_max": 0.14867,
        "nauc_precision_at_1000_std": 0.340169,
        "nauc_precision_at_1000_diff1": 0.037779,
        "nauc_mrr_at_1_max": 0.125321,
        "nauc_mrr_at_1_std": 0.02727,
        "nauc_mrr_at_1_diff1": 0.212117,
        "nauc_mrr_at_3_max": 0.130414,
        "nauc_mrr_at_3_std": 0.04695,
        "nauc_mrr_at_3_diff1": 0.171156,
        "nauc_mrr_at_5_max": 0.146454,
        "nauc_mrr_at_5_std": 0.055231,
        "nauc_mrr_at_5_diff1": 0.172752,
        "nauc_mrr_at_10_max": 0.144259,
        "nauc_mrr_at_10_std": 0.060927,
        "nauc_mrr_at_10_diff1": 0.177868,
        "nauc_mrr_at_20_max": 0.145654,
        "nauc_mrr_at_20_std": 0.063883,
        "nauc_mrr_at_20_diff1": 0.178148,
        "nauc_mrr_at_100_max": 0.144696,
        "nauc_mrr_at_100_std": 0.062347,
        "nauc_mrr_at_100_diff1": 0.178967,
        "nauc_mrr_at_1000_max": 0.144484,
        "nauc_mrr_at_1000_std": 0.062065,
        "nauc_mrr_at_1000_diff1": 0.17885,
        "hit_rate_at_1": 0.28,
        "hit_rate_at_3": 0.484,
        "hit_rate_at_5": 0.569,
        "hit_rate_at_10": 0.697,
        "hit_rate_at_20": 0.796,
        "hit_rate_at_100": 0.942,
        "hit_rate_at_1000": 0.996,
        "main_score": 0.25287,
        "hf_subset": "default",
        "languages": [
          "eng-Latn"
        ],
        "mteb_version": "2.12.32"
      }
    ]
  },
  "evaluation_time": 2122.1034421920776,
  "kg_co2_emissions": null,
  "date": null
}