{
  "dataset_revision": "b311394fa5ab5e003012304799d0d724d64303b3",
  "task_name": "SpokenSQuADT2ARetrieval",
  "mteb_version": "2.12.32",
  "scores": {
    "test": [
      {
        "ndcg_at_1": 0.37333,
        "ndcg_at_3": 0.45333,
        "ndcg_at_5": 0.49462,
        "ndcg_at_10": 0.52589,
        "ndcg_at_20": 0.55119,
        "ndcg_at_100": 0.57979,
        "ndcg_at_1000": 0.5859,
        "map_at_1": 0.36833,
        "map_at_3": 0.43083,
        "map_at_5": 0.45392,
        "map_at_10": 0.46752,
        "map_at_20": 0.47463,
        "map_at_100": 0.47892,
        "map_at_1000": 0.47924,
        "recall_at_1": 0.36833,
        "recall_at_3": 0.51333,
        "recall_at_5": 0.61333,
        "recall_at_10": 0.70833,
        "recall_at_20": 0.80667,
        "recall_at_100": 0.95667,
        "recall_at_1000": 1.0,
        "accuracy": 0.36833,
        "precision_at_1": 0.37333,
        "precision_at_3": 0.17333,
        "precision_at_5": 0.12533,
        "precision_at_10": 0.07267,
        "precision_at_20": 0.04133,
        "precision_at_100": 0.0098,
        "precision_at_1000": 0.00102,
        "mrr_at_1": 0.373333,
        "mrr_at_3": 0.436667,
        "mrr_at_5": 0.458833,
        "mrr_at_10": 0.470955,
        "mrr_at_20": 0.478167,
        "mrr_at_100": 0.482314,
        "mrr_at_1000": 0.482635,
        "nauc_ndcg_at_1_max": 0.375769,
        "nauc_ndcg_at_1_std": -0.07049,
        "nauc_ndcg_at_1_diff1": 0.514502,
        "nauc_ndcg_at_3_max": 0.385233,
        "nauc_ndcg_at_3_std": -0.118148,
        "nauc_ndcg_at_3_diff1": 0.478644,
        "nauc_ndcg_at_5_max": 0.377059,
        "nauc_ndcg_at_5_std": -0.114944,
        "nauc_ndcg_at_5_diff1": 0.471034,
        "nauc_ndcg_at_10_max": 0.37847,
        "nauc_ndcg_at_10_std": -0.10338,
        "nauc_ndcg_at_10_diff1": 0.457587,
        "nauc_ndcg_at_20_max": 0.382686,
        "nauc_ndcg_at_20_std": -0.083379,
        "nauc_ndcg_at_20_diff1": 0.45807,
        "nauc_ndcg_at_100_max": 0.387618,
        "nauc_ndcg_at_100_std": -0.079691,
        "nauc_ndcg_at_100_diff1": 0.471969,
        "nauc_ndcg_at_1000_max": 0.381107,
        "nauc_ndcg_at_1000_std": -0.094745,
        "nauc_ndcg_at_1000_diff1": 0.471454,
        "nauc_map_at_1_max": 0.363752,
        "nauc_map_at_1_std": -0.064817,
        "nauc_map_at_1_diff1": 0.516448,
        "nauc_map_at_3_max": 0.377067,
        "nauc_map_at_3_std": -0.104998,
        "nauc_map_at_3_diff1": 0.48521,
        "nauc_map_at_5_max": 0.371881,
        "nauc_map_at_5_std": -0.104917,
        "nauc_map_at_5_diff1": 0.479951,
        "nauc_map_at_10_max": 0.374319,
        "nauc_map_at_10_std": -0.101201,
        "nauc_map_at_10_diff1": 0.475947,
        "nauc_map_at_20_max": 0.37503,
        "nauc_map_at_20_std": -0.096502,
        "nauc_map_at_20_diff1": 0.475862,
        "nauc_map_at_100_max": 0.375473,
        "nauc_map_at_100_std": -0.096526,
        "nauc_map_at_100_diff1": 0.477713,
        "nauc_map_at_1000_max": 0.375203,
        "nauc_map_at_1000_std": -0.097177,
        "nauc_map_at_1000_diff1": 0.477687,
        "nauc_recall_at_1_max": 0.363752,
        "nauc_recall_at_1_std": -0.064817,
        "nauc_recall_at_1_diff1": 0.516448,
        "nauc_recall_at_3_max": 0.39808,
        "nauc_recall_at_3_std": -0.148335,
        "nauc_recall_at_3_diff1": 0.460537,
        "nauc_recall_at_5_max": 0.375851,
        "nauc_recall_at_5_std": -0.139494,
        "nauc_recall_at_5_diff1": 0.438488,
        "nauc_recall_at_10_max": 0.37883,
        "nauc_recall_at_10_std": -0.09485,
        "nauc_recall_at_10_diff1": 0.378652,
        "nauc_recall_at_20_max": 0.409988,
        "nauc_recall_at_20_std": 0.041342,
        "nauc_recall_at_20_diff1": 0.351541,
        "nauc_recall_at_100_max": 0.677943,
        "nauc_recall_at_100_std": 0.580802,
        "nauc_recall_at_100_diff1": 0.491956,
        "nauc_recall_at_1000_max": NaN,
        "nauc_recall_at_1000_std": NaN,
        "nauc_recall_at_1000_diff1": NaN,
        "nauc_precision_at_1_max": 0.375769,
        "nauc_precision_at_1_std": -0.07049,
        "nauc_precision_at_1_diff1": 0.514502,
        "nauc_precision_at_3_max": 0.410074,
        "nauc_precision_at_3_std": -0.158954,
        "nauc_precision_at_3_diff1": 0.459492,
        "nauc_precision_at_5_max": 0.390148,
        "nauc_precision_at_5_std": -0.154599,
        "nauc_precision_at_5_diff1": 0.421031,
        "nauc_precision_at_10_max": 0.391948,
        "nauc_precision_at_10_std": -0.109332,
        "nauc_precision_at_10_diff1": 0.34165,
        "nauc_precision_at_20_max": 0.422486,
        "nauc_precision_at_20_std": 0.008313,
        "nauc_precision_at_20_diff1": 0.317153,
        "nauc_precision_at_100_max": 0.494929,
        "nauc_precision_at_100_std": 0.245759,
        "nauc_precision_at_100_diff1": 0.294169,
        "nauc_precision_at_1000_max": 0.29959,
        "nauc_precision_at_1000_std": -0.111848,
        "nauc_precision_at_1000_diff1": 0.083062,
        "nauc_mrr_at_1_max": 0.375769,
        "nauc_mrr_at_1_std": -0.07049,
        "nauc_mrr_at_1_diff1": 0.514502,
        "nauc_mrr_at_3_max": 0.387362,
        "nauc_mrr_at_3_std": -0.112417,
        "nauc_mrr_at_3_diff1": 0.481834,
        "nauc_mrr_at_5_max": 0.38452,
        "nauc_mrr_at_5_std": -0.108689,
        "nauc_mrr_at_5_diff1": 0.480465,
        "nauc_mrr_at_10_max": 0.381114,
        "nauc_mrr_at_10_std": -0.104182,
        "nauc_mrr_at_10_diff1": 0.473935,
        "nauc_mrr_at_20_max": 0.381856,
        "nauc_mrr_at_20_std": -0.099388,
        "nauc_mrr_at_20_diff1": 0.474303,
        "nauc_mrr_at_100_max": 0.382464,
        "nauc_mrr_at_100_std": -0.099566,
        "nauc_mrr_at_100_diff1": 0.476083,
        "nauc_mrr_at_1000_max": 0.382202,
        "nauc_mrr_at_1000_std": -0.100219,
        "nauc_mrr_at_1000_diff1": 0.476055,
        "hit_rate_at_1": 0.37333,
        "hit_rate_at_3": 0.52,
        "hit_rate_at_5": 0.62,
        "hit_rate_at_10": 0.71,
        "hit_rate_at_20": 0.81,
        "hit_rate_at_100": 0.95667,
        "hit_rate_at_1000": 1.0,
        "main_score": 0.62,
        "hf_subset": "default",
        "languages": [
          "eng-Latn"
        ],
        "mteb_version": "2.12.32"
      }
    ]
  },
  "evaluation_time": 122.50575351715088,
  "kg_co2_emissions": null,
  "date": null
}