{
  "dataset_revision": "431886eaecc48f067a3975b70d0949ea2862463c",
  "task_name": "Touche2020Retrieval.v3",
  "mteb_version": "2.12.32",
  "scores": {
    "test": [
      {
        "ndcg_at_1": 0.41837,
        "ndcg_at_3": 0.38285,
        "ndcg_at_5": 0.36356,
        "ndcg_at_10": 0.31907,
        "ndcg_at_20": 0.26797,
        "ndcg_at_100": 0.2755,
        "ndcg_at_1000": 0.32033,
        "map_at_1": 0.01877,
        "map_at_3": 0.0399,
        "map_at_5": 0.05446,
        "map_at_10": 0.0806,
        "map_at_20": 0.10413,
        "map_at_100": 0.12552,
        "map_at_1000": 0.1315,
        "recall_at_1": 0.01877,
        "recall_at_3": 0.0447,
        "recall_at_5": 0.06815,
        "recall_at_10": 0.11445,
        "recall_at_20": 0.1646,
        "recall_at_100": 0.26677,
        "recall_at_1000": 0.38368,
        "accuracy": 0.01877,
        "precision_at_1": 0.5102,
        "precision_at_3": 0.43537,
        "precision_at_5": 0.40816,
        "precision_at_10": 0.34286,
        "precision_at_20": 0.24796,
        "precision_at_100": 0.08796,
        "precision_at_1000": 0.01351,
        "mrr_at_1": 0.510204,
        "mrr_at_3": 0.612245,
        "mrr_at_5": 0.634694,
        "mrr_at_10": 0.640136,
        "mrr_at_20": 0.643692,
        "mrr_at_100": 0.644292,
        "mrr_at_1000": 0.644351,
        "nauc_ndcg_at_1_max": 0.046066,
        "nauc_ndcg_at_1_std": 0.030117,
        "nauc_ndcg_at_1_diff1": 0.107508,
        "nauc_ndcg_at_3_max": 0.116105,
        "nauc_ndcg_at_3_std": 0.106999,
        "nauc_ndcg_at_3_diff1": 0.078179,
        "nauc_ndcg_at_5_max": 0.182313,
        "nauc_ndcg_at_5_std": 0.175002,
        "nauc_ndcg_at_5_diff1": 0.136147,
        "nauc_ndcg_at_10_max": 0.282802,
        "nauc_ndcg_at_10_std": 0.343662,
        "nauc_ndcg_at_10_diff1": 0.181723,
        "nauc_ndcg_at_20_max": 0.392136,
        "nauc_ndcg_at_20_std": 0.399465,
        "nauc_ndcg_at_20_diff1": 0.188535,
        "nauc_ndcg_at_100_max": 0.33347,
        "nauc_ndcg_at_100_std": 0.444436,
        "nauc_ndcg_at_100_diff1": 0.135443,
        "nauc_ndcg_at_1000_max": 0.393749,
        "nauc_ndcg_at_1000_std": 0.512516,
        "nauc_ndcg_at_1000_diff1": 0.112196,
        "nauc_map_at_1_max": 0.127142,
        "nauc_map_at_1_std": -0.062867,
        "nauc_map_at_1_diff1": 0.198961,
        "nauc_map_at_3_max": 0.196037,
        "nauc_map_at_3_std": 0.014964,
        "nauc_map_at_3_diff1": 0.224779,
        "nauc_map_at_5_max": 0.209517,
        "nauc_map_at_5_std": -0.010869,
        "nauc_map_at_5_diff1": 0.282388,
        "nauc_map_at_10_max": 0.294472,
        "nauc_map_at_10_std": 0.142789,
        "nauc_map_at_10_diff1": 0.302433,
        "nauc_map_at_20_max": 0.379832,
        "nauc_map_at_20_std": 0.259244,
        "nauc_map_at_20_diff1": 0.279726,
        "nauc_map_at_100_max": 0.408357,
        "nauc_map_at_100_std": 0.359401,
        "nauc_map_at_100_diff1": 0.240389,
        "nauc_map_at_1000_max": 0.425419,
        "nauc_map_at_1000_std": 0.388292,
        "nauc_map_at_1000_diff1": 0.235722,
        "nauc_recall_at_1_max": 0.127142,
        "nauc_recall_at_1_std": -0.062867,
        "nauc_recall_at_1_diff1": 0.198961,
        "nauc_recall_at_3_max": 0.176876,
        "nauc_recall_at_3_std": 0.013522,
        "nauc_recall_at_3_diff1": 0.20317,
        "nauc_recall_at_5_max": 0.226888,
        "nauc_recall_at_5_std": 0.026299,
        "nauc_recall_at_5_diff1": 0.314569,
        "nauc_recall_at_10_max": 0.322878,
        "nauc_recall_at_10_std": 0.244218,
        "nauc_recall_at_10_diff1": 0.316619,
        "nauc_recall_at_20_max": 0.396872,
        "nauc_recall_at_20_std": 0.368029,
        "nauc_recall_at_20_diff1": 0.275896,
        "nauc_recall_at_100_max": 0.365885,
        "nauc_recall_at_100_std": 0.546145,
        "nauc_recall_at_100_diff1": 0.134673,
        "nauc_recall_at_1000_max": 0.477637,
        "nauc_recall_at_1000_std": 0.642124,
        "nauc_recall_at_1000_diff1": 0.069121,
        "nauc_precision_at_1_max": 0.044719,
        "nauc_precision_at_1_std": -0.045477,
        "nauc_precision_at_1_diff1": 0.190049,
        "nauc_precision_at_3_max": 0.128328,
        "nauc_precision_at_3_std": 0.096926,
        "nauc_precision_at_3_diff1": 0.089827,
        "nauc_precision_at_5_max": 0.234257,
        "nauc_precision_at_5_std": 0.21009,
        "nauc_precision_at_5_diff1": 0.193222,
        "nauc_precision_at_10_max": 0.350193,
        "nauc_precision_at_10_std": 0.445609,
        "nauc_precision_at_10_diff1": 0.201157,
        "nauc_precision_at_20_max": 0.461008,
        "nauc_precision_at_20_std": 0.556257,
        "nauc_precision_at_20_diff1": 0.13967,
        "nauc_precision_at_100_max": 0.390135,
        "nauc_precision_at_100_std": 0.696092,
        "nauc_precision_at_100_diff1": -0.085442,
        "nauc_precision_at_1000_max": 0.434807,
        "nauc_precision_at_1000_std": 0.653882,
        "nauc_precision_at_1000_diff1": -0.144308,
        "nauc_mrr_at_1_max": 0.044719,
        "nauc_mrr_at_1_std": -0.045477,
        "nauc_mrr_at_1_diff1": 0.190049,
        "nauc_mrr_at_3_max": -0.023379,
        "nauc_mrr_at_3_std": 0.012711,
        "nauc_mrr_at_3_diff1": 0.077931,
        "nauc_mrr_at_5_max": 0.014763,
        "nauc_mrr_at_5_std": 0.049977,
        "nauc_mrr_at_5_diff1": 0.131068,
        "nauc_mrr_at_10_max": 0.037313,
        "nauc_mrr_at_10_std": 0.053549,
        "nauc_mrr_at_10_diff1": 0.141905,
        "nauc_mrr_at_20_max": 0.036118,
        "nauc_mrr_at_20_std": 0.045866,
        "nauc_mrr_at_20_diff1": 0.130665,
        "nauc_mrr_at_100_max": 0.033982,
        "nauc_mrr_at_100_std": 0.043752,
        "nauc_mrr_at_100_diff1": 0.129357,
        "nauc_mrr_at_1000_max": 0.034108,
        "nauc_mrr_at_1000_std": 0.043642,
        "nauc_mrr_at_1000_diff1": 0.12942,
        "hit_rate_at_1": 0.5102,
        "hit_rate_at_3": 0.7551,
        "hit_rate_at_5": 0.85714,
        "hit_rate_at_10": 0.89796,
        "hit_rate_at_20": 0.93878,
        "hit_rate_at_100": 0.95918,
        "hit_rate_at_1000": 0.97959,
        "main_score": 0.31907,
        "hf_subset": "default",
        "languages": [
          "eng-Latn"
        ],
        "mteb_version": "2.12.32"
      }
    ]
  },
  "evaluation_time": 46082.090624809265,
  "kg_co2_emissions": null,
  "date": null
}