{
  "dataset_revision": "bb9466bac8153a0349341eb1b22e06409e78ef4e",
  "task_name": "TRECCOVID",
  "mteb_version": "2.12.32",
  "scores": {
    "test": [
      {
        "ndcg_at_1": 0.73,
        "ndcg_at_3": 0.70531,
        "ndcg_at_5": 0.70866,
        "ndcg_at_10": 0.69372,
        "ndcg_at_20": 0.6622,
        "ndcg_at_100": 0.55494,
        "ndcg_at_1000": 0.51034,
        "map_at_1": 0.00207,
        "map_at_3": 0.00517,
        "map_at_5": 0.00847,
        "map_at_10": 0.0159,
        "map_at_20": 0.02856,
        "map_at_100": 0.10029,
        "map_at_1000": 0.25387,
        "recall_at_1": 0.00207,
        "recall_at_3": 0.00568,
        "recall_at_5": 0.00969,
        "recall_at_10": 0.01905,
        "recall_at_20": 0.0349,
        "recall_at_100": 0.13818,
        "recall_at_1000": 0.48455,
        "accuracy": 0.00207,
        "precision_at_1": 0.78,
        "precision_at_3": 0.76,
        "precision_at_5": 0.756,
        "precision_at_10": 0.738,
        "precision_at_20": 0.694,
        "precision_at_100": 0.5736,
        "precision_at_1000": 0.22646,
        "mrr_at_1": 0.78,
        "mrr_at_3": 0.873333,
        "mrr_at_5": 0.873333,
        "mrr_at_10": 0.875556,
        "mrr_at_20": 0.875556,
        "mrr_at_100": 0.875556,
        "mrr_at_1000": 0.875556,
        "nauc_ndcg_at_1_max": 0.228732,
        "nauc_ndcg_at_1_std": 0.363361,
        "nauc_ndcg_at_1_diff1": 0.414421,
        "nauc_ndcg_at_3_max": 0.240258,
        "nauc_ndcg_at_3_std": 0.325619,
        "nauc_ndcg_at_3_diff1": 0.089876,
        "nauc_ndcg_at_5_max": 0.316842,
        "nauc_ndcg_at_5_std": 0.441288,
        "nauc_ndcg_at_5_diff1": 0.149566,
        "nauc_ndcg_at_10_max": 0.319689,
        "nauc_ndcg_at_10_std": 0.543957,
        "nauc_ndcg_at_10_diff1": 0.125511,
        "nauc_ndcg_at_20_max": 0.426887,
        "nauc_ndcg_at_20_std": 0.645164,
        "nauc_ndcg_at_20_diff1": 0.074736,
        "nauc_ndcg_at_100_max": 0.250475,
        "nauc_ndcg_at_100_std": 0.711972,
        "nauc_ndcg_at_100_diff1": -0.047156,
        "nauc_ndcg_at_1000_max": 0.321781,
        "nauc_ndcg_at_1000_std": 0.746793,
        "nauc_ndcg_at_1000_diff1": 0.118376,
        "nauc_map_at_1_max": 0.082992,
        "nauc_map_at_1_std": 0.134002,
        "nauc_map_at_1_diff1": 0.301865,
        "nauc_map_at_3_max": 0.153539,
        "nauc_map_at_3_std": 0.231769,
        "nauc_map_at_3_diff1": 0.221279,
        "nauc_map_at_5_max": 0.181752,
        "nauc_map_at_5_std": 0.2466,
        "nauc_map_at_5_diff1": 0.256237,
        "nauc_map_at_10_max": 0.183475,
        "nauc_map_at_10_std": 0.281549,
        "nauc_map_at_10_diff1": 0.274384,
        "nauc_map_at_20_max": 0.293202,
        "nauc_map_at_20_std": 0.387793,
        "nauc_map_at_20_diff1": 0.263721,
        "nauc_map_at_100_max": 0.191125,
        "nauc_map_at_100_std": 0.603876,
        "nauc_map_at_100_diff1": 0.172547,
        "nauc_map_at_1000_max": 0.211909,
        "nauc_map_at_1000_std": 0.752947,
        "nauc_map_at_1000_diff1": 0.005195,
        "nauc_recall_at_1_max": 0.082992,
        "nauc_recall_at_1_std": 0.134002,
        "nauc_recall_at_1_diff1": 0.301865,
        "nauc_recall_at_3_max": 0.115913,
        "nauc_recall_at_3_std": 0.158147,
        "nauc_recall_at_3_diff1": 0.223616,
        "nauc_recall_at_5_max": 0.147182,
        "nauc_recall_at_5_std": 0.169968,
        "nauc_recall_at_5_diff1": 0.289765,
        "nauc_recall_at_10_max": 0.13427,
        "nauc_recall_at_10_std": 0.172123,
        "nauc_recall_at_10_diff1": 0.288914,
        "nauc_recall_at_20_max": 0.259598,
        "nauc_recall_at_20_std": 0.272538,
        "nauc_recall_at_20_diff1": 0.270339,
        "nauc_recall_at_100_max": 0.157907,
        "nauc_recall_at_100_std": 0.449692,
        "nauc_recall_at_100_diff1": 0.234465,
        "nauc_recall_at_1000_max": 0.242743,
        "nauc_recall_at_1000_std": 0.610829,
        "nauc_recall_at_1000_diff1": 0.150426,
        "nauc_precision_at_1_max": 0.323874,
        "nauc_precision_at_1_std": 0.504474,
        "nauc_precision_at_1_diff1": 0.40038,
        "nauc_precision_at_3_max": 0.245514,
        "nauc_precision_at_3_std": 0.372443,
        "nauc_precision_at_3_diff1": -0.050765,
        "nauc_precision_at_5_max": 0.344946,
        "nauc_precision_at_5_std": 0.514108,
        "nauc_precision_at_5_diff1": 0.11741,
        "nauc_precision_at_10_max": 0.319085,
        "nauc_precision_at_10_std": 0.58376,
        "nauc_precision_at_10_diff1": 0.075364,
        "nauc_precision_at_20_max": 0.468237,
        "nauc_precision_at_20_std": 0.669089,
        "nauc_precision_at_20_diff1": 0.022589,
        "nauc_precision_at_100_max": 0.229337,
        "nauc_precision_at_100_std": 0.695805,
        "nauc_precision_at_100_diff1": -0.069054,
        "nauc_precision_at_1000_max": 0.16859,
        "nauc_precision_at_1000_std": 0.41441,
        "nauc_precision_at_1000_diff1": -0.24443,
        "nauc_mrr_at_1_max": 0.323874,
        "nauc_mrr_at_1_std": 0.504474,
        "nauc_mrr_at_1_diff1": 0.40038,
        "nauc_mrr_at_3_max": 0.401666,
        "nauc_mrr_at_3_std": 0.56696,
        "nauc_mrr_at_3_diff1": 0.43125,
        "nauc_mrr_at_5_max": 0.401666,
        "nauc_mrr_at_5_std": 0.56696,
        "nauc_mrr_at_5_diff1": 0.43125,
        "nauc_mrr_at_10_max": 0.390117,
        "nauc_mrr_at_10_std": 0.558601,
        "nauc_mrr_at_10_diff1": 0.422795,
        "nauc_mrr_at_20_max": 0.390117,
        "nauc_mrr_at_20_std": 0.558601,
        "nauc_mrr_at_20_diff1": 0.422795,
        "nauc_mrr_at_100_max": 0.390117,
        "nauc_mrr_at_100_std": 0.558601,
        "nauc_mrr_at_100_diff1": 0.422795,
        "nauc_mrr_at_1000_max": 0.390117,
        "nauc_mrr_at_1000_std": 0.558601,
        "nauc_mrr_at_1000_diff1": 0.422795,
        "hit_rate_at_1": 0.78,
        "hit_rate_at_3": 0.98,
        "hit_rate_at_5": 0.98,
        "hit_rate_at_10": 1.0,
        "hit_rate_at_20": 1.0,
        "hit_rate_at_100": 1.0,
        "hit_rate_at_1000": 1.0,
        "main_score": 0.69372,
        "hf_subset": "default",
        "languages": [
          "eng-Latn"
        ],
        "mteb_version": "2.12.32"
      }
    ]
  },
  "evaluation_time": 24470.342745304108,
  "kg_co2_emissions": null,
  "date": null
}