{
  "dataset_revision": "d50fd1daded60cf136b82d845b9bda65b8b2376e",
  "task_name": "UrbanSound8KT2ARetrieval",
  "mteb_version": "2.12.32",
  "scores": {
    "test": [
      {
        "ndcg_at_1": 0.00157,
        "ndcg_at_3": 0.0037,
        "ndcg_at_5": 0.00506,
        "ndcg_at_10": 0.00803,
        "ndcg_at_20": 0.01239,
        "ndcg_at_100": 0.03607,
        "ndcg_at_1000": 0.11519,
        "map_at_1": 0.00157,
        "map_at_3": 0.00314,
        "map_at_5": 0.0039,
        "map_at_10": 0.00511,
        "map_at_20": 0.00627,
        "map_at_100": 0.00898,
        "map_at_1000": 0.01132,
        "recall_at_1": 0.00157,
        "recall_at_3": 0.0053,
        "recall_at_5": 0.00864,
        "recall_at_10": 0.01788,
        "recall_at_20": 0.03536,
        "recall_at_100": 0.17171,
        "recall_at_1000": 0.82967,
        "accuracy": 0.00157,
        "precision_at_1": 0.00157,
        "precision_at_3": 0.00177,
        "precision_at_5": 0.00173,
        "precision_at_10": 0.00179,
        "precision_at_20": 0.00177,
        "precision_at_100": 0.00172,
        "precision_at_1000": 0.00083,
        "mrr_at_1": 0.001572,
        "mrr_at_3": 0.003143,
        "mrr_at_5": 0.0039,
        "mrr_at_10": 0.00511,
        "mrr_at_20": 0.006273,
        "mrr_at_100": 0.008981,
        "mrr_at_1000": 0.011315,
        "nauc_ndcg_at_1_max": 0.072075,
        "nauc_ndcg_at_1_std": 0.179736,
        "nauc_ndcg_at_1_diff1": 0.137812,
        "nauc_ndcg_at_3_max": 0.044929,
        "nauc_ndcg_at_3_std": 0.143373,
        "nauc_ndcg_at_3_diff1": 0.079895,
        "nauc_ndcg_at_5_max": 0.053438,
        "nauc_ndcg_at_5_std": 0.162207,
        "nauc_ndcg_at_5_diff1": 0.087164,
        "nauc_ndcg_at_10_max": 0.041624,
        "nauc_ndcg_at_10_std": 0.152053,
        "nauc_ndcg_at_10_diff1": 0.065708,
        "nauc_ndcg_at_20_max": 0.032422,
        "nauc_ndcg_at_20_std": 0.156229,
        "nauc_ndcg_at_20_diff1": 0.058297,
        "nauc_ndcg_at_100_max": 0.024686,
        "nauc_ndcg_at_100_std": 0.166468,
        "nauc_ndcg_at_100_diff1": 0.051065,
        "nauc_ndcg_at_1000_max": -0.0271,
        "nauc_ndcg_at_1000_std": 0.262247,
        "nauc_ndcg_at_1000_diff1": 0.123163,
        "nauc_map_at_1_max": 0.072075,
        "nauc_map_at_1_std": 0.179736,
        "nauc_map_at_1_diff1": 0.137812,
        "nauc_map_at_3_max": 0.047704,
        "nauc_map_at_3_std": 0.14853,
        "nauc_map_at_3_diff1": 0.085771,
        "nauc_map_at_5_max": 0.054847,
        "nauc_map_at_5_std": 0.16199,
        "nauc_map_at_5_diff1": 0.091262,
        "nauc_map_at_10_max": 0.045177,
        "nauc_map_at_10_std": 0.154661,
        "nauc_map_at_10_diff1": 0.074996,
        "nauc_map_at_20_max": 0.039126,
        "nauc_map_at_20_std": 0.156824,
        "nauc_map_at_20_diff1": 0.069595,
        "nauc_map_at_100_max": 0.034794,
        "nauc_map_at_100_std": 0.160343,
        "nauc_map_at_100_diff1": 0.064175,
        "nauc_map_at_1000_max": 0.030242,
        "nauc_map_at_1000_std": 0.172588,
        "nauc_map_at_1000_diff1": 0.06898,
        "nauc_recall_at_1_max": 0.072075,
        "nauc_recall_at_1_std": 0.179736,
        "nauc_recall_at_1_diff1": 0.137812,
        "nauc_recall_at_3_max": 0.040306,
        "nauc_recall_at_3_std": 0.134365,
        "nauc_recall_at_3_diff1": 0.070119,
        "nauc_recall_at_5_max": 0.051303,
        "nauc_recall_at_5_std": 0.162981,
        "nauc_recall_at_5_diff1": 0.081634,
        "nauc_recall_at_10_max": 0.038551,
        "nauc_recall_at_10_std": 0.149624,
        "nauc_recall_at_10_diff1": 0.056764,
        "nauc_recall_at_20_max": 0.027809,
        "nauc_recall_at_20_std": 0.156089,
        "nauc_recall_at_20_diff1": 0.050422,
        "nauc_recall_at_100_max": 0.020849,
        "nauc_recall_at_100_std": 0.169782,
        "nauc_recall_at_100_diff1": 0.046602,
        "nauc_recall_at_1000_max": -0.114063,
        "nauc_recall_at_1000_std": 0.394751,
        "nauc_recall_at_1000_diff1": 0.23389,
        "nauc_precision_at_1_max": 0.072075,
        "nauc_precision_at_1_std": 0.179736,
        "nauc_precision_at_1_diff1": 0.137812,
        "nauc_precision_at_3_max": 0.040306,
        "nauc_precision_at_3_std": 0.134365,
        "nauc_precision_at_3_diff1": 0.070119,
        "nauc_precision_at_5_max": 0.051303,
        "nauc_precision_at_5_std": 0.162981,
        "nauc_precision_at_5_diff1": 0.081634,
        "nauc_precision_at_10_max": 0.038551,
        "nauc_precision_at_10_std": 0.149624,
        "nauc_precision_at_10_diff1": 0.056764,
        "nauc_precision_at_20_max": 0.027809,
        "nauc_precision_at_20_std": 0.156089,
        "nauc_precision_at_20_diff1": 0.050422,
        "nauc_precision_at_100_max": 0.020849,
        "nauc_precision_at_100_std": 0.169782,
        "nauc_precision_at_100_diff1": 0.046602,
        "nauc_precision_at_1000_max": -0.114063,
        "nauc_precision_at_1000_std": 0.394751,
        "nauc_precision_at_1000_diff1": 0.23389,
        "nauc_mrr_at_1_max": 0.072075,
        "nauc_mrr_at_1_std": 0.179736,
        "nauc_mrr_at_1_diff1": 0.137812,
        "nauc_mrr_at_3_max": 0.047704,
        "nauc_mrr_at_3_std": 0.14853,
        "nauc_mrr_at_3_diff1": 0.085771,
        "nauc_mrr_at_5_max": 0.054847,
        "nauc_mrr_at_5_std": 0.16199,
        "nauc_mrr_at_5_diff1": 0.091262,
        "nauc_mrr_at_10_max": 0.045177,
        "nauc_mrr_at_10_std": 0.154661,
        "nauc_mrr_at_10_diff1": 0.074996,
        "nauc_mrr_at_20_max": 0.039126,
        "nauc_mrr_at_20_std": 0.156824,
        "nauc_mrr_at_20_diff1": 0.069595,
        "nauc_mrr_at_100_max": 0.034794,
        "nauc_mrr_at_100_std": 0.160343,
        "nauc_mrr_at_100_diff1": 0.064175,
        "nauc_mrr_at_1000_max": 0.030242,
        "nauc_mrr_at_1000_std": 0.172588,
        "nauc_mrr_at_1000_diff1": 0.06898,
        "hit_rate_at_1": 0.00157,
        "hit_rate_at_3": 0.0053,
        "hit_rate_at_5": 0.00864,
        "hit_rate_at_10": 0.01788,
        "hit_rate_at_20": 0.03536,
        "hit_rate_at_100": 0.17171,
        "hit_rate_at_1000": 0.82967,
        "main_score": 0.00864,
        "hf_subset": "default",
        "languages": [
          "zxx-Zxxx"
        ],
        "mteb_version": "2.12.32"
      }
    ]
  },
  "evaluation_time": 2014.166086435318,
  "kg_co2_emissions": null,
  "date": null
}