{
  "dataset_revision": "74d396242cc281c021eeb38d0ee5f6f30afc1fad",
  "task_name": "VidoreInfoVQARetrieval",
  "mteb_version": "2.12.32",
  "scores": {
    "test": [
      {
        "ndcg_at_1": 0.8664,
        "ndcg_at_3": 0.9036,
        "ndcg_at_5": 0.9141,
        "ndcg_at_10": 0.9191,
        "ndcg_at_20": 0.92095,
        "ndcg_at_100": 0.92404,
        "ndcg_at_1000": 0.9251,
        "map_at_1": 0.8664,
        "map_at_3": 0.89474,
        "map_at_5": 0.90051,
        "map_at_10": 0.90269,
        "map_at_20": 0.90325,
        "map_at_100": 0.90364,
        "map_at_1000": 0.90369,
        "recall_at_1": 0.8664,
        "recall_at_3": 0.92915,
        "recall_at_5": 0.95445,
        "recall_at_10": 0.96964,
        "recall_at_20": 0.97611,
        "recall_at_100": 0.99271,
        "recall_at_1000": 1.0,
        "accuracy": 0.8664,
        "precision_at_1": 0.8664,
        "precision_at_3": 0.30972,
        "precision_at_5": 0.19109,
        "precision_at_10": 0.09717,
        "precision_at_20": 0.04899,
        "precision_at_100": 0.01,
        "precision_at_1000": 0.00101,
        "mrr_at_1": 0.866397,
        "mrr_at_3": 0.894737,
        "mrr_at_5": 0.900709,
        "mrr_at_10": 0.902606,
        "mrr_at_20": 0.903262,
        "mrr_at_100": 0.903646,
        "mrr_at_1000": 0.903682,
        "nauc_ndcg_at_1_max": 0.49314,
        "nauc_ndcg_at_1_std": -0.250632,
        "nauc_ndcg_at_1_diff1": 0.901508,
        "nauc_ndcg_at_3_max": 0.519356,
        "nauc_ndcg_at_3_std": -0.172045,
        "nauc_ndcg_at_3_diff1": 0.872184,
        "nauc_ndcg_at_5_max": 0.524413,
        "nauc_ndcg_at_5_std": -0.178126,
        "nauc_ndcg_at_5_diff1": 0.869744,
        "nauc_ndcg_at_10_max": 0.545916,
        "nauc_ndcg_at_10_std": -0.141761,
        "nauc_ndcg_at_10_diff1": 0.874065,
        "nauc_ndcg_at_20_max": 0.543788,
        "nauc_ndcg_at_20_std": -0.120969,
        "nauc_ndcg_at_20_diff1": 0.87227,
        "nauc_ndcg_at_100_max": 0.536293,
        "nauc_ndcg_at_100_std": -0.152884,
        "nauc_ndcg_at_100_diff1": 0.87876,
        "nauc_ndcg_at_1000_max": 0.531972,
        "nauc_ndcg_at_1000_std": -0.16326,
        "nauc_ndcg_at_1000_diff1": 0.878483,
        "nauc_map_at_1_max": 0.49314,
        "nauc_map_at_1_std": -0.250632,
        "nauc_map_at_1_diff1": 0.901508,
        "nauc_map_at_3_max": 0.513631,
        "nauc_map_at_3_std": -0.192662,
        "nauc_map_at_3_diff1": 0.880016,
        "nauc_map_at_5_max": 0.514918,
        "nauc_map_at_5_std": -0.197435,
        "nauc_map_at_5_diff1": 0.879253,
        "nauc_map_at_10_max": 0.525075,
        "nauc_map_at_10_std": -0.183176,
        "nauc_map_at_10_diff1": 0.881307,
        "nauc_map_at_20_max": 0.524545,
        "nauc_map_at_20_std": -0.177674,
        "nauc_map_at_20_diff1": 0.880869,
        "nauc_map_at_100_max": 0.523574,
        "nauc_map_at_100_std": -0.181322,
        "nauc_map_at_100_diff1": 0.881402,
        "nauc_map_at_1000_max": 0.523405,
        "nauc_map_at_1000_std": -0.181727,
        "nauc_map_at_1000_diff1": 0.881396,
        "nauc_recall_at_1_max": 0.49314,
        "nauc_recall_at_1_std": -0.250632,
        "nauc_recall_at_1_diff1": 0.901508,
        "nauc_recall_at_3_max": 0.542057,
        "nauc_recall_at_3_std": -0.087421,
        "nauc_recall_at_3_diff1": 0.839943,
        "nauc_recall_at_5_max": 0.563687,
        "nauc_recall_at_5_std": -0.07662,
        "nauc_recall_at_5_diff1": 0.81017,
        "nauc_recall_at_10_max": 0.734705,
        "nauc_recall_at_10_std": 0.25074,
        "nauc_recall_at_10_diff1": 0.811163,
        "nauc_recall_at_20_max": 0.764245,
        "nauc_recall_at_20_std": 0.611801,
        "nauc_recall_at_20_diff1": 0.773234,
        "nauc_recall_at_100_max": 0.821653,
        "nauc_recall_at_100_std": 0.529402,
        "nauc_recall_at_100_diff1": 0.901085,
        "nauc_recall_at_1000_max": NaN,
        "nauc_recall_at_1000_std": NaN,
        "nauc_recall_at_1000_diff1": NaN,
        "nauc_precision_at_1_max": 0.49314,
        "nauc_precision_at_1_std": -0.250632,
        "nauc_precision_at_1_diff1": 0.901508,
        "nauc_precision_at_3_max": 0.542057,
        "nauc_precision_at_3_std": -0.087421,
        "nauc_precision_at_3_diff1": 0.839943,
        "nauc_precision_at_5_max": 0.616126,
        "nauc_precision_at_5_std": -0.038733,
        "nauc_precision_at_5_diff1": 0.812168,
        "nauc_precision_at_10_max": 0.762332,
        "nauc_precision_at_10_std": 0.328766,
        "nauc_precision_at_10_diff1": 0.683554,
        "nauc_precision_at_20_max": 0.781702,
        "nauc_precision_at_20_std": 0.640546,
        "nauc_precision_at_20_diff1": 0.604724,
        "nauc_precision_at_100_max": 0.44529,
        "nauc_precision_at_100_std": 0.317466,
        "nauc_precision_at_100_diff1": 0.122458,
        "nauc_precision_at_1000_max": -0.161808,
        "nauc_precision_at_1000_std": -0.161808,
        "nauc_precision_at_1000_diff1": -0.413171,
        "nauc_mrr_at_1_max": 0.49314,
        "nauc_mrr_at_1_std": -0.250632,
        "nauc_mrr_at_1_diff1": 0.901508,
        "nauc_mrr_at_3_max": 0.513631,
        "nauc_mrr_at_3_std": -0.192662,
        "nauc_mrr_at_3_diff1": 0.880016,
        "nauc_mrr_at_5_max": 0.519629,
        "nauc_mrr_at_5_std": -0.19421,
        "nauc_mrr_at_5_diff1": 0.879581,
        "nauc_mrr_at_10_max": 0.523007,
        "nauc_mrr_at_10_std": -0.184599,
        "nauc_mrr_at_10_diff1": 0.881162,
        "nauc_mrr_at_20_max": 0.521983,
        "nauc_mrr_at_20_std": -0.180299,
        "nauc_mrr_at_20_diff1": 0.880735,
        "nauc_mrr_at_100_max": 0.52115,
        "nauc_mrr_at_100_std": -0.1838,
        "nauc_mrr_at_100_diff1": 0.881335,
        "nauc_mrr_at_1000_max": 0.521054,
        "nauc_mrr_at_1000_std": -0.184021,
        "nauc_mrr_at_1000_diff1": 0.881327,
        "hit_rate_at_1": 0.8664,
        "hit_rate_at_3": 0.92915,
        "hit_rate_at_5": 0.95547,
        "hit_rate_at_10": 0.96964,
        "hit_rate_at_20": 0.97773,
        "hit_rate_at_100": 0.99393,
        "hit_rate_at_1000": 1.0,
        "main_score": 0.9141,
        "hf_subset": "default",
        "languages": [
          "eng-Latn"
        ],
        "mteb_version": "2.12.32"
      }
    ]
  },
  "evaluation_time": 510.07633447647095,
  "kg_co2_emissions": null,
  "date": null
}