{
  "dataset_revision": "78e6f5ad3bbc1af50ae9c0f006f57462213269fb",
  "task_name": "VidoreShiftProjectRetrieval",
  "mteb_version": "2.12.32",
  "scores": {
    "test": [
      {
        "ndcg_at_1": 0.68,
        "ndcg_at_3": 0.79833,
        "ndcg_at_5": 0.82716,
        "ndcg_at_10": 0.84045,
        "ndcg_at_20": 0.84301,
        "ndcg_at_100": 0.84301,
        "ndcg_at_1000": 0.84301,
        "map_at_1": 0.68,
        "map_at_3": 0.77,
        "map_at_5": 0.786,
        "map_at_10": 0.79169,
        "map_at_20": 0.79241,
        "map_at_100": 0.79241,
        "map_at_1000": 0.79241,
        "recall_at_1": 0.68,
        "recall_at_3": 0.88,
        "recall_at_5": 0.95,
        "recall_at_10": 0.99,
        "recall_at_20": 1.0,
        "recall_at_100": 1.0,
        "recall_at_1000": 1.0,
        "accuracy": 0.68,
        "precision_at_1": 0.68,
        "precision_at_3": 0.29333,
        "precision_at_5": 0.19,
        "precision_at_10": 0.099,
        "precision_at_20": 0.05,
        "precision_at_100": 0.01,
        "precision_at_1000": 0.001,
        "mrr_at_1": 0.68,
        "mrr_at_3": 0.77,
        "mrr_at_5": 0.786,
        "mrr_at_10": 0.791694,
        "mrr_at_20": 0.792409,
        "mrr_at_100": 0.792409,
        "mrr_at_1000": 0.792409,
        "nauc_ndcg_at_1_max": -0.028142,
        "nauc_ndcg_at_1_std": -0.63071,
        "nauc_ndcg_at_1_diff1": 0.735004,
        "nauc_ndcg_at_3_max": -0.064464,
        "nauc_ndcg_at_3_std": -0.624964,
        "nauc_ndcg_at_3_diff1": 0.609336,
        "nauc_ndcg_at_5_max": -0.00917,
        "nauc_ndcg_at_5_std": -0.58581,
        "nauc_ndcg_at_5_diff1": 0.645838,
        "nauc_ndcg_at_10_max": -0.010036,
        "nauc_ndcg_at_10_std": -0.585389,
        "nauc_ndcg_at_10_diff1": 0.66199,
        "nauc_ndcg_at_20_max": -0.02371,
        "nauc_ndcg_at_20_std": -0.603007,
        "nauc_ndcg_at_20_diff1": 0.667665,
        "nauc_ndcg_at_100_max": -0.02371,
        "nauc_ndcg_at_100_std": -0.603007,
        "nauc_ndcg_at_100_diff1": 0.667665,
        "nauc_ndcg_at_1000_max": -0.02371,
        "nauc_ndcg_at_1000_std": -0.603007,
        "nauc_ndcg_at_1000_diff1": 0.667665,
        "nauc_map_at_1_max": -0.028142,
        "nauc_map_at_1_std": -0.63071,
        "nauc_map_at_1_diff1": 0.735004,
        "nauc_map_at_3_max": -0.051273,
        "nauc_map_at_3_std": -0.622729,
        "nauc_map_at_3_diff1": 0.643885,
        "nauc_map_at_5_max": -0.02375,
        "nauc_map_at_5_std": -0.60269,
        "nauc_map_at_5_diff1": 0.664555,
        "nauc_map_at_10_max": -0.023215,
        "nauc_map_at_10_std": -0.602984,
        "nauc_map_at_10_diff1": 0.67121,
        "nauc_map_at_20_max": -0.026161,
        "nauc_map_at_20_std": -0.606782,
        "nauc_map_at_20_diff1": 0.672447,
        "nauc_map_at_100_max": -0.026161,
        "nauc_map_at_100_std": -0.606782,
        "nauc_map_at_100_diff1": 0.672447,
        "nauc_map_at_1000_max": -0.026161,
        "nauc_map_at_1000_std": -0.606782,
        "nauc_map_at_1000_diff1": 0.672447,
        "nauc_recall_at_1_max": -0.028142,
        "nauc_recall_at_1_std": -0.63071,
        "nauc_recall_at_1_diff1": 0.735004,
        "nauc_recall_at_3_max": -0.131204,
        "nauc_recall_at_3_std": -0.638999,
        "nauc_recall_at_3_diff1": 0.441537,
        "nauc_recall_at_5_max": 0.168161,
        "nauc_recall_at_5_std": -0.399813,
        "nauc_recall_at_5_diff1": 0.46648,
        "nauc_recall_at_10_max": 0.722222,
        "nauc_recall_at_10_std": 0.358077,
        "nauc_recall_at_10_diff1": 0.358077,
        "nauc_recall_at_20_max": NaN,
        "nauc_recall_at_20_std": NaN,
        "nauc_recall_at_20_diff1": NaN,
        "nauc_recall_at_100_max": NaN,
        "nauc_recall_at_100_std": NaN,
        "nauc_recall_at_100_diff1": NaN,
        "nauc_recall_at_1000_max": NaN,
        "nauc_recall_at_1000_std": NaN,
        "nauc_recall_at_1000_diff1": NaN,
        "nauc_precision_at_1_max": -0.028142,
        "nauc_precision_at_1_std": -0.63071,
        "nauc_precision_at_1_diff1": 0.735004,
        "nauc_precision_at_3_max": -0.131204,
        "nauc_precision_at_3_std": -0.638999,
        "nauc_precision_at_3_diff1": 0.441537,
        "nauc_precision_at_5_max": 0.168161,
        "nauc_precision_at_5_std": -0.399813,
        "nauc_precision_at_5_diff1": 0.46648,
        "nauc_precision_at_10_max": 0.722222,
        "nauc_precision_at_10_std": 0.358077,
        "nauc_precision_at_10_diff1": 0.358077,
        "nauc_precision_at_20_max": 1.0,
        "nauc_precision_at_20_std": 1.0,
        "nauc_precision_at_20_diff1": 1.0,
        "nauc_precision_at_100_max": NaN,
        "nauc_precision_at_100_std": NaN,
        "nauc_precision_at_100_diff1": NaN,
        "nauc_precision_at_1000_max": NaN,
        "nauc_precision_at_1000_std": NaN,
        "nauc_precision_at_1000_diff1": NaN,
        "nauc_mrr_at_1_max": -0.028142,
        "nauc_mrr_at_1_std": -0.63071,
        "nauc_mrr_at_1_diff1": 0.735004,
        "nauc_mrr_at_3_max": -0.051273,
        "nauc_mrr_at_3_std": -0.622729,
        "nauc_mrr_at_3_diff1": 0.643885,
        "nauc_mrr_at_5_max": -0.02375,
        "nauc_mrr_at_5_std": -0.60269,
        "nauc_mrr_at_5_diff1": 0.664555,
        "nauc_mrr_at_10_max": -0.023215,
        "nauc_mrr_at_10_std": -0.602984,
        "nauc_mrr_at_10_diff1": 0.67121,
        "nauc_mrr_at_20_max": -0.026161,
        "nauc_mrr_at_20_std": -0.606782,
        "nauc_mrr_at_20_diff1": 0.672447,
        "nauc_mrr_at_100_max": -0.026161,
        "nauc_mrr_at_100_std": -0.606782,
        "nauc_mrr_at_100_diff1": 0.672447,
        "nauc_mrr_at_1000_max": -0.026161,
        "nauc_mrr_at_1000_std": -0.606782,
        "nauc_mrr_at_1000_diff1": 0.672447,
        "hit_rate_at_1": 0.68,
        "hit_rate_at_3": 0.88,
        "hit_rate_at_5": 0.95,
        "hit_rate_at_10": 0.99,
        "hit_rate_at_20": 1.0,
        "hit_rate_at_100": 1.0,
        "hit_rate_at_1000": 1.0,
        "main_score": 0.82716,
        "hf_subset": "default",
        "languages": [
          "eng-Latn"
        ],
        "mteb_version": "2.12.32"
      }
    ]
  },
  "evaluation_time": 700.0564982891083,
  "kg_co2_emissions": null,
  "date": null
}