{
  "dataset_revision": "24a4541c4c461f5ff4f4af4e97ec820715281a06",
  "task_name": "VidoreTabfquadRetrieval",
  "mteb_version": "2.12.32",
  "scores": {
    "test": [
      {
        "ndcg_at_1": 0.86429,
        "ndcg_at_3": 0.91377,
        "ndcg_at_5": 0.91961,
        "ndcg_at_10": 0.92702,
        "ndcg_at_20": 0.93054,
        "ndcg_at_100": 0.93126,
        "ndcg_at_1000": 0.93126,
        "map_at_1": 0.86429,
        "map_at_3": 0.90238,
        "map_at_5": 0.9056,
        "map_at_10": 0.90893,
        "map_at_20": 0.90986,
        "map_at_100": 0.90997,
        "map_at_1000": 0.90997,
        "recall_at_1": 0.86429,
        "recall_at_3": 0.94643,
        "recall_at_5": 0.96071,
        "recall_at_10": 0.98214,
        "recall_at_20": 0.99643,
        "recall_at_100": 1.0,
        "recall_at_1000": 1.0,
        "accuracy": 0.86429,
        "precision_at_1": 0.86429,
        "precision_at_3": 0.31548,
        "precision_at_5": 0.19214,
        "precision_at_10": 0.09821,
        "precision_at_20": 0.04982,
        "precision_at_100": 0.01,
        "precision_at_1000": 0.001,
        "mrr_at_1": 0.864286,
        "mrr_at_3": 0.902381,
        "mrr_at_5": 0.905595,
        "mrr_at_10": 0.908933,
        "mrr_at_20": 0.909856,
        "mrr_at_100": 0.909971,
        "mrr_at_1000": 0.909971,
        "nauc_ndcg_at_1_max": 0.825207,
        "nauc_ndcg_at_1_std": 0.357435,
        "nauc_ndcg_at_1_diff1": 0.906102,
        "nauc_ndcg_at_3_max": 0.879634,
        "nauc_ndcg_at_3_std": 0.478233,
        "nauc_ndcg_at_3_diff1": 0.906008,
        "nauc_ndcg_at_5_max": 0.875551,
        "nauc_ndcg_at_5_std": 0.456206,
        "nauc_ndcg_at_5_diff1": 0.909054,
        "nauc_ndcg_at_10_max": 0.867284,
        "nauc_ndcg_at_10_std": 0.450687,
        "nauc_ndcg_at_10_diff1": 0.906337,
        "nauc_ndcg_at_20_max": 0.860383,
        "nauc_ndcg_at_20_std": 0.436726,
        "nauc_ndcg_at_20_diff1": 0.907121,
        "nauc_ndcg_at_100_max": 0.858895,
        "nauc_ndcg_at_100_std": 0.430723,
        "nauc_ndcg_at_100_diff1": 0.906131,
        "nauc_ndcg_at_1000_max": 0.858895,
        "nauc_ndcg_at_1000_std": 0.430723,
        "nauc_ndcg_at_1000_diff1": 0.906131,
        "nauc_map_at_1_max": 0.825207,
        "nauc_map_at_1_std": 0.357435,
        "nauc_map_at_1_diff1": 0.906102,
        "nauc_map_at_3_max": 0.862801,
        "nauc_map_at_3_std": 0.441754,
        "nauc_map_at_3_diff1": 0.905217,
        "nauc_map_at_5_max": 0.860293,
        "nauc_map_at_5_std": 0.429938,
        "nauc_map_at_5_diff1": 0.90663,
        "nauc_map_at_10_max": 0.856792,
        "nauc_map_at_10_std": 0.426635,
        "nauc_map_at_10_diff1": 0.905529,
        "nauc_map_at_20_max": 0.855286,
        "nauc_map_at_20_std": 0.423368,
        "nauc_map_at_20_diff1": 0.905829,
        "nauc_map_at_100_max": 0.855095,
        "nauc_map_at_100_std": 0.422611,
        "nauc_map_at_100_diff1": 0.905705,
        "nauc_map_at_1000_max": 0.855095,
        "nauc_map_at_1000_std": 0.422611,
        "nauc_map_at_1000_diff1": 0.905705,
        "nauc_recall_at_1_max": 0.825207,
        "nauc_recall_at_1_std": 0.357435,
        "nauc_recall_at_1_diff1": 0.906102,
        "nauc_recall_at_3_max": 0.965142,
        "nauc_recall_at_3_std": 0.662838,
        "nauc_recall_at_3_diff1": 0.910675,
        "nauc_recall_at_5_max": 0.976233,
        "nauc_recall_at_5_std": 0.623843,
        "nauc_recall_at_5_diff1": 0.927213,
        "nauc_recall_at_10_max": 1.0,
        "nauc_recall_at_10_std": 0.769001,
        "nauc_recall_at_10_diff1": 0.918301,
        "nauc_recall_at_20_max": 1.0,
        "nauc_recall_at_20_std": 1.0,
        "nauc_recall_at_20_diff1": 1.0,
        "nauc_recall_at_100_max": NaN,
        "nauc_recall_at_100_std": NaN,
        "nauc_recall_at_100_diff1": NaN,
        "nauc_recall_at_1000_max": NaN,
        "nauc_recall_at_1000_std": NaN,
        "nauc_recall_at_1000_diff1": NaN,
        "nauc_precision_at_1_max": 0.825207,
        "nauc_precision_at_1_std": 0.357435,
        "nauc_precision_at_1_diff1": 0.906102,
        "nauc_precision_at_3_max": 0.965142,
        "nauc_precision_at_3_std": 0.662838,
        "nauc_precision_at_3_diff1": 0.910675,
        "nauc_precision_at_5_max": 0.976233,
        "nauc_precision_at_5_std": 0.623843,
        "nauc_precision_at_5_diff1": 0.927213,
        "nauc_precision_at_10_max": 1.0,
        "nauc_precision_at_10_std": 0.769001,
        "nauc_precision_at_10_diff1": 0.918301,
        "nauc_precision_at_20_max": 1.0,
        "nauc_precision_at_20_std": 1.0,
        "nauc_precision_at_20_diff1": 1.0,
        "nauc_precision_at_100_max": 1.0,
        "nauc_precision_at_100_std": 1.0,
        "nauc_precision_at_100_diff1": 1.0,
        "nauc_precision_at_1000_max": NaN,
        "nauc_precision_at_1000_std": NaN,
        "nauc_precision_at_1000_diff1": NaN,
        "nauc_mrr_at_1_max": 0.825207,
        "nauc_mrr_at_1_std": 0.357435,
        "nauc_mrr_at_1_diff1": 0.906102,
        "nauc_mrr_at_3_max": 0.862801,
        "nauc_mrr_at_3_std": 0.441754,
        "nauc_mrr_at_3_diff1": 0.905217,
        "nauc_mrr_at_5_max": 0.860293,
        "nauc_mrr_at_5_std": 0.429938,
        "nauc_mrr_at_5_diff1": 0.90663,
        "nauc_mrr_at_10_max": 0.856792,
        "nauc_mrr_at_10_std": 0.426635,
        "nauc_mrr_at_10_diff1": 0.905529,
        "nauc_mrr_at_20_max": 0.855286,
        "nauc_mrr_at_20_std": 0.423368,
        "nauc_mrr_at_20_diff1": 0.905829,
        "nauc_mrr_at_100_max": 0.855095,
        "nauc_mrr_at_100_std": 0.422611,
        "nauc_mrr_at_100_diff1": 0.905705,
        "nauc_mrr_at_1000_max": 0.855095,
        "nauc_mrr_at_1000_std": 0.422611,
        "nauc_mrr_at_1000_diff1": 0.905705,
        "hit_rate_at_1": 0.86429,
        "hit_rate_at_3": 0.94643,
        "hit_rate_at_5": 0.96071,
        "hit_rate_at_10": 0.98214,
        "hit_rate_at_20": 0.99643,
        "hit_rate_at_100": 1.0,
        "hit_rate_at_1000": 1.0,
        "main_score": 0.91961,
        "hf_subset": "default",
        "languages": [
          "eng-Latn"
        ],
        "mteb_version": "2.12.32"
      }
    ]
  },
  "evaluation_time": 24.657853603363037,
  "kg_co2_emissions": null,
  "date": null
}