{
  "dataset_revision": "dc7924ec102addd7f85c1ccfdd8625848179f615",
  "task_name": "VidoreTatdqaRetrieval",
  "mteb_version": "2.12.32",
  "scores": {
    "test": [
      {
        "ndcg_at_1": 0.59052,
        "ndcg_at_3": 0.69973,
        "ndcg_at_5": 0.72648,
        "ndcg_at_10": 0.75052,
        "ndcg_at_20": 0.76237,
        "ndcg_at_100": 0.76881,
        "ndcg_at_1000": 0.76944,
        "map_at_1": 0.58846,
        "map_at_3": 0.6724,
        "map_at_5": 0.68725,
        "map_at_10": 0.69748,
        "map_at_20": 0.70087,
        "map_at_100": 0.70181,
        "map_at_1000": 0.70184,
        "recall_at_1": 0.58846,
        "recall_at_3": 0.7774,
        "recall_at_5": 0.84247,
        "recall_at_10": 0.91574,
        "recall_at_20": 0.96166,
        "recall_at_100": 0.99563,
        "recall_at_1000": 1.0,
        "accuracy": 0.58846,
        "precision_at_1": 0.59052,
        "precision_at_3": 0.26043,
        "precision_at_5": 0.16938,
        "precision_at_10": 0.0921,
        "precision_at_20": 0.04839,
        "precision_at_100": 0.01005,
        "precision_at_1000": 0.00101,
        "mrr_at_1": 0.590522,
        "mrr_at_3": 0.673451,
        "mrr_at_5": 0.688275,
        "mrr_at_10": 0.698407,
        "mrr_at_20": 0.701721,
        "mrr_at_100": 0.702596,
        "mrr_at_1000": 0.702627,
        "nauc_ndcg_at_1_max": 0.400623,
        "nauc_ndcg_at_1_std": -0.18425,
        "nauc_ndcg_at_1_diff1": 0.713371,
        "nauc_ndcg_at_3_max": 0.405207,
        "nauc_ndcg_at_3_std": -0.191889,
        "nauc_ndcg_at_3_diff1": 0.675625,
        "nauc_ndcg_at_5_max": 0.408068,
        "nauc_ndcg_at_5_std": -0.177889,
        "nauc_ndcg_at_5_diff1": 0.669762,
        "nauc_ndcg_at_10_max": 0.421034,
        "nauc_ndcg_at_10_std": -0.146975,
        "nauc_ndcg_at_10_diff1": 0.67724,
        "nauc_ndcg_at_20_max": 0.41865,
        "nauc_ndcg_at_20_std": -0.14927,
        "nauc_ndcg_at_20_diff1": 0.68189,
        "nauc_ndcg_at_100_max": 0.412799,
        "nauc_ndcg_at_100_std": -0.164207,
        "nauc_ndcg_at_100_diff1": 0.684368,
        "nauc_ndcg_at_1000_max": 0.411834,
        "nauc_ndcg_at_1000_std": -0.167494,
        "nauc_ndcg_at_1000_diff1": 0.684808,
        "nauc_map_at_1_max": 0.402961,
        "nauc_map_at_1_std": -0.180373,
        "nauc_map_at_1_diff1": 0.716023,
        "nauc_map_at_3_max": 0.403693,
        "nauc_map_at_3_std": -0.190508,
        "nauc_map_at_3_diff1": 0.686958,
        "nauc_map_at_5_max": 0.405263,
        "nauc_map_at_5_std": -0.182964,
        "nauc_map_at_5_diff1": 0.684586,
        "nauc_map_at_10_max": 0.409784,
        "nauc_map_at_10_std": -0.172015,
        "nauc_map_at_10_diff1": 0.687675,
        "nauc_map_at_20_max": 0.409324,
        "nauc_map_at_20_std": -0.173026,
        "nauc_map_at_20_diff1": 0.689007,
        "nauc_map_at_100_max": 0.40865,
        "nauc_map_at_100_std": -0.174625,
        "nauc_map_at_100_diff1": 0.689197,
        "nauc_map_at_1000_max": 0.408607,
        "nauc_map_at_1000_std": -0.174784,
        "nauc_map_at_1000_diff1": 0.689219,
        "nauc_recall_at_1_max": 0.402961,
        "nauc_recall_at_1_std": -0.180373,
        "nauc_recall_at_1_diff1": 0.716023,
        "nauc_recall_at_3_max": 0.412326,
        "nauc_recall_at_3_std": -0.191686,
        "nauc_recall_at_3_diff1": 0.634288,
        "nauc_recall_at_5_max": 0.423152,
        "nauc_recall_at_5_std": -0.14406,
        "nauc_recall_at_5_diff1": 0.596662,
        "nauc_recall_at_10_max": 0.53055,
        "nauc_recall_at_10_std": 0.105997,
        "nauc_recall_at_10_diff1": 0.595791,
        "nauc_recall_at_20_max": 0.604453,
        "nauc_recall_at_20_std": 0.368501,
        "nauc_recall_at_20_diff1": 0.585653,
        "nauc_recall_at_100_max": 0.699703,
        "nauc_recall_at_100_std": 0.821427,
        "nauc_recall_at_100_diff1": 0.543694,
        "nauc_recall_at_1000_max": NaN,
        "nauc_recall_at_1000_std": NaN,
        "nauc_recall_at_1000_diff1": NaN,
        "nauc_precision_at_1_max": 0.400623,
        "nauc_precision_at_1_std": -0.18425,
        "nauc_precision_at_1_diff1": 0.713371,
        "nauc_precision_at_3_max": 0.397534,
        "nauc_precision_at_3_std": -0.1975,
        "nauc_precision_at_3_diff1": 0.612336,
        "nauc_precision_at_5_max": 0.398692,
        "nauc_precision_at_5_std": -0.15554,
        "nauc_precision_at_5_diff1": 0.562005,
        "nauc_precision_at_10_max": 0.466947,
        "nauc_precision_at_10_std": 0.06711,
        "nauc_precision_at_10_diff1": 0.515597,
        "nauc_precision_at_20_max": 0.433343,
        "nauc_precision_at_20_std": 0.226661,
        "nauc_precision_at_20_diff1": 0.388238,
        "nauc_precision_at_100_max": -0.060031,
        "nauc_precision_at_100_std": -0.118655,
        "nauc_precision_at_100_diff1": -0.205462,
        "nauc_precision_at_1000_max": -0.271347,
        "nauc_precision_at_1000_std": -0.393755,
        "nauc_precision_at_1000_diff1": -0.406344,
        "nauc_mrr_at_1_max": 0.400623,
        "nauc_mrr_at_1_std": -0.18425,
        "nauc_mrr_at_1_diff1": 0.713371,
        "nauc_mrr_at_3_max": 0.402877,
        "nauc_mrr_at_3_std": -0.192274,
        "nauc_mrr_at_3_diff1": 0.685345,
        "nauc_mrr_at_5_max": 0.40448,
        "nauc_mrr_at_5_std": -0.184679,
        "nauc_mrr_at_5_diff1": 0.682982,
        "nauc_mrr_at_10_max": 0.408931,
        "nauc_mrr_at_10_std": -0.173694,
        "nauc_mrr_at_10_diff1": 0.686025,
        "nauc_mrr_at_20_max": 0.408425,
        "nauc_mrr_at_20_std": -0.174564,
        "nauc_mrr_at_20_diff1": 0.687412,
        "nauc_mrr_at_100_max": 0.407798,
        "nauc_mrr_at_100_std": -0.176059,
        "nauc_mrr_at_100_diff1": 0.687685,
        "nauc_mrr_at_1000_max": 0.407763,
        "nauc_mrr_at_1000_std": -0.176185,
        "nauc_mrr_at_1000_diff1": 0.687713,
        "hit_rate_at_1": 0.59052,
        "hit_rate_at_3": 0.77886,
        "hit_rate_at_5": 0.84386,
        "hit_rate_at_10": 0.91677,
        "hit_rate_at_20": 0.96233,
        "hit_rate_at_100": 0.99575,
        "hit_rate_at_1000": 1.0,
        "main_score": 0.72648,
        "hf_subset": "default",
        "languages": [
          "eng-Latn"
        ],
        "mteb_version": "2.12.32"
      }
    ]
  },
  "evaluation_time": 351.1646556854248,
  "kg_co2_emissions": null,
  "date": null
}