{
  "dataset_revision": "e78cd130055fcb8d69bb0ff4115c4712a157f3d3",
  "task_name": "VidoreDocVQARetrieval",
  "mteb_version": "2.12.32",
  "scores": {
    "test": [
      {
        "ndcg_at_1": 0.44789,
        "ndcg_at_3": 0.51705,
        "ndcg_at_5": 0.53561,
        "ndcg_at_10": 0.55876,
        "ndcg_at_20": 0.58361,
        "ndcg_at_100": 0.61175,
        "ndcg_at_1000": 0.62266,
        "map_at_1": 0.44263,
        "map_at_3": 0.49682,
        "map_at_5": 0.50769,
        "map_at_10": 0.5177,
        "map_at_20": 0.52499,
        "map_at_100": 0.52903,
        "map_at_1000": 0.5296,
        "recall_at_1": 0.44263,
        "recall_at_3": 0.56632,
        "recall_at_5": 0.61221,
        "recall_at_10": 0.68287,
        "recall_at_20": 0.7767,
        "recall_at_100": 0.92365,
        "recall_at_1000": 1.0,
        "accuracy": 0.44263,
        "precision_at_1": 0.44789,
        "precision_at_3": 0.1929,
        "precision_at_5": 0.1255,
        "precision_at_10": 0.07073,
        "precision_at_20": 0.04091,
        "precision_at_100": 0.00998,
        "precision_at_1000": 0.00111,
        "mrr_at_1": 0.447894,
        "mrr_at_3": 0.503695,
        "mrr_at_5": 0.513895,
        "mrr_at_10": 0.523427,
        "mrr_at_20": 0.530443,
        "mrr_at_100": 0.534127,
        "mrr_at_1000": 0.534524,
        "nauc_ndcg_at_1_max": 0.419657,
        "nauc_ndcg_at_1_std": -0.422791,
        "nauc_ndcg_at_1_diff1": 0.688167,
        "nauc_ndcg_at_3_max": 0.391131,
        "nauc_ndcg_at_3_std": -0.417473,
        "nauc_ndcg_at_3_diff1": 0.627676,
        "nauc_ndcg_at_5_max": 0.373733,
        "nauc_ndcg_at_5_std": -0.419435,
        "nauc_ndcg_at_5_diff1": 0.615971,
        "nauc_ndcg_at_10_max": 0.373753,
        "nauc_ndcg_at_10_std": -0.408919,
        "nauc_ndcg_at_10_diff1": 0.617077,
        "nauc_ndcg_at_20_max": 0.374468,
        "nauc_ndcg_at_20_std": -0.401511,
        "nauc_ndcg_at_20_diff1": 0.621856,
        "nauc_ndcg_at_100_max": 0.396953,
        "nauc_ndcg_at_100_std": -0.376614,
        "nauc_ndcg_at_100_diff1": 0.625324,
        "nauc_ndcg_at_1000_max": 0.388096,
        "nauc_ndcg_at_1000_std": -0.398091,
        "nauc_ndcg_at_1000_diff1": 0.627834,
        "nauc_map_at_1_max": 0.417849,
        "nauc_map_at_1_std": -0.420821,
        "nauc_map_at_1_diff1": 0.690767,
        "nauc_map_at_3_max": 0.399793,
        "nauc_map_at_3_std": -0.417515,
        "nauc_map_at_3_diff1": 0.645571,
        "nauc_map_at_5_max": 0.389522,
        "nauc_map_at_5_std": -0.418129,
        "nauc_map_at_5_diff1": 0.638214,
        "nauc_map_at_10_max": 0.389737,
        "nauc_map_at_10_std": -0.414004,
        "nauc_map_at_10_diff1": 0.638626,
        "nauc_map_at_20_max": 0.390195,
        "nauc_map_at_20_std": -0.411497,
        "nauc_map_at_20_diff1": 0.639766,
        "nauc_map_at_100_max": 0.393248,
        "nauc_map_at_100_std": -0.407748,
        "nauc_map_at_100_diff1": 0.639976,
        "nauc_map_at_1000_max": 0.392824,
        "nauc_map_at_1000_std": -0.408474,
        "nauc_map_at_1000_diff1": 0.639983,
        "nauc_recall_at_1_max": 0.417849,
        "nauc_recall_at_1_std": -0.420821,
        "nauc_recall_at_1_diff1": 0.690767,
        "nauc_recall_at_3_max": 0.372094,
        "nauc_recall_at_3_std": -0.418559,
        "nauc_recall_at_3_diff1": 0.582044,
        "nauc_recall_at_5_max": 0.321191,
        "nauc_recall_at_5_std": -0.424677,
        "nauc_recall_at_5_diff1": 0.545471,
        "nauc_recall_at_10_max": 0.305718,
        "nauc_recall_at_10_std": -0.392325,
        "nauc_recall_at_10_diff1": 0.540959,
        "nauc_recall_at_20_max": 0.291389,
        "nauc_recall_at_20_std": -0.351282,
        "nauc_recall_at_20_diff1": 0.548606,
        "nauc_recall_at_100_max": 0.588134,
        "nauc_recall_at_100_std": 0.189284,
        "nauc_recall_at_100_diff1": 0.518429,
        "nauc_recall_at_1000_max": NaN,
        "nauc_recall_at_1000_std": NaN,
        "nauc_recall_at_1000_diff1": NaN,
        "nauc_precision_at_1_max": 0.419657,
        "nauc_precision_at_1_std": -0.422791,
        "nauc_precision_at_1_diff1": 0.688167,
        "nauc_precision_at_3_max": 0.363921,
        "nauc_precision_at_3_std": -0.407193,
        "nauc_precision_at_3_diff1": 0.558274,
        "nauc_precision_at_5_max": 0.302018,
        "nauc_precision_at_5_std": -0.397876,
        "nauc_precision_at_5_diff1": 0.500933,
        "nauc_precision_at_10_max": 0.293811,
        "nauc_precision_at_10_std": -0.308053,
        "nauc_precision_at_10_diff1": 0.455049,
        "nauc_precision_at_20_max": 0.205393,
        "nauc_precision_at_20_std": -0.166004,
        "nauc_precision_at_20_diff1": 0.337307,
        "nauc_precision_at_100_max": 0.099006,
        "nauc_precision_at_100_std": 0.349744,
        "nauc_precision_at_100_diff1": -0.061187,
        "nauc_precision_at_1000_max": -0.285963,
        "nauc_precision_at_1000_std": 0.212887,
        "nauc_precision_at_1000_diff1": -0.388667,
        "nauc_mrr_at_1_max": 0.419657,
        "nauc_mrr_at_1_std": -0.422791,
        "nauc_mrr_at_1_diff1": 0.688167,
        "nauc_mrr_at_3_max": 0.397999,
        "nauc_mrr_at_3_std": -0.416738,
        "nauc_mrr_at_3_diff1": 0.640561,
        "nauc_mrr_at_5_max": 0.388499,
        "nauc_mrr_at_5_std": -0.417816,
        "nauc_mrr_at_5_diff1": 0.634791,
        "nauc_mrr_at_10_max": 0.388085,
        "nauc_mrr_at_10_std": -0.414599,
        "nauc_mrr_at_10_diff1": 0.634701,
        "nauc_mrr_at_20_max": 0.388509,
        "nauc_mrr_at_20_std": -0.413252,
        "nauc_mrr_at_20_diff1": 0.636832,
        "nauc_mrr_at_100_max": 0.391655,
        "nauc_mrr_at_100_std": -0.410931,
        "nauc_mrr_at_100_diff1": 0.637224,
        "nauc_mrr_at_1000_max": 0.39142,
        "nauc_mrr_at_1000_std": -0.411496,
        "nauc_mrr_at_1000_diff1": 0.63733,
        "hit_rate_at_1": 0.44789,
        "hit_rate_at_3": 0.5765,
        "hit_rate_at_5": 0.62084,
        "hit_rate_at_10": 0.6918,
        "hit_rate_at_20": 0.78714,
        "hit_rate_at_100": 0.93348,
        "hit_rate_at_1000": 1.0,
        "main_score": 0.53561,
        "hf_subset": "default",
        "languages": [
          "eng-Latn"
        ],
        "mteb_version": "2.12.32"
      }
    ]
  },
  "evaluation_time": 399.9397871494293,
  "kg_co2_emissions": null,
  "date": null
}