{
  "dataset_revision": "12c5b7a81fc19d66f1844642acdb88e8ad79af16",
  "task_name": "VidoreSyntheticDocQAAIRetrieval",
  "mteb_version": "2.12.32",
  "scores": {
    "test": [
      {
        "ndcg_at_1": 0.92,
        "ndcg_at_3": 0.96155,
        "ndcg_at_5": 0.96542,
        "ndcg_at_10": 0.96542,
        "ndcg_at_20": 0.96542,
        "ndcg_at_100": 0.96542,
        "ndcg_at_1000": 0.96542,
        "map_at_1": 0.92,
        "map_at_3": 0.95167,
        "map_at_5": 0.95367,
        "map_at_10": 0.95367,
        "map_at_20": 0.95367,
        "map_at_100": 0.95367,
        "map_at_1000": 0.95367,
        "recall_at_1": 0.92,
        "recall_at_3": 0.99,
        "recall_at_5": 1.0,
        "recall_at_10": 1.0,
        "recall_at_20": 1.0,
        "recall_at_100": 1.0,
        "recall_at_1000": 1.0,
        "accuracy": 0.92,
        "precision_at_1": 0.92,
        "precision_at_3": 0.33,
        "precision_at_5": 0.2,
        "precision_at_10": 0.1,
        "precision_at_20": 0.05,
        "precision_at_100": 0.01,
        "precision_at_1000": 0.001,
        "mrr_at_1": 0.92,
        "mrr_at_3": 0.951667,
        "mrr_at_5": 0.953667,
        "mrr_at_10": 0.953667,
        "mrr_at_20": 0.953667,
        "mrr_at_100": 0.953667,
        "mrr_at_1000": 0.953667,
        "nauc_ndcg_at_1_max": 0.51278,
        "nauc_ndcg_at_1_std": -0.662173,
        "nauc_ndcg_at_1_diff1": 0.932598,
        "nauc_ndcg_at_3_max": 0.548296,
        "nauc_ndcg_at_3_std": -0.819115,
        "nauc_ndcg_at_3_diff1": 0.926799,
        "nauc_ndcg_at_5_max": 0.547641,
        "nauc_ndcg_at_5_std": -0.716113,
        "nauc_ndcg_at_5_diff1": 0.933233,
        "nauc_ndcg_at_10_max": 0.547641,
        "nauc_ndcg_at_10_std": -0.716113,
        "nauc_ndcg_at_10_diff1": 0.933233,
        "nauc_ndcg_at_20_max": 0.547641,
        "nauc_ndcg_at_20_std": -0.716113,
        "nauc_ndcg_at_20_diff1": 0.933233,
        "nauc_ndcg_at_100_max": 0.547641,
        "nauc_ndcg_at_100_std": -0.716113,
        "nauc_ndcg_at_100_diff1": 0.933233,
        "nauc_ndcg_at_1000_max": 0.547641,
        "nauc_ndcg_at_1000_std": -0.716113,
        "nauc_ndcg_at_1000_diff1": 0.933233,
        "nauc_map_at_1_max": 0.51278,
        "nauc_map_at_1_std": -0.662173,
        "nauc_map_at_1_diff1": 0.932598,
        "nauc_map_at_3_max": 0.546154,
        "nauc_map_at_3_std": -0.753517,
        "nauc_map_at_3_diff1": 0.930696,
        "nauc_map_at_5_max": 0.545809,
        "nauc_map_at_5_std": -0.710937,
        "nauc_map_at_5_diff1": 0.933347,
        "nauc_map_at_10_max": 0.545809,
        "nauc_map_at_10_std": -0.710937,
        "nauc_map_at_10_diff1": 0.933347,
        "nauc_map_at_20_max": 0.545809,
        "nauc_map_at_20_std": -0.710937,
        "nauc_map_at_20_diff1": 0.933347,
        "nauc_map_at_100_max": 0.545809,
        "nauc_map_at_100_std": -0.710937,
        "nauc_map_at_100_diff1": 0.933347,
        "nauc_map_at_1000_max": 0.545809,
        "nauc_map_at_1000_std": -0.710937,
        "nauc_map_at_1000_diff1": 0.933347,
        "nauc_recall_at_1_max": 0.51278,
        "nauc_recall_at_1_std": -0.662173,
        "nauc_recall_at_1_diff1": 0.932598,
        "nauc_recall_at_3_max": 0.554155,
        "nauc_recall_at_3_std": -1.739963,
        "nauc_recall_at_3_diff1": 0.869281,
        "nauc_recall_at_5_max": NaN,
        "nauc_recall_at_5_std": NaN,
        "nauc_recall_at_5_diff1": NaN,
        "nauc_recall_at_10_max": NaN,
        "nauc_recall_at_10_std": NaN,
        "nauc_recall_at_10_diff1": NaN,
        "nauc_recall_at_20_max": NaN,
        "nauc_recall_at_20_std": NaN,
        "nauc_recall_at_20_diff1": NaN,
        "nauc_recall_at_100_max": NaN,
        "nauc_recall_at_100_std": NaN,
        "nauc_recall_at_100_diff1": NaN,
        "nauc_recall_at_1000_max": NaN,
        "nauc_recall_at_1000_std": NaN,
        "nauc_recall_at_1000_diff1": NaN,
        "nauc_precision_at_1_max": 0.51278,
        "nauc_precision_at_1_std": -0.662173,
        "nauc_precision_at_1_diff1": 0.932598,
        "nauc_precision_at_3_max": 0.554155,
        "nauc_precision_at_3_std": -1.739963,
        "nauc_precision_at_3_diff1": 0.869281,
        "nauc_precision_at_5_max": 1.0,
        "nauc_precision_at_5_std": 1.0,
        "nauc_precision_at_5_diff1": 1.0,
        "nauc_precision_at_10_max": 1.0,
        "nauc_precision_at_10_std": 1.0,
        "nauc_precision_at_10_diff1": 1.0,
        "nauc_precision_at_20_max": 1.0,
        "nauc_precision_at_20_std": 1.0,
        "nauc_precision_at_20_diff1": 1.0,
        "nauc_precision_at_100_max": NaN,
        "nauc_precision_at_100_std": NaN,
        "nauc_precision_at_100_diff1": NaN,
        "nauc_precision_at_1000_max": NaN,
        "nauc_precision_at_1000_std": NaN,
        "nauc_precision_at_1000_diff1": NaN,
        "nauc_mrr_at_1_max": 0.51278,
        "nauc_mrr_at_1_std": -0.662173,
        "nauc_mrr_at_1_diff1": 0.932598,
        "nauc_mrr_at_3_max": 0.546154,
        "nauc_mrr_at_3_std": -0.753517,
        "nauc_mrr_at_3_diff1": 0.930696,
        "nauc_mrr_at_5_max": 0.545809,
        "nauc_mrr_at_5_std": -0.710937,
        "nauc_mrr_at_5_diff1": 0.933347,
        "nauc_mrr_at_10_max": 0.545809,
        "nauc_mrr_at_10_std": -0.710937,
        "nauc_mrr_at_10_diff1": 0.933347,
        "nauc_mrr_at_20_max": 0.545809,
        "nauc_mrr_at_20_std": -0.710937,
        "nauc_mrr_at_20_diff1": 0.933347,
        "nauc_mrr_at_100_max": 0.545809,
        "nauc_mrr_at_100_std": -0.710937,
        "nauc_mrr_at_100_diff1": 0.933347,
        "nauc_mrr_at_1000_max": 0.545809,
        "nauc_mrr_at_1000_std": -0.710937,
        "nauc_mrr_at_1000_diff1": 0.933347,
        "hit_rate_at_1": 0.92,
        "hit_rate_at_3": 0.99,
        "hit_rate_at_5": 1.0,
        "hit_rate_at_10": 1.0,
        "hit_rate_at_20": 1.0,
        "hit_rate_at_100": 1.0,
        "hit_rate_at_1000": 1.0,
        "main_score": 0.96542,
        "hf_subset": "default",
        "languages": [
          "eng-Latn"
        ],
        "mteb_version": "2.12.32"
      }
    ]
  },
  "evaluation_time": 933.007541179657,
  "kg_co2_emissions": null,
  "date": null
}