{
  "dataset_revision": "158d0c0ce9cdd4f292964393de7dd47dc3e87519",
  "task_name": "VisualNewsI2TRetrieval",
  "mteb_version": "2.12.32",
  "scores": {
    "test": [
      {
        "ndcg_at_1": 0.02295,
        "ndcg_at_3": 0.03255,
        "ndcg_at_5": 0.03655,
        "ndcg_at_10": 0.04266,
        "ndcg_at_20": 0.0486,
        "ndcg_at_100": 0.06299,
        "ndcg_at_1000": 0.08636,
        "map_at_1": 0.02295,
        "map_at_3": 0.03013,
        "map_at_5": 0.03235,
        "map_at_10": 0.03488,
        "map_at_20": 0.0365,
        "map_at_100": 0.03834,
        "map_at_1000": 0.03903,
        "recall_at_1": 0.02295,
        "recall_at_3": 0.03955,
        "recall_at_5": 0.0493,
        "recall_at_10": 0.06815,
        "recall_at_20": 0.0917,
        "recall_at_100": 0.17155,
        "recall_at_1000": 0.3667,
        "accuracy": 0.02295,
        "precision_at_1": 0.02295,
        "precision_at_3": 0.01318,
        "precision_at_5": 0.00986,
        "precision_at_10": 0.00681,
        "precision_at_20": 0.00458,
        "precision_at_100": 0.00172,
        "precision_at_1000": 0.00037,
        "mrr_at_1": 0.02295,
        "mrr_at_3": 0.030133,
        "mrr_at_5": 0.032346,
        "mrr_at_10": 0.034882,
        "mrr_at_20": 0.036498,
        "mrr_at_100": 0.03834,
        "mrr_at_1000": 0.039029,
        "nauc_ndcg_at_1_max": -0.060837,
        "nauc_ndcg_at_1_std": -0.125204,
        "nauc_ndcg_at_1_diff1": 0.322874,
        "nauc_ndcg_at_3_max": -0.060223,
        "nauc_ndcg_at_3_std": -0.098312,
        "nauc_ndcg_at_3_diff1": 0.236553,
        "nauc_ndcg_at_5_max": -0.056166,
        "nauc_ndcg_at_5_std": -0.084552,
        "nauc_ndcg_at_5_diff1": 0.205918,
        "nauc_ndcg_at_10_max": -0.055623,
        "nauc_ndcg_at_10_std": -0.070761,
        "nauc_ndcg_at_10_diff1": 0.176825,
        "nauc_ndcg_at_20_max": -0.051946,
        "nauc_ndcg_at_20_std": -0.060293,
        "nauc_ndcg_at_20_diff1": 0.151958,
        "nauc_ndcg_at_100_max": -0.045444,
        "nauc_ndcg_at_100_std": -0.03609,
        "nauc_ndcg_at_100_diff1": 0.126213,
        "nauc_ndcg_at_1000_max": -0.022036,
        "nauc_ndcg_at_1000_std": 0.000631,
        "nauc_ndcg_at_1000_diff1": 0.107404,
        "nauc_map_at_1_max": -0.060837,
        "nauc_map_at_1_std": -0.125204,
        "nauc_map_at_1_diff1": 0.322874,
        "nauc_map_at_3_max": -0.059879,
        "nauc_map_at_3_std": -0.103345,
        "nauc_map_at_3_diff1": 0.252132,
        "nauc_map_at_5_max": -0.057042,
        "nauc_map_at_5_std": -0.094232,
        "nauc_map_at_5_diff1": 0.231808,
        "nauc_map_at_10_max": -0.056751,
        "nauc_map_at_10_std": -0.086496,
        "nauc_map_at_10_diff1": 0.214922,
        "nauc_map_at_20_max": -0.055264,
        "nauc_map_at_20_std": -0.081878,
        "nauc_map_at_20_diff1": 0.20419,
        "nauc_map_at_100_max": -0.053996,
        "nauc_map_at_100_std": -0.07661,
        "nauc_map_at_100_diff1": 0.197312,
        "nauc_map_at_1000_max": -0.052793,
        "nauc_map_at_1000_std": -0.074412,
        "nauc_map_at_1000_diff1": 0.195645,
        "nauc_recall_at_1_max": -0.060837,
        "nauc_recall_at_1_std": -0.125204,
        "nauc_recall_at_1_diff1": 0.322874,
        "nauc_recall_at_3_max": -0.061122,
        "nauc_recall_at_3_std": -0.087217,
        "nauc_recall_at_3_diff1": 0.202386,
        "nauc_recall_at_5_max": -0.054505,
        "nauc_recall_at_5_std": -0.065027,
        "nauc_recall_at_5_diff1": 0.154139,
        "nauc_recall_at_10_max": -0.053832,
        "nauc_recall_at_10_std": -0.043957,
        "nauc_recall_at_10_diff1": 0.11297,
        "nauc_recall_at_20_max": -0.046866,
        "nauc_recall_at_20_std": -0.029175,
        "nauc_recall_at_20_diff1": 0.077098,
        "nauc_recall_at_100_max": -0.034102,
        "nauc_recall_at_100_std": 0.013688,
        "nauc_recall_at_100_diff1": 0.047997,
        "nauc_recall_at_1000_max": 0.026543,
        "nauc_recall_at_1000_std": 0.098362,
        "nauc_recall_at_1000_diff1": 0.021717,
        "nauc_precision_at_1_max": -0.060837,
        "nauc_precision_at_1_std": -0.125204,
        "nauc_precision_at_1_diff1": 0.322874,
        "nauc_precision_at_3_max": -0.061122,
        "nauc_precision_at_3_std": -0.087217,
        "nauc_precision_at_3_diff1": 0.202386,
        "nauc_precision_at_5_max": -0.054505,
        "nauc_precision_at_5_std": -0.065027,
        "nauc_precision_at_5_diff1": 0.154139,
        "nauc_precision_at_10_max": -0.053832,
        "nauc_precision_at_10_std": -0.043957,
        "nauc_precision_at_10_diff1": 0.11297,
        "nauc_precision_at_20_max": -0.046866,
        "nauc_precision_at_20_std": -0.029175,
        "nauc_precision_at_20_diff1": 0.077098,
        "nauc_precision_at_100_max": -0.034102,
        "nauc_precision_at_100_std": 0.013688,
        "nauc_precision_at_100_diff1": 0.047997,
        "nauc_precision_at_1000_max": 0.026543,
        "nauc_precision_at_1000_std": 0.098362,
        "nauc_precision_at_1000_diff1": 0.021717,
        "nauc_mrr_at_1_max": -0.060837,
        "nauc_mrr_at_1_std": -0.125204,
        "nauc_mrr_at_1_diff1": 0.322874,
        "nauc_mrr_at_3_max": -0.059879,
        "nauc_mrr_at_3_std": -0.103345,
        "nauc_mrr_at_3_diff1": 0.252132,
        "nauc_mrr_at_5_max": -0.057042,
        "nauc_mrr_at_5_std": -0.094232,
        "nauc_mrr_at_5_diff1": 0.231808,
        "nauc_mrr_at_10_max": -0.056751,
        "nauc_mrr_at_10_std": -0.086496,
        "nauc_mrr_at_10_diff1": 0.214922,
        "nauc_mrr_at_20_max": -0.055264,
        "nauc_mrr_at_20_std": -0.081878,
        "nauc_mrr_at_20_diff1": 0.20419,
        "nauc_mrr_at_100_max": -0.053995,
        "nauc_mrr_at_100_std": -0.07661,
        "nauc_mrr_at_100_diff1": 0.197312,
        "nauc_mrr_at_1000_max": -0.052793,
        "nauc_mrr_at_1000_std": -0.074412,
        "nauc_mrr_at_1000_diff1": 0.195645,
        "hit_rate_at_1": 0.02295,
        "hit_rate_at_3": 0.03955,
        "hit_rate_at_5": 0.0493,
        "hit_rate_at_10": 0.06815,
        "hit_rate_at_20": 0.0917,
        "hit_rate_at_100": 0.17155,
        "hit_rate_at_1000": 0.3667,
        "main_score": 0.04266,
        "hf_subset": "default",
        "languages": [
          "eng-Latn"
        ],
        "mteb_version": "2.12.32"
      }
    ]
  },
  "evaluation_time": 20783.65509366989,
  "kg_co2_emissions": null,
  "date": null
}