{
  "dataset_revision": "cee84d52b243da575fa9ba71501a8433464a79a1",
  "task_name": "VQA2IT2TRetrieval",
  "mteb_version": "2.12.32",
  "scores": {
    "test": [
      {
        "ndcg_at_1": 0.00253,
        "ndcg_at_3": 0.00384,
        "ndcg_at_5": 0.00449,
        "ndcg_at_10": 0.00548,
        "ndcg_at_20": 0.00681,
        "ndcg_at_100": 0.01286,
        "ndcg_at_1000": 0.04959,
        "map_at_1": 0.00253,
        "map_at_3": 0.00352,
        "map_at_5": 0.00387,
        "map_at_10": 0.00428,
        "map_at_20": 0.00463,
        "map_at_100": 0.00535,
        "map_at_1000": 0.00617,
        "recall_at_1": 0.00253,
        "recall_at_3": 0.0048,
        "recall_at_5": 0.00637,
        "recall_at_10": 0.00947,
        "recall_at_20": 0.01475,
        "recall_at_100": 0.0493,
        "recall_at_1000": 0.37337,
        "accuracy": 0.00253,
        "precision_at_1": 0.00253,
        "precision_at_3": 0.0016,
        "precision_at_5": 0.00127,
        "precision_at_10": 0.00095,
        "precision_at_20": 0.00074,
        "precision_at_100": 0.00049,
        "precision_at_1000": 0.00037,
        "mrr_at_1": 0.002533,
        "mrr_at_3": 0.003515,
        "mrr_at_5": 0.003873,
        "mrr_at_10": 0.004277,
        "mrr_at_20": 0.004634,
        "mrr_at_100": 0.005347,
        "mrr_at_1000": 0.006167,
        "nauc_ndcg_at_1_max": 0.019719,
        "nauc_ndcg_at_1_std": -0.125264,
        "nauc_ndcg_at_1_diff1": 0.321785,
        "nauc_ndcg_at_3_max": -0.007051,
        "nauc_ndcg_at_3_std": -0.122986,
        "nauc_ndcg_at_3_diff1": 0.21143,
        "nauc_ndcg_at_5_max": -0.019112,
        "nauc_ndcg_at_5_std": -0.124441,
        "nauc_ndcg_at_5_diff1": 0.179684,
        "nauc_ndcg_at_10_max": -0.028233,
        "nauc_ndcg_at_10_std": -0.12544,
        "nauc_ndcg_at_10_diff1": 0.14134,
        "nauc_ndcg_at_20_max": -0.033055,
        "nauc_ndcg_at_20_std": -0.130659,
        "nauc_ndcg_at_20_diff1": 0.103729,
        "nauc_ndcg_at_100_max": -0.004279,
        "nauc_ndcg_at_100_std": -0.084812,
        "nauc_ndcg_at_100_diff1": 0.049608,
        "nauc_ndcg_at_1000_max": 0.097351,
        "nauc_ndcg_at_1000_std": -0.023433,
        "nauc_ndcg_at_1000_diff1": 0.01561,
        "nauc_map_at_1_max": 0.019719,
        "nauc_map_at_1_std": -0.125264,
        "nauc_map_at_1_diff1": 0.321785,
        "nauc_map_at_3_max": -0.001947,
        "nauc_map_at_3_std": -0.122132,
        "nauc_map_at_3_diff1": 0.231843,
        "nauc_map_at_5_max": -0.010101,
        "nauc_map_at_5_std": -0.123116,
        "nauc_map_at_5_diff1": 0.209596,
        "nauc_map_at_10_max": -0.015892,
        "nauc_map_at_10_std": -0.123896,
        "nauc_map_at_10_diff1": 0.186506,
        "nauc_map_at_20_max": -0.018841,
        "nauc_map_at_20_std": -0.126121,
        "nauc_map_at_20_diff1": 0.168136,
        "nauc_map_at_100_max": -0.013989,
        "nauc_map_at_100_std": -0.116537,
        "nauc_map_at_100_diff1": 0.143694,
        "nauc_map_at_1000_max": -0.001456,
        "nauc_map_at_1000_std": -0.103436,
        "nauc_map_at_1000_diff1": 0.129243,
        "nauc_recall_at_1_max": 0.019719,
        "nauc_recall_at_1_std": -0.125264,
        "nauc_recall_at_1_diff1": 0.321785,
        "nauc_recall_at_3_max": -0.017982,
        "nauc_recall_at_3_std": -0.125172,
        "nauc_recall_at_3_diff1": 0.167877,
        "nauc_recall_at_5_max": -0.036109,
        "nauc_recall_at_5_std": -0.127197,
        "nauc_recall_at_5_diff1": 0.12418,
        "nauc_recall_at_10_max": -0.046589,
        "nauc_recall_at_10_std": -0.12777,
        "nauc_recall_at_10_diff1": 0.073642,
        "nauc_recall_at_20_max": -0.048705,
        "nauc_recall_at_20_std": -0.136438,
        "nauc_recall_at_20_diff1": 0.028574,
        "nauc_recall_at_100_max": 0.007351,
        "nauc_recall_at_100_std": -0.059369,
        "nauc_recall_at_100_diff1": 0.001663,
        "nauc_recall_at_1000_max": 0.137404,
        "nauc_recall_at_1000_std": -0.000119,
        "nauc_recall_at_1000_diff1": -0.004606,
        "nauc_precision_at_1_max": 0.019719,
        "nauc_precision_at_1_std": -0.125264,
        "nauc_precision_at_1_diff1": 0.321785,
        "nauc_precision_at_3_max": -0.017982,
        "nauc_precision_at_3_std": -0.125172,
        "nauc_precision_at_3_diff1": 0.167877,
        "nauc_precision_at_5_max": -0.036109,
        "nauc_precision_at_5_std": -0.127197,
        "nauc_precision_at_5_diff1": 0.12418,
        "nauc_precision_at_10_max": -0.046589,
        "nauc_precision_at_10_std": -0.12777,
        "nauc_precision_at_10_diff1": 0.073642,
        "nauc_precision_at_20_max": -0.048705,
        "nauc_precision_at_20_std": -0.136438,
        "nauc_precision_at_20_diff1": 0.028574,
        "nauc_precision_at_100_max": 0.007351,
        "nauc_precision_at_100_std": -0.059369,
        "nauc_precision_at_100_diff1": 0.001663,
        "nauc_precision_at_1000_max": 0.137404,
        "nauc_precision_at_1000_std": -0.000119,
        "nauc_precision_at_1000_diff1": -0.004606,
        "nauc_mrr_at_1_max": 0.019719,
        "nauc_mrr_at_1_std": -0.125264,
        "nauc_mrr_at_1_diff1": 0.321785,
        "nauc_mrr_at_3_max": -0.001947,
        "nauc_mrr_at_3_std": -0.122132,
        "nauc_mrr_at_3_diff1": 0.231843,
        "nauc_mrr_at_5_max": -0.010101,
        "nauc_mrr_at_5_std": -0.123116,
        "nauc_mrr_at_5_diff1": 0.209596,
        "nauc_mrr_at_10_max": -0.015892,
        "nauc_mrr_at_10_std": -0.123896,
        "nauc_mrr_at_10_diff1": 0.186506,
        "nauc_mrr_at_20_max": -0.018841,
        "nauc_mrr_at_20_std": -0.126121,
        "nauc_mrr_at_20_diff1": 0.168136,
        "nauc_mrr_at_100_max": -0.013989,
        "nauc_mrr_at_100_std": -0.116537,
        "nauc_mrr_at_100_diff1": 0.143694,
        "nauc_mrr_at_1000_max": -0.001456,
        "nauc_mrr_at_1000_std": -0.103436,
        "nauc_mrr_at_1000_diff1": 0.129243,
        "hit_rate_at_1": 0.00253,
        "hit_rate_at_3": 0.0048,
        "hit_rate_at_5": 0.00637,
        "hit_rate_at_10": 0.00947,
        "hit_rate_at_20": 0.01475,
        "hit_rate_at_100": 0.0493,
        "hit_rate_at_1000": 0.37337,
        "main_score": 0.00548,
        "hf_subset": "default",
        "languages": [
          "eng-Latn"
        ],
        "mteb_version": "2.12.32"
      }
    ]
  },
  "evaluation_time": 31060.42845916748,
  "kg_co2_emissions": null,
  "date": null
}