{
  "dataset_revision": "8a9243d504a2039b3467abdef2208a127a5c0737",
  "task_name": "WebQAT2ITRetrieval",
  "mteb_version": "2.12.32",
  "scores": {
    "test": [
      {
        "ndcg_at_1": 0.44365,
        "ndcg_at_3": 0.49224,
        "ndcg_at_5": 0.53032,
        "ndcg_at_10": 0.56234,
        "ndcg_at_20": 0.58552,
        "ndcg_at_100": 0.61253,
        "ndcg_at_1000": 0.62168,
        "map_at_1": 0.3415,
        "map_at_3": 0.45042,
        "map_at_5": 0.47466,
        "map_at_10": 0.49059,
        "map_at_20": 0.4986,
        "map_at_100": 0.50337,
        "map_at_1000": 0.50383,
        "recall_at_1": 0.3415,
        "recall_at_3": 0.53823,
        "recall_at_5": 0.62027,
        "recall_at_10": 0.70868,
        "recall_at_20": 0.78853,
        "recall_at_100": 0.91736,
        "recall_at_1000": 0.98068,
        "accuracy": 0.3415,
        "precision_at_1": 0.44365,
        "precision_at_3": 0.24439,
        "precision_at_5": 0.17196,
        "precision_at_10": 0.09924,
        "precision_at_20": 0.05591,
        "precision_at_100": 0.01315,
        "precision_at_1000": 0.00141,
        "mrr_at_1": 0.446436,
        "mrr_at_3": 0.529205,
        "mrr_at_5": 0.547743,
        "mrr_at_10": 0.557889,
        "mrr_at_20": 0.562595,
        "mrr_at_100": 0.56516,
        "mrr_at_1000": 0.565352,
        "nauc_ndcg_at_1_max": 0.289673,
        "nauc_ndcg_at_1_std": -0.169905,
        "nauc_ndcg_at_1_diff1": 0.587319,
        "nauc_ndcg_at_3_max": 0.317304,
        "nauc_ndcg_at_3_std": -0.168422,
        "nauc_ndcg_at_3_diff1": 0.51037,
        "nauc_ndcg_at_5_max": 0.314851,
        "nauc_ndcg_at_5_std": -0.162774,
        "nauc_ndcg_at_5_diff1": 0.501948,
        "nauc_ndcg_at_10_max": 0.320765,
        "nauc_ndcg_at_10_std": -0.148491,
        "nauc_ndcg_at_10_diff1": 0.495976,
        "nauc_ndcg_at_20_max": 0.323453,
        "nauc_ndcg_at_20_std": -0.135607,
        "nauc_ndcg_at_20_diff1": 0.498222,
        "nauc_ndcg_at_100_max": 0.320872,
        "nauc_ndcg_at_100_std": -0.127636,
        "nauc_ndcg_at_100_diff1": 0.505441,
        "nauc_ndcg_at_1000_max": 0.319564,
        "nauc_ndcg_at_1000_std": -0.134536,
        "nauc_ndcg_at_1000_diff1": 0.510119,
        "nauc_map_at_1_max": 0.272227,
        "nauc_map_at_1_std": -0.162589,
        "nauc_map_at_1_diff1": 0.550633,
        "nauc_map_at_3_max": 0.309988,
        "nauc_map_at_3_std": -0.171603,
        "nauc_map_at_3_diff1": 0.518866,
        "nauc_map_at_5_max": 0.310215,
        "nauc_map_at_5_std": -0.169031,
        "nauc_map_at_5_diff1": 0.514132,
        "nauc_map_at_10_max": 0.311699,
        "nauc_map_at_10_std": -0.163869,
        "nauc_map_at_10_diff1": 0.511331,
        "nauc_map_at_20_max": 0.312859,
        "nauc_map_at_20_std": -0.159023,
        "nauc_map_at_20_diff1": 0.51255,
        "nauc_map_at_100_max": 0.312482,
        "nauc_map_at_100_std": -0.157377,
        "nauc_map_at_100_diff1": 0.513484,
        "nauc_map_at_1000_max": 0.312437,
        "nauc_map_at_1000_std": -0.157569,
        "nauc_map_at_1000_diff1": 0.513748,
        "nauc_recall_at_1_max": 0.272227,
        "nauc_recall_at_1_std": -0.162589,
        "nauc_recall_at_1_diff1": 0.550633,
        "nauc_recall_at_3_max": 0.319099,
        "nauc_recall_at_3_std": -0.159911,
        "nauc_recall_at_3_diff1": 0.442016,
        "nauc_recall_at_5_max": 0.308292,
        "nauc_recall_at_5_std": -0.147288,
        "nauc_recall_at_5_diff1": 0.411238,
        "nauc_recall_at_10_max": 0.329284,
        "nauc_recall_at_10_std": -0.09847,
        "nauc_recall_at_10_diff1": 0.374521,
        "nauc_recall_at_20_max": 0.345982,
        "nauc_recall_at_20_std": -0.028423,
        "nauc_recall_at_20_diff1": 0.357505,
        "nauc_recall_at_100_max": 0.357246,
        "nauc_recall_at_100_std": 0.174392,
        "nauc_recall_at_100_diff1": 0.323503,
        "nauc_recall_at_1000_max": 0.430452,
        "nauc_recall_at_1000_std": 0.381713,
        "nauc_recall_at_1000_diff1": 0.30159,
        "nauc_precision_at_1_max": 0.289673,
        "nauc_precision_at_1_std": -0.169905,
        "nauc_precision_at_1_diff1": 0.587319,
        "nauc_precision_at_3_max": 0.274065,
        "nauc_precision_at_3_std": -0.121948,
        "nauc_precision_at_3_diff1": 0.364622,
        "nauc_precision_at_5_max": 0.236239,
        "nauc_precision_at_5_std": -0.083014,
        "nauc_precision_at_5_diff1": 0.285419,
        "nauc_precision_at_10_max": 0.200658,
        "nauc_precision_at_10_std": -0.017206,
        "nauc_precision_at_10_diff1": 0.197874,
        "nauc_precision_at_20_max": 0.163363,
        "nauc_precision_at_20_std": 0.060925,
        "nauc_precision_at_20_diff1": 0.125467,
        "nauc_precision_at_100_max": 0.056804,
        "nauc_precision_at_100_std": 0.180418,
        "nauc_precision_at_100_diff1": -0.010407,
        "nauc_precision_at_1000_max": -0.013731,
        "nauc_precision_at_1000_std": 0.186548,
        "nauc_precision_at_1000_diff1": -0.090591,
        "nauc_mrr_at_1_max": 0.292522,
        "nauc_mrr_at_1_std": -0.168341,
        "nauc_mrr_at_1_diff1": 0.580073,
        "nauc_mrr_at_3_max": 0.314759,
        "nauc_mrr_at_3_std": -0.163494,
        "nauc_mrr_at_3_diff1": 0.539528,
        "nauc_mrr_at_5_max": 0.310623,
        "nauc_mrr_at_5_std": -0.158564,
        "nauc_mrr_at_5_diff1": 0.53619,
        "nauc_mrr_at_10_max": 0.313813,
        "nauc_mrr_at_10_std": -0.151985,
        "nauc_mrr_at_10_diff1": 0.535484,
        "nauc_mrr_at_20_max": 0.313953,
        "nauc_mrr_at_20_std": -0.151536,
        "nauc_mrr_at_20_diff1": 0.535992,
        "nauc_mrr_at_100_max": 0.313707,
        "nauc_mrr_at_100_std": -0.151383,
        "nauc_mrr_at_100_diff1": 0.53718,
        "nauc_mrr_at_1000_max": 0.31367,
        "nauc_mrr_at_1000_std": -0.151608,
        "nauc_mrr_at_1000_diff1": 0.537277,
        "hit_rate_at_1": 0.44365,
        "hit_rate_at_3": 0.63481,
        "hit_rate_at_5": 0.71406,
        "hit_rate_at_10": 0.78933,
        "hit_rate_at_20": 0.85265,
        "hit_rate_at_100": 0.94902,
        "hit_rate_at_1000": 0.98726,
        "main_score": 0.56234,
        "hf_subset": "default",
        "languages": [
          "eng-Latn"
        ],
        "mteb_version": "2.12.32"
      }
    ]
  },
  "evaluation_time": 62839.88791561127,
  "kg_co2_emissions": null,
  "date": null
}