{
  "dataset_revision": "bf110dabd08865a8aff2d40d03696984e76085e0",
  "task_name": "CovidQA",
  "mteb_version": "2.12.39",
  "scores": {
    "test": [
      {
        "ndcg_at_1": 0.60666,
        "ndcg_at_3": 0.72382,
        "ndcg_at_5": 0.75357,
        "ndcg_at_10": 0.77167,
        "ndcg_at_20": 0.78356,
        "ndcg_at_25": 0.78553,
        "ndcg_at_50": 0.78769,
        "ndcg_at_100": 0.78769,
        "ndcg_at_1000": 0.78769,
        "map_at_1": 0.60666,
        "map_at_3": 0.69577,
        "map_at_5": 0.71233,
        "map_at_10": 0.71983,
        "map_at_20": 0.723,
        "map_at_25": 0.7234,
        "map_at_50": 0.72375,
        "map_at_100": 0.72375,
        "map_at_1000": 0.72375,
        "recall_at_1": 0.60666,
        "recall_at_3": 0.80468,
        "recall_at_5": 0.87669,
        "recall_at_10": 0.93249,
        "recall_at_20": 0.9802,
        "recall_at_25": 0.9892,
        "recall_at_50": 1.0,
        "recall_at_100": 1.0,
        "recall_at_1000": 1.0,
        "accuracy": 0.60666,
        "precision_at_1": 0.60666,
        "precision_at_3": 0.26823,
        "precision_at_5": 0.17534,
        "precision_at_10": 0.09325,
        "precision_at_20": 0.04901,
        "precision_at_25": 0.03957,
        "precision_at_50": 0.02,
        "precision_at_100": 0.01,
        "precision_at_1000": 0.001,
        "mrr_at_1": 0.606661,
        "mrr_at_3": 0.69577,
        "mrr_at_5": 0.712331,
        "mrr_at_10": 0.719828,
        "mrr_at_20": 0.723003,
        "mrr_at_25": 0.723398,
        "mrr_at_50": 0.723748,
        "mrr_at_100": 0.723748,
        "mrr_at_1000": 0.723748,
        "nauc_ndcg_at_1_max": 0.244937,
        "nauc_ndcg_at_1_std": 0.12514,
        "nauc_ndcg_at_1_diff1": 0.584905,
        "nauc_ndcg_at_3_max": 0.224087,
        "nauc_ndcg_at_3_std": 0.108704,
        "nauc_ndcg_at_3_diff1": 0.53709,
        "nauc_ndcg_at_5_max": 0.22373,
        "nauc_ndcg_at_5_std": 0.135608,
        "nauc_ndcg_at_5_diff1": 0.523339,
        "nauc_ndcg_at_10_max": 0.221917,
        "nauc_ndcg_at_10_std": 0.125762,
        "nauc_ndcg_at_10_diff1": 0.531005,
        "nauc_ndcg_at_20_max": 0.237753,
        "nauc_ndcg_at_20_std": 0.132123,
        "nauc_ndcg_at_20_diff1": 0.536082,
        "nauc_ndcg_at_25_max": 0.23174,
        "nauc_ndcg_at_25_std": 0.12536,
        "nauc_ndcg_at_25_diff1": 0.536026,
        "nauc_ndcg_at_50_max": 0.231613,
        "nauc_ndcg_at_50_std": 0.124555,
        "nauc_ndcg_at_50_diff1": 0.542857,
        "nauc_ndcg_at_100_max": 0.231613,
        "nauc_ndcg_at_100_std": 0.124555,
        "nauc_ndcg_at_100_diff1": 0.542857,
        "nauc_ndcg_at_1000_max": 0.231613,
        "nauc_ndcg_at_1000_std": 0.124555,
        "nauc_ndcg_at_1000_diff1": 0.542857,
        "nauc_map_at_1_max": 0.244937,
        "nauc_map_at_1_std": 0.12514,
        "nauc_map_at_1_diff1": 0.584905,
        "nauc_map_at_3_max": 0.232436,
        "nauc_map_at_3_std": 0.115604,
        "nauc_map_at_3_diff1": 0.548797,
        "nauc_map_at_5_max": 0.232361,
        "nauc_map_at_5_std": 0.128916,
        "nauc_map_at_5_diff1": 0.542482,
        "nauc_map_at_10_max": 0.231828,
        "nauc_map_at_10_std": 0.12491,
        "nauc_map_at_10_diff1": 0.545717,
        "nauc_map_at_20_max": 0.235028,
        "nauc_map_at_20_std": 0.125751,
        "nauc_map_at_20_diff1": 0.547203,
        "nauc_map_at_25_max": 0.2341,
        "nauc_map_at_25_std": 0.124697,
        "nauc_map_at_25_diff1": 0.547203,
        "nauc_map_at_50_max": 0.23401,
        "nauc_map_at_50_std": 0.124529,
        "nauc_map_at_50_diff1": 0.548031,
        "nauc_map_at_100_max": 0.23401,
        "nauc_map_at_100_std": 0.124529,
        "nauc_map_at_100_diff1": 0.548031,
        "nauc_map_at_1000_max": 0.23401,
        "nauc_map_at_1000_std": 0.124529,
        "nauc_map_at_1000_diff1": 0.548031,
        "nauc_recall_at_1_max": 0.244937,
        "nauc_recall_at_1_std": 0.12514,
        "nauc_recall_at_1_diff1": 0.584905,
        "nauc_recall_at_3_max": 0.189343,
        "nauc_recall_at_3_std": 0.079858,
        "nauc_recall_at_3_diff1": 0.491518,
        "nauc_recall_at_5_max": 0.173076,
        "nauc_recall_at_5_std": 0.180327,
        "nauc_recall_at_5_diff1": 0.412295,
        "nauc_recall_at_10_max": 0.121036,
        "nauc_recall_at_10_std": 0.136482,
        "nauc_recall_at_10_diff1": 0.392454,
        "nauc_recall_at_20_max": 0.480266,
        "nauc_recall_at_20_std": 0.436779,
        "nauc_recall_at_20_diff1": 0.225917,
        "nauc_recall_at_25_max": 0.222424,
        "nauc_recall_at_25_std": 0.174388,
        "nauc_recall_at_25_diff1": -0.034767,
        "nauc_recall_at_50_max": NaN,
        "nauc_recall_at_50_std": NaN,
        "nauc_recall_at_50_diff1": NaN,
        "nauc_recall_at_100_max": NaN,
        "nauc_recall_at_100_std": NaN,
        "nauc_recall_at_100_diff1": NaN,
        "nauc_recall_at_1000_max": NaN,
        "nauc_recall_at_1000_std": NaN,
        "nauc_recall_at_1000_diff1": NaN,
        "nauc_precision_at_1_max": 0.244937,
        "nauc_precision_at_1_std": 0.12514,
        "nauc_precision_at_1_diff1": 0.584905,
        "nauc_precision_at_3_max": 0.189343,
        "nauc_precision_at_3_std": 0.079858,
        "nauc_precision_at_3_diff1": 0.491518,
        "nauc_precision_at_5_max": 0.173076,
        "nauc_precision_at_5_std": 0.180327,
        "nauc_precision_at_5_diff1": 0.412295,
        "nauc_precision_at_10_max": 0.121036,
        "nauc_precision_at_10_std": 0.136482,
        "nauc_precision_at_10_diff1": 0.392454,
        "nauc_precision_at_20_max": 0.480266,
        "nauc_precision_at_20_std": 0.436779,
        "nauc_precision_at_20_diff1": 0.225917,
        "nauc_precision_at_25_max": 0.222424,
        "nauc_precision_at_25_std": 0.174388,
        "nauc_precision_at_25_diff1": -0.034767,
        "nauc_precision_at_50_max": 1.0,
        "nauc_precision_at_50_std": 1.0,
        "nauc_precision_at_50_diff1": 1.0,
        "nauc_precision_at_100_max": 1.0,
        "nauc_precision_at_100_std": 1.0,
        "nauc_precision_at_100_diff1": 1.0,
        "nauc_precision_at_1000_max": 1.0,
        "nauc_precision_at_1000_std": 1.0,
        "nauc_precision_at_1000_diff1": 1.0,
        "nauc_mrr_at_1_max": 0.244937,
        "nauc_mrr_at_1_std": 0.12514,
        "nauc_mrr_at_1_diff1": 0.584905,
        "nauc_mrr_at_3_max": 0.232436,
        "nauc_mrr_at_3_std": 0.115604,
        "nauc_mrr_at_3_diff1": 0.548797,
        "nauc_mrr_at_5_max": 0.232361,
        "nauc_mrr_at_5_std": 0.128916,
        "nauc_mrr_at_5_diff1": 0.542482,
        "nauc_mrr_at_10_max": 0.231828,
        "nauc_mrr_at_10_std": 0.12491,
        "nauc_mrr_at_10_diff1": 0.545717,
        "nauc_mrr_at_20_max": 0.235028,
        "nauc_mrr_at_20_std": 0.125751,
        "nauc_mrr_at_20_diff1": 0.547203,
        "nauc_mrr_at_25_max": 0.2341,
        "nauc_mrr_at_25_std": 0.124697,
        "nauc_mrr_at_25_diff1": 0.547203,
        "nauc_mrr_at_50_max": 0.23401,
        "nauc_mrr_at_50_std": 0.124529,
        "nauc_mrr_at_50_diff1": 0.548031,
        "nauc_mrr_at_100_max": 0.23401,
        "nauc_mrr_at_100_std": 0.124529,
        "nauc_mrr_at_100_diff1": 0.548031,
        "nauc_mrr_at_1000_max": 0.23401,
        "nauc_mrr_at_1000_std": 0.124529,
        "nauc_mrr_at_1000_diff1": 0.548031,
        "hit_rate_at_1": 0.60666,
        "hit_rate_at_3": 0.80468,
        "hit_rate_at_5": 0.87669,
        "hit_rate_at_10": 0.93249,
        "hit_rate_at_20": 0.9802,
        "hit_rate_at_25": 0.9892,
        "hit_rate_at_50": 1.0,
        "hit_rate_at_100": 1.0,
        "hit_rate_at_1000": 1.0,
        "R_cap_at_1": 0.606661,
        "R_cap_at_3": 0.80468,
        "R_cap_at_5": 0.876688,
        "R_cap_at_10": 0.932493,
        "R_cap_at_20": 0.980198,
        "R_cap_at_25": 0.989199,
        "R_cap_at_50": 1.0,
        "R_cap_at_100": 1.0,
        "R_cap_at_1000": 1.0,
        "main_score": 0.77167,
        "hf_subset": "Covid-QA",
        "languages": [
          "eng-Latn"
        ],