{
  "dataset_revision": "6757300d912abd580dda453bced37cb7f5b44c78",
  "task_name": "ESGReports",
  "mteb_version": "2.12.39",
  "scores": {
    "test": [
      {
        "ndcg_at_1": 0.36111,
        "ndcg_at_3": 0.44962,
        "ndcg_at_5": 0.48968,
        "ndcg_at_10": 0.5369,
        "ndcg_at_20": 0.56884,
        "ndcg_at_25": 0.57316,
        "ndcg_at_50": 0.59287,
        "ndcg_at_100": 0.60968,
        "ndcg_at_1000": 0.60968,
        "map_at_1": 0.23796,
        "map_at_3": 0.38395,
        "map_at_5": 0.41138,
        "map_at_10": 0.43845,
        "map_at_20": 0.45243,
        "map_at_25": 0.45486,
        "map_at_50": 0.46082,
        "map_at_100": 0.46259,
        "map_at_1000": 0.46259,
        "recall_at_1": 0.23796,
        "recall_at_3": 0.48611,
        "recall_at_5": 0.61806,
        "recall_at_10": 0.7375,
        "recall_at_20": 0.82546,
        "recall_at_25": 0.83704,
        "recall_at_50": 0.90741,
        "recall_at_100": 1.0,
        "recall_at_1000": 1.0,
        "accuracy": 0.23796,
        "precision_at_1": 0.36111,
        "precision_at_3": 0.26852,
        "precision_at_5": 0.19444,
        "precision_at_10": 0.12778,
        "precision_at_20": 0.07778,
        "precision_at_25": 0.06444,
        "precision_at_50": 0.03722,
        "precision_at_100": 0.02,
        "precision_at_1000": 0.002,
        "mrr_at_1": 0.361111,
        "mrr_at_3": 0.476852,
        "mrr_at_5": 0.512963,
        "mrr_at_10": 0.521991,
        "mrr_at_20": 0.526252,
        "mrr_at_25": 0.526252,
        "mrr_at_50": 0.526252,
        "mrr_at_100": 0.527597,
        "mrr_at_1000": 0.527597,
        "nauc_ndcg_at_1_max": 0.06234,
        "nauc_ndcg_at_1_std": -0.375973,
        "nauc_ndcg_at_1_diff1": 0.524095,
        "nauc_ndcg_at_3_max": -0.060356,
        "nauc_ndcg_at_3_std": -0.448526,
        "nauc_ndcg_at_3_diff1": 0.399082,
        "nauc_ndcg_at_5_max": 0.025404,
        "nauc_ndcg_at_5_std": -0.362637,
        "nauc_ndcg_at_5_diff1": 0.408978,
        "nauc_ndcg_at_10_max": 0.07695,
        "nauc_ndcg_at_10_std": -0.350203,
        "nauc_ndcg_at_10_diff1": 0.378396,
        "nauc_ndcg_at_20_max": 0.097818,
        "nauc_ndcg_at_20_std": -0.307464,
        "nauc_ndcg_at_20_diff1": 0.363651,
        "nauc_ndcg_at_25_max": 0.108935,
        "nauc_ndcg_at_25_std": -0.293958,
        "nauc_ndcg_at_25_diff1": 0.362208,
        "nauc_ndcg_at_50_max": 0.074889,
        "nauc_ndcg_at_50_std": -0.334143,
        "nauc_ndcg_at_50_diff1": 0.386458,
        "nauc_ndcg_at_100_max": 0.051301,
        "nauc_ndcg_at_100_std": -0.358575,
        "nauc_ndcg_at_100_diff1": 0.414163,
        "nauc_ndcg_at_1000_max": 0.051301,
        "nauc_ndcg_at_1000_std": -0.358575,
        "nauc_ndcg_at_1000_diff1": 0.414163,
        "nauc_map_at_1_max": 0.112087,
        "nauc_map_at_1_std": -0.348636,
        "nauc_map_at_1_diff1": 0.532798,
        "nauc_map_at_3_max": -0.029611,
        "nauc_map_at_3_std": -0.432794,
        "nauc_map_at_3_diff1": 0.3959,
        "nauc_map_at_5_max": 0.003005,
        "nauc_map_at_5_std": -0.393409,
        "nauc_map_at_5_diff1": 0.389372,
        "nauc_map_at_10_max": 0.02821,
        "nauc_map_at_10_std": -0.373942,
        "nauc_map_at_10_diff1": 0.373599,
        "nauc_map_at_20_max": 0.04421,
        "nauc_map_at_20_std": -0.354439,
        "nauc_map_at_20_diff1": 0.375449,
        "nauc_map_at_25_max": 0.049222,
        "nauc_map_at_25_std": -0.348687,
        "nauc_map_at_25_diff1": 0.37509,
        "nauc_map_at_50_max": 0.039107,
        "nauc_map_at_50_std": -0.35991,
        "nauc_map_at_50_diff1": 0.379693,
        "nauc_map_at_100_max": 0.03732,
        "nauc_map_at_100_std": -0.361727,
        "nauc_map_at_100_diff1": 0.382484,
        "nauc_map_at_1000_max": 0.03732,
        "nauc_map_at_1000_std": -0.361727,
        "nauc_map_at_1000_diff1": 0.382484,
        "nauc_recall_at_1_max": 0.112087,
        "nauc_recall_at_1_std": -0.348636,
        "nauc_recall_at_1_diff1": 0.532798,
        "nauc_recall_at_3_max": -0.102915,
        "nauc_recall_at_3_std": -0.42277,
        "nauc_recall_at_3_diff1": 0.312202,
        "nauc_recall_at_5_max": 0.03205,
        "nauc_recall_at_5_std": -0.204591,
        "nauc_recall_at_5_diff1": 0.240297,
        "nauc_recall_at_10_max": 0.185179,
        "nauc_recall_at_10_std": -0.188826,
        "nauc_recall_at_10_diff1": 0.074362,
        "nauc_recall_at_20_max": 0.346156,
        "nauc_recall_at_20_std": 0.074078,
        "nauc_recall_at_20_diff1": -0.109339,
        "nauc_recall_at_25_max": 0.414744,
        "nauc_recall_at_25_std": 0.151901,
        "nauc_recall_at_25_diff1": -0.131979,
        "nauc_recall_at_50_max": 0.373531,
        "nauc_recall_at_50_std": 0.022708,
        "nauc_recall_at_50_diff1": -0.054567,
        "nauc_recall_at_100_max": NaN,
        "nauc_recall_at_100_std": NaN,
        "nauc_recall_at_100_diff1": NaN,
        "nauc_recall_at_1000_max": NaN,
        "nauc_recall_at_1000_std": NaN,
        "nauc_recall_at_1000_diff1": NaN,
        "nauc_precision_at_1_max": 0.06234,
        "nauc_precision_at_1_std": -0.375973,
        "nauc_precision_at_1_diff1": 0.524095,
        "nauc_precision_at_3_max": -0.13555,
        "nauc_precision_at_3_std": -0.35464,
        "nauc_precision_at_3_diff1": 0.209837,
        "nauc_precision_at_5_max": 0.019647,
        "nauc_precision_at_5_std": -0.143446,
        "nauc_precision_at_5_diff1": 0.148415,
        "nauc_precision_at_10_max": 0.102362,
        "nauc_precision_at_10_std": 0.01647,
        "nauc_precision_at_10_diff1": -0.009572,
        "nauc_precision_at_20_max": 0.079658,
        "nauc_precision_at_20_std": 0.112203,
        "nauc_precision_at_20_diff1": -0.107485,
        "nauc_precision_at_25_max": 0.101618,
        "nauc_precision_at_25_std": 0.146059,
        "nauc_precision_at_25_diff1": -0.110867,
        "nauc_precision_at_50_max": -0.041125,
        "nauc_precision_at_50_std": 0.014358,
        "nauc_precision_at_50_diff1": -0.100035,
        "nauc_precision_at_100_max": -0.094627,
        "nauc_precision_at_100_std": -0.016202,
        "nauc_precision_at_100_diff1": -0.098659,
        "nauc_precision_at_1000_max": -0.094627,
        "nauc_precision_at_1000_std": -0.016202,
        "nauc_precision_at_1000_diff1": -0.098659,
        "nauc_mrr_at_1_max": 0.06234,
        "nauc_mrr_at_1_std": -0.375973,
        "nauc_mrr_at_1_diff1": 0.524095,
        "nauc_mrr_at_3_max": -0.011006,
        "nauc_mrr_at_3_std": -0.455015,
        "nauc_mrr_at_3_diff1": 0.546541,
        "nauc_mrr_at_5_max": 0.059738,
        "nauc_mrr_at_5_std": -0.381329,
        "nauc_mrr_at_5_diff1": 0.547278,
        "nauc_mrr_at_10_max": 0.066459,
        "nauc_mrr_at_10_std": -0.389987,
        "nauc_mrr_at_10_diff1": 0.53619,
        "nauc_mrr_at_20_max": 0.055588,
        "nauc_mrr_at_20_std": -0.390277,
        "nauc_mrr_at_20_diff1": 0.531647,
        "nauc_mrr_at_25_max": 0.055588,
        "nauc_mrr_at_25_std": -0.390277,
        "nauc_mrr_at_25_diff1": 0.531647,
        "nauc_mrr_at_50_max": 0.055588,
        "nauc_mrr_at_50_std": -0.390277,
        "nauc_mrr_at_50_diff1": 0.531647,
        "nauc_mrr_at_100_max": 0.054255,
        "nauc_mrr_at_100_std": -0.39125,
        "nauc_mrr_at_100_diff1": 0.533866,
        "nauc_mrr_at_1000_max": 0.054255,
        "nauc_mrr_at_1000_std": -0.39125,
        "nauc_mrr_at_1000_diff1": 0.533866,
        "hit_rate_at_1": 0.36111,
        "hit_rate_at_3": 0.61111,
        "hit_rate_at_5": 0.77778,
        "hit_rate_at_10": 0.86111,
        "hit_rate_at_20": 0.91667,
        "hit_rate_at_25": 0.91667,
        "hit_rate_at_50": 0.91667,
        "hit_rate_at_100": 1.0,
        "hit_rate_at_1000": 1.0,
        "R_cap_at_1": 0.361111,
        "R_cap_at_3": 0.509259,
        "R_cap_at_5": 0.618981,
        "R_cap_at_10": 0.7375,
        "R_cap_at_20": 0.825463,
        "R_cap_at_25": 0.837037,
        "R_cap_at_50": 0.907407,
        "R_cap_at_100": 1.0,
        "R_cap_at_1000": 1.0,