{
  "dataset_revision": "432cf48c879c2de792720d5c0af6900312ebe7b6",
  "task_name": "LMEB_SciFact",
  "mteb_version": "2.12.39",
  "scores": {
    "test": [
      {
        "ndcg_at_1": 0.68085,
        "ndcg_at_3": 0.72832,
        "ndcg_at_5": 0.76255,
        "ndcg_at_10": 0.8176,
        "ndcg_at_20": 0.8241,
        "ndcg_at_25": 0.82617,
        "ndcg_at_50": 0.82787,
        "ndcg_at_100": 0.82787,
        "ndcg_at_1000": 0.82787,
        "map_at_1": 0.48254,
        "map_at_3": 0.64483,
        "map_at_5": 0.68803,
        "map_at_10": 0.73175,
        "map_at_20": 0.73676,
        "map_at_25": 0.73744,
        "map_at_50": 0.73821,
        "map_at_100": 0.73821,
        "map_at_1000": 0.73821,
        "recall_at_1": 0.48254,
        "recall_at_3": 0.74279,
        "recall_at_5": 0.83083,
        "recall_at_10": 0.96967,
        "recall_at_20": 0.98673,
        "recall_at_25": 0.99471,
        "recall_at_50": 1.0,
        "recall_at_100": 1.0,
        "recall_at_1000": 1.0,
        "accuracy": 0.48254,
        "precision_at_1": 0.68085,
        "precision_at_3": 0.40603,
        "precision_at_5": 0.29468,
        "precision_at_10": 0.18298,
        "precision_at_20": 0.09521,
        "precision_at_25": 0.07681,
        "precision_at_50": 0.03894,
        "precision_at_100": 0.01947,
        "precision_at_1000": 0.00195,
        "mrr_at_1": 0.680851,
        "mrr_at_3": 0.79078,
        "mrr_at_5": 0.801152,
        "mrr_at_10": 0.806757,
        "mrr_at_20": 0.806757,
        "mrr_at_25": 0.806998,
        "mrr_at_50": 0.806998,
        "mrr_at_100": 0.806998,
        "mrr_at_1000": 0.806998,
        "nauc_ndcg_at_1_max": 0.142797,
        "nauc_ndcg_at_1_std": -0.156035,
        "nauc_ndcg_at_1_diff1": 0.580122,
        "nauc_ndcg_at_3_max": 0.040982,
        "nauc_ndcg_at_3_std": -0.249578,
        "nauc_ndcg_at_3_diff1": 0.504291,
        "nauc_ndcg_at_5_max": 0.009928,
        "nauc_ndcg_at_5_std": -0.291184,
        "nauc_ndcg_at_5_diff1": 0.506358,
        "nauc_ndcg_at_10_max": 0.076025,
        "nauc_ndcg_at_10_std": -0.250656,
        "nauc_ndcg_at_10_diff1": 0.526778,
        "nauc_ndcg_at_20_max": 0.087593,
        "nauc_ndcg_at_20_std": -0.221072,
        "nauc_ndcg_at_20_diff1": 0.533184,
        "nauc_ndcg_at_25_max": 0.083784,
        "nauc_ndcg_at_25_std": -0.221053,
        "nauc_ndcg_at_25_diff1": 0.533633,
        "nauc_ndcg_at_50_max": 0.082971,
        "nauc_ndcg_at_50_std": -0.202197,
        "nauc_ndcg_at_50_diff1": 0.53646,
        "nauc_ndcg_at_100_max": 0.082971,
        "nauc_ndcg_at_100_std": -0.202197,
        "nauc_ndcg_at_100_diff1": 0.53646,
        "nauc_ndcg_at_1000_max": 0.082971,
        "nauc_ndcg_at_1000_std": -0.202197,
        "nauc_ndcg_at_1000_diff1": 0.53646,
        "nauc_map_at_1_max": -0.009743,
        "nauc_map_at_1_std": -0.296562,
        "nauc_map_at_1_diff1": 0.535353,
        "nauc_map_at_3_max": 0.032447,
        "nauc_map_at_3_std": -0.323572,
        "nauc_map_at_3_diff1": 0.501791,
        "nauc_map_at_5_max": 0.01179,
        "nauc_map_at_5_std": -0.333397,
        "nauc_map_at_5_diff1": 0.496942,
        "nauc_map_at_10_max": 0.046212,
        "nauc_map_at_10_std": -0.288387,
        "nauc_map_at_10_diff1": 0.512469,
        "nauc_map_at_20_max": 0.048738,
        "nauc_map_at_20_std": -0.27314,
        "nauc_map_at_20_diff1": 0.519009,
        "nauc_map_at_25_max": 0.048913,
        "nauc_map_at_25_std": -0.271191,
        "nauc_map_at_25_diff1": 0.518899,
        "nauc_map_at_50_max": 0.048974,
        "nauc_map_at_50_std": -0.265565,
        "nauc_map_at_50_diff1": 0.520006,
        "nauc_map_at_100_max": 0.048974,
        "nauc_map_at_100_std": -0.265565,
        "nauc_map_at_100_diff1": 0.520006,
        "nauc_map_at_1000_max": 0.048974,
        "nauc_map_at_1000_std": -0.265565,
        "nauc_map_at_1000_diff1": 0.520006,
        "nauc_recall_at_1_max": -0.009743,
        "nauc_recall_at_1_std": -0.296562,
        "nauc_recall_at_1_diff1": 0.535353,
        "nauc_recall_at_3_max": -0.031505,
        "nauc_recall_at_3_std": -0.396962,
        "nauc_recall_at_3_diff1": 0.396376,
        "nauc_recall_at_5_max": -0.151946,
        "nauc_recall_at_5_std": -0.487826,
        "nauc_recall_at_5_diff1": 0.359117,
        "nauc_recall_at_10_max": 0.04938,
        "nauc_recall_at_10_std": -0.72831,
        "nauc_recall_at_10_diff1": 0.250984,
        "nauc_recall_at_20_max": 0.373265,
        "nauc_recall_at_20_std": -0.616458,
        "nauc_recall_at_20_diff1": 0.308346,
        "nauc_recall_at_25_max": 0.215608,
        "nauc_recall_at_25_std": -1.682061,
        "nauc_recall_at_25_diff1": 0.183611,
        "nauc_recall_at_50_max": NaN,
        "nauc_recall_at_50_std": NaN,
        "nauc_recall_at_50_diff1": NaN,
        "nauc_recall_at_100_max": NaN,
        "nauc_recall_at_100_std": NaN,
        "nauc_recall_at_100_diff1": NaN,
        "nauc_recall_at_1000_max": NaN,
        "nauc_recall_at_1000_std": NaN,
        "nauc_recall_at_1000_diff1": NaN,
        "nauc_precision_at_1_max": 0.142797,
        "nauc_precision_at_1_std": -0.156035,
        "nauc_precision_at_1_diff1": 0.580122,
        "nauc_precision_at_3_max": 0.160765,
        "nauc_precision_at_3_std": 0.171622,
        "nauc_precision_at_3_diff1": -0.029362,
        "nauc_precision_at_5_max": 0.069512,
        "nauc_precision_at_5_std": 0.239176,
        "nauc_precision_at_5_diff1": -0.140691,
        "nauc_precision_at_10_max": 0.100902,
        "nauc_precision_at_10_std": 0.374061,
        "nauc_precision_at_10_diff1": -0.199181,
        "nauc_precision_at_20_max": 0.0942,
        "nauc_precision_at_20_std": 0.405216,
        "nauc_precision_at_20_diff1": -0.182688,
        "nauc_precision_at_25_max": 0.093967,
        "nauc_precision_at_25_std": 0.414298,
        "nauc_precision_at_25_diff1": -0.187643,
        "nauc_precision_at_50_max": 0.09179,
        "nauc_precision_at_50_std": 0.441386,
        "nauc_precision_at_50_diff1": -0.181895,
        "nauc_precision_at_100_max": 0.09179,
        "nauc_precision_at_100_std": 0.441386,
        "nauc_precision_at_100_diff1": -0.181895,
        "nauc_precision_at_1000_max": 0.09179,
        "nauc_precision_at_1000_std": 0.441386,
        "nauc_precision_at_1000_diff1": -0.181895,
        "nauc_mrr_at_1_max": 0.142797,
        "nauc_mrr_at_1_std": -0.156035,
        "nauc_mrr_at_1_diff1": 0.580122,
        "nauc_mrr_at_3_max": 0.158827,
        "nauc_mrr_at_3_std": -0.127571,
        "nauc_mrr_at_3_diff1": 0.573343,
        "nauc_mrr_at_5_max": 0.135695,
        "nauc_mrr_at_5_std": -0.118083,
        "nauc_mrr_at_5_diff1": 0.57382,
        "nauc_mrr_at_10_max": 0.153156,
        "nauc_mrr_at_10_std": -0.120181,
        "nauc_mrr_at_10_diff1": 0.574796,
        "nauc_mrr_at_20_max": 0.153156,
        "nauc_mrr_at_20_std": -0.120181,
        "nauc_mrr_at_20_diff1": 0.574796,
        "nauc_mrr_at_25_max": 0.151935,
        "nauc_mrr_at_25_std": -0.121796,
        "nauc_mrr_at_25_diff1": 0.575107,
        "nauc_mrr_at_50_max": 0.151935,
        "nauc_mrr_at_50_std": -0.121796,
        "nauc_mrr_at_50_diff1": 0.575107,
        "nauc_mrr_at_100_max": 0.151935,
        "nauc_mrr_at_100_std": -0.121796,
        "nauc_mrr_at_100_diff1": 0.575107,
        "nauc_mrr_at_1000_max": 0.151935,
        "nauc_mrr_at_1000_std": -0.121796,
        "nauc_mrr_at_1000_diff1": 0.575107,
        "hit_rate_at_1": 0.68085,
        "hit_rate_at_3": 0.91489,
        "hit_rate_at_5": 0.95745,
        "hit_rate_at_10": 0.99468,
        "hit_rate_at_20": 0.99468,
        "hit_rate_at_25": 1.0,
        "hit_rate_at_50": 1.0,
        "hit_rate_at_100": 1.0,
        "hit_rate_at_1000": 1.0,
        "R_cap_at_1": 0.680851,
        "R_cap_at_3": 0.77039,
        "R_cap_at_5": 0.837411,
        "R_cap_at_10": 0.970289,
        "R_cap_at_20": 0.986734,
        "R_cap_at_25": 0.994713,
        "R_cap_at_50": 1.0,
        "R_cap_at_100": 1.0,
        "R_cap_at_1000": 1.0,
        "main_score": 0.8176,