{
  "dataset_revision": "ebc723b2474ef92d098a47e8f131aa7d3542b7b0",
  "task_name": "LMEBMLDR",
  "mteb_version": "2.12.39",
  "scores": {
    "test": [
      {
        "ndcg_at_1": 0.69,
        "ndcg_at_3": 0.82988,
        "ndcg_at_5": 0.8428,
        "ndcg_at_10": 0.85531,
        "ndcg_at_20": 0.85787,
        "ndcg_at_25": 0.85787,
        "ndcg_at_50": 0.85787,
        "ndcg_at_100": 0.85787,
        "ndcg_at_1000": 0.85787,
        "map_at_1": 0.69,
        "map_at_3": 0.79833,
        "map_at_5": 0.80583,
        "map_at_10": 0.81073,
        "map_at_20": 0.81145,
        "map_at_25": 0.81145,
        "map_at_50": 0.81145,
        "map_at_100": 0.81145,
        "map_at_1000": 0.81145,
        "recall_at_1": 0.69,
        "recall_at_3": 0.92,
        "recall_at_5": 0.95,
        "recall_at_10": 0.99,
        "recall_at_20": 1.0,
        "recall_at_25": 1.0,
        "recall_at_50": 1.0,
        "recall_at_100": 1.0,
        "recall_at_1000": 1.0,
        "accuracy": 0.69,
        "precision_at_1": 0.69,
        "precision_at_3": 0.30667,
        "precision_at_5": 0.19,
        "precision_at_10": 0.099,
        "precision_at_20": 0.05,
        "precision_at_25": 0.04,
        "precision_at_50": 0.02,
        "precision_at_100": 0.01,
        "precision_at_1000": 0.001,
        "mrr_at_1": 0.69,
        "mrr_at_3": 0.798333,
        "mrr_at_5": 0.805833,
        "mrr_at_10": 0.810734,
        "mrr_at_20": 0.811448,
        "mrr_at_25": 0.811448,
        "mrr_at_50": 0.811448,
        "mrr_at_100": 0.811448,
        "mrr_at_1000": 0.811448,
        "nauc_ndcg_at_1_max": 0.378151,
        "nauc_ndcg_at_1_std": 0.334215,
        "nauc_ndcg_at_1_diff1": 0.525936,
        "nauc_ndcg_at_3_max": 0.369048,
        "nauc_ndcg_at_3_std": 0.330379,
        "nauc_ndcg_at_3_diff1": 0.49796,
        "nauc_ndcg_at_5_max": 0.385038,
        "nauc_ndcg_at_5_std": 0.361226,
        "nauc_ndcg_at_5_diff1": 0.548433,
        "nauc_ndcg_at_10_max": 0.386888,
        "nauc_ndcg_at_10_std": 0.338034,
        "nauc_ndcg_at_10_diff1": 0.533064,
        "nauc_ndcg_at_20_max": 0.383465,
        "nauc_ndcg_at_20_std": 0.348458,
        "nauc_ndcg_at_20_diff1": 0.529193,
        "nauc_ndcg_at_25_max": 0.383465,
        "nauc_ndcg_at_25_std": 0.348458,
        "nauc_ndcg_at_25_diff1": 0.529193,
        "nauc_ndcg_at_50_max": 0.383465,
        "nauc_ndcg_at_50_std": 0.348458,
        "nauc_ndcg_at_50_diff1": 0.529193,
        "nauc_ndcg_at_100_max": 0.383465,
        "nauc_ndcg_at_100_std": 0.348458,
        "nauc_ndcg_at_100_diff1": 0.529193,
        "nauc_ndcg_at_1000_max": 0.383465,
        "nauc_ndcg_at_1000_std": 0.348458,
        "nauc_ndcg_at_1000_diff1": 0.529193,
        "nauc_map_at_1_max": 0.378151,
        "nauc_map_at_1_std": 0.334215,
        "nauc_map_at_1_diff1": 0.525936,
        "nauc_map_at_3_max": 0.376786,
        "nauc_map_at_3_std": 0.337179,
        "nauc_map_at_3_diff1": 0.50988,
        "nauc_map_at_5_max": 0.384729,
        "nauc_map_at_5_std": 0.352145,
        "nauc_map_at_5_diff1": 0.534402,
        "nauc_map_at_10_max": 0.384337,
        "nauc_map_at_10_std": 0.345401,
        "nauc_map_at_10_diff1": 0.528928,
        "nauc_map_at_20_max": 0.383604,
        "nauc_map_at_20_std": 0.347632,
        "nauc_map_at_20_diff1": 0.528093,
        "nauc_map_at_25_max": 0.383604,
        "nauc_map_at_25_std": 0.347632,
        "nauc_map_at_25_diff1": 0.528093,
        "nauc_map_at_50_max": 0.383604,
        "nauc_map_at_50_std": 0.347632,
        "nauc_map_at_50_diff1": 0.528093,
        "nauc_map_at_100_max": 0.383604,
        "nauc_map_at_100_std": 0.347632,
        "nauc_map_at_100_diff1": 0.528093,
        "nauc_map_at_1000_max": 0.383604,
        "nauc_map_at_1000_std": 0.347632,
        "nauc_map_at_1000_diff1": 0.528093,
        "nauc_recall_at_1_max": 0.378151,
        "nauc_recall_at_1_std": 0.334215,
        "nauc_recall_at_1_diff1": 0.525936,
        "nauc_recall_at_3_max": 0.315068,
        "nauc_recall_at_3_std": 0.281571,
        "nauc_recall_at_3_diff1": 0.419409,
        "nauc_recall_at_5_max": 0.386741,
        "nauc_recall_at_5_std": 0.453035,
        "nauc_recall_at_5_diff1": 0.700747,
        "nauc_recall_at_10_max": 0.554155,
        "nauc_recall_at_10_std": -0.171335,
        "nauc_recall_at_10_diff1": 0.722222,
        "nauc_recall_at_20_max": NaN,
        "nauc_recall_at_20_std": NaN,
        "nauc_recall_at_20_diff1": NaN,
        "nauc_recall_at_25_max": NaN,
        "nauc_recall_at_25_std": NaN,
        "nauc_recall_at_25_diff1": NaN,
        "nauc_recall_at_50_max": NaN,
        "nauc_recall_at_50_std": NaN,
        "nauc_recall_at_50_diff1": NaN,
        "nauc_recall_at_100_max": NaN,
        "nauc_recall_at_100_std": NaN,
        "nauc_recall_at_100_diff1": NaN,
        "nauc_recall_at_1000_max": NaN,
        "nauc_recall_at_1000_std": NaN,
        "nauc_recall_at_1000_diff1": NaN,
        "nauc_precision_at_1_max": 0.378151,
        "nauc_precision_at_1_std": 0.334215,
        "nauc_precision_at_1_diff1": 0.525936,
        "nauc_precision_at_3_max": 0.315068,
        "nauc_precision_at_3_std": 0.281571,
        "nauc_precision_at_3_diff1": 0.419409,
        "nauc_precision_at_5_max": 0.386741,
        "nauc_precision_at_5_std": 0.453035,
        "nauc_precision_at_5_diff1": 0.700747,
        "nauc_precision_at_10_max": 0.554155,
        "nauc_precision_at_10_std": -0.171335,
        "nauc_precision_at_10_diff1": 0.722222,
        "nauc_precision_at_20_max": 1.0,
        "nauc_precision_at_20_std": 1.0,
        "nauc_precision_at_20_diff1": 1.0,
        "nauc_precision_at_25_max": NaN,
        "nauc_precision_at_25_std": NaN,
        "nauc_precision_at_25_diff1": NaN,
        "nauc_precision_at_50_max": NaN,
        "nauc_precision_at_50_std": NaN,
        "nauc_precision_at_50_diff1": NaN,
        "nauc_precision_at_100_max": NaN,
        "nauc_precision_at_100_std": NaN,
        "nauc_precision_at_100_diff1": NaN,
        "nauc_precision_at_1000_max": NaN,
        "nauc_precision_at_1000_std": NaN,
        "nauc_precision_at_1000_diff1": NaN,
        "nauc_mrr_at_1_max": 0.378151,
        "nauc_mrr_at_1_std": 0.334215,
        "nauc_mrr_at_1_diff1": 0.525936,
        "nauc_mrr_at_3_max": 0.376786,
        "nauc_mrr_at_3_std": 0.337179,
        "nauc_mrr_at_3_diff1": 0.50988,
        "nauc_mrr_at_5_max": 0.384729,
        "nauc_mrr_at_5_std": 0.352145,
        "nauc_mrr_at_5_diff1": 0.534402,
        "nauc_mrr_at_10_max": 0.384337,
        "nauc_mrr_at_10_std": 0.345401,
        "nauc_mrr_at_10_diff1": 0.528928,
        "nauc_mrr_at_20_max": 0.383604,
        "nauc_mrr_at_20_std": 0.347632,
        "nauc_mrr_at_20_diff1": 0.528093,
        "nauc_mrr_at_25_max": 0.383604,
        "nauc_mrr_at_25_std": 0.347632,
        "nauc_mrr_at_25_diff1": 0.528093,
        "nauc_mrr_at_50_max": 0.383604,
        "nauc_mrr_at_50_std": 0.347632,
        "nauc_mrr_at_50_diff1": 0.528093,
        "nauc_mrr_at_100_max": 0.383604,
        "nauc_mrr_at_100_std": 0.347632,
        "nauc_mrr_at_100_diff1": 0.528093,
        "nauc_mrr_at_1000_max": 0.383604,
        "nauc_mrr_at_1000_std": 0.347632,
        "nauc_mrr_at_1000_diff1": 0.528093,
        "hit_rate_at_1": 0.69,
        "hit_rate_at_3": 0.92,
        "hit_rate_at_5": 0.95,
        "hit_rate_at_10": 0.99,
        "hit_rate_at_20": 1.0,
        "hit_rate_at_25": 1.0,
        "hit_rate_at_50": 1.0,
        "hit_rate_at_100": 1.0,
        "hit_rate_at_1000": 1.0,
        "R_cap_at_1": 0.69,
        "R_cap_at_3": 0.92,
        "R_cap_at_5": 0.95,
        "R_cap_at_10": 0.99,
        "R_cap_at_20": 1.0,
        "R_cap_at_25": 1.0,
        "R_cap_at_50": 1.0,
        "R_cap_at_100": 1.0,
        "R_cap_at_1000": 1.0,
        "main_score": 0.85531,
        "hf_subset": "MLDR",
        "languages": [
          "eng-Latn"
        ],
        "mteb_version": "2.12.39"
      }
    ]
  },
  "evaluation_time": 40.012640953063965,
  "kg_co2_emissions": null,
  "date": 1781450709.280298
}