{
  "dataset_revision": "df52bb043564336892a1eb9127559130fcb0e62c",
  "task_name": "LooGLE",
  "mteb_version": "2.12.39",
  "scores": {
    "test": [
      {
        "ndcg_at_1": 0.45777,
        "ndcg_at_3": 0.41103,
        "ndcg_at_5": 0.44869,
        "ndcg_at_10": 0.50674,
        "ndcg_at_20": 0.54907,
        "ndcg_at_25": 0.56049,
        "ndcg_at_50": 0.59055,
        "ndcg_at_100": 0.61056,
        "ndcg_at_1000": 0.61652,
        "map_at_1": 0.18631,
        "map_at_3": 0.31458,
        "map_at_5": 0.36015,
        "map_at_10": 0.39794,
        "map_at_20": 0.41702,
        "map_at_25": 0.42073,
        "map_at_50": 0.42891,
        "map_at_100": 0.4325,
        "map_at_1000": 0.43319,
        "recall_at_1": 0.18631,
        "recall_at_3": 0.37232,
        "recall_at_5": 0.48008,
        "recall_at_10": 0.61118,
        "recall_at_20": 0.72924,
        "recall_at_25": 0.76694,
        "recall_at_50": 0.87669,
        "recall_at_100": 0.96271,
        "recall_at_1000": 0.99286,
        "accuracy": 0.18631,
        "precision_at_1": 0.45777,
        "precision_at_3": 0.32213,
        "precision_at_5": 0.25649,
        "precision_at_10": 0.1693,
        "precision_at_20": 0.10363,
        "precision_at_25": 0.08745,
        "precision_at_50": 0.05083,
        "precision_at_100": 0.02819,
        "precision_at_1000": 0.00291,
        "mrr_at_1": 0.457766,
        "mrr_at_3": 0.548592,
        "mrr_at_5": 0.571753,
        "mrr_at_10": 0.584079,
        "mrr_at_20": 0.588759,
        "mrr_at_25": 0.589744,
        "mrr_at_50": 0.590761,
        "mrr_at_100": 0.591037,
        "mrr_at_1000": 0.591059,
        "nauc_ndcg_at_1_max": 0.128041,
        "nauc_ndcg_at_1_std": -0.025346,
        "nauc_ndcg_at_1_diff1": 0.338977,
        "nauc_ndcg_at_3_max": 0.135775,
        "nauc_ndcg_at_3_std": 0.007294,
        "nauc_ndcg_at_3_diff1": 0.260769,
        "nauc_ndcg_at_5_max": 0.122591,
        "nauc_ndcg_at_5_std": 0.022468,
        "nauc_ndcg_at_5_diff1": 0.283358,
        "nauc_ndcg_at_10_max": 0.142543,
        "nauc_ndcg_at_10_std": 0.03832,
        "nauc_ndcg_at_10_diff1": 0.274439,
        "nauc_ndcg_at_20_max": 0.155131,
        "nauc_ndcg_at_20_std": 0.040314,
        "nauc_ndcg_at_20_diff1": 0.277893,
        "nauc_ndcg_at_25_max": 0.156025,
        "nauc_ndcg_at_25_std": 0.04443,
        "nauc_ndcg_at_25_diff1": 0.278379,
        "nauc_ndcg_at_50_max": 0.154681,
        "nauc_ndcg_at_50_std": 0.039929,
        "nauc_ndcg_at_50_diff1": 0.278953,
        "nauc_ndcg_at_100_max": 0.153692,
        "nauc_ndcg_at_100_std": 0.033716,
        "nauc_ndcg_at_100_diff1": 0.27616,
        "nauc_ndcg_at_1000_max": 0.149919,
        "nauc_ndcg_at_1000_std": 0.024123,
        "nauc_ndcg_at_1000_diff1": 0.274867,
        "nauc_map_at_1_max": 0.095281,
        "nauc_map_at_1_std": -0.013503,
        "nauc_map_at_1_diff1": 0.331764,
        "nauc_map_at_3_max": 0.133442,
        "nauc_map_at_3_std": 0.014858,
        "nauc_map_at_3_diff1": 0.290028,
        "nauc_map_at_5_max": 0.125154,
        "nauc_map_at_5_std": 0.020004,
        "nauc_map_at_5_diff1": 0.290032,
        "nauc_map_at_10_max": 0.135926,
        "nauc_map_at_10_std": 0.026112,
        "nauc_map_at_10_diff1": 0.278831,
        "nauc_map_at_20_max": 0.140641,
        "nauc_map_at_20_std": 0.027073,
        "nauc_map_at_20_diff1": 0.27792,
        "nauc_map_at_25_max": 0.140916,
        "nauc_map_at_25_std": 0.028262,
        "nauc_map_at_25_diff1": 0.277621,
        "nauc_map_at_50_max": 0.140831,
        "nauc_map_at_50_std": 0.026671,
        "nauc_map_at_50_diff1": 0.277349,
        "nauc_map_at_100_max": 0.140862,
        "nauc_map_at_100_std": 0.02547,
        "nauc_map_at_100_diff1": 0.277004,
        "nauc_map_at_1000_max": 0.140455,
        "nauc_map_at_1000_std": 0.024569,
        "nauc_map_at_1000_diff1": 0.27688,
        "nauc_recall_at_1_max": 0.095281,
        "nauc_recall_at_1_std": -0.013503,
        "nauc_recall_at_1_diff1": 0.331764,
        "nauc_recall_at_3_max": 0.127309,
        "nauc_recall_at_3_std": 0.033351,
        "nauc_recall_at_3_diff1": 0.250146,
        "nauc_recall_at_5_max": 0.103897,
        "nauc_recall_at_5_std": 0.044909,
        "nauc_recall_at_5_diff1": 0.258471,
        "nauc_recall_at_10_max": 0.139071,
        "nauc_recall_at_10_std": 0.081528,
        "nauc_recall_at_10_diff1": 0.22925,
        "nauc_recall_at_20_max": 0.177308,
        "nauc_recall_at_20_std": 0.103753,
        "nauc_recall_at_20_diff1": 0.240378,
        "nauc_recall_at_25_max": 0.185298,
        "nauc_recall_at_25_std": 0.132118,
        "nauc_recall_at_25_diff1": 0.242384,
        "nauc_recall_at_50_max": 0.189928,
        "nauc_recall_at_50_std": 0.183323,
        "nauc_recall_at_50_diff1": 0.250061,
        "nauc_recall_at_100_max": 0.260949,
        "nauc_recall_at_100_std": 0.380257,
        "nauc_recall_at_100_diff1": 0.226317,
        "nauc_recall_at_1000_max": 0.283713,
        "nauc_recall_at_1000_std": 0.471062,
        "nauc_recall_at_1000_diff1": 0.054019,
        "nauc_precision_at_1_max": 0.128041,
        "nauc_precision_at_1_std": -0.025346,
        "nauc_precision_at_1_diff1": 0.338977,
        "nauc_precision_at_3_max": 0.136502,
        "nauc_precision_at_3_std": 0.005565,
        "nauc_precision_at_3_diff1": 0.171775,
        "nauc_precision_at_5_max": 0.113088,
        "nauc_precision_at_5_std": 0.019444,
        "nauc_precision_at_5_diff1": 0.146443,
        "nauc_precision_at_10_max": 0.11532,
        "nauc_precision_at_10_std": 0.024078,
        "nauc_precision_at_10_diff1": 0.068004,
        "nauc_precision_at_20_max": 0.108102,
        "nauc_precision_at_20_std": 0.005182,
        "nauc_precision_at_20_diff1": 0.013206,
        "nauc_precision_at_25_max": 0.099292,
        "nauc_precision_at_25_std": 0.007751,
        "nauc_precision_at_25_diff1": -0.007589,
        "nauc_precision_at_50_max": 0.060507,
        "nauc_precision_at_50_std": -0.036027,
        "nauc_precision_at_50_diff1": -0.074316,
        "nauc_precision_at_100_max": 0.029319,
        "nauc_precision_at_100_std": -0.07077,
        "nauc_precision_at_100_diff1": -0.138156,
        "nauc_precision_at_1000_max": 0.008678,
        "nauc_precision_at_1000_std": -0.101713,
        "nauc_precision_at_1000_diff1": -0.161643,
        "nauc_mrr_at_1_max": 0.128041,
        "nauc_mrr_at_1_std": -0.025346,
        "nauc_mrr_at_1_diff1": 0.338977,
        "nauc_mrr_at_3_max": 0.133453,
        "nauc_mrr_at_3_std": 0.005746,
        "nauc_mrr_at_3_diff1": 0.287063,
        "nauc_mrr_at_5_max": 0.135455,
        "nauc_mrr_at_5_std": 0.007118,
        "nauc_mrr_at_5_diff1": 0.29825,
        "nauc_mrr_at_10_max": 0.137652,
        "nauc_mrr_at_10_std": 0.009432,
        "nauc_mrr_at_10_diff1": 0.300331,
        "nauc_mrr_at_20_max": 0.138898,
        "nauc_mrr_at_20_std": 0.009014,
        "nauc_mrr_at_20_diff1": 0.302492,
        "nauc_mrr_at_25_max": 0.138952,
        "nauc_mrr_at_25_std": 0.008767,
        "nauc_mrr_at_25_diff1": 0.302738,
        "nauc_mrr_at_50_max": 0.138487,
        "nauc_mrr_at_50_std": 0.008768,
        "nauc_mrr_at_50_diff1": 0.302917,
        "nauc_mrr_at_100_max": 0.138204,
        "nauc_mrr_at_100_std": 0.008478,
        "nauc_mrr_at_100_diff1": 0.302627,
        "nauc_mrr_at_1000_max": 0.138195,
        "nauc_mrr_at_1000_std": 0.008443,
        "nauc_mrr_at_1000_diff1": 0.302614,
        "hit_rate_at_1": 0.45777,
        "hit_rate_at_3": 0.66303,
        "hit_rate_at_5": 0.76294,
        "hit_rate_at_10": 0.85377,
        "hit_rate_at_20": 0.92007,
        "hit_rate_at_25": 0.94278,
        "hit_rate_at_50": 0.97729,
        "hit_rate_at_100": 0.99546,
        "hit_rate_at_1000": 0.99818,
        "R_cap_at_1": 0.457766,
        "R_cap_at_3": 0.407811,
        "R_cap_at_5": 0.482819,
        "R_cap_at_10": 0.611377,
        "R_cap_at_20": 0.729269,
        "R_cap_at_25": 0.766938,
        "R_cap_at_50": 0.876692,
        "R_cap_at_100": 0.962707,