{
  "dataset_revision": "6b2010c691a435a7a920088d32e55c898afa97f5",
  "task_name": "PeerQA",
  "mteb_version": "2.12.39",
  "scores": {
    "test": [
      {
        "ndcg_at_1": 0.25,
        "ndcg_at_3": 0.27869,
        "ndcg_at_5": 0.30451,
        "ndcg_at_10": 0.3403,
        "ndcg_at_20": 0.38887,
        "ndcg_at_25": 0.41054,
        "ndcg_at_50": 0.43936,
        "ndcg_at_100": 0.47104,
        "ndcg_at_1000": 0.49192,
        "map_at_1": 0.16017,
        "map_at_3": 0.22498,
        "map_at_5": 0.24513,
        "map_at_10": 0.26589,
        "map_at_20": 0.28372,
        "map_at_25": 0.28966,
        "map_at_50": 0.29672,
        "map_at_100": 0.30145,
        "map_at_1000": 0.30392,
        "recall_at_1": 0.16017,
        "recall_at_3": 0.28343,
        "recall_at_5": 0.34958,
        "recall_at_10": 0.43674,
        "recall_at_20": 0.57736,
        "recall_at_25": 0.65813,
        "recall_at_50": 0.75745,
        "recall_at_100": 0.90411,
        "recall_at_1000": 1.0,
        "accuracy": 0.16017,
        "precision_at_1": 0.25,
        "precision_at_3": 0.16912,
        "precision_at_5": 0.13971,
        "precision_at_10": 0.09632,
        "precision_at_20": 0.07059,
        "precision_at_25": 0.06382,
        "precision_at_50": 0.03985,
        "precision_at_100": 0.02426,
        "precision_at_1000": 0.00286,
        "mrr_at_1": 0.25,
        "mrr_at_3": 0.329657,
        "mrr_at_5": 0.354657,
        "mrr_at_10": 0.368339,
        "mrr_at_20": 0.377787,
        "mrr_at_25": 0.380465,
        "mrr_at_50": 0.382591,
        "mrr_at_100": 0.383433,
        "mrr_at_1000": 0.383522,
        "nauc_ndcg_at_1_max": 0.08192,
        "nauc_ndcg_at_1_std": -0.085585,
        "nauc_ndcg_at_1_diff1": 0.423416,
        "nauc_ndcg_at_3_max": -0.014899,
        "nauc_ndcg_at_3_std": -0.170446,
        "nauc_ndcg_at_3_diff1": 0.289807,
        "nauc_ndcg_at_5_max": 0.019488,
        "nauc_ndcg_at_5_std": -0.150541,
        "nauc_ndcg_at_5_diff1": 0.251459,
        "nauc_ndcg_at_10_max": 0.027036,
        "nauc_ndcg_at_10_std": -0.15403,
        "nauc_ndcg_at_10_diff1": 0.236279,
        "nauc_ndcg_at_20_max": 0.066389,
        "nauc_ndcg_at_20_std": -0.115387,
        "nauc_ndcg_at_20_diff1": 0.222312,
        "nauc_ndcg_at_25_max": 0.079377,
        "nauc_ndcg_at_25_std": -0.084143,
        "nauc_ndcg_at_25_diff1": 0.224881,
        "nauc_ndcg_at_50_max": 0.085051,
        "nauc_ndcg_at_50_std": -0.077869,
        "nauc_ndcg_at_50_diff1": 0.219579,
        "nauc_ndcg_at_100_max": 0.0733,
        "nauc_ndcg_at_100_std": -0.094925,
        "nauc_ndcg_at_100_diff1": 0.228436,
        "nauc_ndcg_at_1000_max": 0.065218,
        "nauc_ndcg_at_1000_std": -0.102488,
        "nauc_ndcg_at_1000_diff1": 0.235237,
        "nauc_map_at_1_max": 0.027324,
        "nauc_map_at_1_std": -0.130339,
        "nauc_map_at_1_diff1": 0.455514,
        "nauc_map_at_3_max": -0.025157,
        "nauc_map_at_3_std": -0.185357,
        "nauc_map_at_3_diff1": 0.3348,
        "nauc_map_at_5_max": -0.001877,
        "nauc_map_at_5_std": -0.166183,
        "nauc_map_at_5_diff1": 0.308561,
        "nauc_map_at_10_max": 0.012693,
        "nauc_map_at_10_std": -0.163941,
        "nauc_map_at_10_diff1": 0.292795,
        "nauc_map_at_20_max": 0.035247,
        "nauc_map_at_20_std": -0.143181,
        "nauc_map_at_20_diff1": 0.285863,
        "nauc_map_at_25_max": 0.039661,
        "nauc_map_at_25_std": -0.134531,
        "nauc_map_at_25_diff1": 0.284598,
        "nauc_map_at_50_max": 0.041953,
        "nauc_map_at_50_std": -0.130814,
        "nauc_map_at_50_diff1": 0.280744,
        "nauc_map_at_100_max": 0.041021,
        "nauc_map_at_100_std": -0.132693,
        "nauc_map_at_100_diff1": 0.280927,
        "nauc_map_at_1000_max": 0.040258,
        "nauc_map_at_1000_std": -0.132917,
        "nauc_map_at_1000_diff1": 0.281666,
        "nauc_recall_at_1_max": 0.027324,
        "nauc_recall_at_1_std": -0.130339,
        "nauc_recall_at_1_diff1": 0.455514,
        "nauc_recall_at_3_max": -0.061391,
        "nauc_recall_at_3_std": -0.201072,
        "nauc_recall_at_3_diff1": 0.231584,
        "nauc_recall_at_5_max": -0.006273,
        "nauc_recall_at_5_std": -0.169204,
        "nauc_recall_at_5_diff1": 0.163537,
        "nauc_recall_at_10_max": 0.007735,
        "nauc_recall_at_10_std": -0.164795,
        "nauc_recall_at_10_diff1": 0.128567,
        "nauc_recall_at_20_max": 0.091798,
        "nauc_recall_at_20_std": -0.074306,
        "nauc_recall_at_20_diff1": 0.07338,
        "nauc_recall_at_25_max": 0.140944,
        "nauc_recall_at_25_std": 0.059751,
        "nauc_recall_at_25_diff1": 0.080848,
        "nauc_recall_at_50_max": 0.200605,
        "nauc_recall_at_50_std": 0.119597,
        "nauc_recall_at_50_diff1": 0.043132,
        "nauc_recall_at_100_max": 0.130564,
        "nauc_recall_at_100_std": 0.063611,
        "nauc_recall_at_100_diff1": 0.035995,
        "nauc_recall_at_1000_max": NaN,
        "nauc_recall_at_1000_std": NaN,
        "nauc_recall_at_1000_diff1": NaN,
        "nauc_precision_at_1_max": 0.08192,
        "nauc_precision_at_1_std": -0.085585,
        "nauc_precision_at_1_diff1": 0.423416,
        "nauc_precision_at_3_max": -0.042853,
        "nauc_precision_at_3_std": -0.155795,
        "nauc_precision_at_3_diff1": 0.114836,
        "nauc_precision_at_5_max": 0.104278,
        "nauc_precision_at_5_std": -0.037954,
        "nauc_precision_at_5_diff1": -0.013569,
        "nauc_precision_at_10_max": 0.151054,
        "nauc_precision_at_10_std": -0.007983,
        "nauc_precision_at_10_diff1": -0.087031,
        "nauc_precision_at_20_max": 0.250694,
        "nauc_precision_at_20_std": 0.147599,
        "nauc_precision_at_20_diff1": -0.156642,
        "nauc_precision_at_25_max": 0.26318,
        "nauc_precision_at_25_std": 0.212028,
        "nauc_precision_at_25_diff1": -0.19755,
        "nauc_precision_at_50_max": 0.215797,
        "nauc_precision_at_50_std": 0.215495,
        "nauc_precision_at_50_diff1": -0.24381,
        "nauc_precision_at_100_max": 0.182313,
        "nauc_precision_at_100_std": 0.201756,
        "nauc_precision_at_100_diff1": -0.266052,
        "nauc_precision_at_1000_max": 0.109118,
        "nauc_precision_at_1000_std": 0.159828,
        "nauc_precision_at_1000_diff1": -0.230936,
        "nauc_mrr_at_1_max": 0.08192,
        "nauc_mrr_at_1_std": -0.085585,
        "nauc_mrr_at_1_diff1": 0.423416,
        "nauc_mrr_at_3_max": 0.008397,
        "nauc_mrr_at_3_std": -0.142716,
        "nauc_mrr_at_3_diff1": 0.304996,
        "nauc_mrr_at_5_max": 0.033202,
        "nauc_mrr_at_5_std": -0.133001,
        "nauc_mrr_at_5_diff1": 0.283337,
        "nauc_mrr_at_10_max": 0.03538,
        "nauc_mrr_at_10_std": -0.131143,
        "nauc_mrr_at_10_diff1": 0.277425,
        "nauc_mrr_at_20_max": 0.035808,
        "nauc_mrr_at_20_std": -0.127352,
        "nauc_mrr_at_20_diff1": 0.279942,
        "nauc_mrr_at_25_max": 0.037074,
        "nauc_mrr_at_25_std": -0.123515,
        "nauc_mrr_at_25_diff1": 0.283537,
        "nauc_mrr_at_50_max": 0.038814,
        "nauc_mrr_at_50_std": -0.123463,
        "nauc_mrr_at_50_diff1": 0.286446,
        "nauc_mrr_at_100_max": 0.037861,
        "nauc_mrr_at_100_std": -0.124371,
        "nauc_mrr_at_100_diff1": 0.287014,
        "nauc_mrr_at_1000_max": 0.037695,
        "nauc_mrr_at_1000_std": -0.124628,
        "nauc_mrr_at_1000_diff1": 0.286984,
        "hit_rate_at_1": 0.25,
        "hit_rate_at_3": 0.43382,
        "hit_rate_at_5": 0.54412,
        "hit_rate_at_10": 0.64706,
        "hit_rate_at_20": 0.78676,
        "hit_rate_at_25": 0.84559,
        "hit_rate_at_50": 0.91912,
        "hit_rate_at_100": 0.98529,
        "hit_rate_at_1000": 1.0,
        "R_cap_at_1": 0.25,
        "R_cap_at_3": 0.303922,
        "R_cap_at_5": 0.355515,
        "R_cap_at_10": 0.437421,
        "R_cap_at_20": 0.577359,
        "R_cap_at_25": 0.658127,
        "R_cap_at_50": 0.757449,
        "R_cap_at_100": 0.904114,
        "R_cap_at_1000": 1.0,