{
  "dataset_revision": "898f2eced48890f19b6a88f1b616e9ca6c5dda1c",
  "task_name": "QASPER",
  "mteb_version": "2.12.39",
  "scores": {
    "test": [
      {
        "ndcg_at_1": 0.37603,
        "ndcg_at_3": 0.47129,
        "ndcg_at_5": 0.52224,
        "ndcg_at_10": 0.57208,
        "ndcg_at_20": 0.60883,
        "ndcg_at_25": 0.61534,
        "ndcg_at_50": 0.6281,
        "ndcg_at_100": 0.63029,
        "ndcg_at_1000": 0.63033,
        "map_at_1": 0.28954,
        "map_at_3": 0.40957,
        "map_at_5": 0.44926,
        "map_at_10": 0.47791,
        "map_at_20": 0.49269,
        "map_at_25": 0.49494,
        "map_at_50": 0.49868,
        "map_at_100": 0.49913,
        "map_at_1000": 0.49914,
        "recall_at_1": 0.28954,
        "recall_at_3": 0.5252,
        "recall_at_5": 0.65216,
        "recall_at_10": 0.79496,
        "recall_at_20": 0.91677,
        "recall_at_25": 0.9399,
        "recall_at_50": 0.99053,
        "recall_at_100": 0.99981,
        "recall_at_1000": 1.0,
        "accuracy": 0.28954,
        "precision_at_1": 0.37603,
        "precision_at_3": 0.24519,
        "precision_at_5": 0.19206,
        "precision_at_10": 0.12345,
        "precision_at_20": 0.07491,
        "precision_at_25": 0.0625,
        "precision_at_50": 0.03407,
        "precision_at_100": 0.01736,
        "precision_at_1000": 0.00174,
        "mrr_at_1": 0.37603,
        "mrr_at_3": 0.486517,
        "mrr_at_5": 0.513408,
        "mrr_at_10": 0.530101,
        "mrr_at_20": 0.536468,
        "mrr_at_25": 0.537085,
        "mrr_at_50": 0.537957,
        "mrr_at_100": 0.538032,
        "mrr_at_1000": 0.538032,
        "nauc_ndcg_at_1_max": 0.011801,
        "nauc_ndcg_at_1_std": -0.014507,
        "nauc_ndcg_at_1_diff1": 0.255421,
        "nauc_ndcg_at_3_max": 0.002011,
        "nauc_ndcg_at_3_std": -0.034024,
        "nauc_ndcg_at_3_diff1": 0.213748,
        "nauc_ndcg_at_5_max": 0.021243,
        "nauc_ndcg_at_5_std": -0.013922,
        "nauc_ndcg_at_5_diff1": 0.205503,
        "nauc_ndcg_at_10_max": 0.016074,
        "nauc_ndcg_at_10_std": -0.006386,
        "nauc_ndcg_at_10_diff1": 0.213327,
        "nauc_ndcg_at_20_max": 0.023771,
        "nauc_ndcg_at_20_std": -0.000693,
        "nauc_ndcg_at_20_diff1": 0.219681,
        "nauc_ndcg_at_25_max": 0.029676,
        "nauc_ndcg_at_25_std": 0.004181,
        "nauc_ndcg_at_25_diff1": 0.216992,
        "nauc_ndcg_at_50_max": 0.028744,
        "nauc_ndcg_at_50_std": -0.002207,
        "nauc_ndcg_at_50_diff1": 0.220263,
        "nauc_ndcg_at_100_max": 0.026416,
        "nauc_ndcg_at_100_std": -0.005074,
        "nauc_ndcg_at_100_diff1": 0.219123,
        "nauc_ndcg_at_1000_max": 0.026732,
        "nauc_ndcg_at_1000_std": -0.00523,
        "nauc_ndcg_at_1000_diff1": 0.219054,
        "nauc_map_at_1_max": 0.000286,
        "nauc_map_at_1_std": -0.028829,
        "nauc_map_at_1_diff1": 0.260426,
        "nauc_map_at_3_max": -0.001638,
        "nauc_map_at_3_std": -0.037919,
        "nauc_map_at_3_diff1": 0.220281,
        "nauc_map_at_5_max": 0.009491,
        "nauc_map_at_5_std": -0.025237,
        "nauc_map_at_5_diff1": 0.215196,
        "nauc_map_at_10_max": 0.012286,
        "nauc_map_at_10_std": -0.011738,
        "nauc_map_at_10_diff1": 0.217897,
        "nauc_map_at_20_max": 0.01503,
        "nauc_map_at_20_std": -0.009347,
        "nauc_map_at_20_diff1": 0.220976,
        "nauc_map_at_25_max": 0.017202,
        "nauc_map_at_25_std": -0.008122,
        "nauc_map_at_25_diff1": 0.221166,
        "nauc_map_at_50_max": 0.018267,
        "nauc_map_at_50_std": -0.008215,
        "nauc_map_at_50_diff1": 0.221308,
        "nauc_map_at_100_max": 0.017809,
        "nauc_map_at_100_std": -0.008718,
        "nauc_map_at_100_diff1": 0.220952,
        "nauc_map_at_1000_max": 0.017841,
        "nauc_map_at_1000_std": -0.008734,
        "nauc_map_at_1000_diff1": 0.220946,
        "nauc_recall_at_1_max": 0.000286,
        "nauc_recall_at_1_std": -0.028829,
        "nauc_recall_at_1_diff1": 0.260426,
        "nauc_recall_at_3_max": -0.012477,
        "nauc_recall_at_3_std": -0.055365,
        "nauc_recall_at_3_diff1": 0.169347,
        "nauc_recall_at_5_max": 0.026165,
        "nauc_recall_at_5_std": -0.010422,
        "nauc_recall_at_5_diff1": 0.144925,
        "nauc_recall_at_10_max": -0.004858,
        "nauc_recall_at_10_std": 0.00613,
        "nauc_recall_at_10_diff1": 0.160472,
        "nauc_recall_at_20_max": 0.026678,
        "nauc_recall_at_20_std": 0.074899,
        "nauc_recall_at_20_diff1": 0.176623,
        "nauc_recall_at_25_max": 0.102142,
        "nauc_recall_at_25_std": 0.180127,
        "nauc_recall_at_25_diff1": 0.109242,
        "nauc_recall_at_50_max": 0.210658,
        "nauc_recall_at_50_std": 0.299775,
        "nauc_recall_at_50_diff1": 0.185733,
        "nauc_recall_at_100_max": -1.742985,
        "nauc_recall_at_100_std": 0.869227,
        "nauc_recall_at_100_diff1": 0.554011,
        "nauc_recall_at_1000_max": NaN,
        "nauc_recall_at_1000_std": NaN,
        "nauc_recall_at_1000_diff1": NaN,
        "nauc_precision_at_1_max": 0.011801,
        "nauc_precision_at_1_std": -0.014507,
        "nauc_precision_at_1_diff1": 0.255421,
        "nauc_precision_at_3_max": 0.003559,
        "nauc_precision_at_3_std": -0.024911,
        "nauc_precision_at_3_diff1": 0.102501,
        "nauc_precision_at_5_max": 0.056639,
        "nauc_precision_at_5_std": 0.042329,
        "nauc_precision_at_5_diff1": 0.051727,
        "nauc_precision_at_10_max": 0.061089,
        "nauc_precision_at_10_std": 0.092511,
        "nauc_precision_at_10_diff1": 0.009951,
        "nauc_precision_at_20_max": 0.081408,
        "nauc_precision_at_20_std": 0.099449,
        "nauc_precision_at_20_diff1": -0.015267,
        "nauc_precision_at_25_max": 0.097459,
        "nauc_precision_at_25_std": 0.107,
        "nauc_precision_at_25_diff1": -0.025868,
        "nauc_precision_at_50_max": 0.099596,
        "nauc_precision_at_50_std": 0.097032,
        "nauc_precision_at_50_diff1": -0.046922,
        "nauc_precision_at_100_max": 0.086897,
        "nauc_precision_at_100_std": 0.083759,
        "nauc_precision_at_100_diff1": -0.058362,
        "nauc_precision_at_1000_max": 0.088027,
        "nauc_precision_at_1000_std": 0.083038,
        "nauc_precision_at_1000_diff1": -0.058683,
        "nauc_mrr_at_1_max": 0.011801,
        "nauc_mrr_at_1_std": -0.014507,
        "nauc_mrr_at_1_diff1": 0.255421,
        "nauc_mrr_at_3_max": 0.019271,
        "nauc_mrr_at_3_std": -0.020921,
        "nauc_mrr_at_3_diff1": 0.227413,
        "nauc_mrr_at_5_max": 0.031816,
        "nauc_mrr_at_5_std": -0.007572,
        "nauc_mrr_at_5_diff1": 0.224536,
        "nauc_mrr_at_10_max": 0.026264,
        "nauc_mrr_at_10_std": -0.010487,
        "nauc_mrr_at_10_diff1": 0.231709,
        "nauc_mrr_at_20_max": 0.027654,
        "nauc_mrr_at_20_std": -0.008346,
        "nauc_mrr_at_20_diff1": 0.232632,
        "nauc_mrr_at_25_max": 0.027281,
        "nauc_mrr_at_25_std": -0.00847,
        "nauc_mrr_at_25_diff1": 0.231746,
        "nauc_mrr_at_50_max": 0.026737,
        "nauc_mrr_at_50_std": -0.009201,
        "nauc_mrr_at_50_diff1": 0.232061,
        "nauc_mrr_at_100_max": 0.026711,
        "nauc_mrr_at_100_std": -0.009236,
        "nauc_mrr_at_100_diff1": 0.232162,
        "nauc_mrr_at_1000_max": 0.026711,
        "nauc_mrr_at_1000_std": -0.009236,
        "nauc_mrr_at_1000_diff1": 0.232162,
        "hit_rate_at_1": 0.37603,
        "hit_rate_at_3": 0.62397,
        "hit_rate_at_5": 0.74157,
        "hit_rate_at_10": 0.86442,
        "hit_rate_at_20": 0.95431,
        "hit_rate_at_25": 0.96854,
        "hit_rate_at_50": 0.99551,
        "hit_rate_at_100": 1.0,
        "hit_rate_at_1000": 1.0,
        "R_cap_at_1": 0.37603,
        "R_cap_at_3": 0.543071,
        "R_cap_at_5": 0.658527,
        "R_cap_at_10": 0.795676,
        "R_cap_at_20": 0.91694,
        "R_cap_at_25": 0.939994,
        "R_cap_at_50": 0.990527,
        "R_cap_at_100": 0.999813,