{
  "dataset_revision": "6f868e5b4c46a9f04c89f7179ddc7c8f162c1068",
  "task_name": "ToolBench",
  "mteb_version": "2.12.39",
  "scores": {
    "test": [
      {
        "ndcg_at_1": 0.50273,
        "ndcg_at_3": 0.4611,
        "ndcg_at_5": 0.50176,
        "ndcg_at_10": 0.5418,
        "ndcg_at_20": 0.56974,
        "ndcg_at_25": 0.57634,
        "ndcg_at_50": 0.59461,
        "ndcg_at_100": 0.60614,
        "ndcg_at_1000": 0.62143,
        "map_at_1": 0.23715,
        "map_at_3": 0.39396,
        "map_at_5": 0.43054,
        "map_at_10": 0.45448,
        "map_at_20": 0.46602,
        "map_at_25": 0.46788,
        "map_at_50": 0.47181,
        "map_at_100": 0.47343,
        "map_at_1000": 0.47441,
        "recall_at_1": 0.23715,
        "recall_at_3": 0.45359,
        "recall_at_5": 0.53847,
        "recall_at_10": 0.63502,
        "recall_at_20": 0.71894,
        "recall_at_25": 0.7417,
        "recall_at_50": 0.81445,
        "recall_at_100": 0.86806,
        "recall_at_1000": 0.95726,
        "accuracy": 0.23715,
        "precision_at_1": 0.50273,
        "precision_at_3": 0.33152,
        "precision_at_5": 0.24036,
        "precision_at_10": 0.14336,
        "precision_at_20": 0.08223,
        "precision_at_25": 0.06815,
        "precision_at_50": 0.03764,
        "precision_at_100": 0.02021,
        "precision_at_1000": 0.00226,
        "mrr_at_1": 0.502727,
        "mrr_at_3": 0.58303,
        "mrr_at_5": 0.596212,
        "mrr_at_10": 0.604555,
        "mrr_at_20": 0.608166,
        "mrr_at_25": 0.608883,
        "mrr_at_50": 0.610221,
        "mrr_at_100": 0.610503,
        "mrr_at_1000": 0.610696,
        "nauc_ndcg_at_1_max": 0.33237,
        "nauc_ndcg_at_1_std": -0.206275,
        "nauc_ndcg_at_1_diff1": 0.531657,
        "nauc_ndcg_at_3_max": 0.341439,
        "nauc_ndcg_at_3_std": -0.227738,
        "nauc_ndcg_at_3_diff1": 0.398659,
        "nauc_ndcg_at_5_max": 0.354536,
        "nauc_ndcg_at_5_std": -0.229296,
        "nauc_ndcg_at_5_diff1": 0.399637,
        "nauc_ndcg_at_10_max": 0.357118,
        "nauc_ndcg_at_10_std": -0.231842,
        "nauc_ndcg_at_10_diff1": 0.402623,
        "nauc_ndcg_at_20_max": 0.365738,
        "nauc_ndcg_at_20_std": -0.217499,
        "nauc_ndcg_at_20_diff1": 0.398464,
        "nauc_ndcg_at_25_max": 0.365424,
        "nauc_ndcg_at_25_std": -0.211436,
        "nauc_ndcg_at_25_diff1": 0.395699,
        "nauc_ndcg_at_50_max": 0.369934,
        "nauc_ndcg_at_50_std": -0.200765,
        "nauc_ndcg_at_50_diff1": 0.395685,
        "nauc_ndcg_at_100_max": 0.371315,
        "nauc_ndcg_at_100_std": -0.190596,
        "nauc_ndcg_at_100_diff1": 0.398828,
        "nauc_ndcg_at_1000_max": 0.367739,
        "nauc_ndcg_at_1000_std": -0.194462,
        "nauc_ndcg_at_1000_diff1": 0.403465,
        "nauc_map_at_1_max": 0.323271,
        "nauc_map_at_1_std": -0.1939,
        "nauc_map_at_1_diff1": 0.532252,
        "nauc_map_at_3_max": 0.340955,
        "nauc_map_at_3_std": -0.218099,
        "nauc_map_at_3_diff1": 0.381041,
        "nauc_map_at_5_max": 0.348348,
        "nauc_map_at_5_std": -0.227769,
        "nauc_map_at_5_diff1": 0.380666,
        "nauc_map_at_10_max": 0.348162,
        "nauc_map_at_10_std": -0.233172,
        "nauc_map_at_10_diff1": 0.382635,
        "nauc_map_at_20_max": 0.352102,
        "nauc_map_at_20_std": -0.228316,
        "nauc_map_at_20_diff1": 0.380606,
        "nauc_map_at_25_max": 0.35205,
        "nauc_map_at_25_std": -0.226855,
        "nauc_map_at_25_diff1": 0.37964,
        "nauc_map_at_50_max": 0.352548,
        "nauc_map_at_50_std": -0.224948,
        "nauc_map_at_50_diff1": 0.379144,
        "nauc_map_at_100_max": 0.352617,
        "nauc_map_at_100_std": -0.223563,
        "nauc_map_at_100_diff1": 0.379542,
        "nauc_map_at_1000_max": 0.352671,
        "nauc_map_at_1000_std": -0.223243,
        "nauc_map_at_1000_diff1": 0.379813,
        "nauc_recall_at_1_max": 0.323271,
        "nauc_recall_at_1_std": -0.1939,
        "nauc_recall_at_1_diff1": 0.532252,
        "nauc_recall_at_3_max": 0.337669,
        "nauc_recall_at_3_std": -0.223419,
        "nauc_recall_at_3_diff1": 0.348434,
        "nauc_recall_at_5_max": 0.355327,
        "nauc_recall_at_5_std": -0.217478,
        "nauc_recall_at_5_diff1": 0.330741,
        "nauc_recall_at_10_max": 0.358118,
        "nauc_recall_at_10_std": -0.21851,
        "nauc_recall_at_10_diff1": 0.330592,
        "nauc_recall_at_20_max": 0.388825,
        "nauc_recall_at_20_std": -0.162633,
        "nauc_recall_at_20_diff1": 0.304485,
        "nauc_recall_at_25_max": 0.389994,
        "nauc_recall_at_25_std": -0.131973,
        "nauc_recall_at_25_diff1": 0.288056,
        "nauc_recall_at_50_max": 0.436703,
        "nauc_recall_at_50_std": -0.042223,
        "nauc_recall_at_50_diff1": 0.266653,
        "nauc_recall_at_100_max": 0.493129,
        "nauc_recall_at_100_std": 0.097901,
        "nauc_recall_at_100_diff1": 0.271254,
        "nauc_recall_at_1000_max": 0.66438,
        "nauc_recall_at_1000_std": 0.403121,
        "nauc_recall_at_1000_diff1": 0.262046,
        "nauc_precision_at_1_max": 0.33237,
        "nauc_precision_at_1_std": -0.206275,
        "nauc_precision_at_1_diff1": 0.531657,
        "nauc_precision_at_3_max": 0.306834,
        "nauc_precision_at_3_std": -0.22255,
        "nauc_precision_at_3_diff1": 0.288344,
        "nauc_precision_at_5_max": 0.291871,
        "nauc_precision_at_5_std": -0.196649,
        "nauc_precision_at_5_diff1": 0.236031,
        "nauc_precision_at_10_max": 0.252303,
        "nauc_precision_at_10_std": -0.177829,
        "nauc_precision_at_10_diff1": 0.189419,
        "nauc_precision_at_20_max": 0.227894,
        "nauc_precision_at_20_std": -0.105903,
        "nauc_precision_at_20_diff1": 0.117711,
        "nauc_precision_at_25_max": 0.210697,
        "nauc_precision_at_25_std": -0.076314,
        "nauc_precision_at_25_diff1": 0.086557,
        "nauc_precision_at_50_max": 0.170025,
        "nauc_precision_at_50_std": -0.006725,
        "nauc_precision_at_50_diff1": 0.016492,
        "nauc_precision_at_100_max": 0.123825,
        "nauc_precision_at_100_std": 0.069141,
        "nauc_precision_at_100_diff1": -0.032163,
        "nauc_precision_at_1000_max": -0.023467,
        "nauc_precision_at_1000_std": 0.114555,
        "nauc_precision_at_1000_diff1": -0.146461,
        "nauc_mrr_at_1_max": 0.33237,
        "nauc_mrr_at_1_std": -0.206275,
        "nauc_mrr_at_1_diff1": 0.531657,
        "nauc_mrr_at_3_max": 0.331147,
        "nauc_mrr_at_3_std": -0.238804,
        "nauc_mrr_at_3_diff1": 0.506599,
        "nauc_mrr_at_5_max": 0.340063,
        "nauc_mrr_at_5_std": -0.221024,
        "nauc_mrr_at_5_diff1": 0.500919,
        "nauc_mrr_at_10_max": 0.341133,
        "nauc_mrr_at_10_std": -0.216524,
        "nauc_mrr_at_10_diff1": 0.499729,
        "nauc_mrr_at_20_max": 0.341514,
        "nauc_mrr_at_20_std": -0.215581,
        "nauc_mrr_at_20_diff1": 0.50018,
        "nauc_mrr_at_25_max": 0.341166,
        "nauc_mrr_at_25_std": -0.215226,
        "nauc_mrr_at_25_diff1": 0.500205,
        "nauc_mrr_at_50_max": 0.341793,
        "nauc_mrr_at_50_std": -0.214523,
        "nauc_mrr_at_50_diff1": 0.500712,
        "nauc_mrr_at_100_max": 0.341739,
        "nauc_mrr_at_100_std": -0.214677,
        "nauc_mrr_at_100_diff1": 0.500842,
        "nauc_mrr_at_1000_max": 0.341567,
        "nauc_mrr_at_1000_std": -0.21489,
        "nauc_mrr_at_1000_diff1": 0.500798,
        "hit_rate_at_1": 0.50273,
        "hit_rate_at_3": 0.68364,
        "hit_rate_at_5": 0.74182,
        "hit_rate_at_10": 0.80545,
        "hit_rate_at_20": 0.85636,
        "hit_rate_at_25": 0.87273,
        "hit_rate_at_50": 0.92,
        "hit_rate_at_100": 0.94,
        "hit_rate_at_1000": 0.97727,
        "R_cap_at_1": 0.502727,
        "R_cap_at_3": 0.461061,
        "R_cap_at_5": 0.538742,
        "R_cap_at_10": 0.635015,
        "R_cap_at_20": 0.718939,
        "R_cap_at_25": 0.741697,
        "R_cap_at_50": 0.814455,
        "R_cap_at_100": 0.868061,