{
  "dataset_revision": "bf110dabd08865a8aff2d40d03696984e76085e0",
  "task_name": "CovidQA",
  "mteb_version": "2.12.39",
  "scores": {
    "test": [
      {
        "ndcg_at_1": 0.50675,
        "ndcg_at_3": 0.62416,
        "ndcg_at_5": 0.65739,
        "ndcg_at_10": 0.6913,
        "ndcg_at_20": 0.70838,
        "ndcg_at_25": 0.71253,
        "ndcg_at_50": 0.71664,
        "ndcg_at_100": 0.71664,
        "ndcg_at_1000": 0.71664,
        "map_at_1": 0.50675,
        "map_at_3": 0.59481,
        "map_at_5": 0.6134,
        "map_at_10": 0.62747,
        "map_at_20": 0.63229,
        "map_at_25": 0.63314,
        "map_at_50": 0.63379,
        "map_at_100": 0.63379,
        "map_at_1000": 0.63379,
        "recall_at_1": 0.50675,
        "recall_at_3": 0.70927,
        "recall_at_5": 0.78938,
        "recall_at_10": 0.89379,
        "recall_at_20": 0.9604,
        "recall_at_25": 0.9793,
        "recall_at_50": 1.0,
        "recall_at_100": 1.0,
        "recall_at_1000": 1.0,
        "accuracy": 0.50675,
        "precision_at_1": 0.50675,
        "precision_at_3": 0.23642,
        "precision_at_5": 0.15788,
        "precision_at_10": 0.08938,
        "precision_at_20": 0.04802,
        "precision_at_25": 0.03917,
        "precision_at_50": 0.02,
        "precision_at_100": 0.01,
        "precision_at_1000": 0.001,
        "mrr_at_1": 0.508551,
        "mrr_at_3": 0.59541,
        "mrr_at_5": 0.613951,
        "mrr_at_10": 0.627895,
        "mrr_at_20": 0.632767,
        "mrr_at_25": 0.633569,
        "mrr_at_50": 0.634219,
        "mrr_at_100": 0.634219,
        "mrr_at_1000": 0.634219,
        "nauc_ndcg_at_1_max": 0.226048,
        "nauc_ndcg_at_1_std": 0.160343,
        "nauc_ndcg_at_1_diff1": 0.615409,
        "nauc_ndcg_at_3_max": 0.210704,
        "nauc_ndcg_at_3_std": 0.128347,
        "nauc_ndcg_at_3_diff1": 0.568229,
        "nauc_ndcg_at_5_max": 0.209137,
        "nauc_ndcg_at_5_std": 0.136812,
        "nauc_ndcg_at_5_diff1": 0.570515,
        "nauc_ndcg_at_10_max": 0.213506,
        "nauc_ndcg_at_10_std": 0.148999,
        "nauc_ndcg_at_10_diff1": 0.567986,
        "nauc_ndcg_at_20_max": 0.221091,
        "nauc_ndcg_at_20_std": 0.153253,
        "nauc_ndcg_at_20_diff1": 0.579148,
        "nauc_ndcg_at_25_max": 0.218103,
        "nauc_ndcg_at_25_std": 0.148688,
        "nauc_ndcg_at_25_diff1": 0.577141,
        "nauc_ndcg_at_50_max": 0.216335,
        "nauc_ndcg_at_50_std": 0.144267,
        "nauc_ndcg_at_50_diff1": 0.58035,
        "nauc_ndcg_at_100_max": 0.216335,
        "nauc_ndcg_at_100_std": 0.144267,
        "nauc_ndcg_at_100_diff1": 0.58035,
        "nauc_ndcg_at_1000_max": 0.216335,
        "nauc_ndcg_at_1000_std": 0.144267,
        "nauc_ndcg_at_1000_diff1": 0.58035,
        "nauc_map_at_1_max": 0.226048,
        "nauc_map_at_1_std": 0.160343,
        "nauc_map_at_1_diff1": 0.615409,
        "nauc_map_at_3_max": 0.214802,
        "nauc_map_at_3_std": 0.135945,
        "nauc_map_at_3_diff1": 0.580681,
        "nauc_map_at_5_max": 0.214421,
        "nauc_map_at_5_std": 0.140396,
        "nauc_map_at_5_diff1": 0.582009,
        "nauc_map_at_10_max": 0.215872,
        "nauc_map_at_10_std": 0.144805,
        "nauc_map_at_10_diff1": 0.581647,
        "nauc_map_at_20_max": 0.217717,
        "nauc_map_at_20_std": 0.145569,
        "nauc_map_at_20_diff1": 0.584224,
        "nauc_map_at_25_max": 0.217155,
        "nauc_map_at_25_std": 0.144762,
        "nauc_map_at_25_diff1": 0.583914,
        "nauc_map_at_50_max": 0.216967,
        "nauc_map_at_50_std": 0.14422,
        "nauc_map_at_50_diff1": 0.584355,
        "nauc_map_at_100_max": 0.216967,
        "nauc_map_at_100_std": 0.14422,
        "nauc_map_at_100_diff1": 0.584355,
        "nauc_map_at_1000_max": 0.216967,
        "nauc_map_at_1000_std": 0.14422,
        "nauc_map_at_1000_diff1": 0.584355,
        "nauc_recall_at_1_max": 0.226048,
        "nauc_recall_at_1_std": 0.160343,
        "nauc_recall_at_1_diff1": 0.615409,
        "nauc_recall_at_3_max": 0.19633,
        "nauc_recall_at_3_std": 0.102185,
        "nauc_recall_at_3_diff1": 0.524629,
        "nauc_recall_at_5_max": 0.185351,
        "nauc_recall_at_5_std": 0.124127,
        "nauc_recall_at_5_diff1": 0.521877,
        "nauc_recall_at_10_max": 0.200434,
        "nauc_recall_at_10_std": 0.199925,
        "nauc_recall_at_10_diff1": 0.462124,
        "nauc_recall_at_20_max": 0.341448,
        "nauc_recall_at_20_std": 0.385278,
        "nauc_recall_at_20_diff1": 0.542593,
        "nauc_recall_at_25_max": 0.316279,
        "nauc_recall_at_25_std": 0.382992,
        "nauc_recall_at_25_diff1": 0.412602,
        "nauc_recall_at_50_max": NaN,
        "nauc_recall_at_50_std": NaN,
        "nauc_recall_at_50_diff1": NaN,
        "nauc_recall_at_100_max": NaN,
        "nauc_recall_at_100_std": NaN,
        "nauc_recall_at_100_diff1": NaN,
        "nauc_recall_at_1000_max": NaN,
        "nauc_recall_at_1000_std": NaN,
        "nauc_recall_at_1000_diff1": NaN,
        "nauc_precision_at_1_max": 0.226048,
        "nauc_precision_at_1_std": 0.160343,
        "nauc_precision_at_1_diff1": 0.615409,
        "nauc_precision_at_3_max": 0.19633,
        "nauc_precision_at_3_std": 0.102185,
        "nauc_precision_at_3_diff1": 0.524629,
        "nauc_precision_at_5_max": 0.185351,
        "nauc_precision_at_5_std": 0.124127,
        "nauc_precision_at_5_diff1": 0.521877,
        "nauc_precision_at_10_max": 0.200434,
        "nauc_precision_at_10_std": 0.199925,
        "nauc_precision_at_10_diff1": 0.462124,
        "nauc_precision_at_20_max": 0.341448,
        "nauc_precision_at_20_std": 0.385278,
        "nauc_precision_at_20_diff1": 0.542593,
        "nauc_precision_at_25_max": 0.316279,
        "nauc_precision_at_25_std": 0.382992,
        "nauc_precision_at_25_diff1": 0.412602,
        "nauc_precision_at_50_max": 1.0,
        "nauc_precision_at_50_std": 1.0,
        "nauc_precision_at_50_diff1": 1.0,
        "nauc_precision_at_100_max": 1.0,
        "nauc_precision_at_100_std": 1.0,
        "nauc_precision_at_100_diff1": 1.0,
        "nauc_precision_at_1000_max": 1.0,
        "nauc_precision_at_1000_std": 1.0,
        "nauc_precision_at_1000_diff1": 1.0,
        "nauc_mrr_at_1_max": 0.231428,
        "nauc_mrr_at_1_std": 0.160767,
        "nauc_mrr_at_1_diff1": 0.611367,
        "nauc_mrr_at_3_max": 0.21554,
        "nauc_mrr_at_3_std": 0.134941,
        "nauc_mrr_at_3_diff1": 0.581128,
        "nauc_mrr_at_5_max": 0.216835,
        "nauc_mrr_at_5_std": 0.140043,
        "nauc_mrr_at_5_diff1": 0.580572,
        "nauc_mrr_at_10_max": 0.21865,
        "nauc_mrr_at_10_std": 0.144518,
        "nauc_mrr_at_10_diff1": 0.579974,
        "nauc_mrr_at_20_max": 0.220424,
        "nauc_mrr_at_20_std": 0.145157,
        "nauc_mrr_at_20_diff1": 0.582548,
        "nauc_mrr_at_25_max": 0.220012,
        "nauc_mrr_at_25_std": 0.14448,
        "nauc_mrr_at_25_diff1": 0.582198,
        "nauc_mrr_at_50_max": 0.219792,
        "nauc_mrr_at_50_std": 0.143925,
        "nauc_mrr_at_50_diff1": 0.582633,
        "nauc_mrr_at_100_max": 0.219792,
        "nauc_mrr_at_100_std": 0.143925,
        "nauc_mrr_at_100_diff1": 0.582633,
        "nauc_mrr_at_1000_max": 0.219792,
        "nauc_mrr_at_1000_std": 0.143925,
        "nauc_mrr_at_1000_diff1": 0.582633,
        "hit_rate_at_1": 0.50675,
        "hit_rate_at_3": 0.70927,
        "hit_rate_at_5": 0.78938,
        "hit_rate_at_10": 0.89379,
        "hit_rate_at_20": 0.9604,
        "hit_rate_at_25": 0.9793,
        "hit_rate_at_50": 1.0,
        "hit_rate_at_100": 1.0,
        "hit_rate_at_1000": 1.0,
        "R_cap_at_1": 0.508551,
        "R_cap_at_3": 0.709271,
        "R_cap_at_5": 0.789379,
        "R_cap_at_10": 0.893789,
        "R_cap_at_20": 0.961296,
        "R_cap_at_25": 0.979298,
        "R_cap_at_50": 1.0,
        "R_cap_at_100": 1.0,
        "R_cap_at_1000": 1.0,
        "main_score": 0.6913,
        "hf_subset": "Covid-QA",
        "languages": [
          "eng-Latn"
        ],