{
  "dataset_revision": "6757300d912abd580dda453bced37cb7f5b44c78",
  "task_name": "ESGReports",
  "mteb_version": "2.12.39",
  "scores": {
    "test": [
      {
        "ndcg_at_1": 0.22222,
        "ndcg_at_3": 0.25904,
        "ndcg_at_5": 0.30856,
        "ndcg_at_10": 0.35001,
        "ndcg_at_20": 0.40313,
        "ndcg_at_25": 0.40516,
        "ndcg_at_50": 0.45432,
        "ndcg_at_100": 0.4786,
        "ndcg_at_1000": 0.4786,
        "map_at_1": 0.17222,
        "map_at_3": 0.21836,
        "map_at_5": 0.24753,
        "map_at_10": 0.26782,
        "map_at_20": 0.28537,
        "map_at_25": 0.28629,
        "map_at_50": 0.2983,
        "map_at_100": 0.30235,
        "map_at_1000": 0.30235,
        "recall_at_1": 0.17222,
        "recall_at_3": 0.27037,
        "recall_at_5": 0.38935,
        "recall_at_10": 0.50694,
        "recall_at_20": 0.68565,
        "recall_at_25": 0.6912,
        "recall_at_50": 0.8787,
        "recall_at_100": 1.0,
        "recall_at_1000": 1.0,
        "accuracy": 0.17222,
        "precision_at_1": 0.22222,
        "precision_at_3": 0.13889,
        "precision_at_5": 0.13333,
        "precision_at_10": 0.08611,
        "precision_at_20": 0.06111,
        "precision_at_25": 0.05,
        "precision_at_50": 0.035,
        "precision_at_100": 0.02,
        "precision_at_1000": 0.002,
        "mrr_at_1": 0.222222,
        "mrr_at_3": 0.296296,
        "mrr_at_5": 0.332407,
        "mrr_at_10": 0.352194,
        "mrr_at_20": 0.361907,
        "mrr_at_25": 0.361907,
        "mrr_at_50": 0.365853,
        "mrr_at_100": 0.366687,
        "mrr_at_1000": 0.366687,
        "nauc_ndcg_at_1_max": 0.269781,
        "nauc_ndcg_at_1_std": -0.049332,
        "nauc_ndcg_at_1_diff1": 0.416948,
        "nauc_ndcg_at_3_max": 0.143088,
        "nauc_ndcg_at_3_std": -0.156127,
        "nauc_ndcg_at_3_diff1": 0.420383,
        "nauc_ndcg_at_5_max": 0.10684,
        "nauc_ndcg_at_5_std": -0.103834,
        "nauc_ndcg_at_5_diff1": 0.354167,
        "nauc_ndcg_at_10_max": 0.166152,
        "nauc_ndcg_at_10_std": -0.075558,
        "nauc_ndcg_at_10_diff1": 0.338407,
        "nauc_ndcg_at_20_max": 0.166765,
        "nauc_ndcg_at_20_std": 0.023976,
        "nauc_ndcg_at_20_diff1": 0.315812,
        "nauc_ndcg_at_25_max": 0.159483,
        "nauc_ndcg_at_25_std": 0.016439,
        "nauc_ndcg_at_25_diff1": 0.31365,
        "nauc_ndcg_at_50_max": 0.234903,
        "nauc_ndcg_at_50_std": -0.008126,
        "nauc_ndcg_at_50_diff1": 0.381547,
        "nauc_ndcg_at_100_max": 0.191385,
        "nauc_ndcg_at_100_std": -0.062902,
        "nauc_ndcg_at_100_diff1": 0.371099,
        "nauc_ndcg_at_1000_max": 0.191385,
        "nauc_ndcg_at_1000_std": -0.062902,
        "nauc_ndcg_at_1000_diff1": 0.371099,
        "nauc_map_at_1_max": 0.175186,
        "nauc_map_at_1_std": -0.183291,
        "nauc_map_at_1_diff1": 0.448281,
        "nauc_map_at_3_max": 0.114739,
        "nauc_map_at_3_std": -0.188443,
        "nauc_map_at_3_diff1": 0.439099,
        "nauc_map_at_5_max": 0.095672,
        "nauc_map_at_5_std": -0.149542,
        "nauc_map_at_5_diff1": 0.394861,
        "nauc_map_at_10_max": 0.135874,
        "nauc_map_at_10_std": -0.120959,
        "nauc_map_at_10_diff1": 0.390181,
        "nauc_map_at_20_max": 0.14071,
        "nauc_map_at_20_std": -0.08279,
        "nauc_map_at_20_diff1": 0.378949,
        "nauc_map_at_25_max": 0.137566,
        "nauc_map_at_25_std": -0.086253,
        "nauc_map_at_25_diff1": 0.378287,
        "nauc_map_at_50_max": 0.15496,
        "nauc_map_at_50_std": -0.087787,
        "nauc_map_at_50_diff1": 0.390049,
        "nauc_map_at_100_max": 0.149357,
        "nauc_map_at_100_std": -0.096305,
        "nauc_map_at_100_diff1": 0.390286,
        "nauc_map_at_1000_max": 0.149357,
        "nauc_map_at_1000_std": -0.096305,
        "nauc_map_at_1000_diff1": 0.390286,
        "nauc_recall_at_1_max": 0.175186,
        "nauc_recall_at_1_std": -0.183291,
        "nauc_recall_at_1_diff1": 0.448281,
        "nauc_recall_at_3_max": 0.066801,
        "nauc_recall_at_3_std": -0.191395,
        "nauc_recall_at_3_diff1": 0.39216,
        "nauc_recall_at_5_max": -0.011877,
        "nauc_recall_at_5_std": -0.059667,
        "nauc_recall_at_5_diff1": 0.238606,
        "nauc_recall_at_10_max": 0.128436,
        "nauc_recall_at_10_std": -0.004764,
        "nauc_recall_at_10_diff1": 0.192398,
        "nauc_recall_at_20_max": 0.066168,
        "nauc_recall_at_20_std": 0.369759,
        "nauc_recall_at_20_diff1": 0.058186,
        "nauc_recall_at_25_max": 0.044606,
        "nauc_recall_at_25_std": 0.351052,
        "nauc_recall_at_25_diff1": 0.050754,
        "nauc_recall_at_50_max": 0.611201,
        "nauc_recall_at_50_std": 0.532896,
        "nauc_recall_at_50_diff1": 0.412817,
        "nauc_recall_at_100_max": NaN,
        "nauc_recall_at_100_std": NaN,
        "nauc_recall_at_100_diff1": NaN,
        "nauc_recall_at_1000_max": NaN,
        "nauc_recall_at_1000_std": NaN,
        "nauc_recall_at_1000_diff1": NaN,
        "nauc_precision_at_1_max": 0.269781,
        "nauc_precision_at_1_std": -0.049332,
        "nauc_precision_at_1_diff1": 0.416948,
        "nauc_precision_at_3_max": 0.234399,
        "nauc_precision_at_3_std": -0.062488,
        "nauc_precision_at_3_diff1": 0.313625,
        "nauc_precision_at_5_max": 0.174805,
        "nauc_precision_at_5_std": 0.172222,
        "nauc_precision_at_5_diff1": 0.084254,
        "nauc_precision_at_10_max": 0.286129,
        "nauc_precision_at_10_std": 0.254868,
        "nauc_precision_at_10_diff1": 0.038251,
        "nauc_precision_at_20_max": 0.205196,
        "nauc_precision_at_20_std": 0.446098,
        "nauc_precision_at_20_diff1": -0.115144,
        "nauc_precision_at_25_max": 0.155882,
        "nauc_precision_at_25_std": 0.381828,
        "nauc_precision_at_25_diff1": -0.12115,
        "nauc_precision_at_50_max": 0.220511,
        "nauc_precision_at_50_std": 0.20088,
        "nauc_precision_at_50_diff1": -0.028057,
        "nauc_precision_at_100_max": 0.108922,
        "nauc_precision_at_100_std": 0.075467,
        "nauc_precision_at_100_diff1": -0.067746,
        "nauc_precision_at_1000_max": 0.108922,
        "nauc_precision_at_1000_std": 0.075467,
        "nauc_precision_at_1000_diff1": -0.067746,
        "nauc_mrr_at_1_max": 0.269781,
        "nauc_mrr_at_1_std": -0.049332,
        "nauc_mrr_at_1_diff1": 0.416948,
        "nauc_mrr_at_3_max": 0.244894,
        "nauc_mrr_at_3_std": -0.112649,
        "nauc_mrr_at_3_diff1": 0.415467,
        "nauc_mrr_at_5_max": 0.208225,
        "nauc_mrr_at_5_std": -0.085735,
        "nauc_mrr_at_5_diff1": 0.397502,
        "nauc_mrr_at_10_max": 0.234376,
        "nauc_mrr_at_10_std": -0.08337,
        "nauc_mrr_at_10_diff1": 0.38024,
        "nauc_mrr_at_20_max": 0.233177,
        "nauc_mrr_at_20_std": -0.069357,
        "nauc_mrr_at_20_diff1": 0.37991,
        "nauc_mrr_at_25_max": 0.233177,
        "nauc_mrr_at_25_std": -0.069357,
        "nauc_mrr_at_25_diff1": 0.37991,
        "nauc_mrr_at_50_max": 0.237439,
        "nauc_mrr_at_50_std": -0.074819,
        "nauc_mrr_at_50_diff1": 0.390686,
        "nauc_mrr_at_100_max": 0.236377,
        "nauc_mrr_at_100_std": -0.076432,
        "nauc_mrr_at_100_diff1": 0.38922,
        "nauc_mrr_at_1000_max": 0.236377,
        "nauc_mrr_at_1000_std": -0.076432,
        "nauc_mrr_at_1000_diff1": 0.38922,
        "hit_rate_at_1": 0.22222,
        "hit_rate_at_3": 0.38889,
        "hit_rate_at_5": 0.58333,
        "hit_rate_at_10": 0.69444,
        "hit_rate_at_20": 0.83333,
        "hit_rate_at_25": 0.83333,
        "hit_rate_at_50": 0.94444,
        "hit_rate_at_100": 1.0,
        "hit_rate_at_1000": 1.0,
        "R_cap_at_1": 0.222222,
        "R_cap_at_3": 0.282407,
        "R_cap_at_5": 0.377315,
        "R_cap_at_10": 0.506944,
        "R_cap_at_20": 0.685648,
        "R_cap_at_25": 0.691204,
        "R_cap_at_50": 0.878704,
        "R_cap_at_100": 1.0,
        "R_cap_at_1000": 1.0,
        "main_score": 0.35001,