{
  "dataset_revision": "432cf48c879c2de792720d5c0af6900312ebe7b6",
  "task_name": "LMEB_SciFact",
  "mteb_version": "2.12.39",
  "scores": {
    "test": [
      {
        "ndcg_at_1": 0.64362,
        "ndcg_at_3": 0.70936,
        "ndcg_at_5": 0.74608,
        "ndcg_at_10": 0.7909,
        "ndcg_at_20": 0.80319,
        "ndcg_at_25": 0.80548,
        "ndcg_at_50": 0.80701,
        "ndcg_at_100": 0.80825,
        "ndcg_at_1000": 0.80825,
        "map_at_1": 0.44619,
        "map_at_3": 0.63368,
        "map_at_5": 0.67572,
        "map_at_10": 0.71035,
        "map_at_20": 0.71781,
        "map_at_25": 0.71868,
        "map_at_50": 0.71909,
        "map_at_100": 0.7193,
        "map_at_1000": 0.7193,
        "recall_at_1": 0.44619,
        "recall_at_3": 0.73711,
        "recall_at_5": 0.83167,
        "recall_at_10": 0.94497,
        "recall_at_20": 0.97932,
        "recall_at_25": 0.98749,
        "recall_at_50": 0.99424,
        "recall_at_100": 1.0,
        "recall_at_1000": 1.0,
        "accuracy": 0.44619,
        "precision_at_1": 0.64362,
        "precision_at_3": 0.41135,
        "precision_at_5": 0.29681,
        "precision_at_10": 0.17713,
        "precision_at_20": 0.09468,
        "precision_at_25": 0.0766,
        "precision_at_50": 0.03862,
        "precision_at_100": 0.01947,
        "precision_at_1000": 0.00195,
        "mrr_at_1": 0.643617,
        "mrr_at_3": 0.749113,
        "mrr_at_5": 0.764539,
        "mrr_at_10": 0.770903,
        "mrr_at_20": 0.771549,
        "mrr_at_25": 0.771549,
        "mrr_at_50": 0.771685,
        "mrr_at_100": 0.771767,
        "mrr_at_1000": 0.771767,
        "nauc_ndcg_at_1_max": 0.043958,
        "nauc_ndcg_at_1_std": -0.135661,
        "nauc_ndcg_at_1_diff1": 0.511971,
        "nauc_ndcg_at_3_max": 0.088174,
        "nauc_ndcg_at_3_std": -0.181444,
        "nauc_ndcg_at_3_diff1": 0.466106,
        "nauc_ndcg_at_5_max": 0.080459,
        "nauc_ndcg_at_5_std": -0.231293,
        "nauc_ndcg_at_5_diff1": 0.494245,
        "nauc_ndcg_at_10_max": 0.141148,
        "nauc_ndcg_at_10_std": -0.19108,
        "nauc_ndcg_at_10_diff1": 0.477777,
        "nauc_ndcg_at_20_max": 0.132604,
        "nauc_ndcg_at_20_std": -0.167991,
        "nauc_ndcg_at_20_diff1": 0.49194,
        "nauc_ndcg_at_25_max": 0.127845,
        "nauc_ndcg_at_25_std": -0.167219,
        "nauc_ndcg_at_25_diff1": 0.497857,
        "nauc_ndcg_at_50_max": 0.123765,
        "nauc_ndcg_at_50_std": -0.169066,
        "nauc_ndcg_at_50_diff1": 0.498187,
        "nauc_ndcg_at_100_max": 0.118464,
        "nauc_ndcg_at_100_std": -0.157583,
        "nauc_ndcg_at_100_diff1": 0.495993,
        "nauc_ndcg_at_1000_max": 0.118464,
        "nauc_ndcg_at_1000_std": -0.157583,
        "nauc_ndcg_at_1000_diff1": 0.495993,
        "nauc_map_at_1_max": -0.006387,
        "nauc_map_at_1_std": -0.216507,
        "nauc_map_at_1_diff1": 0.535026,
        "nauc_map_at_3_max": 0.071096,
        "nauc_map_at_3_std": -0.230668,
        "nauc_map_at_3_diff1": 0.49642,
        "nauc_map_at_5_max": 0.061863,
        "nauc_map_at_5_std": -0.257942,
        "nauc_map_at_5_diff1": 0.502349,
        "nauc_map_at_10_max": 0.094716,
        "nauc_map_at_10_std": -0.221879,
        "nauc_map_at_10_diff1": 0.49694,
        "nauc_map_at_20_max": 0.090587,
        "nauc_map_at_20_std": -0.207043,
        "nauc_map_at_20_diff1": 0.502709,
        "nauc_map_at_25_max": 0.090303,
        "nauc_map_at_25_std": -0.204658,
        "nauc_map_at_25_diff1": 0.503262,
        "nauc_map_at_50_max": 0.090346,
        "nauc_map_at_50_std": -0.20328,
        "nauc_map_at_50_diff1": 0.502794,
        "nauc_map_at_100_max": 0.089579,
        "nauc_map_at_100_std": -0.20228,
        "nauc_map_at_100_diff1": 0.502476,
        "nauc_map_at_1000_max": 0.089579,
        "nauc_map_at_1000_std": -0.20228,
        "nauc_map_at_1000_diff1": 0.502476,
        "nauc_recall_at_1_max": -0.006387,
        "nauc_recall_at_1_std": -0.216507,
        "nauc_recall_at_1_diff1": 0.535026,
        "nauc_recall_at_3_max": 0.112759,
        "nauc_recall_at_3_std": -0.240522,
        "nauc_recall_at_3_diff1": 0.407846,
        "nauc_recall_at_5_max": 0.058151,
        "nauc_recall_at_5_std": -0.354911,
        "nauc_recall_at_5_diff1": 0.422729,
        "nauc_recall_at_10_max": 0.427924,
        "nauc_recall_at_10_std": -0.304122,
        "nauc_recall_at_10_diff1": 0.220022,
        "nauc_recall_at_20_max": 0.67669,
        "nauc_recall_at_20_std": -0.263305,
        "nauc_recall_at_20_diff1": 0.233826,
        "nauc_recall_at_25_max": 0.724129,
        "nauc_recall_at_25_std": -0.528118,
        "nauc_recall_at_25_diff1": 0.483886,
        "nauc_recall_at_50_max": 0.743085,
        "nauc_recall_at_50_std": -1.64131,
        "nauc_recall_at_50_diff1": 0.721675,
        "nauc_recall_at_100_max": NaN,
        "nauc_recall_at_100_std": NaN,
        "nauc_recall_at_100_diff1": NaN,
        "nauc_recall_at_1000_max": NaN,
        "nauc_recall_at_1000_std": NaN,
        "nauc_recall_at_1000_diff1": NaN,
        "nauc_precision_at_1_max": 0.043958,
        "nauc_precision_at_1_std": -0.135661,
        "nauc_precision_at_1_diff1": 0.511971,
        "nauc_precision_at_3_max": 0.173764,
        "nauc_precision_at_3_std": 0.069617,
        "nauc_precision_at_3_diff1": -0.02846,
        "nauc_precision_at_5_max": 0.10583,
        "nauc_precision_at_5_std": 0.087337,
        "nauc_precision_at_5_diff1": -0.106351,
        "nauc_precision_at_10_max": 0.126984,
        "nauc_precision_at_10_std": 0.228387,
        "nauc_precision_at_10_diff1": -0.209127,
        "nauc_precision_at_20_max": 0.074728,
        "nauc_precision_at_20_std": 0.278571,
        "nauc_precision_at_20_diff1": -0.221301,
        "nauc_precision_at_25_max": 0.072137,
        "nauc_precision_at_25_std": 0.292214,
        "nauc_precision_at_25_diff1": -0.225129,
        "nauc_precision_at_50_max": 0.069867,
        "nauc_precision_at_50_std": 0.301224,
        "nauc_precision_at_50_diff1": -0.231889,
        "nauc_precision_at_100_max": 0.057052,
        "nauc_precision_at_100_std": 0.321047,
        "nauc_precision_at_100_diff1": -0.242323,
        "nauc_precision_at_1000_max": 0.057052,
        "nauc_precision_at_1000_std": 0.321047,
        "nauc_precision_at_1000_diff1": -0.242323,
        "nauc_mrr_at_1_max": 0.043958,
        "nauc_mrr_at_1_std": -0.135661,
        "nauc_mrr_at_1_diff1": 0.511971,
        "nauc_mrr_at_3_max": 0.124837,
        "nauc_mrr_at_3_std": -0.11656,
        "nauc_mrr_at_3_diff1": 0.477505,
        "nauc_mrr_at_5_max": 0.110149,
        "nauc_mrr_at_5_std": -0.118651,
        "nauc_mrr_at_5_diff1": 0.493779,
        "nauc_mrr_at_10_max": 0.110899,
        "nauc_mrr_at_10_std": -0.118351,
        "nauc_mrr_at_10_diff1": 0.488543,
        "nauc_mrr_at_20_max": 0.10793,
        "nauc_mrr_at_20_std": -0.121539,
        "nauc_mrr_at_20_diff1": 0.489247,
        "nauc_mrr_at_25_max": 0.10793,
        "nauc_mrr_at_25_std": -0.121539,
        "nauc_mrr_at_25_diff1": 0.489247,
        "nauc_mrr_at_50_max": 0.107301,
        "nauc_mrr_at_50_std": -0.12233,
        "nauc_mrr_at_50_diff1": 0.489505,
        "nauc_mrr_at_100_max": 0.107041,
        "nauc_mrr_at_100_std": -0.121649,
        "nauc_mrr_at_100_diff1": 0.489407,
        "nauc_mrr_at_1000_max": 0.107041,
        "nauc_mrr_at_1000_std": -0.121649,
        "nauc_mrr_at_1000_diff1": 0.489407,
        "hit_rate_at_1": 0.64362,
        "hit_rate_at_3": 0.87234,
        "hit_rate_at_5": 0.93617,
        "hit_rate_at_10": 0.97872,
        "hit_rate_at_20": 0.98404,
        "hit_rate_at_25": 0.98936,
        "hit_rate_at_50": 0.99468,
        "hit_rate_at_100": 1.0,
        "hit_rate_at_1000": 1.0,
        "R_cap_at_1": 0.643617,
        "R_cap_at_3": 0.758865,
        "R_cap_at_5": 0.838475,
        "R_cap_at_10": 0.945327,
        "R_cap_at_20": 0.984201,
        "R_cap_at_25": 0.987494,
        "R_cap_at_50": 0.994238,
        "R_cap_at_100": 1.0,
        "R_cap_at_1000": 1.0,