{
  "dataset_revision": "ebc723b2474ef92d098a47e8f131aa7d3542b7b0",
  "task_name": "LMEBMLDR",
  "mteb_version": "2.12.39",
  "scores": {
    "test": [
      {
        "ndcg_at_1": 0.66,
        "ndcg_at_3": 0.76178,
        "ndcg_at_5": 0.80266,
        "ndcg_at_10": 0.81257,
        "ndcg_at_20": 0.82059,
        "ndcg_at_25": 0.82059,
        "ndcg_at_50": 0.82059,
        "ndcg_at_100": 0.82059,
        "ndcg_at_1000": 0.82059,
        "map_at_1": 0.66,
        "map_at_3": 0.735,
        "map_at_5": 0.7575,
        "map_at_10": 0.76171,
        "map_at_20": 0.76415,
        "map_at_25": 0.76415,
        "map_at_50": 0.76415,
        "map_at_100": 0.76415,
        "map_at_1000": 0.76415,
        "recall_at_1": 0.66,
        "recall_at_3": 0.84,
        "recall_at_5": 0.94,
        "recall_at_10": 0.97,
        "recall_at_20": 1.0,
        "recall_at_25": 1.0,
        "recall_at_50": 1.0,
        "recall_at_100": 1.0,
        "recall_at_1000": 1.0,
        "accuracy": 0.66,
        "precision_at_1": 0.66,
        "precision_at_3": 0.28,
        "precision_at_5": 0.188,
        "precision_at_10": 0.097,
        "precision_at_20": 0.05,
        "precision_at_25": 0.04,
        "precision_at_50": 0.02,
        "precision_at_100": 0.01,
        "precision_at_1000": 0.001,
        "mrr_at_1": 0.66,
        "mrr_at_3": 0.735,
        "mrr_at_5": 0.758,
        "mrr_at_10": 0.762206,
        "mrr_at_20": 0.76465,
        "mrr_at_25": 0.76465,
        "mrr_at_50": 0.76465,
        "mrr_at_100": 0.76465,
        "mrr_at_1000": 0.76465,
        "nauc_ndcg_at_1_max": 0.241329,
        "nauc_ndcg_at_1_std": 0.291497,
        "nauc_ndcg_at_1_diff1": 0.264147,
        "nauc_ndcg_at_3_max": 0.327409,
        "nauc_ndcg_at_3_std": 0.336035,
        "nauc_ndcg_at_3_diff1": 0.222028,
        "nauc_ndcg_at_5_max": 0.32548,
        "nauc_ndcg_at_5_std": 0.314374,
        "nauc_ndcg_at_5_diff1": 0.223199,
        "nauc_ndcg_at_10_max": 0.307948,
        "nauc_ndcg_at_10_std": 0.339269,
        "nauc_ndcg_at_10_diff1": 0.209277,
        "nauc_ndcg_at_20_max": 0.29452,
        "nauc_ndcg_at_20_std": 0.323205,
        "nauc_ndcg_at_20_diff1": 0.232987,
        "nauc_ndcg_at_25_max": 0.29452,
        "nauc_ndcg_at_25_std": 0.323205,
        "nauc_ndcg_at_25_diff1": 0.232987,
        "nauc_ndcg_at_50_max": 0.29452,
        "nauc_ndcg_at_50_std": 0.323205,
        "nauc_ndcg_at_50_diff1": 0.232987,
        "nauc_ndcg_at_100_max": 0.29452,
        "nauc_ndcg_at_100_std": 0.323205,
        "nauc_ndcg_at_100_diff1": 0.232987,
        "nauc_ndcg_at_1000_max": 0.29452,
        "nauc_ndcg_at_1000_std": 0.323205,
        "nauc_ndcg_at_1000_diff1": 0.232987,
        "nauc_map_at_1_max": 0.241329,
        "nauc_map_at_1_std": 0.291497,
        "nauc_map_at_1_diff1": 0.264147,
        "nauc_map_at_3_max": 0.304048,
        "nauc_map_at_3_std": 0.325711,
        "nauc_map_at_3_diff1": 0.228909,
        "nauc_map_at_5_max": 0.299543,
        "nauc_map_at_5_std": 0.314756,
        "nauc_map_at_5_diff1": 0.232677,
        "nauc_map_at_10_max": 0.292802,
        "nauc_map_at_10_std": 0.324044,
        "nauc_map_at_10_diff1": 0.228848,
        "nauc_map_at_20_max": 0.289633,
        "nauc_map_at_20_std": 0.320191,
        "nauc_map_at_20_diff1": 0.23511,
        "nauc_map_at_25_max": 0.289633,
        "nauc_map_at_25_std": 0.320191,
        "nauc_map_at_25_diff1": 0.23511,
        "nauc_map_at_50_max": 0.289633,
        "nauc_map_at_50_std": 0.320191,
        "nauc_map_at_50_diff1": 0.23511,
        "nauc_map_at_100_max": 0.289633,
        "nauc_map_at_100_std": 0.320191,
        "nauc_map_at_100_diff1": 0.23511,
        "nauc_map_at_1000_max": 0.289633,
        "nauc_map_at_1000_std": 0.320191,
        "nauc_map_at_1000_diff1": 0.23511,
        "nauc_recall_at_1_max": 0.241329,
        "nauc_recall_at_1_std": 0.291497,
        "nauc_recall_at_1_diff1": 0.264147,
        "nauc_recall_at_3_max": 0.427313,
        "nauc_recall_at_3_std": 0.378989,
        "nauc_recall_at_3_diff1": 0.195692,
        "nauc_recall_at_5_max": 0.586134,
        "nauc_recall_at_5_std": 0.294818,
        "nauc_recall_at_5_diff1": 0.126751,
        "nauc_recall_at_10_max": 0.571429,
        "nauc_recall_at_10_std": 0.64986,
        "nauc_recall_at_10_diff1": -0.219888,
        "nauc_recall_at_20_max": NaN,
        "nauc_recall_at_20_std": NaN,
        "nauc_recall_at_20_diff1": NaN,
        "nauc_recall_at_25_max": NaN,
        "nauc_recall_at_25_std": NaN,
        "nauc_recall_at_25_diff1": NaN,
        "nauc_recall_at_50_max": NaN,
        "nauc_recall_at_50_std": NaN,
        "nauc_recall_at_50_diff1": NaN,
        "nauc_recall_at_100_max": NaN,
        "nauc_recall_at_100_std": NaN,
        "nauc_recall_at_100_diff1": NaN,
        "nauc_recall_at_1000_max": NaN,
        "nauc_recall_at_1000_std": NaN,
        "nauc_recall_at_1000_diff1": NaN,
        "nauc_precision_at_1_max": 0.241329,
        "nauc_precision_at_1_std": 0.291497,
        "nauc_precision_at_1_diff1": 0.264147,
        "nauc_precision_at_3_max": 0.427313,
        "nauc_precision_at_3_std": 0.378989,
        "nauc_precision_at_3_diff1": 0.195692,
        "nauc_precision_at_5_max": 0.586134,
        "nauc_precision_at_5_std": 0.294818,
        "nauc_precision_at_5_diff1": 0.126751,
        "nauc_precision_at_10_max": 0.571429,
        "nauc_precision_at_10_std": 0.64986,
        "nauc_precision_at_10_diff1": -0.219888,
        "nauc_precision_at_20_max": 1.0,
        "nauc_precision_at_20_std": 1.0,
        "nauc_precision_at_20_diff1": 1.0,
        "nauc_precision_at_25_max": NaN,
        "nauc_precision_at_25_std": NaN,
        "nauc_precision_at_25_diff1": NaN,
        "nauc_precision_at_50_max": NaN,
        "nauc_precision_at_50_std": NaN,
        "nauc_precision_at_50_diff1": NaN,
        "nauc_precision_at_100_max": NaN,
        "nauc_precision_at_100_std": NaN,
        "nauc_precision_at_100_diff1": NaN,
        "nauc_precision_at_1000_max": NaN,
        "nauc_precision_at_1000_std": NaN,
        "nauc_precision_at_1000_diff1": NaN,
        "nauc_mrr_at_1_max": 0.241329,
        "nauc_mrr_at_1_std": 0.291497,
        "nauc_mrr_at_1_diff1": 0.264147,
        "nauc_mrr_at_3_max": 0.304048,
        "nauc_mrr_at_3_std": 0.325711,
        "nauc_mrr_at_3_diff1": 0.228909,
        "nauc_mrr_at_5_max": 0.299874,
        "nauc_mrr_at_5_std": 0.313321,
        "nauc_mrr_at_5_diff1": 0.230754,
        "nauc_mrr_at_10_max": 0.293126,
        "nauc_mrr_at_10_std": 0.322599,
        "nauc_mrr_at_10_diff1": 0.226878,
        "nauc_mrr_at_20_max": 0.289954,
        "nauc_mrr_at_20_std": 0.31872,
        "nauc_mrr_at_20_diff1": 0.23313,
        "nauc_mrr_at_25_max": 0.289954,
        "nauc_mrr_at_25_std": 0.31872,
        "nauc_mrr_at_25_diff1": 0.23313,
        "nauc_mrr_at_50_max": 0.289954,
        "nauc_mrr_at_50_std": 0.31872,
        "nauc_mrr_at_50_diff1": 0.23313,
        "nauc_mrr_at_100_max": 0.289954,
        "nauc_mrr_at_100_std": 0.31872,
        "nauc_mrr_at_100_diff1": 0.23313,
        "nauc_mrr_at_1000_max": 0.289954,
        "nauc_mrr_at_1000_std": 0.31872,
        "nauc_mrr_at_1000_diff1": 0.23313,
        "hit_rate_at_1": 0.66,
        "hit_rate_at_3": 0.84,
        "hit_rate_at_5": 0.94,
        "hit_rate_at_10": 0.97,
        "hit_rate_at_20": 1.0,
        "hit_rate_at_25": 1.0,
        "hit_rate_at_50": 1.0,
        "hit_rate_at_100": 1.0,
        "hit_rate_at_1000": 1.0,
        "R_cap_at_1": 0.66,
        "R_cap_at_3": 0.84,
        "R_cap_at_5": 0.94,
        "R_cap_at_10": 0.97,
        "R_cap_at_20": 1.0,
        "R_cap_at_25": 1.0,
        "R_cap_at_50": 1.0,
        "R_cap_at_100": 1.0,
        "R_cap_at_1000": 1.0,
        "main_score": 0.81257,
        "hf_subset": "MLDR",
        "languages": [
          "eng-Latn"
        ],
        "mteb_version": "2.12.39"
      }
    ]
  },
  "evaluation_time": 5.131268262863159,
  "kg_co2_emissions": null,
  "date": 1780088354.008257
}