{
  "dataset_revision": "df52bb043564336892a1eb9127559130fcb0e62c",
  "task_name": "LooGLE",
  "mteb_version": "2.12.39",
  "scores": {
    "test": [
      {
        "ndcg_at_1": 0.33878,
        "ndcg_at_3": 0.31856,
        "ndcg_at_5": 0.3423,
        "ndcg_at_10": 0.39671,
        "ndcg_at_20": 0.44501,
        "ndcg_at_25": 0.4589,
        "ndcg_at_50": 0.49739,
        "ndcg_at_100": 0.52607,
        "ndcg_at_1000": 0.5363,
        "map_at_1": 0.13732,
        "map_at_3": 0.23644,
        "map_at_5": 0.26506,
        "map_at_10": 0.29501,
        "map_at_20": 0.31496,
        "map_at_25": 0.31964,
        "map_at_50": 0.32955,
        "map_at_100": 0.33435,
        "map_at_1000": 0.33552,
        "recall_at_1": 0.13732,
        "recall_at_3": 0.29441,
        "recall_at_5": 0.36838,
        "recall_at_10": 0.49351,
        "recall_at_20": 0.63104,
        "recall_at_25": 0.6751,
        "recall_at_50": 0.81667,
        "recall_at_100": 0.94167,
        "recall_at_1000": 0.99286,
        "accuracy": 0.13732,
        "precision_at_1": 0.33878,
        "precision_at_3": 0.24886,
        "precision_at_5": 0.1931,
        "precision_at_10": 0.13415,
        "precision_at_20": 0.08801,
        "precision_at_25": 0.0764,
        "precision_at_50": 0.04719,
        "precision_at_100": 0.02751,
        "precision_at_1000": 0.00291,
        "mrr_at_1": 0.342416,
        "mrr_at_3": 0.437481,
        "mrr_at_5": 0.4566,
        "mrr_at_10": 0.473694,
        "mrr_at_20": 0.480334,
        "mrr_at_25": 0.481484,
        "mrr_at_50": 0.483467,
        "mrr_at_100": 0.484025,
        "mrr_at_1000": 0.484063,
        "nauc_ndcg_at_1_max": 0.122973,
        "nauc_ndcg_at_1_std": 0.121114,
        "nauc_ndcg_at_1_diff1": 0.259817,
        "nauc_ndcg_at_3_max": 0.11056,
        "nauc_ndcg_at_3_std": 0.205166,
        "nauc_ndcg_at_3_diff1": 0.209735,
        "nauc_ndcg_at_5_max": 0.105222,
        "nauc_ndcg_at_5_std": 0.229659,
        "nauc_ndcg_at_5_diff1": 0.239248,
        "nauc_ndcg_at_10_max": 0.117091,
        "nauc_ndcg_at_10_std": 0.249179,
        "nauc_ndcg_at_10_diff1": 0.239633,
        "nauc_ndcg_at_20_max": 0.12832,
        "nauc_ndcg_at_20_std": 0.260201,
        "nauc_ndcg_at_20_diff1": 0.238914,
        "nauc_ndcg_at_25_max": 0.138064,
        "nauc_ndcg_at_25_std": 0.265959,
        "nauc_ndcg_at_25_diff1": 0.242655,
        "nauc_ndcg_at_50_max": 0.149396,
        "nauc_ndcg_at_50_std": 0.266797,
        "nauc_ndcg_at_50_diff1": 0.235174,
        "nauc_ndcg_at_100_max": 0.146597,
        "nauc_ndcg_at_100_std": 0.248946,
        "nauc_ndcg_at_100_diff1": 0.230474,
        "nauc_ndcg_at_1000_max": 0.143337,
        "nauc_ndcg_at_1000_std": 0.23454,
        "nauc_ndcg_at_1000_diff1": 0.232297,
        "nauc_map_at_1_max": 0.061851,
        "nauc_map_at_1_std": 0.148564,
        "nauc_map_at_1_diff1": 0.272076,
        "nauc_map_at_3_max": 0.079095,
        "nauc_map_at_3_std": 0.208852,
        "nauc_map_at_3_diff1": 0.231955,
        "nauc_map_at_5_max": 0.091228,
        "nauc_map_at_5_std": 0.223915,
        "nauc_map_at_5_diff1": 0.240021,
        "nauc_map_at_10_max": 0.095246,
        "nauc_map_at_10_std": 0.235403,
        "nauc_map_at_10_diff1": 0.236936,
        "nauc_map_at_20_max": 0.101006,
        "nauc_map_at_20_std": 0.243438,
        "nauc_map_at_20_diff1": 0.236207,
        "nauc_map_at_25_max": 0.10447,
        "nauc_map_at_25_std": 0.246293,
        "nauc_map_at_25_diff1": 0.237306,
        "nauc_map_at_50_max": 0.109006,
        "nauc_map_at_50_std": 0.247176,
        "nauc_map_at_50_diff1": 0.234647,
        "nauc_map_at_100_max": 0.108753,
        "nauc_map_at_100_std": 0.244234,
        "nauc_map_at_100_diff1": 0.233772,
        "nauc_map_at_1000_max": 0.108487,
        "nauc_map_at_1000_std": 0.242697,
        "nauc_map_at_1000_diff1": 0.233997,
        "nauc_recall_at_1_max": 0.061851,
        "nauc_recall_at_1_std": 0.148564,
        "nauc_recall_at_1_diff1": 0.272076,
        "nauc_recall_at_3_max": 0.075368,
        "nauc_recall_at_3_std": 0.229486,
        "nauc_recall_at_3_diff1": 0.20728,
        "nauc_recall_at_5_max": 0.083661,
        "nauc_recall_at_5_std": 0.250435,
        "nauc_recall_at_5_diff1": 0.222523,
        "nauc_recall_at_10_max": 0.090233,
        "nauc_recall_at_10_std": 0.27681,
        "nauc_recall_at_10_diff1": 0.213723,
        "nauc_recall_at_20_max": 0.107449,
        "nauc_recall_at_20_std": 0.311293,
        "nauc_recall_at_20_diff1": 0.208147,
        "nauc_recall_at_25_max": 0.13668,
        "nauc_recall_at_25_std": 0.335706,
        "nauc_recall_at_25_diff1": 0.224318,
        "nauc_recall_at_50_max": 0.189531,
        "nauc_recall_at_50_std": 0.40342,
        "nauc_recall_at_50_diff1": 0.20325,
        "nauc_recall_at_100_max": 0.210407,
        "nauc_recall_at_100_std": 0.474975,
        "nauc_recall_at_100_diff1": 0.165602,
        "nauc_recall_at_1000_max": 0.234215,
        "nauc_recall_at_1000_std": 0.420547,
        "nauc_recall_at_1000_diff1": 0.273153,
        "nauc_precision_at_1_max": 0.122973,
        "nauc_precision_at_1_std": 0.121114,
        "nauc_precision_at_1_diff1": 0.259817,
        "nauc_precision_at_3_max": 0.153317,
        "nauc_precision_at_3_std": 0.207704,
        "nauc_precision_at_3_diff1": 0.141803,
        "nauc_precision_at_5_max": 0.158897,
        "nauc_precision_at_5_std": 0.220106,
        "nauc_precision_at_5_diff1": 0.142795,
        "nauc_precision_at_10_max": 0.172687,
        "nauc_precision_at_10_std": 0.21917,
        "nauc_precision_at_10_diff1": 0.099172,
        "nauc_precision_at_20_max": 0.182626,
        "nauc_precision_at_20_std": 0.191022,
        "nauc_precision_at_20_diff1": 0.049461,
        "nauc_precision_at_25_max": 0.195196,
        "nauc_precision_at_25_std": 0.186112,
        "nauc_precision_at_25_diff1": 0.037059,
        "nauc_precision_at_50_max": 0.190272,
        "nauc_precision_at_50_std": 0.123627,
        "nauc_precision_at_50_diff1": -0.04684,
        "nauc_precision_at_100_max": 0.157836,
        "nauc_precision_at_100_std": -0.000672,
        "nauc_precision_at_100_diff1": -0.123631,
        "nauc_precision_at_1000_max": 0.136264,
        "nauc_precision_at_1000_std": -0.0758,
        "nauc_precision_at_1000_diff1": -0.14284,
        "nauc_mrr_at_1_max": 0.138483,
        "nauc_mrr_at_1_std": 0.127219,
        "nauc_mrr_at_1_diff1": 0.249059,
        "nauc_mrr_at_3_max": 0.151721,
        "nauc_mrr_at_3_std": 0.185457,
        "nauc_mrr_at_3_diff1": 0.242544,
        "nauc_mrr_at_5_max": 0.151049,
        "nauc_mrr_at_5_std": 0.186147,
        "nauc_mrr_at_5_diff1": 0.24576,
        "nauc_mrr_at_10_max": 0.158927,
        "nauc_mrr_at_10_std": 0.187322,
        "nauc_mrr_at_10_diff1": 0.244127,
        "nauc_mrr_at_20_max": 0.158852,
        "nauc_mrr_at_20_std": 0.186009,
        "nauc_mrr_at_20_diff1": 0.244765,
        "nauc_mrr_at_25_max": 0.158401,
        "nauc_mrr_at_25_std": 0.185235,
        "nauc_mrr_at_25_diff1": 0.245034,
        "nauc_mrr_at_50_max": 0.157649,
        "nauc_mrr_at_50_std": 0.184858,
        "nauc_mrr_at_50_diff1": 0.245307,
        "nauc_mrr_at_100_max": 0.157308,
        "nauc_mrr_at_100_std": 0.184526,
        "nauc_mrr_at_100_diff1": 0.245283,
        "nauc_mrr_at_1000_max": 0.15724,
        "nauc_mrr_at_1000_std": 0.184504,
        "nauc_mrr_at_1000_diff1": 0.245262,
        "hit_rate_at_1": 0.33878,
        "hit_rate_at_3": 0.55404,
        "hit_rate_at_5": 0.63851,
        "hit_rate_at_10": 0.77112,
        "hit_rate_at_20": 0.86285,
        "hit_rate_at_25": 0.8901,
        "hit_rate_at_50": 0.95822,
        "hit_rate_at_100": 0.99364,
        "hit_rate_at_1000": 0.99818,
        "R_cap_at_1": 0.342416,
        "R_cap_at_3": 0.321829,
        "R_cap_at_5": 0.370618,
        "R_cap_at_10": 0.494625,
        "R_cap_at_20": 0.631019,
        "R_cap_at_25": 0.674418,
        "R_cap_at_50": 0.816826,
        "R_cap_at_100": 0.941666,
        "R_cap_at_1000": 0.992861,