{
  "dataset_revision": "6b2010c691a435a7a920088d32e55c898afa97f5",
  "task_name": "PeerQA",
  "mteb_version": "2.12.39",
  "scores": {
    "test": [
      {
        "ndcg_at_1": 0.26471,
        "ndcg_at_3": 0.27103,
        "ndcg_at_5": 0.29509,
        "ndcg_at_10": 0.32779,
        "ndcg_at_20": 0.37256,
        "ndcg_at_25": 0.38896,
        "ndcg_at_50": 0.41809,
        "ndcg_at_100": 0.44592,
        "ndcg_at_1000": 0.48009,
        "map_at_1": 0.17372,
        "map_at_3": 0.22069,
        "map_at_5": 0.23969,
        "map_at_10": 0.25677,
        "map_at_20": 0.27254,
        "map_at_25": 0.27606,
        "map_at_50": 0.283,
        "map_at_100": 0.28724,
        "map_at_1000": 0.29064,
        "recall_at_1": 0.17372,
        "recall_at_3": 0.26828,
        "recall_at_5": 0.3295,
        "recall_at_10": 0.41314,
        "recall_at_20": 0.54788,
        "recall_at_25": 0.60898,
        "recall_at_50": 0.71371,
        "recall_at_100": 0.83311,
        "recall_at_1000": 1.0,
        "accuracy": 0.17372,
        "precision_at_1": 0.26471,
        "precision_at_3": 0.16176,
        "precision_at_5": 0.13088,
        "precision_at_10": 0.08676,
        "precision_at_20": 0.06213,
        "precision_at_25": 0.05529,
        "precision_at_50": 0.03515,
        "precision_at_100": 0.02176,
        "precision_at_1000": 0.00286,
        "mrr_at_1": 0.257353,
        "mrr_at_3": 0.328431,
        "mrr_at_5": 0.354902,
        "mrr_at_10": 0.364875,
        "mrr_at_20": 0.375606,
        "mrr_at_25": 0.378456,
        "mrr_at_50": 0.380081,
        "mrr_at_100": 0.381033,
        "mrr_at_1000": 0.381246,
        "nauc_ndcg_at_1_max": 0.07759,
        "nauc_ndcg_at_1_std": -0.179209,
        "nauc_ndcg_at_1_diff1": 0.476076,
        "nauc_ndcg_at_3_max": 0.113064,
        "nauc_ndcg_at_3_std": -0.17203,
        "nauc_ndcg_at_3_diff1": 0.429838,
        "nauc_ndcg_at_5_max": 0.11368,
        "nauc_ndcg_at_5_std": -0.168615,
        "nauc_ndcg_at_5_diff1": 0.418737,
        "nauc_ndcg_at_10_max": 0.121666,
        "nauc_ndcg_at_10_std": -0.128481,
        "nauc_ndcg_at_10_diff1": 0.386052,
        "nauc_ndcg_at_20_max": 0.148041,
        "nauc_ndcg_at_20_std": -0.09607,
        "nauc_ndcg_at_20_diff1": 0.384799,
        "nauc_ndcg_at_25_max": 0.147259,
        "nauc_ndcg_at_25_std": -0.091564,
        "nauc_ndcg_at_25_diff1": 0.378403,
        "nauc_ndcg_at_50_max": 0.134223,
        "nauc_ndcg_at_50_std": -0.099328,
        "nauc_ndcg_at_50_diff1": 0.340048,
        "nauc_ndcg_at_100_max": 0.142145,
        "nauc_ndcg_at_100_std": -0.107099,
        "nauc_ndcg_at_100_diff1": 0.34504,
        "nauc_ndcg_at_1000_max": 0.141284,
        "nauc_ndcg_at_1000_std": -0.10022,
        "nauc_ndcg_at_1000_diff1": 0.368317,
        "nauc_map_at_1_max": 0.097331,
        "nauc_map_at_1_std": -0.198605,
        "nauc_map_at_1_diff1": 0.592796,
        "nauc_map_at_3_max": 0.093127,
        "nauc_map_at_3_std": -0.192395,
        "nauc_map_at_3_diff1": 0.501832,
        "nauc_map_at_5_max": 0.104162,
        "nauc_map_at_5_std": -0.185547,
        "nauc_map_at_5_diff1": 0.484846,
        "nauc_map_at_10_max": 0.119186,
        "nauc_map_at_10_std": -0.151906,
        "nauc_map_at_10_diff1": 0.458471,
        "nauc_map_at_20_max": 0.133333,
        "nauc_map_at_20_std": -0.137974,
        "nauc_map_at_20_diff1": 0.454149,
        "nauc_map_at_25_max": 0.133074,
        "nauc_map_at_25_std": -0.137132,
        "nauc_map_at_25_diff1": 0.453009,
        "nauc_map_at_50_max": 0.131281,
        "nauc_map_at_50_std": -0.137372,
        "nauc_map_at_50_diff1": 0.443721,
        "nauc_map_at_100_max": 0.131992,
        "nauc_map_at_100_std": -0.13754,
        "nauc_map_at_100_diff1": 0.443585,
        "nauc_map_at_1000_max": 0.132802,
        "nauc_map_at_1000_std": -0.13595,
        "nauc_map_at_1000_diff1": 0.444718,
        "nauc_recall_at_1_max": 0.097331,
        "nauc_recall_at_1_std": -0.198605,
        "nauc_recall_at_1_diff1": 0.592796,
        "nauc_recall_at_3_max": 0.100364,
        "nauc_recall_at_3_std": -0.17822,
        "nauc_recall_at_3_diff1": 0.397705,
        "nauc_recall_at_5_max": 0.114036,
        "nauc_recall_at_5_std": -0.157317,
        "nauc_recall_at_5_diff1": 0.340376,
        "nauc_recall_at_10_max": 0.109496,
        "nauc_recall_at_10_std": -0.085959,
        "nauc_recall_at_10_diff1": 0.261918,
        "nauc_recall_at_20_max": 0.175186,
        "nauc_recall_at_20_std": 0.006363,
        "nauc_recall_at_20_diff1": 0.261555,
        "nauc_recall_at_25_max": 0.175478,
        "nauc_recall_at_25_std": 0.042265,
        "nauc_recall_at_25_diff1": 0.218124,
        "nauc_recall_at_50_max": 0.106855,
        "nauc_recall_at_50_std": -0.019758,
        "nauc_recall_at_50_diff1": 0.057093,
        "nauc_recall_at_100_max": 0.13489,
        "nauc_recall_at_100_std": -0.085264,
        "nauc_recall_at_100_diff1": -0.004372,
        "nauc_recall_at_1000_max": NaN,
        "nauc_recall_at_1000_std": NaN,
        "nauc_recall_at_1000_diff1": NaN,
        "nauc_precision_at_1_max": 0.07759,
        "nauc_precision_at_1_std": -0.179209,
        "nauc_precision_at_1_diff1": 0.476076,
        "nauc_precision_at_3_max": 0.125798,
        "nauc_precision_at_3_std": -0.112742,
        "nauc_precision_at_3_diff1": 0.195261,
        "nauc_precision_at_5_max": 0.145155,
        "nauc_precision_at_5_std": -0.065452,
        "nauc_precision_at_5_diff1": 0.088609,
        "nauc_precision_at_10_max": 0.170665,
        "nauc_precision_at_10_std": 0.122804,
        "nauc_precision_at_10_diff1": -0.074662,
        "nauc_precision_at_20_max": 0.18734,
        "nauc_precision_at_20_std": 0.224937,
        "nauc_precision_at_20_diff1": -0.151187,
        "nauc_precision_at_25_max": 0.164635,
        "nauc_precision_at_25_std": 0.247747,
        "nauc_precision_at_25_diff1": -0.218939,
        "nauc_precision_at_50_max": 0.101167,
        "nauc_precision_at_50_std": 0.255154,
        "nauc_precision_at_50_diff1": -0.3451,
        "nauc_precision_at_100_max": 0.10272,
        "nauc_precision_at_100_std": 0.24785,
        "nauc_precision_at_100_diff1": -0.360401,
        "nauc_precision_at_1000_max": 0.031451,
        "nauc_precision_at_1000_std": 0.247573,
        "nauc_precision_at_1000_diff1": -0.319158,
        "nauc_mrr_at_1_max": 0.052148,
        "nauc_mrr_at_1_std": -0.207959,
        "nauc_mrr_at_1_diff1": 0.505086,
        "nauc_mrr_at_3_max": 0.101617,
        "nauc_mrr_at_3_std": -0.152868,
        "nauc_mrr_at_3_diff1": 0.40387,
        "nauc_mrr_at_5_max": 0.100128,
        "nauc_mrr_at_5_std": -0.165918,
        "nauc_mrr_at_5_diff1": 0.397871,
        "nauc_mrr_at_10_max": 0.088503,
        "nauc_mrr_at_10_std": -0.162611,
        "nauc_mrr_at_10_diff1": 0.392458,
        "nauc_mrr_at_20_max": 0.089237,
        "nauc_mrr_at_20_std": -0.163045,
        "nauc_mrr_at_20_diff1": 0.397117,
        "nauc_mrr_at_25_max": 0.090171,
        "nauc_mrr_at_25_std": -0.16161,
        "nauc_mrr_at_25_diff1": 0.395923,
        "nauc_mrr_at_50_max": 0.08931,
        "nauc_mrr_at_50_std": -0.163218,
        "nauc_mrr_at_50_diff1": 0.395403,
        "nauc_mrr_at_100_max": 0.089031,
        "nauc_mrr_at_100_std": -0.164017,
        "nauc_mrr_at_100_diff1": 0.396458,
        "nauc_mrr_at_1000_max": 0.089003,
        "nauc_mrr_at_1000_std": -0.163939,
        "nauc_mrr_at_1000_diff1": 0.39706,
        "hit_rate_at_1": 0.26471,
        "hit_rate_at_3": 0.43382,
        "hit_rate_at_5": 0.52941,
        "hit_rate_at_10": 0.63235,
        "hit_rate_at_20": 0.76471,
        "hit_rate_at_25": 0.83824,
        "hit_rate_at_50": 0.89706,
        "hit_rate_at_100": 0.96324,
        "hit_rate_at_1000": 1.0,
        "R_cap_at_1": 0.257353,
        "R_cap_at_3": 0.280637,
        "R_cap_at_5": 0.339951,
        "R_cap_at_10": 0.40983,
        "R_cap_at_20": 0.555236,
        "R_cap_at_25": 0.608983,
        "R_cap_at_50": 0.713708,
        "R_cap_at_100": 0.835556,
        "R_cap_at_1000": 1.0,