{
  "dataset_revision": "898f2eced48890f19b6a88f1b616e9ca6c5dda1c",
  "task_name": "QASPER",
  "mteb_version": "2.12.39",
  "scores": {
    "test": [
      {
        "ndcg_at_1": 0.33184,
        "ndcg_at_3": 0.42094,
        "ndcg_at_5": 0.4621,
        "ndcg_at_10": 0.51399,
        "ndcg_at_20": 0.55364,
        "ndcg_at_25": 0.56595,
        "ndcg_at_50": 0.58399,
        "ndcg_at_100": 0.58777,
        "ndcg_at_1000": 0.58794,
        "map_at_1": 0.2563,
        "map_at_3": 0.36447,
        "map_at_5": 0.39567,
        "map_at_10": 0.42377,
        "map_at_20": 0.4386,
        "map_at_25": 0.44222,
        "map_at_50": 0.447,
        "map_at_100": 0.44779,
        "map_at_1000": 0.44782,
        "recall_at_1": 0.2563,
        "recall_at_3": 0.4734,
        "recall_at_5": 0.57917,
        "recall_at_10": 0.72733,
        "recall_at_20": 0.86211,
        "recall_at_25": 0.90943,
        "recall_at_50": 0.98307,
        "recall_at_100": 0.99931,
        "recall_at_1000": 1.0,
        "accuracy": 0.2563,
        "precision_at_1": 0.33184,
        "precision_at_3": 0.22122,
        "precision_at_5": 0.16884,
        "precision_at_10": 0.11116,
        "precision_at_20": 0.06914,
        "precision_at_25": 0.0593,
        "precision_at_50": 0.03351,
        "precision_at_100": 0.01733,
        "precision_at_1000": 0.00174,
        "mrr_at_1": 0.331086,
        "mrr_at_3": 0.432085,
        "mrr_at_5": 0.456205,
        "mrr_at_10": 0.474922,
        "mrr_at_20": 0.482334,
        "mrr_at_25": 0.483701,
        "mrr_at_50": 0.485097,
        "mrr_at_100": 0.485205,
        "mrr_at_1000": 0.485205,
        "nauc_ndcg_at_1_max": 0.053405,
        "nauc_ndcg_at_1_std": -0.071545,
        "nauc_ndcg_at_1_diff1": 0.320648,
        "nauc_ndcg_at_3_max": 0.04655,
        "nauc_ndcg_at_3_std": -0.044369,
        "nauc_ndcg_at_3_diff1": 0.268061,
        "nauc_ndcg_at_5_max": 0.028016,
        "nauc_ndcg_at_5_std": -0.039252,
        "nauc_ndcg_at_5_diff1": 0.245035,
        "nauc_ndcg_at_10_max": 0.028599,
        "nauc_ndcg_at_10_std": -0.033743,
        "nauc_ndcg_at_10_diff1": 0.25359,
        "nauc_ndcg_at_20_max": 0.045839,
        "nauc_ndcg_at_20_std": -0.02935,
        "nauc_ndcg_at_20_diff1": 0.264792,
        "nauc_ndcg_at_25_max": 0.050561,
        "nauc_ndcg_at_25_std": -0.023249,
        "nauc_ndcg_at_25_diff1": 0.267867,
        "nauc_ndcg_at_50_max": 0.054694,
        "nauc_ndcg_at_50_std": -0.030485,
        "nauc_ndcg_at_50_diff1": 0.267669,
        "nauc_ndcg_at_100_max": 0.054425,
        "nauc_ndcg_at_100_std": -0.033965,
        "nauc_ndcg_at_100_diff1": 0.270227,
        "nauc_ndcg_at_1000_max": 0.055057,
        "nauc_ndcg_at_1000_std": -0.033564,
        "nauc_ndcg_at_1000_diff1": 0.270724,
        "nauc_map_at_1_max": 0.032913,
        "nauc_map_at_1_std": -0.071323,
        "nauc_map_at_1_diff1": 0.340133,
        "nauc_map_at_3_max": 0.034588,
        "nauc_map_at_3_std": -0.056491,
        "nauc_map_at_3_diff1": 0.281096,
        "nauc_map_at_5_max": 0.024517,
        "nauc_map_at_5_std": -0.053927,
        "nauc_map_at_5_diff1": 0.26657,
        "nauc_map_at_10_max": 0.032376,
        "nauc_map_at_10_std": -0.04581,
        "nauc_map_at_10_diff1": 0.272624,
        "nauc_map_at_20_max": 0.038597,
        "nauc_map_at_20_std": -0.042522,
        "nauc_map_at_20_diff1": 0.277106,
        "nauc_map_at_25_max": 0.04015,
        "nauc_map_at_25_std": -0.041369,
        "nauc_map_at_25_diff1": 0.278089,
        "nauc_map_at_50_max": 0.042855,
        "nauc_map_at_50_std": -0.041779,
        "nauc_map_at_50_diff1": 0.277733,
        "nauc_map_at_100_max": 0.042879,
        "nauc_map_at_100_std": -0.042219,
        "nauc_map_at_100_diff1": 0.277936,
        "nauc_map_at_1000_max": 0.042984,
        "nauc_map_at_1000_std": -0.042152,
        "nauc_map_at_1000_diff1": 0.278029,
        "nauc_recall_at_1_max": 0.032913,
        "nauc_recall_at_1_std": -0.071323,
        "nauc_recall_at_1_diff1": 0.340133,
        "nauc_recall_at_3_max": 0.019104,
        "nauc_recall_at_3_std": -0.042737,
        "nauc_recall_at_3_diff1": 0.217382,
        "nauc_recall_at_5_max": -0.014574,
        "nauc_recall_at_5_std": -0.020969,
        "nauc_recall_at_5_diff1": 0.164911,
        "nauc_recall_at_10_max": -0.038563,
        "nauc_recall_at_10_std": 8.6e-05,
        "nauc_recall_at_10_diff1": 0.160157,
        "nauc_recall_at_20_max": 0.024273,
        "nauc_recall_at_20_std": 0.047299,
        "nauc_recall_at_20_diff1": 0.174629,
        "nauc_recall_at_25_max": 0.05422,
        "nauc_recall_at_25_std": 0.154814,
        "nauc_recall_at_25_diff1": 0.17713,
        "nauc_recall_at_50_max": 0.058049,
        "nauc_recall_at_50_std": 0.234652,
        "nauc_recall_at_50_diff1": -0.036752,
        "nauc_recall_at_100_max": -0.685535,
        "nauc_recall_at_100_std": -0.470827,
        "nauc_recall_at_100_diff1": -0.334736,
        "nauc_recall_at_1000_max": NaN,
        "nauc_recall_at_1000_std": NaN,
        "nauc_recall_at_1000_diff1": NaN,
        "nauc_precision_at_1_max": 0.053405,
        "nauc_precision_at_1_std": -0.071545,
        "nauc_precision_at_1_diff1": 0.320648,
        "nauc_precision_at_3_max": 0.068924,
        "nauc_precision_at_3_std": 0.000591,
        "nauc_precision_at_3_diff1": 0.135265,
        "nauc_precision_at_5_max": 0.043873,
        "nauc_precision_at_5_std": 0.020756,
        "nauc_precision_at_5_diff1": 0.062924,
        "nauc_precision_at_10_max": 0.073703,
        "nauc_precision_at_10_std": 0.061705,
        "nauc_precision_at_10_diff1": 0.042984,
        "nauc_precision_at_20_max": 0.107716,
        "nauc_precision_at_20_std": 0.083184,
        "nauc_precision_at_20_diff1": 0.000499,
        "nauc_precision_at_25_max": 0.118311,
        "nauc_precision_at_25_std": 0.093209,
        "nauc_precision_at_25_diff1": -0.014459,
        "nauc_precision_at_50_max": 0.139175,
        "nauc_precision_at_50_std": 0.085463,
        "nauc_precision_at_50_diff1": -0.049465,
        "nauc_precision_at_100_max": 0.133314,
        "nauc_precision_at_100_std": 0.077612,
        "nauc_precision_at_100_diff1": -0.052348,
        "nauc_precision_at_1000_max": 0.136562,
        "nauc_precision_at_1000_std": 0.079924,
        "nauc_precision_at_1000_diff1": -0.048981,
        "nauc_mrr_at_1_max": 0.053756,
        "nauc_mrr_at_1_std": -0.06705,
        "nauc_mrr_at_1_diff1": 0.322899,
        "nauc_mrr_at_3_max": 0.053022,
        "nauc_mrr_at_3_std": -0.046979,
        "nauc_mrr_at_3_diff1": 0.27633,
        "nauc_mrr_at_5_max": 0.053809,
        "nauc_mrr_at_5_std": -0.041337,
        "nauc_mrr_at_5_diff1": 0.272342,
        "nauc_mrr_at_10_max": 0.052273,
        "nauc_mrr_at_10_std": -0.042524,
        "nauc_mrr_at_10_diff1": 0.278306,
        "nauc_mrr_at_20_max": 0.055494,
        "nauc_mrr_at_20_std": -0.042352,
        "nauc_mrr_at_20_diff1": 0.28024,
        "nauc_mrr_at_25_max": 0.056027,
        "nauc_mrr_at_25_std": -0.041382,
        "nauc_mrr_at_25_diff1": 0.280716,
        "nauc_mrr_at_50_max": 0.055193,
        "nauc_mrr_at_50_std": -0.042671,
        "nauc_mrr_at_50_diff1": 0.280481,
        "nauc_mrr_at_100_max": 0.055134,
        "nauc_mrr_at_100_std": -0.042844,
        "nauc_mrr_at_100_diff1": 0.28064,
        "nauc_mrr_at_1000_max": 0.055134,
        "nauc_mrr_at_1000_std": -0.042844,
        "nauc_mrr_at_1000_diff1": 0.28064,
        "hit_rate_at_1": 0.33184,
        "hit_rate_at_3": 0.56404,
        "hit_rate_at_5": 0.67041,
        "hit_rate_at_10": 0.80674,
        "hit_rate_at_20": 0.91536,
        "hit_rate_at_25": 0.94682,
        "hit_rate_at_50": 0.99326,
        "hit_rate_at_100": 1.0,
        "hit_rate_at_1000": 1.0,
        "R_cap_at_1": 0.331086,
        "R_cap_at_3": 0.490886,
        "R_cap_at_5": 0.584332,
        "R_cap_at_10": 0.728812,
        "R_cap_at_20": 0.860801,
        "R_cap_at_25": 0.908746,
        "R_cap_at_50": 0.983066,
        "R_cap_at_100": 0.999313,
        "R_cap_at_1000": 1.0,