{
  "dataset_revision": "6f868e5b4c46a9f04c89f7179ddc7c8f162c1068",
  "task_name": "ToolBench",
  "mteb_version": "2.12.39",
  "scores": {
    "test": [
      {
        "ndcg_at_1": 0.48636,
        "ndcg_at_3": 0.42127,
        "ndcg_at_5": 0.45459,
        "ndcg_at_10": 0.49246,
        "ndcg_at_20": 0.51682,
        "ndcg_at_25": 0.52233,
        "ndcg_at_50": 0.54184,
        "ndcg_at_100": 0.55724,
        "ndcg_at_1000": 0.58076,
        "map_at_1": 0.23062,
        "map_at_3": 0.35633,
        "map_at_5": 0.38704,
        "map_at_10": 0.40908,
        "map_at_20": 0.41859,
        "map_at_25": 0.42021,
        "map_at_50": 0.42415,
        "map_at_100": 0.42627,
        "map_at_1000": 0.42768,
        "recall_at_1": 0.23062,
        "recall_at_3": 0.40477,
        "recall_at_5": 0.47756,
        "recall_at_10": 0.56645,
        "recall_at_20": 0.64044,
        "recall_at_25": 0.65992,
        "recall_at_50": 0.73705,
        "recall_at_100": 0.80909,
        "recall_at_1000": 0.94898,
        "accuracy": 0.23062,
        "precision_at_1": 0.48636,
        "precision_at_3": 0.29455,
        "precision_at_5": 0.21164,
        "precision_at_10": 0.12818,
        "precision_at_20": 0.07309,
        "precision_at_25": 0.06033,
        "precision_at_50": 0.03396,
        "precision_at_100": 0.01881,
        "precision_at_1000": 0.00224,
        "mrr_at_1": 0.486364,
        "mrr_at_3": 0.549242,
        "mrr_at_5": 0.562061,
        "mrr_at_10": 0.571389,
        "mrr_at_20": 0.57487,
        "mrr_at_25": 0.575514,
        "mrr_at_50": 0.577434,
        "mrr_at_100": 0.577943,
        "mrr_at_1000": 0.578241,
        "nauc_ndcg_at_1_max": 0.475689,
        "nauc_ndcg_at_1_std": -0.175891,
        "nauc_ndcg_at_1_diff1": 0.523009,
        "nauc_ndcg_at_3_max": 0.48159,
        "nauc_ndcg_at_3_std": -0.160257,
        "nauc_ndcg_at_3_diff1": 0.415841,
        "nauc_ndcg_at_5_max": 0.504801,
        "nauc_ndcg_at_5_std": -0.156659,
        "nauc_ndcg_at_5_diff1": 0.405255,
        "nauc_ndcg_at_10_max": 0.51452,
        "nauc_ndcg_at_10_std": -0.144887,
        "nauc_ndcg_at_10_diff1": 0.398146,
        "nauc_ndcg_at_20_max": 0.517817,
        "nauc_ndcg_at_20_std": -0.130712,
        "nauc_ndcg_at_20_diff1": 0.403945,
        "nauc_ndcg_at_25_max": 0.521555,
        "nauc_ndcg_at_25_std": -0.125448,
        "nauc_ndcg_at_25_diff1": 0.405237,
        "nauc_ndcg_at_50_max": 0.524601,
        "nauc_ndcg_at_50_std": -0.115634,
        "nauc_ndcg_at_50_diff1": 0.410442,
        "nauc_ndcg_at_100_max": 0.521848,
        "nauc_ndcg_at_100_std": -0.10817,
        "nauc_ndcg_at_100_diff1": 0.414963,
        "nauc_ndcg_at_1000_max": 0.515891,
        "nauc_ndcg_at_1000_std": -0.116619,
        "nauc_ndcg_at_1000_diff1": 0.412581,
        "nauc_map_at_1_max": 0.448518,
        "nauc_map_at_1_std": -0.175782,
        "nauc_map_at_1_diff1": 0.53912,
        "nauc_map_at_3_max": 0.467285,
        "nauc_map_at_3_std": -0.156356,
        "nauc_map_at_3_diff1": 0.406232,
        "nauc_map_at_5_max": 0.482763,
        "nauc_map_at_5_std": -0.157631,
        "nauc_map_at_5_diff1": 0.387425,
        "nauc_map_at_10_max": 0.492104,
        "nauc_map_at_10_std": -0.151643,
        "nauc_map_at_10_diff1": 0.385584,
        "nauc_map_at_20_max": 0.493684,
        "nauc_map_at_20_std": -0.14609,
        "nauc_map_at_20_diff1": 0.387618,
        "nauc_map_at_25_max": 0.494799,
        "nauc_map_at_25_std": -0.144999,
        "nauc_map_at_25_diff1": 0.387949,
        "nauc_map_at_50_max": 0.495257,
        "nauc_map_at_50_std": -0.143117,
        "nauc_map_at_50_diff1": 0.389715,
        "nauc_map_at_100_max": 0.494827,
        "nauc_map_at_100_std": -0.142133,
        "nauc_map_at_100_diff1": 0.390275,
        "nauc_map_at_1000_max": 0.494447,
        "nauc_map_at_1000_std": -0.142127,
        "nauc_map_at_1000_diff1": 0.389985,
        "nauc_recall_at_1_max": 0.448518,
        "nauc_recall_at_1_std": -0.175782,
        "nauc_recall_at_1_diff1": 0.53912,
        "nauc_recall_at_3_max": 0.471111,
        "nauc_recall_at_3_std": -0.151441,
        "nauc_recall_at_3_diff1": 0.376336,
        "nauc_recall_at_5_max": 0.499558,
        "nauc_recall_at_5_std": -0.134951,
        "nauc_recall_at_5_diff1": 0.336598,
        "nauc_recall_at_10_max": 0.509311,
        "nauc_recall_at_10_std": -0.100983,
        "nauc_recall_at_10_diff1": 0.304503,
        "nauc_recall_at_20_max": 0.516802,
        "nauc_recall_at_20_std": -0.050648,
        "nauc_recall_at_20_diff1": 0.312036,
        "nauc_recall_at_25_max": 0.531104,
        "nauc_recall_at_25_std": -0.028118,
        "nauc_recall_at_25_diff1": 0.313367,
        "nauc_recall_at_50_max": 0.55497,
        "nauc_recall_at_50_std": 0.037245,
        "nauc_recall_at_50_diff1": 0.320199,
        "nauc_recall_at_100_max": 0.558428,
        "nauc_recall_at_100_std": 0.127266,
        "nauc_recall_at_100_diff1": 0.338949,
        "nauc_recall_at_1000_max": 0.647649,
        "nauc_recall_at_1000_std": 0.35014,
        "nauc_recall_at_1000_diff1": 0.24907,
        "nauc_precision_at_1_max": 0.475689,
        "nauc_precision_at_1_std": -0.175891,
        "nauc_precision_at_1_diff1": 0.523009,
        "nauc_precision_at_3_max": 0.454522,
        "nauc_precision_at_3_std": -0.136612,
        "nauc_precision_at_3_diff1": 0.306845,
        "nauc_precision_at_5_max": 0.45132,
        "nauc_precision_at_5_std": -0.118814,
        "nauc_precision_at_5_diff1": 0.236558,
        "nauc_precision_at_10_max": 0.406879,
        "nauc_precision_at_10_std": -0.078033,
        "nauc_precision_at_10_diff1": 0.177476,
        "nauc_precision_at_20_max": 0.360828,
        "nauc_precision_at_20_std": -0.022752,
        "nauc_precision_at_20_diff1": 0.150323,
        "nauc_precision_at_25_max": 0.359739,
        "nauc_precision_at_25_std": -0.000794,
        "nauc_precision_at_25_diff1": 0.143956,
        "nauc_precision_at_50_max": 0.307733,
        "nauc_precision_at_50_std": 0.065906,
        "nauc_precision_at_50_diff1": 0.104823,
        "nauc_precision_at_100_max": 0.210064,
        "nauc_precision_at_100_std": 0.128667,
        "nauc_precision_at_100_diff1": 0.055471,
        "nauc_precision_at_1000_max": -0.06597,
        "nauc_precision_at_1000_std": 0.136421,
        "nauc_precision_at_1000_diff1": -0.163414,
        "nauc_mrr_at_1_max": 0.475689,
        "nauc_mrr_at_1_std": -0.175891,
        "nauc_mrr_at_1_diff1": 0.523009,
        "nauc_mrr_at_3_max": 0.501555,
        "nauc_mrr_at_3_std": -0.181473,
        "nauc_mrr_at_3_diff1": 0.50741,
        "nauc_mrr_at_5_max": 0.509734,
        "nauc_mrr_at_5_std": -0.171327,
        "nauc_mrr_at_5_diff1": 0.507653,
        "nauc_mrr_at_10_max": 0.509781,
        "nauc_mrr_at_10_std": -0.168001,
        "nauc_mrr_at_10_diff1": 0.503774,
        "nauc_mrr_at_20_max": 0.509599,
        "nauc_mrr_at_20_std": -0.166972,
        "nauc_mrr_at_20_diff1": 0.504778,
        "nauc_mrr_at_25_max": 0.509618,
        "nauc_mrr_at_25_std": -0.166044,
        "nauc_mrr_at_25_diff1": 0.505102,
        "nauc_mrr_at_50_max": 0.509318,
        "nauc_mrr_at_50_std": -0.165812,
        "nauc_mrr_at_50_diff1": 0.504932,
        "nauc_mrr_at_100_max": 0.509245,
        "nauc_mrr_at_100_std": -0.165991,
        "nauc_mrr_at_100_diff1": 0.505137,
        "nauc_mrr_at_1000_max": 0.50916,
        "nauc_mrr_at_1000_std": -0.166223,
        "nauc_mrr_at_1000_diff1": 0.505142,
        "hit_rate_at_1": 0.48636,
        "hit_rate_at_3": 0.63455,
        "hit_rate_at_5": 0.68455,
        "hit_rate_at_10": 0.75364,
        "hit_rate_at_20": 0.80818,
        "hit_rate_at_25": 0.82,
        "hit_rate_at_50": 0.88636,
        "hit_rate_at_100": 0.91909,
        "hit_rate_at_1000": 0.97818,
        "R_cap_at_1": 0.486364,
        "R_cap_at_3": 0.409848,
        "R_cap_at_5": 0.477485,
        "R_cap_at_10": 0.566606,
        "R_cap_at_20": 0.639636,
        "R_cap_at_25": 0.659621,
        "R_cap_at_50": 0.737197,
        "R_cap_at_100": 0.808636,