{
  "dataset_revision": "bf110dabd08865a8aff2d40d03696984e76085e0",
  "task_name": "CovidQA",
  "mteb_version": "2.12.39",
  "scores": {
    "test": [
      {
        "ndcg_at_1": 0.56976,
        "ndcg_at_3": 0.69149,
        "ndcg_at_5": 0.71632,
        "ndcg_at_10": 0.73868,
        "ndcg_at_20": 0.75432,
        "ndcg_at_25": 0.75708,
        "ndcg_at_50": 0.76074,
        "ndcg_at_100": 0.76074,
        "ndcg_at_1000": 0.76074,
        "map_at_1": 0.56976,
        "map_at_3": 0.66142,
        "map_at_5": 0.67519,
        "map_at_10": 0.68456,
        "map_at_20": 0.68894,
        "map_at_25": 0.6895,
        "map_at_50": 0.69004,
        "map_at_100": 0.69004,
        "map_at_1000": 0.69004,
        "recall_at_1": 0.56976,
        "recall_at_3": 0.77858,
        "recall_at_5": 0.83888,
        "recall_at_10": 0.90729,
        "recall_at_20": 0.9685,
        "recall_at_25": 0.9811,
        "recall_at_50": 1.0,
        "recall_at_100": 1.0,
        "recall_at_1000": 1.0,
        "accuracy": 0.56976,
        "precision_at_1": 0.56976,
        "precision_at_3": 0.25953,
        "precision_at_5": 0.16778,
        "precision_at_10": 0.09073,
        "precision_at_20": 0.04842,
        "precision_at_25": 0.03924,
        "precision_at_50": 0.02,
        "precision_at_100": 0.01,
        "precision_at_1000": 0.001,
        "mrr_at_1": 0.568857,
        "mrr_at_3": 0.660966,
        "mrr_at_5": 0.674737,
        "mrr_at_10": 0.684007,
        "mrr_at_20": 0.688472,
        "mrr_at_25": 0.689028,
        "mrr_at_50": 0.689575,
        "mrr_at_100": 0.689575,
        "mrr_at_1000": 0.689575,
        "nauc_ndcg_at_1_max": 0.258239,
        "nauc_ndcg_at_1_std": 0.099657,
        "nauc_ndcg_at_1_diff1": 0.65191,
        "nauc_ndcg_at_3_max": 0.284258,
        "nauc_ndcg_at_3_std": 0.146833,
        "nauc_ndcg_at_3_diff1": 0.611969,
        "nauc_ndcg_at_5_max": 0.296846,
        "nauc_ndcg_at_5_std": 0.152441,
        "nauc_ndcg_at_5_diff1": 0.606363,
        "nauc_ndcg_at_10_max": 0.281762,
        "nauc_ndcg_at_10_std": 0.141091,
        "nauc_ndcg_at_10_diff1": 0.605505,
        "nauc_ndcg_at_20_max": 0.287529,
        "nauc_ndcg_at_20_std": 0.146644,
        "nauc_ndcg_at_20_diff1": 0.615645,
        "nauc_ndcg_at_25_max": 0.282999,
        "nauc_ndcg_at_25_std": 0.142296,
        "nauc_ndcg_at_25_diff1": 0.61676,
        "nauc_ndcg_at_50_max": 0.280416,
        "nauc_ndcg_at_50_std": 0.135078,
        "nauc_ndcg_at_50_diff1": 0.619401,
        "nauc_ndcg_at_100_max": 0.280416,
        "nauc_ndcg_at_100_std": 0.135078,
        "nauc_ndcg_at_100_diff1": 0.619401,
        "nauc_ndcg_at_1000_max": 0.280416,
        "nauc_ndcg_at_1000_std": 0.135078,
        "nauc_ndcg_at_1000_diff1": 0.619401,
        "nauc_map_at_1_max": 0.258239,
        "nauc_map_at_1_std": 0.099657,
        "nauc_map_at_1_diff1": 0.65191,
        "nauc_map_at_3_max": 0.276398,
        "nauc_map_at_3_std": 0.13185,
        "nauc_map_at_3_diff1": 0.622898,
        "nauc_map_at_5_max": 0.282875,
        "nauc_map_at_5_std": 0.134716,
        "nauc_map_at_5_diff1": 0.620357,
        "nauc_map_at_10_max": 0.276987,
        "nauc_map_at_10_std": 0.130105,
        "nauc_map_at_10_diff1": 0.620507,
        "nauc_map_at_20_max": 0.278361,
        "nauc_map_at_20_std": 0.131355,
        "nauc_map_at_20_diff1": 0.623086,
        "nauc_map_at_25_max": 0.277642,
        "nauc_map_at_25_std": 0.130637,
        "nauc_map_at_25_diff1": 0.623284,
        "nauc_map_at_50_max": 0.277278,
        "nauc_map_at_50_std": 0.129732,
        "nauc_map_at_50_diff1": 0.623596,
        "nauc_map_at_100_max": 0.277278,
        "nauc_map_at_100_std": 0.129732,
        "nauc_map_at_100_diff1": 0.623596,
        "nauc_map_at_1000_max": 0.277278,
        "nauc_map_at_1000_std": 0.129732,
        "nauc_map_at_1000_diff1": 0.623596,
        "nauc_recall_at_1_max": 0.258239,
        "nauc_recall_at_1_std": 0.099657,
        "nauc_recall_at_1_diff1": 0.65191,
        "nauc_recall_at_3_max": 0.315071,
        "nauc_recall_at_3_std": 0.205966,
        "nauc_recall_at_3_diff1": 0.56972,
        "nauc_recall_at_5_max": 0.367938,
        "nauc_recall_at_5_std": 0.240786,
        "nauc_recall_at_5_diff1": 0.536819,
        "nauc_recall_at_10_max": 0.308187,
        "nauc_recall_at_10_std": 0.217876,
        "nauc_recall_at_10_diff1": 0.485303,
        "nauc_recall_at_20_max": 0.492248,
        "nauc_recall_at_20_std": 0.492606,
        "nauc_recall_at_20_diff1": 0.500562,
        "nauc_recall_at_25_max": 0.410564,
        "nauc_recall_at_25_std": 0.515646,
        "nauc_recall_at_25_diff1": 0.476085,
        "nauc_recall_at_50_max": NaN,
        "nauc_recall_at_50_std": NaN,
        "nauc_recall_at_50_diff1": NaN,
        "nauc_recall_at_100_max": NaN,
        "nauc_recall_at_100_std": NaN,
        "nauc_recall_at_100_diff1": NaN,
        "nauc_recall_at_1000_max": NaN,
        "nauc_recall_at_1000_std": NaN,
        "nauc_recall_at_1000_diff1": NaN,
        "nauc_precision_at_1_max": 0.258239,
        "nauc_precision_at_1_std": 0.099657,
        "nauc_precision_at_1_diff1": 0.65191,
        "nauc_precision_at_3_max": 0.315071,
        "nauc_precision_at_3_std": 0.205966,
        "nauc_precision_at_3_diff1": 0.56972,
        "nauc_precision_at_5_max": 0.367938,
        "nauc_precision_at_5_std": 0.240786,
        "nauc_precision_at_5_diff1": 0.536819,
        "nauc_precision_at_10_max": 0.308187,
        "nauc_precision_at_10_std": 0.217876,
        "nauc_precision_at_10_diff1": 0.485303,
        "nauc_precision_at_20_max": 0.492248,
        "nauc_precision_at_20_std": 0.492606,
        "nauc_precision_at_20_diff1": 0.500562,
        "nauc_precision_at_25_max": 0.410564,
        "nauc_precision_at_25_std": 0.515646,
        "nauc_precision_at_25_diff1": 0.476085,
        "nauc_precision_at_50_max": 1.0,
        "nauc_precision_at_50_std": 1.0,
        "nauc_precision_at_50_diff1": 1.0,
        "nauc_precision_at_100_max": 1.0,
        "nauc_precision_at_100_std": 1.0,
        "nauc_precision_at_100_diff1": 1.0,
        "nauc_precision_at_1000_max": 1.0,
        "nauc_precision_at_1000_std": 1.0,
        "nauc_precision_at_1000_diff1": 1.0,
        "nauc_mrr_at_1_max": 0.259516,
        "nauc_mrr_at_1_std": 0.101961,
        "nauc_mrr_at_1_diff1": 0.654029,
        "nauc_mrr_at_3_max": 0.278136,
        "nauc_mrr_at_3_std": 0.134378,
        "nauc_mrr_at_3_diff1": 0.624092,
        "nauc_mrr_at_5_max": 0.284474,
        "nauc_mrr_at_5_std": 0.136191,
        "nauc_mrr_at_5_diff1": 0.622112,
        "nauc_mrr_at_10_max": 0.278636,
        "nauc_mrr_at_10_std": 0.131731,
        "nauc_mrr_at_10_diff1": 0.622092,
        "nauc_mrr_at_20_max": 0.279833,
        "nauc_mrr_at_20_std": 0.13271,
        "nauc_mrr_at_20_diff1": 0.624659,
        "nauc_mrr_at_25_max": 0.279114,
        "nauc_mrr_at_25_std": 0.131989,
        "nauc_mrr_at_25_diff1": 0.624859,
        "nauc_mrr_at_50_max": 0.278751,
        "nauc_mrr_at_50_std": 0.131083,
        "nauc_mrr_at_50_diff1": 0.625175,
        "nauc_mrr_at_100_max": 0.278751,
        "nauc_mrr_at_100_std": 0.131083,
        "nauc_mrr_at_100_diff1": 0.625175,
        "nauc_mrr_at_1000_max": 0.278751,
        "nauc_mrr_at_1000_std": 0.131083,
        "nauc_mrr_at_1000_diff1": 0.625175,
        "hit_rate_at_1": 0.56976,
        "hit_rate_at_3": 0.77858,
        "hit_rate_at_5": 0.83888,
        "hit_rate_at_10": 0.90729,
        "hit_rate_at_20": 0.9685,
        "hit_rate_at_25": 0.9811,
        "hit_rate_at_50": 1.0,
        "hit_rate_at_100": 1.0,
        "hit_rate_at_1000": 1.0,
        "R_cap_at_1": 0.568857,
        "R_cap_at_3": 0.778578,
        "R_cap_at_5": 0.838884,
        "R_cap_at_10": 0.906391,
        "R_cap_at_20": 0.968497,
        "R_cap_at_25": 0.981098,
        "R_cap_at_50": 1.0,
        "R_cap_at_100": 1.0,
        "R_cap_at_1000": 1.0,
        "main_score": 0.73868,
        "hf_subset": "Covid-QA",
        "languages": [
          "eng-Latn"
        ],