{
  "dataset_revision": "6757300d912abd580dda453bced37cb7f5b44c78",
  "task_name": "ESGReports",
  "mteb_version": "2.12.39",
  "scores": {
    "test": [
      {
        "ndcg_at_1": 0.27778,
        "ndcg_at_3": 0.35613,
        "ndcg_at_5": 0.38288,
        "ndcg_at_10": 0.42316,
        "ndcg_at_20": 0.47097,
        "ndcg_at_25": 0.48129,
        "ndcg_at_50": 0.5167,
        "ndcg_at_100": 0.52919,
        "ndcg_at_1000": 0.53329,
        "map_at_1": 0.18704,
        "map_at_3": 0.29167,
        "map_at_5": 0.31481,
        "map_at_10": 0.33625,
        "map_at_20": 0.35216,
        "map_at_25": 0.35529,
        "map_at_50": 0.36488,
        "map_at_100": 0.36705,
        "map_at_1000": 0.3673,
        "recall_at_1": 0.18704,
        "recall_at_3": 0.39491,
        "recall_at_5": 0.47222,
        "recall_at_10": 0.58287,
        "recall_at_20": 0.74213,
        "recall_at_25": 0.77454,
        "recall_at_50": 0.91204,
        "recall_at_100": 0.97222,
        "recall_at_1000": 1.0,
        "accuracy": 0.18704,
        "precision_at_1": 0.27778,
        "precision_at_3": 0.21296,
        "precision_at_5": 0.16111,
        "precision_at_10": 0.1,
        "precision_at_20": 0.06667,
        "precision_at_25": 0.05778,
        "precision_at_50": 0.03667,
        "precision_at_100": 0.01972,
        "precision_at_1000": 0.002,
        "mrr_at_1": 0.277778,
        "mrr_at_3": 0.384259,
        "mrr_at_5": 0.412037,
        "mrr_at_10": 0.423225,
        "mrr_at_20": 0.433869,
        "mrr_at_25": 0.433869,
        "mrr_at_50": 0.435415,
        "mrr_at_100": 0.435842,
        "mrr_at_1000": 0.4361,
        "nauc_ndcg_at_1_max": 0.198734,
        "nauc_ndcg_at_1_std": 0.04365,
        "nauc_ndcg_at_1_diff1": 0.397371,
        "nauc_ndcg_at_3_max": 0.098682,
        "nauc_ndcg_at_3_std": 0.005112,
        "nauc_ndcg_at_3_diff1": 0.205013,
        "nauc_ndcg_at_5_max": 0.231181,
        "nauc_ndcg_at_5_std": 0.022555,
        "nauc_ndcg_at_5_diff1": 0.231321,
        "nauc_ndcg_at_10_max": 0.270709,
        "nauc_ndcg_at_10_std": 0.021033,
        "nauc_ndcg_at_10_diff1": 0.241179,
        "nauc_ndcg_at_20_max": 0.240756,
        "nauc_ndcg_at_20_std": 0.049093,
        "nauc_ndcg_at_20_diff1": 0.207518,
        "nauc_ndcg_at_25_max": 0.221116,
        "nauc_ndcg_at_25_std": 0.017455,
        "nauc_ndcg_at_25_diff1": 0.199008,
        "nauc_ndcg_at_50_max": 0.224004,
        "nauc_ndcg_at_50_std": 0.034978,
        "nauc_ndcg_at_50_diff1": 0.210286,
        "nauc_ndcg_at_100_max": 0.224123,
        "nauc_ndcg_at_100_std": 0.028237,
        "nauc_ndcg_at_100_diff1": 0.214292,
        "nauc_ndcg_at_1000_max": 0.218205,
        "nauc_ndcg_at_1000_std": 0.022258,
        "nauc_ndcg_at_1000_diff1": 0.239229,
        "nauc_map_at_1_max": 0.253764,
        "nauc_map_at_1_std": -0.007453,
        "nauc_map_at_1_diff1": 0.522337,
        "nauc_map_at_3_max": 0.117342,
        "nauc_map_at_3_std": -0.024092,
        "nauc_map_at_3_diff1": 0.27769,
        "nauc_map_at_5_max": 0.201874,
        "nauc_map_at_5_std": 0.006118,
        "nauc_map_at_5_diff1": 0.291416,
        "nauc_map_at_10_max": 0.233345,
        "nauc_map_at_10_std": 0.019576,
        "nauc_map_at_10_diff1": 0.296021,
        "nauc_map_at_20_max": 0.220623,
        "nauc_map_at_20_std": 0.025023,
        "nauc_map_at_20_diff1": 0.279226,
        "nauc_map_at_25_max": 0.215129,
        "nauc_map_at_25_std": 0.0159,
        "nauc_map_at_25_diff1": 0.276919,
        "nauc_map_at_50_max": 0.222384,
        "nauc_map_at_50_std": 0.021961,
        "nauc_map_at_50_diff1": 0.279546,
        "nauc_map_at_100_max": 0.220228,
        "nauc_map_at_100_std": 0.020299,
        "nauc_map_at_100_diff1": 0.281684,
        "nauc_map_at_1000_max": 0.219915,
        "nauc_map_at_1000_std": 0.01998,
        "nauc_map_at_1000_diff1": 0.283051,
        "nauc_recall_at_1_max": 0.253764,
        "nauc_recall_at_1_std": -0.007453,
        "nauc_recall_at_1_diff1": 0.522337,
        "nauc_recall_at_3_max": 0.019744,
        "nauc_recall_at_3_std": -0.027378,
        "nauc_recall_at_3_diff1": 0.096059,
        "nauc_recall_at_5_max": 0.248187,
        "nauc_recall_at_5_std": 0.000362,
        "nauc_recall_at_5_diff1": 0.118115,
        "nauc_recall_at_10_max": 0.313053,
        "nauc_recall_at_10_std": -0.040284,
        "nauc_recall_at_10_diff1": 0.133066,
        "nauc_recall_at_20_max": 0.252381,
        "nauc_recall_at_20_std": 0.099614,
        "nauc_recall_at_20_diff1": -0.043982,
        "nauc_recall_at_25_max": 0.172657,
        "nauc_recall_at_25_std": -0.026845,
        "nauc_recall_at_25_diff1": -0.110148,
        "nauc_recall_at_50_max": 0.174107,
        "nauc_recall_at_50_std": 0.194883,
        "nauc_recall_at_50_diff1": -0.280353,
        "nauc_recall_at_100_max": 0.552191,
        "nauc_recall_at_100_std": 0.359677,
        "nauc_recall_at_100_diff1": -1.168207,
        "nauc_recall_at_1000_max": NaN,
        "nauc_recall_at_1000_std": NaN,
        "nauc_recall_at_1000_diff1": NaN,
        "nauc_precision_at_1_max": 0.198734,
        "nauc_precision_at_1_std": 0.04365,
        "nauc_precision_at_1_diff1": 0.397371,
        "nauc_precision_at_3_max": 0.007641,
        "nauc_precision_at_3_std": 0.049908,
        "nauc_precision_at_3_diff1": -0.091817,
        "nauc_precision_at_5_max": 0.324669,
        "nauc_precision_at_5_std": 0.207204,
        "nauc_precision_at_5_diff1": -0.076074,
        "nauc_precision_at_10_max": 0.38772,
        "nauc_precision_at_10_std": 0.222659,
        "nauc_precision_at_10_diff1": -0.061553,
        "nauc_precision_at_20_max": 0.194976,
        "nauc_precision_at_20_std": 0.179008,
        "nauc_precision_at_20_diff1": -0.205919,
        "nauc_precision_at_25_max": 0.085771,
        "nauc_precision_at_25_std": 0.053609,
        "nauc_precision_at_25_diff1": -0.234653,
        "nauc_precision_at_50_max": 0.027945,
        "nauc_precision_at_50_std": 0.019235,
        "nauc_precision_at_50_diff1": -0.190261,
        "nauc_precision_at_100_max": -0.018883,
        "nauc_precision_at_100_std": -0.016668,
        "nauc_precision_at_100_diff1": -0.173276,
        "nauc_precision_at_1000_max": -0.032574,
        "nauc_precision_at_1000_std": -0.02569,
        "nauc_precision_at_1000_diff1": -0.149424,
        "nauc_mrr_at_1_max": 0.198734,
        "nauc_mrr_at_1_std": 0.04365,
        "nauc_mrr_at_1_diff1": 0.397371,
        "nauc_mrr_at_3_max": 0.122041,
        "nauc_mrr_at_3_std": 0.042888,
        "nauc_mrr_at_3_diff1": 0.229532,
        "nauc_mrr_at_5_max": 0.201627,
        "nauc_mrr_at_5_std": 0.041229,
        "nauc_mrr_at_5_diff1": 0.237493,
        "nauc_mrr_at_10_max": 0.195181,
        "nauc_mrr_at_10_std": 0.031313,
        "nauc_mrr_at_10_diff1": 0.236547,
        "nauc_mrr_at_20_max": 0.183692,
        "nauc_mrr_at_20_std": 0.034235,
        "nauc_mrr_at_20_diff1": 0.246816,
        "nauc_mrr_at_25_max": 0.183692,
        "nauc_mrr_at_25_std": 0.034235,
        "nauc_mrr_at_25_diff1": 0.246816,
        "nauc_mrr_at_50_max": 0.182688,
        "nauc_mrr_at_50_std": 0.03835,
        "nauc_mrr_at_50_diff1": 0.246231,
        "nauc_mrr_at_100_max": 0.183712,
        "nauc_mrr_at_100_std": 0.037909,
        "nauc_mrr_at_100_diff1": 0.245378,
        "nauc_mrr_at_1000_max": 0.183407,
        "nauc_mrr_at_1000_std": 0.037643,
        "nauc_mrr_at_1000_diff1": 0.246547,
        "hit_rate_at_1": 0.27778,
        "hit_rate_at_3": 0.52778,
        "hit_rate_at_5": 0.63889,
        "hit_rate_at_10": 0.72222,
        "hit_rate_at_20": 0.88889,
        "hit_rate_at_25": 0.88889,
        "hit_rate_at_50": 0.94444,
        "hit_rate_at_100": 0.97222,
        "hit_rate_at_1000": 1.0,
        "R_cap_at_1": 0.277778,
        "R_cap_at_3": 0.416667,
        "R_cap_at_5": 0.473148,
        "R_cap_at_10": 0.58287,
        "R_cap_at_20": 0.74213,
        "R_cap_at_25": 0.774537,
        "R_cap_at_50": 0.912037,
        "R_cap_at_100": 0.972222,
        "R_cap_at_1000": 1.0,