{
  "dataset_revision": "ebc723b2474ef92d098a47e8f131aa7d3542b7b0",
  "task_name": "LMEBMLDR",
  "mteb_version": "2.12.39",
  "scores": {
    "test": [
      {
        "ndcg_at_1": 0.6,
        "ndcg_at_3": 0.73226,
        "ndcg_at_5": 0.76109,
        "ndcg_at_10": 0.7875,
        "ndcg_at_20": 0.79516,
        "ndcg_at_25": 0.79516,
        "ndcg_at_50": 0.79516,
        "ndcg_at_100": 0.79516,
        "ndcg_at_1000": 0.79516,
        "map_at_1": 0.6,
        "map_at_3": 0.70167,
        "map_at_5": 0.71767,
        "map_at_10": 0.72886,
        "map_at_20": 0.73101,
        "map_at_25": 0.73101,
        "map_at_50": 0.73101,
        "map_at_100": 0.73101,
        "map_at_1000": 0.73101,
        "recall_at_1": 0.6,
        "recall_at_3": 0.82,
        "recall_at_5": 0.89,
        "recall_at_10": 0.97,
        "recall_at_20": 1.0,
        "recall_at_25": 1.0,
        "recall_at_50": 1.0,
        "recall_at_100": 1.0,
        "recall_at_1000": 1.0,
        "accuracy": 0.6,
        "precision_at_1": 0.6,
        "precision_at_3": 0.27333,
        "precision_at_5": 0.178,
        "precision_at_10": 0.097,
        "precision_at_20": 0.05,
        "precision_at_25": 0.04,
        "precision_at_50": 0.02,
        "precision_at_100": 0.01,
        "precision_at_1000": 0.001,
        "mrr_at_1": 0.6,
        "mrr_at_3": 0.701667,
        "mrr_at_5": 0.717667,
        "mrr_at_10": 0.728857,
        "mrr_at_20": 0.731007,
        "mrr_at_25": 0.731007,
        "mrr_at_50": 0.731007,
        "mrr_at_100": 0.731007,
        "mrr_at_1000": 0.731007,
        "nauc_ndcg_at_1_max": 0.163802,
        "nauc_ndcg_at_1_std": 0.161161,
        "nauc_ndcg_at_1_diff1": 0.332947,
        "nauc_ndcg_at_3_max": 0.043741,
        "nauc_ndcg_at_3_std": 0.079109,
        "nauc_ndcg_at_3_diff1": 0.385383,
        "nauc_ndcg_at_5_max": 0.067256,
        "nauc_ndcg_at_5_std": 0.070266,
        "nauc_ndcg_at_5_diff1": 0.412493,
        "nauc_ndcg_at_10_max": 0.092904,
        "nauc_ndcg_at_10_std": 0.107212,
        "nauc_ndcg_at_10_diff1": 0.377726,
        "nauc_ndcg_at_20_max": 0.102518,
        "nauc_ndcg_at_20_std": 0.11404,
        "nauc_ndcg_at_20_diff1": 0.375508,
        "nauc_ndcg_at_25_max": 0.102518,
        "nauc_ndcg_at_25_std": 0.11404,
        "nauc_ndcg_at_25_diff1": 0.375508,
        "nauc_ndcg_at_50_max": 0.102518,
        "nauc_ndcg_at_50_std": 0.11404,
        "nauc_ndcg_at_50_diff1": 0.375508,
        "nauc_ndcg_at_100_max": 0.102518,
        "nauc_ndcg_at_100_std": 0.11404,
        "nauc_ndcg_at_100_diff1": 0.375508,
        "nauc_ndcg_at_1000_max": 0.102518,
        "nauc_ndcg_at_1000_std": 0.11404,
        "nauc_ndcg_at_1000_diff1": 0.375508,
        "nauc_map_at_1_max": 0.163802,
        "nauc_map_at_1_std": 0.161161,
        "nauc_map_at_1_diff1": 0.332947,
        "nauc_map_at_3_max": 0.081912,
        "nauc_map_at_3_std": 0.106482,
        "nauc_map_at_3_diff1": 0.37285,
        "nauc_map_at_5_max": 0.094758,
        "nauc_map_at_5_std": 0.104345,
        "nauc_map_at_5_diff1": 0.386769,
        "nauc_map_at_10_max": 0.106969,
        "nauc_map_at_10_std": 0.1195,
        "nauc_map_at_10_diff1": 0.373481,
        "nauc_map_at_20_max": 0.108643,
        "nauc_map_at_20_std": 0.120037,
        "nauc_map_at_20_diff1": 0.372256,
        "nauc_map_at_25_max": 0.108643,
        "nauc_map_at_25_std": 0.120037,
        "nauc_map_at_25_diff1": 0.372256,
        "nauc_map_at_50_max": 0.108643,
        "nauc_map_at_50_std": 0.120037,
        "nauc_map_at_50_diff1": 0.372256,
        "nauc_map_at_100_max": 0.108643,
        "nauc_map_at_100_std": 0.120037,
        "nauc_map_at_100_diff1": 0.372256,
        "nauc_map_at_1000_max": 0.108643,
        "nauc_map_at_1000_std": 0.120037,
        "nauc_map_at_1000_diff1": 0.372256,
        "nauc_recall_at_1_max": 0.163802,
        "nauc_recall_at_1_std": 0.161161,
        "nauc_recall_at_1_diff1": 0.332947,
        "nauc_recall_at_3_max": -0.11868,
        "nauc_recall_at_3_std": -0.03811,
        "nauc_recall_at_3_diff1": 0.436309,
        "nauc_recall_at_5_max": -0.096555,
        "nauc_recall_at_5_std": -0.148226,
        "nauc_recall_at_5_diff1": 0.573147,
        "nauc_recall_at_10_max": -0.151261,
        "nauc_recall_at_10_std": -0.102241,
        "nauc_recall_at_10_diff1": 0.386243,
        "nauc_recall_at_20_max": NaN,
        "nauc_recall_at_20_std": NaN,
        "nauc_recall_at_20_diff1": NaN,
        "nauc_recall_at_25_max": NaN,
        "nauc_recall_at_25_std": NaN,
        "nauc_recall_at_25_diff1": NaN,
        "nauc_recall_at_50_max": NaN,
        "nauc_recall_at_50_std": NaN,
        "nauc_recall_at_50_diff1": NaN,
        "nauc_recall_at_100_max": NaN,
        "nauc_recall_at_100_std": NaN,
        "nauc_recall_at_100_diff1": NaN,
        "nauc_recall_at_1000_max": NaN,
        "nauc_recall_at_1000_std": NaN,
        "nauc_recall_at_1000_diff1": NaN,
        "nauc_precision_at_1_max": 0.163802,
        "nauc_precision_at_1_std": 0.161161,
        "nauc_precision_at_1_diff1": 0.332947,
        "nauc_precision_at_3_max": -0.11868,
        "nauc_precision_at_3_std": -0.03811,
        "nauc_precision_at_3_diff1": 0.436309,
        "nauc_precision_at_5_max": -0.096555,
        "nauc_precision_at_5_std": -0.148226,
        "nauc_precision_at_5_diff1": 0.573147,
        "nauc_precision_at_10_max": -0.151261,
        "nauc_precision_at_10_std": -0.102241,
        "nauc_precision_at_10_diff1": 0.386243,
        "nauc_precision_at_20_max": 1.0,
        "nauc_precision_at_20_std": 1.0,
        "nauc_precision_at_20_diff1": 1.0,
        "nauc_precision_at_25_max": NaN,
        "nauc_precision_at_25_std": NaN,
        "nauc_precision_at_25_diff1": NaN,
        "nauc_precision_at_50_max": NaN,
        "nauc_precision_at_50_std": NaN,
        "nauc_precision_at_50_diff1": NaN,
        "nauc_precision_at_100_max": NaN,
        "nauc_precision_at_100_std": NaN,
        "nauc_precision_at_100_diff1": NaN,
        "nauc_precision_at_1000_max": NaN,
        "nauc_precision_at_1000_std": NaN,
        "nauc_precision_at_1000_diff1": NaN,
        "nauc_mrr_at_1_max": 0.163802,
        "nauc_mrr_at_1_std": 0.161161,
        "nauc_mrr_at_1_diff1": 0.332947,
        "nauc_mrr_at_3_max": 0.081912,
        "nauc_mrr_at_3_std": 0.106482,
        "nauc_mrr_at_3_diff1": 0.37285,
        "nauc_mrr_at_5_max": 0.094758,
        "nauc_mrr_at_5_std": 0.104345,
        "nauc_mrr_at_5_diff1": 0.386769,
        "nauc_mrr_at_10_max": 0.106969,
        "nauc_mrr_at_10_std": 0.1195,
        "nauc_mrr_at_10_diff1": 0.373481,
        "nauc_mrr_at_20_max": 0.108643,
        "nauc_mrr_at_20_std": 0.120037,
        "nauc_mrr_at_20_diff1": 0.372256,
        "nauc_mrr_at_25_max": 0.108643,
        "nauc_mrr_at_25_std": 0.120037,
        "nauc_mrr_at_25_diff1": 0.372256,
        "nauc_mrr_at_50_max": 0.108643,
        "nauc_mrr_at_50_std": 0.120037,
        "nauc_mrr_at_50_diff1": 0.372256,
        "nauc_mrr_at_100_max": 0.108643,
        "nauc_mrr_at_100_std": 0.120037,
        "nauc_mrr_at_100_diff1": 0.372256,
        "nauc_mrr_at_1000_max": 0.108643,
        "nauc_mrr_at_1000_std": 0.120037,
        "nauc_mrr_at_1000_diff1": 0.372256,
        "hit_rate_at_1": 0.6,
        "hit_rate_at_3": 0.82,
        "hit_rate_at_5": 0.89,
        "hit_rate_at_10": 0.97,
        "hit_rate_at_20": 1.0,
        "hit_rate_at_25": 1.0,
        "hit_rate_at_50": 1.0,
        "hit_rate_at_100": 1.0,
        "hit_rate_at_1000": 1.0,
        "R_cap_at_1": 0.6,
        "R_cap_at_3": 0.82,
        "R_cap_at_5": 0.89,
        "R_cap_at_10": 0.97,
        "R_cap_at_20": 1.0,
        "R_cap_at_25": 1.0,
        "R_cap_at_50": 1.0,
        "R_cap_at_100": 1.0,
        "R_cap_at_1000": 1.0,
        "main_score": 0.7875,
        "hf_subset": "MLDR",
        "languages": [
          "eng-Latn"
        ],
        "mteb_version": "2.12.39"
      }
    ]
  },
  "evaluation_time": 5.880638837814331,
  "kg_co2_emissions": null,
  "date": 1780138589.960455
}