{
  "dataset_revision": "432cf48c879c2de792720d5c0af6900312ebe7b6",
  "task_name": "LMEB_SciFact",
  "mteb_version": "2.12.39",
  "scores": {
    "test": [
      {
        "ndcg_at_1": 0.69149,
        "ndcg_at_3": 0.73142,
        "ndcg_at_5": 0.77226,
        "ndcg_at_10": 0.81686,
        "ndcg_at_20": 0.82868,
        "ndcg_at_25": 0.82985,
        "ndcg_at_50": 0.83099,
        "ndcg_at_100": 0.83122,
        "ndcg_at_1000": 0.83122,
        "map_at_1": 0.48631,
        "map_at_3": 0.65507,
        "map_at_5": 0.70116,
        "map_at_10": 0.7359,
        "map_at_20": 0.74401,
        "map_at_25": 0.74464,
        "map_at_50": 0.74515,
        "map_at_100": 0.74525,
        "map_at_1000": 0.74525,
        "recall_at_1": 0.48631,
        "recall_at_3": 0.74478,
        "recall_at_5": 0.84851,
        "recall_at_10": 0.96172,
        "recall_at_20": 0.99193,
        "recall_at_25": 0.99547,
        "recall_at_50": 0.99934,
        "recall_at_100": 1.0,
        "recall_at_1000": 1.0,
        "accuracy": 0.48631,
        "precision_at_1": 0.69149,
        "precision_at_3": 0.41135,
        "precision_at_5": 0.29894,
        "precision_at_10": 0.17819,
        "precision_at_20": 0.09548,
        "precision_at_25": 0.07702,
        "precision_at_50": 0.03883,
        "precision_at_100": 0.01947,
        "precision_at_1000": 0.00195,
        "mrr_at_1": 0.691489,
        "mrr_at_3": 0.789007,
        "mrr_at_5": 0.801773,
        "mrr_at_10": 0.808922,
        "mrr_at_20": 0.808922,
        "mrr_at_25": 0.808922,
        "mrr_at_50": 0.808922,
        "mrr_at_100": 0.808922,
        "mrr_at_1000": 0.808922,
        "nauc_ndcg_at_1_max": 0.087067,
        "nauc_ndcg_at_1_std": -0.138905,
        "nauc_ndcg_at_1_diff1": 0.377944,
        "nauc_ndcg_at_3_max": 0.019059,
        "nauc_ndcg_at_3_std": -0.168599,
        "nauc_ndcg_at_3_diff1": 0.355371,
        "nauc_ndcg_at_5_max": 0.078109,
        "nauc_ndcg_at_5_std": -0.226179,
        "nauc_ndcg_at_5_diff1": 0.331503,
        "nauc_ndcg_at_10_max": 0.068866,
        "nauc_ndcg_at_10_std": -0.226781,
        "nauc_ndcg_at_10_diff1": 0.350255,
        "nauc_ndcg_at_20_max": 0.097903,
        "nauc_ndcg_at_20_std": -0.178132,
        "nauc_ndcg_at_20_diff1": 0.354513,
        "nauc_ndcg_at_25_max": 0.090854,
        "nauc_ndcg_at_25_std": -0.179056,
        "nauc_ndcg_at_25_diff1": 0.354103,
        "nauc_ndcg_at_50_max": 0.09202,
        "nauc_ndcg_at_50_std": -0.167617,
        "nauc_ndcg_at_50_diff1": 0.353046,
        "nauc_ndcg_at_100_max": 0.095095,
        "nauc_ndcg_at_100_std": -0.164805,
        "nauc_ndcg_at_100_diff1": 0.352449,
        "nauc_ndcg_at_1000_max": 0.095095,
        "nauc_ndcg_at_1000_std": -0.164805,
        "nauc_ndcg_at_1000_diff1": 0.352449,
        "nauc_map_at_1_max": -0.052283,
        "nauc_map_at_1_std": -0.136444,
        "nauc_map_at_1_diff1": 0.34574,
        "nauc_map_at_3_max": 0.004742,
        "nauc_map_at_3_std": -0.179899,
        "nauc_map_at_3_diff1": 0.345188,
        "nauc_map_at_5_max": 0.040679,
        "nauc_map_at_5_std": -0.218455,
        "nauc_map_at_5_diff1": 0.330929,
        "nauc_map_at_10_max": 0.049058,
        "nauc_map_at_10_std": -0.214842,
        "nauc_map_at_10_diff1": 0.341408,
        "nauc_map_at_20_max": 0.062425,
        "nauc_map_at_20_std": -0.188905,
        "nauc_map_at_20_diff1": 0.344118,
        "nauc_map_at_25_max": 0.059897,
        "nauc_map_at_25_std": -0.188537,
        "nauc_map_at_25_diff1": 0.344502,
        "nauc_map_at_50_max": 0.059953,
        "nauc_map_at_50_std": -0.185639,
        "nauc_map_at_50_diff1": 0.344595,
        "nauc_map_at_100_max": 0.060876,
        "nauc_map_at_100_std": -0.184811,
        "nauc_map_at_100_diff1": 0.344439,
        "nauc_map_at_1000_max": 0.060876,
        "nauc_map_at_1000_std": -0.184811,
        "nauc_map_at_1000_diff1": 0.344439,
        "nauc_recall_at_1_max": -0.052283,
        "nauc_recall_at_1_std": -0.136444,
        "nauc_recall_at_1_diff1": 0.34574,
        "nauc_recall_at_3_max": -0.047166,
        "nauc_recall_at_3_std": -0.241732,
        "nauc_recall_at_3_diff1": 0.297638,
        "nauc_recall_at_5_max": 0.052311,
        "nauc_recall_at_5_std": -0.385671,
        "nauc_recall_at_5_diff1": 0.246014,
        "nauc_recall_at_10_max": -0.120244,
        "nauc_recall_at_10_std": -0.696468,
        "nauc_recall_at_10_diff1": 0.254811,
        "nauc_recall_at_20_max": 0.238159,
        "nauc_recall_at_20_std": -0.850902,
        "nauc_recall_at_20_diff1": 0.449181,
        "nauc_recall_at_25_max": -0.30403,
        "nauc_recall_at_25_std": -1.616888,
        "nauc_recall_at_25_diff1": 0.509133,
        "nauc_recall_at_50_max": -1.730855,
        "nauc_recall_at_50_std": -1.730855,
        "nauc_recall_at_50_diff1": 0.554117,
        "nauc_recall_at_100_max": NaN,
        "nauc_recall_at_100_std": NaN,
        "nauc_recall_at_100_diff1": NaN,
        "nauc_recall_at_1000_max": NaN,
        "nauc_recall_at_1000_std": NaN,
        "nauc_recall_at_1000_diff1": NaN,
        "nauc_precision_at_1_max": 0.087067,
        "nauc_precision_at_1_std": -0.138905,
        "nauc_precision_at_1_diff1": 0.377944,
        "nauc_precision_at_3_max": 0.171252,
        "nauc_precision_at_3_std": 0.002178,
        "nauc_precision_at_3_diff1": 0.038361,
        "nauc_precision_at_5_max": 0.211389,
        "nauc_precision_at_5_std": 0.004029,
        "nauc_precision_at_5_diff1": -0.095354,
        "nauc_precision_at_10_max": 0.177876,
        "nauc_precision_at_10_std": 0.107163,
        "nauc_precision_at_10_diff1": -0.127676,
        "nauc_precision_at_20_max": 0.197448,
        "nauc_precision_at_20_std": 0.209074,
        "nauc_precision_at_20_diff1": -0.131955,
        "nauc_precision_at_25_max": 0.181025,
        "nauc_precision_at_25_std": 0.209482,
        "nauc_precision_at_25_diff1": -0.130738,
        "nauc_precision_at_50_max": 0.179463,
        "nauc_precision_at_50_std": 0.226798,
        "nauc_precision_at_50_diff1": -0.131968,
        "nauc_precision_at_100_max": 0.186784,
        "nauc_precision_at_100_std": 0.233697,
        "nauc_precision_at_100_diff1": -0.133647,
        "nauc_precision_at_1000_max": 0.186784,
        "nauc_precision_at_1000_std": 0.233697,
        "nauc_precision_at_1000_diff1": -0.133647,
        "nauc_mrr_at_1_max": 0.087067,
        "nauc_mrr_at_1_std": -0.138905,
        "nauc_mrr_at_1_diff1": 0.377944,
        "nauc_mrr_at_3_max": 0.11009,
        "nauc_mrr_at_3_std": -0.177306,
        "nauc_mrr_at_3_diff1": 0.360242,
        "nauc_mrr_at_5_max": 0.135031,
        "nauc_mrr_at_5_std": -0.160619,
        "nauc_mrr_at_5_diff1": 0.364622,
        "nauc_mrr_at_10_max": 0.113772,
        "nauc_mrr_at_10_std": -0.156247,
        "nauc_mrr_at_10_diff1": 0.366485,
        "nauc_mrr_at_20_max": 0.113772,
        "nauc_mrr_at_20_std": -0.156247,
        "nauc_mrr_at_20_diff1": 0.366485,
        "nauc_mrr_at_25_max": 0.113772,
        "nauc_mrr_at_25_std": -0.156247,
        "nauc_mrr_at_25_diff1": 0.366485,
        "nauc_mrr_at_50_max": 0.113772,
        "nauc_mrr_at_50_std": -0.156247,
        "nauc_mrr_at_50_diff1": 0.366485,
        "nauc_mrr_at_100_max": 0.113772,
        "nauc_mrr_at_100_std": -0.156247,
        "nauc_mrr_at_100_diff1": 0.366485,
        "nauc_mrr_at_1000_max": 0.113772,
        "nauc_mrr_at_1000_std": -0.156247,
        "nauc_mrr_at_1000_diff1": 0.366485,
        "hit_rate_at_1": 0.69149,
        "hit_rate_at_3": 0.89894,
        "hit_rate_at_5": 0.95213,
        "hit_rate_at_10": 1.0,
        "hit_rate_at_20": 1.0,
        "hit_rate_at_25": 1.0,
        "hit_rate_at_50": 1.0,
        "hit_rate_at_100": 1.0,
        "hit_rate_at_1000": 1.0,
        "R_cap_at_1": 0.691489,
        "R_cap_at_3": 0.775709,
        "R_cap_at_5": 0.853723,
        "R_cap_at_10": 0.962253,
        "R_cap_at_20": 0.991926,
        "R_cap_at_25": 0.995472,
        "R_cap_at_50": 0.999335,
        "R_cap_at_100": 1.0,
        "R_cap_at_1000": 1.0,