{
  "dataset_revision": "df52bb043564336892a1eb9127559130fcb0e62c",
  "task_name": "LooGLE",
  "mteb_version": "2.12.39",
  "scores": {
    "test": [
      {
        "ndcg_at_1": 0.36149,
        "ndcg_at_3": 0.33404,
        "ndcg_at_5": 0.36859,
        "ndcg_at_10": 0.42423,
        "ndcg_at_20": 0.47515,
        "ndcg_at_25": 0.48949,
        "ndcg_at_50": 0.52439,
        "ndcg_at_100": 0.54804,
        "ndcg_at_1000": 0.55697,
        "map_at_1": 0.14619,
        "map_at_3": 0.25149,
        "map_at_5": 0.28798,
        "map_at_10": 0.31979,
        "map_at_20": 0.34083,
        "map_at_25": 0.34549,
        "map_at_50": 0.35508,
        "map_at_100": 0.35918,
        "map_at_1000": 0.36017,
        "recall_at_1": 0.14619,
        "recall_at_3": 0.3076,
        "recall_at_5": 0.40062,
        "recall_at_10": 0.5278,
        "recall_at_20": 0.67228,
        "recall_at_25": 0.71916,
        "recall_at_50": 0.84421,
        "recall_at_100": 0.94728,
        "recall_at_1000": 0.99286,
        "accuracy": 0.14619,
        "precision_at_1": 0.36149,
        "precision_at_3": 0.25976,
        "precision_at_5": 0.2109,
        "precision_at_10": 0.14387,
        "precision_at_20": 0.09414,
        "precision_at_25": 0.08124,
        "precision_at_50": 0.04908,
        "precision_at_100": 0.02776,
        "precision_at_1000": 0.00291,
        "mrr_at_1": 0.36149,
        "mrr_at_3": 0.453678,
        "mrr_at_5": 0.479428,
        "mrr_at_10": 0.494379,
        "mrr_at_20": 0.502379,
        "mrr_at_25": 0.503649,
        "mrr_at_50": 0.504843,
        "mrr_at_100": 0.505152,
        "mrr_at_1000": 0.505214,
        "nauc_ndcg_at_1_max": 0.125659,
        "nauc_ndcg_at_1_std": -0.148284,
        "nauc_ndcg_at_1_diff1": 0.334465,
        "nauc_ndcg_at_3_max": 0.158949,
        "nauc_ndcg_at_3_std": -0.110017,
        "nauc_ndcg_at_3_diff1": 0.278397,
        "nauc_ndcg_at_5_max": 0.139389,
        "nauc_ndcg_at_5_std": -0.09675,
        "nauc_ndcg_at_5_diff1": 0.290614,
        "nauc_ndcg_at_10_max": 0.14936,
        "nauc_ndcg_at_10_std": -0.094716,
        "nauc_ndcg_at_10_diff1": 0.295932,
        "nauc_ndcg_at_20_max": 0.164577,
        "nauc_ndcg_at_20_std": -0.082742,
        "nauc_ndcg_at_20_diff1": 0.300654,
        "nauc_ndcg_at_25_max": 0.164645,
        "nauc_ndcg_at_25_std": -0.086988,
        "nauc_ndcg_at_25_diff1": 0.301105,
        "nauc_ndcg_at_50_max": 0.171668,
        "nauc_ndcg_at_50_std": -0.09819,
        "nauc_ndcg_at_50_diff1": 0.304566,
        "nauc_ndcg_at_100_max": 0.169932,
        "nauc_ndcg_at_100_std": -0.103378,
        "nauc_ndcg_at_100_diff1": 0.299542,
        "nauc_ndcg_at_1000_max": 0.162739,
        "nauc_ndcg_at_1000_std": -0.113101,
        "nauc_ndcg_at_1000_diff1": 0.295263,
        "nauc_map_at_1_max": 0.08529,
        "nauc_map_at_1_std": -0.1016,
        "nauc_map_at_1_diff1": 0.345788,
        "nauc_map_at_3_max": 0.140056,
        "nauc_map_at_3_std": -0.093156,
        "nauc_map_at_3_diff1": 0.302426,
        "nauc_map_at_5_max": 0.133342,
        "nauc_map_at_5_std": -0.093322,
        "nauc_map_at_5_diff1": 0.295194,
        "nauc_map_at_10_max": 0.140884,
        "nauc_map_at_10_std": -0.094872,
        "nauc_map_at_10_diff1": 0.296364,
        "nauc_map_at_20_max": 0.148408,
        "nauc_map_at_20_std": -0.092577,
        "nauc_map_at_20_diff1": 0.299862,
        "nauc_map_at_25_max": 0.147767,
        "nauc_map_at_25_std": -0.094899,
        "nauc_map_at_25_diff1": 0.300196,
        "nauc_map_at_50_max": 0.150523,
        "nauc_map_at_50_std": -0.098649,
        "nauc_map_at_50_diff1": 0.300195,
        "nauc_map_at_100_max": 0.150452,
        "nauc_map_at_100_std": -0.099821,
        "nauc_map_at_100_diff1": 0.299361,
        "nauc_map_at_1000_max": 0.149802,
        "nauc_map_at_1000_std": -0.100676,
        "nauc_map_at_1000_diff1": 0.2989,
        "nauc_recall_at_1_max": 0.08529,
        "nauc_recall_at_1_std": -0.1016,
        "nauc_recall_at_1_diff1": 0.345788,
        "nauc_recall_at_3_max": 0.156361,
        "nauc_recall_at_3_std": -0.064375,
        "nauc_recall_at_3_diff1": 0.264997,
        "nauc_recall_at_5_max": 0.122831,
        "nauc_recall_at_5_std": -0.055705,
        "nauc_recall_at_5_diff1": 0.253278,
        "nauc_recall_at_10_max": 0.137072,
        "nauc_recall_at_10_std": -0.038679,
        "nauc_recall_at_10_diff1": 0.254032,
        "nauc_recall_at_20_max": 0.176448,
        "nauc_recall_at_20_std": 0.021965,
        "nauc_recall_at_20_diff1": 0.259217,
        "nauc_recall_at_25_max": 0.176324,
        "nauc_recall_at_25_std": 0.024333,
        "nauc_recall_at_25_diff1": 0.258271,
        "nauc_recall_at_50_max": 0.221731,
        "nauc_recall_at_50_std": 0.03244,
        "nauc_recall_at_50_diff1": 0.291701,
        "nauc_recall_at_100_max": 0.305002,
        "nauc_recall_at_100_std": 0.165866,
        "nauc_recall_at_100_diff1": 0.280312,
        "nauc_recall_at_1000_max": 0.29239,
        "nauc_recall_at_1000_std": 0.33574,
        "nauc_recall_at_1000_diff1": -0.074006,
        "nauc_precision_at_1_max": 0.125659,
        "nauc_precision_at_1_std": -0.148284,
        "nauc_precision_at_1_diff1": 0.334465,
        "nauc_precision_at_3_max": 0.180949,
        "nauc_precision_at_3_std": -0.113003,
        "nauc_precision_at_3_diff1": 0.213233,
        "nauc_precision_at_5_max": 0.139661,
        "nauc_precision_at_5_std": -0.114352,
        "nauc_precision_at_5_diff1": 0.182183,
        "nauc_precision_at_10_max": 0.141097,
        "nauc_precision_at_10_std": -0.123702,
        "nauc_precision_at_10_diff1": 0.150004,
        "nauc_precision_at_20_max": 0.138862,
        "nauc_precision_at_20_std": -0.10019,
        "nauc_precision_at_20_diff1": 0.094544,
        "nauc_precision_at_25_max": 0.127083,
        "nauc_precision_at_25_std": -0.113656,
        "nauc_precision_at_25_diff1": 0.072087,
        "nauc_precision_at_50_max": 0.109748,
        "nauc_precision_at_50_std": -0.131262,
        "nauc_precision_at_50_diff1": -0.001538,
        "nauc_precision_at_100_max": 0.077485,
        "nauc_precision_at_100_std": -0.137941,
        "nauc_precision_at_100_diff1": -0.072929,
        "nauc_precision_at_1000_max": 0.040344,
        "nauc_precision_at_1000_std": -0.16297,
        "nauc_precision_at_1000_diff1": -0.112854,
        "nauc_mrr_at_1_max": 0.125659,
        "nauc_mrr_at_1_std": -0.146532,
        "nauc_mrr_at_1_diff1": 0.334465,
        "nauc_mrr_at_3_max": 0.157891,
        "nauc_mrr_at_3_std": -0.127771,
        "nauc_mrr_at_3_diff1": 0.301983,
        "nauc_mrr_at_5_max": 0.151266,
        "nauc_mrr_at_5_std": -0.126372,
        "nauc_mrr_at_5_diff1": 0.30708,
        "nauc_mrr_at_10_max": 0.148763,
        "nauc_mrr_at_10_std": -0.127465,
        "nauc_mrr_at_10_diff1": 0.309102,
        "nauc_mrr_at_20_max": 0.149743,
        "nauc_mrr_at_20_std": -0.12639,
        "nauc_mrr_at_20_diff1": 0.307899,
        "nauc_mrr_at_25_max": 0.150178,
        "nauc_mrr_at_25_std": -0.126421,
        "nauc_mrr_at_25_diff1": 0.307945,
        "nauc_mrr_at_50_max": 0.149731,
        "nauc_mrr_at_50_std": -0.126864,
        "nauc_mrr_at_50_diff1": 0.308731,
        "nauc_mrr_at_100_max": 0.149565,
        "nauc_mrr_at_100_std": -0.126975,
        "nauc_mrr_at_100_diff1": 0.308471,
        "nauc_mrr_at_1000_max": 0.149464,
        "nauc_mrr_at_1000_std": -0.127076,
        "nauc_mrr_at_1000_diff1": 0.308413,
        "hit_rate_at_1": 0.36149,
        "hit_rate_at_3": 0.56494,
        "hit_rate_at_5": 0.67757,
        "hit_rate_at_10": 0.78928,
        "hit_rate_at_20": 0.90009,
        "hit_rate_at_25": 0.93097,
        "hit_rate_at_50": 0.97184,
        "hit_rate_at_100": 0.99092,
        "hit_rate_at_1000": 0.99818,
        "R_cap_at_1": 0.36149,
        "R_cap_at_3": 0.335301,
        "R_cap_at_5": 0.402755,
        "R_cap_at_10": 0.528911,
        "R_cap_at_20": 0.672549,
        "R_cap_at_25": 0.71886,
        "R_cap_at_50": 0.843979,
        "R_cap_at_100": 0.947282,