{
  "dataset_revision": "6b2010c691a435a7a920088d32e55c898afa97f5",
  "task_name": "PeerQA",
  "mteb_version": "2.12.39",
  "scores": {
    "test": [
      {
        "ndcg_at_1": 0.20588,
        "ndcg_at_3": 0.23288,
        "ndcg_at_5": 0.25186,
        "ndcg_at_10": 0.30258,
        "ndcg_at_20": 0.34041,
        "ndcg_at_25": 0.34932,
        "ndcg_at_50": 0.37973,
        "ndcg_at_100": 0.40838,
        "ndcg_at_1000": 0.44851,
        "map_at_1": 0.13144,
        "map_at_3": 0.18483,
        "map_at_5": 0.2001,
        "map_at_10": 0.22368,
        "map_at_20": 0.23833,
        "map_at_25": 0.24104,
        "map_at_50": 0.24785,
        "map_at_100": 0.25206,
        "map_at_1000": 0.25592,
        "recall_at_1": 0.13144,
        "recall_at_3": 0.2396,
        "recall_at_5": 0.2961,
        "recall_at_10": 0.42154,
        "recall_at_20": 0.53098,
        "recall_at_25": 0.56002,
        "recall_at_50": 0.6757,
        "recall_at_100": 0.79325,
        "recall_at_1000": 1.0,
        "accuracy": 0.13144,
        "precision_at_1": 0.20588,
        "precision_at_3": 0.14706,
        "precision_at_5": 0.11324,
        "precision_at_10": 0.08897,
        "precision_at_20": 0.06176,
        "precision_at_25": 0.05324,
        "precision_at_50": 0.03382,
        "precision_at_100": 0.02154,
        "precision_at_1000": 0.00286,
        "mrr_at_1": 0.205882,
        "mrr_at_3": 0.276961,
        "mrr_at_5": 0.299387,
        "mrr_at_10": 0.324799,
        "mrr_at_20": 0.330888,
        "mrr_at_25": 0.331529,
        "mrr_at_50": 0.33384,
        "mrr_at_100": 0.334746,
        "mrr_at_1000": 0.335384,
        "nauc_ndcg_at_1_max": 0.011292,
        "nauc_ndcg_at_1_std": -0.256629,
        "nauc_ndcg_at_1_diff1": 0.438722,
        "nauc_ndcg_at_3_max": -0.036178,
        "nauc_ndcg_at_3_std": -0.223019,
        "nauc_ndcg_at_3_diff1": 0.302025,
        "nauc_ndcg_at_5_max": -0.052535,
        "nauc_ndcg_at_5_std": -0.205056,
        "nauc_ndcg_at_5_diff1": 0.261904,
        "nauc_ndcg_at_10_max": 0.008378,
        "nauc_ndcg_at_10_std": -0.17582,
        "nauc_ndcg_at_10_diff1": 0.211395,
        "nauc_ndcg_at_20_max": 0.037329,
        "nauc_ndcg_at_20_std": -0.134756,
        "nauc_ndcg_at_20_diff1": 0.198786,
        "nauc_ndcg_at_25_max": 0.040732,
        "nauc_ndcg_at_25_std": -0.125011,
        "nauc_ndcg_at_25_diff1": 0.206003,
        "nauc_ndcg_at_50_max": 0.066372,
        "nauc_ndcg_at_50_std": -0.08271,
        "nauc_ndcg_at_50_diff1": 0.193173,
        "nauc_ndcg_at_100_max": 0.058053,
        "nauc_ndcg_at_100_std": -0.089307,
        "nauc_ndcg_at_100_diff1": 0.19328,
        "nauc_ndcg_at_1000_max": 0.04735,
        "nauc_ndcg_at_1000_std": -0.119169,
        "nauc_ndcg_at_1000_diff1": 0.234083,
        "nauc_map_at_1_max": 0.011688,
        "nauc_map_at_1_std": -0.205863,
        "nauc_map_at_1_diff1": 0.403211,
        "nauc_map_at_3_max": -0.032838,
        "nauc_map_at_3_std": -0.223703,
        "nauc_map_at_3_diff1": 0.29828,
        "nauc_map_at_5_max": -0.046857,
        "nauc_map_at_5_std": -0.214209,
        "nauc_map_at_5_diff1": 0.281692,
        "nauc_map_at_10_max": -0.011414,
        "nauc_map_at_10_std": -0.200137,
        "nauc_map_at_10_diff1": 0.257504,
        "nauc_map_at_20_max": 0.002209,
        "nauc_map_at_20_std": -0.178917,
        "nauc_map_at_20_diff1": 0.247737,
        "nauc_map_at_25_max": 0.002284,
        "nauc_map_at_25_std": -0.176541,
        "nauc_map_at_25_diff1": 0.249553,
        "nauc_map_at_50_max": 0.008619,
        "nauc_map_at_50_std": -0.164496,
        "nauc_map_at_50_diff1": 0.247142,
        "nauc_map_at_100_max": 0.008838,
        "nauc_map_at_100_std": -0.164133,
        "nauc_map_at_100_diff1": 0.247847,
        "nauc_map_at_1000_max": 0.008992,
        "nauc_map_at_1000_std": -0.165468,
        "nauc_map_at_1000_diff1": 0.251424,
        "nauc_recall_at_1_max": 0.011688,
        "nauc_recall_at_1_std": -0.205863,
        "nauc_recall_at_1_diff1": 0.403211,
        "nauc_recall_at_3_max": -0.059059,
        "nauc_recall_at_3_std": -0.212858,
        "nauc_recall_at_3_diff1": 0.226529,
        "nauc_recall_at_5_max": -0.10251,
        "nauc_recall_at_5_std": -0.190135,
        "nauc_recall_at_5_diff1": 0.16503,
        "nauc_recall_at_10_max": 0.004667,
        "nauc_recall_at_10_std": -0.131015,
        "nauc_recall_at_10_diff1": 0.051005,
        "nauc_recall_at_20_max": 0.065896,
        "nauc_recall_at_20_std": -0.037541,
        "nauc_recall_at_20_diff1": 0.018714,
        "nauc_recall_at_25_max": 0.080373,
        "nauc_recall_at_25_std": -0.004334,
        "nauc_recall_at_25_diff1": 0.043391,
        "nauc_recall_at_50_max": 0.180066,
        "nauc_recall_at_50_std": 0.157267,
        "nauc_recall_at_50_diff1": -0.034868,
        "nauc_recall_at_100_max": 0.141841,
        "nauc_recall_at_100_std": 0.17528,
        "nauc_recall_at_100_diff1": -0.130405,
        "nauc_recall_at_1000_max": NaN,
        "nauc_recall_at_1000_std": NaN,
        "nauc_recall_at_1000_diff1": NaN,
        "nauc_precision_at_1_max": 0.011292,
        "nauc_precision_at_1_std": -0.256629,
        "nauc_precision_at_1_diff1": 0.438722,
        "nauc_precision_at_3_max": -0.049652,
        "nauc_precision_at_3_std": -0.199527,
        "nauc_precision_at_3_diff1": 0.198025,
        "nauc_precision_at_5_max": -0.045977,
        "nauc_precision_at_5_std": -0.125192,
        "nauc_precision_at_5_diff1": 0.133736,
        "nauc_precision_at_10_max": 0.157908,
        "nauc_precision_at_10_std": 0.019064,
        "nauc_precision_at_10_diff1": -0.007701,
        "nauc_precision_at_20_max": 0.218928,
        "nauc_precision_at_20_std": 0.165662,
        "nauc_precision_at_20_diff1": -0.038934,
        "nauc_precision_at_25_max": 0.209755,
        "nauc_precision_at_25_std": 0.190224,
        "nauc_precision_at_25_diff1": -0.043103,
        "nauc_precision_at_50_max": 0.253738,
        "nauc_precision_at_50_std": 0.303555,
        "nauc_precision_at_50_diff1": -0.072849,
        "nauc_precision_at_100_max": 0.222383,
        "nauc_precision_at_100_std": 0.297328,
        "nauc_precision_at_100_diff1": -0.081827,
        "nauc_precision_at_1000_max": 0.168391,
        "nauc_precision_at_1000_std": 0.231758,
        "nauc_precision_at_1000_diff1": -0.022126,
        "nauc_mrr_at_1_max": 0.011292,
        "nauc_mrr_at_1_std": -0.256629,
        "nauc_mrr_at_1_diff1": 0.438722,
        "nauc_mrr_at_3_max": -0.00302,
        "nauc_mrr_at_3_std": -0.211466,
        "nauc_mrr_at_3_diff1": 0.339286,
        "nauc_mrr_at_5_max": -0.006171,
        "nauc_mrr_at_5_std": -0.20445,
        "nauc_mrr_at_5_diff1": 0.31728,
        "nauc_mrr_at_10_max": 0.008876,
        "nauc_mrr_at_10_std": -0.195938,
        "nauc_mrr_at_10_diff1": 0.304868,
        "nauc_mrr_at_20_max": 0.010251,
        "nauc_mrr_at_20_std": -0.194454,
        "nauc_mrr_at_20_diff1": 0.310503,
        "nauc_mrr_at_25_max": 0.010527,
        "nauc_mrr_at_25_std": -0.194487,
        "nauc_mrr_at_25_diff1": 0.311364,
        "nauc_mrr_at_50_max": 0.011213,
        "nauc_mrr_at_50_std": -0.193935,
        "nauc_mrr_at_50_diff1": 0.309202,
        "nauc_mrr_at_100_max": 0.010282,
        "nauc_mrr_at_100_std": -0.19491,
        "nauc_mrr_at_100_diff1": 0.309856,
        "nauc_mrr_at_1000_max": 0.009505,
        "nauc_mrr_at_1000_std": -0.195871,
        "nauc_mrr_at_1000_diff1": 0.310828,
        "hit_rate_at_1": 0.20588,
        "hit_rate_at_3": 0.38235,
        "hit_rate_at_5": 0.47794,
        "hit_rate_at_10": 0.66176,
        "hit_rate_at_20": 0.75,
        "hit_rate_at_25": 0.76471,
        "hit_rate_at_50": 0.85294,
        "hit_rate_at_100": 0.91176,
        "hit_rate_at_1000": 1.0,
        "R_cap_at_1": 0.205882,
        "R_cap_at_3": 0.254902,
        "R_cap_at_5": 0.298652,
        "R_cap_at_10": 0.421779,
        "R_cap_at_20": 0.53098,
        "R_cap_at_25": 0.560024,
        "R_cap_at_50": 0.675695,
        "R_cap_at_100": 0.793254,