{
  "dataset_revision": "898f2eced48890f19b6a88f1b616e9ca6c5dda1c",
  "task_name": "QASPER",
  "mteb_version": "2.12.39",
  "scores": {
    "test": [
      {
        "ndcg_at_1": 0.2764,
        "ndcg_at_3": 0.35634,
        "ndcg_at_5": 0.40008,
        "ndcg_at_10": 0.46063,
        "ndcg_at_20": 0.50662,
        "ndcg_at_25": 0.51889,
        "ndcg_at_50": 0.54056,
        "ndcg_at_100": 0.54457,
        "ndcg_at_1000": 0.54465,
        "map_at_1": 0.20768,
        "map_at_3": 0.30378,
        "map_at_5": 0.33551,
        "map_at_10": 0.36695,
        "map_at_20": 0.38407,
        "map_at_25": 0.38765,
        "map_at_50": 0.39306,
        "map_at_100": 0.39383,
        "map_at_1000": 0.39384,
        "recall_at_1": 0.20768,
        "recall_at_3": 0.40184,
        "recall_at_5": 0.51222,
        "recall_at_10": 0.68723,
        "recall_at_20": 0.84426,
        "recall_at_25": 0.89157,
        "recall_at_50": 0.98206,
        "recall_at_100": 0.99966,
        "recall_at_1000": 1.0,
        "accuracy": 0.20768,
        "precision_at_1": 0.2764,
        "precision_at_3": 0.19076,
        "precision_at_5": 0.15161,
        "precision_at_10": 0.10539,
        "precision_at_20": 0.06816,
        "precision_at_25": 0.05849,
        "precision_at_50": 0.03357,
        "precision_at_100": 0.01736,
        "precision_at_1000": 0.00174,
        "mrr_at_1": 0.275655,
        "mrr_at_3": 0.371411,
        "mrr_at_5": 0.397403,
        "mrr_at_10": 0.419027,
        "mrr_at_20": 0.427984,
        "mrr_at_25": 0.429601,
        "mrr_at_50": 0.431339,
        "mrr_at_100": 0.43147,
        "mrr_at_1000": 0.43147,
        "nauc_ndcg_at_1_max": 0.063605,
        "nauc_ndcg_at_1_std": 0.028635,
        "nauc_ndcg_at_1_diff1": 0.314707,
        "nauc_ndcg_at_3_max": 0.048755,
        "nauc_ndcg_at_3_std": 0.01065,
        "nauc_ndcg_at_3_diff1": 0.256331,
        "nauc_ndcg_at_5_max": 0.039748,
        "nauc_ndcg_at_5_std": 0.012099,
        "nauc_ndcg_at_5_diff1": 0.250261,
        "nauc_ndcg_at_10_max": 0.040689,
        "nauc_ndcg_at_10_std": 0.017784,
        "nauc_ndcg_at_10_diff1": 0.231177,
        "nauc_ndcg_at_20_max": 0.051122,
        "nauc_ndcg_at_20_std": 0.025142,
        "nauc_ndcg_at_20_diff1": 0.247662,
        "nauc_ndcg_at_25_max": 0.057554,
        "nauc_ndcg_at_25_std": 0.032936,
        "nauc_ndcg_at_25_diff1": 0.249557,
        "nauc_ndcg_at_50_max": 0.059613,
        "nauc_ndcg_at_50_std": 0.028811,
        "nauc_ndcg_at_50_diff1": 0.257049,
        "nauc_ndcg_at_100_max": 0.062216,
        "nauc_ndcg_at_100_std": 0.026869,
        "nauc_ndcg_at_100_diff1": 0.256925,
        "nauc_ndcg_at_1000_max": 0.062313,
        "nauc_ndcg_at_1000_std": 0.027063,
        "nauc_ndcg_at_1000_diff1": 0.256652,
        "nauc_map_at_1_max": 0.033545,
        "nauc_map_at_1_std": 0.0129,
        "nauc_map_at_1_diff1": 0.312282,
        "nauc_map_at_3_max": 0.040958,
        "nauc_map_at_3_std": 0.00924,
        "nauc_map_at_3_diff1": 0.262641,
        "nauc_map_at_5_max": 0.040119,
        "nauc_map_at_5_std": 0.012332,
        "nauc_map_at_5_diff1": 0.26466,
        "nauc_map_at_10_max": 0.043707,
        "nauc_map_at_10_std": 0.018572,
        "nauc_map_at_10_diff1": 0.256763,
        "nauc_map_at_20_max": 0.047467,
        "nauc_map_at_20_std": 0.021392,
        "nauc_map_at_20_diff1": 0.260843,
        "nauc_map_at_25_max": 0.049432,
        "nauc_map_at_25_std": 0.023362,
        "nauc_map_at_25_diff1": 0.261443,
        "nauc_map_at_50_max": 0.05127,
        "nauc_map_at_50_std": 0.023253,
        "nauc_map_at_50_diff1": 0.262274,
        "nauc_map_at_100_max": 0.052006,
        "nauc_map_at_100_std": 0.023013,
        "nauc_map_at_100_diff1": 0.262426,
        "nauc_map_at_1000_max": 0.052017,
        "nauc_map_at_1000_std": 0.023037,
        "nauc_map_at_1000_diff1": 0.262392,
        "nauc_recall_at_1_max": 0.033545,
        "nauc_recall_at_1_std": 0.0129,
        "nauc_recall_at_1_diff1": 0.312282,
        "nauc_recall_at_3_max": 0.030942,
        "nauc_recall_at_3_std": 0.001419,
        "nauc_recall_at_3_diff1": 0.209956,
        "nauc_recall_at_5_max": 0.0075,
        "nauc_recall_at_5_std": -0.000761,
        "nauc_recall_at_5_diff1": 0.195086,
        "nauc_recall_at_10_max": -0.01037,
        "nauc_recall_at_10_std": 0.00112,
        "nauc_recall_at_10_diff1": 0.1121,
        "nauc_recall_at_20_max": 0.009686,
        "nauc_recall_at_20_std": 0.03151,
        "nauc_recall_at_20_diff1": 0.145876,
        "nauc_recall_at_25_max": 0.0444,
        "nauc_recall_at_25_std": 0.1084,
        "nauc_recall_at_25_diff1": 0.13763,
        "nauc_recall_at_50_max": -0.018195,
        "nauc_recall_at_50_std": 0.145057,
        "nauc_recall_at_50_diff1": 0.287109,
        "nauc_recall_at_100_max": -0.259074,
        "nauc_recall_at_100_std": -0.585872,
        "nauc_recall_at_100_diff1": 1.0,
        "nauc_recall_at_1000_max": NaN,
        "nauc_recall_at_1000_std": NaN,
        "nauc_recall_at_1000_diff1": NaN,
        "nauc_precision_at_1_max": 0.063605,
        "nauc_precision_at_1_std": 0.028635,
        "nauc_precision_at_1_diff1": 0.314707,
        "nauc_precision_at_3_max": 0.061017,
        "nauc_precision_at_3_std": 0.012667,
        "nauc_precision_at_3_diff1": 0.17736,
        "nauc_precision_at_5_max": 0.056395,
        "nauc_precision_at_5_std": 0.024985,
        "nauc_precision_at_5_diff1": 0.148142,
        "nauc_precision_at_10_max": 0.07571,
        "nauc_precision_at_10_std": 0.057438,
        "nauc_precision_at_10_diff1": 0.057301,
        "nauc_precision_at_20_max": 0.090793,
        "nauc_precision_at_20_std": 0.06709,
        "nauc_precision_at_20_diff1": 0.031102,
        "nauc_precision_at_25_max": 0.108138,
        "nauc_precision_at_25_std": 0.082348,
        "nauc_precision_at_25_diff1": 0.014999,
        "nauc_precision_at_50_max": 0.113802,
        "nauc_precision_at_50_std": 0.070168,
        "nauc_precision_at_50_diff1": -0.010934,
        "nauc_precision_at_100_max": 0.125129,
        "nauc_precision_at_100_std": 0.061632,
        "nauc_precision_at_100_diff1": -0.010238,
        "nauc_precision_at_1000_max": 0.125133,
        "nauc_precision_at_1000_std": 0.06221,
        "nauc_precision_at_1000_diff1": -0.011633,
        "nauc_mrr_at_1_max": 0.064936,
        "nauc_mrr_at_1_std": 0.0303,
        "nauc_mrr_at_1_diff1": 0.317363,
        "nauc_mrr_at_3_max": 0.071589,
        "nauc_mrr_at_3_std": 0.024552,
        "nauc_mrr_at_3_diff1": 0.270537,
        "nauc_mrr_at_5_max": 0.066672,
        "nauc_mrr_at_5_std": 0.023464,
        "nauc_mrr_at_5_diff1": 0.267407,
        "nauc_mrr_at_10_max": 0.067011,
        "nauc_mrr_at_10_std": 0.024677,
        "nauc_mrr_at_10_diff1": 0.264233,
        "nauc_mrr_at_20_max": 0.068878,
        "nauc_mrr_at_20_std": 0.025825,
        "nauc_mrr_at_20_diff1": 0.268271,
        "nauc_mrr_at_25_max": 0.068947,
        "nauc_mrr_at_25_std": 0.026206,
        "nauc_mrr_at_25_diff1": 0.268792,
        "nauc_mrr_at_50_max": 0.068743,
        "nauc_mrr_at_50_std": 0.025905,
        "nauc_mrr_at_50_diff1": 0.269662,
        "nauc_mrr_at_100_max": 0.068652,
        "nauc_mrr_at_100_std": 0.025837,
        "nauc_mrr_at_100_diff1": 0.269532,
        "nauc_mrr_at_1000_max": 0.068652,
        "nauc_mrr_at_1000_std": 0.025837,
        "nauc_mrr_at_1000_diff1": 0.269532,
        "hit_rate_at_1": 0.2764,
        "hit_rate_at_3": 0.49288,
        "hit_rate_at_5": 0.60824,
        "hit_rate_at_10": 0.76779,
        "hit_rate_at_20": 0.89738,
        "hit_rate_at_25": 0.93408,
        "hit_rate_at_50": 0.99251,
        "hit_rate_at_100": 1.0,
        "hit_rate_at_1000": 1.0,
        "R_cap_at_1": 0.275655,
        "R_cap_at_3": 0.416854,
        "R_cap_at_5": 0.517516,
        "R_cap_at_10": 0.687753,
        "R_cap_at_20": 0.844578,
        "R_cap_at_25": 0.891647,
        "R_cap_at_50": 0.981684,
        "R_cap_at_100": 0.999663,
        "R_cap_at_1000": 1.0,
        "main_score": 0.46063,