{
  "dataset_revision": "6f868e5b4c46a9f04c89f7179ddc7c8f162c1068",
  "task_name": "ToolBench",
  "mteb_version": "2.12.39",
  "scores": {
    "test": [
      {
        "ndcg_at_1": 0.53636,
        "ndcg_at_3": 0.46747,
        "ndcg_at_5": 0.50798,
        "ndcg_at_10": 0.54889,
        "ndcg_at_20": 0.57594,
        "ndcg_at_25": 0.58347,
        "ndcg_at_50": 0.60086,
        "ndcg_at_100": 0.61436,
        "ndcg_at_1000": 0.62992,
        "map_at_1": 0.25505,
        "map_at_3": 0.39915,
        "map_at_5": 0.43467,
        "map_at_10": 0.45941,
        "map_at_20": 0.47047,
        "map_at_25": 0.47272,
        "map_at_50": 0.47665,
        "map_at_100": 0.4786,
        "map_at_1000": 0.47957,
        "recall_at_1": 0.25505,
        "recall_at_3": 0.44876,
        "recall_at_5": 0.53485,
        "recall_at_10": 0.6307,
        "recall_at_20": 0.71202,
        "recall_at_25": 0.73856,
        "recall_at_50": 0.80702,
        "recall_at_100": 0.86982,
        "recall_at_1000": 0.96089,
        "accuracy": 0.25505,
        "precision_at_1": 0.53636,
        "precision_at_3": 0.32758,
        "precision_at_5": 0.23782,
        "precision_at_10": 0.14327,
        "precision_at_20": 0.08164,
        "precision_at_25": 0.06789,
        "precision_at_50": 0.03736,
        "precision_at_100": 0.02029,
        "precision_at_1000": 0.00228,
        "mrr_at_1": 0.536364,
        "mrr_at_3": 0.605606,
        "mrr_at_5": 0.620788,
        "mrr_at_10": 0.629578,
        "mrr_at_20": 0.633136,
        "mrr_at_25": 0.633782,
        "mrr_at_50": 0.634939,
        "mrr_at_100": 0.635272,
        "mrr_at_1000": 0.635457,
        "nauc_ndcg_at_1_max": 0.421115,
        "nauc_ndcg_at_1_std": -0.235844,
        "nauc_ndcg_at_1_diff1": 0.575661,
        "nauc_ndcg_at_3_max": 0.420776,
        "nauc_ndcg_at_3_std": -0.209472,
        "nauc_ndcg_at_3_diff1": 0.428865,
        "nauc_ndcg_at_5_max": 0.443399,
        "nauc_ndcg_at_5_std": -0.211727,
        "nauc_ndcg_at_5_diff1": 0.431787,
        "nauc_ndcg_at_10_max": 0.467932,
        "nauc_ndcg_at_10_std": -0.189208,
        "nauc_ndcg_at_10_diff1": 0.427796,
        "nauc_ndcg_at_20_max": 0.481438,
        "nauc_ndcg_at_20_std": -0.169696,
        "nauc_ndcg_at_20_diff1": 0.426104,
        "nauc_ndcg_at_25_max": 0.485801,
        "nauc_ndcg_at_25_std": -0.156396,
        "nauc_ndcg_at_25_diff1": 0.423567,
        "nauc_ndcg_at_50_max": 0.489146,
        "nauc_ndcg_at_50_std": -0.144736,
        "nauc_ndcg_at_50_diff1": 0.431591,
        "nauc_ndcg_at_100_max": 0.484687,
        "nauc_ndcg_at_100_std": -0.137995,
        "nauc_ndcg_at_100_diff1": 0.428994,
        "nauc_ndcg_at_1000_max": 0.47411,
        "nauc_ndcg_at_1000_std": -0.152788,
        "nauc_ndcg_at_1000_diff1": 0.435582,
        "nauc_map_at_1_max": 0.391446,
        "nauc_map_at_1_std": -0.219312,
        "nauc_map_at_1_diff1": 0.557665,
        "nauc_map_at_3_max": 0.413611,
        "nauc_map_at_3_std": -0.202496,
        "nauc_map_at_3_diff1": 0.415816,
        "nauc_map_at_5_max": 0.431629,
        "nauc_map_at_5_std": -0.206475,
        "nauc_map_at_5_diff1": 0.415496,
        "nauc_map_at_10_max": 0.446652,
        "nauc_map_at_10_std": -0.196241,
        "nauc_map_at_10_diff1": 0.414802,
        "nauc_map_at_20_max": 0.450767,
        "nauc_map_at_20_std": -0.191188,
        "nauc_map_at_20_diff1": 0.414288,
        "nauc_map_at_25_max": 0.4519,
        "nauc_map_at_25_std": -0.188018,
        "nauc_map_at_25_diff1": 0.413949,
        "nauc_map_at_50_max": 0.452598,
        "nauc_map_at_50_std": -0.185437,
        "nauc_map_at_50_diff1": 0.415736,
        "nauc_map_at_100_max": 0.451991,
        "nauc_map_at_100_std": -0.184206,
        "nauc_map_at_100_diff1": 0.415078,
        "nauc_map_at_1000_max": 0.45141,
        "nauc_map_at_1000_std": -0.184514,
        "nauc_map_at_1000_diff1": 0.415228,
        "nauc_recall_at_1_max": 0.391446,
        "nauc_recall_at_1_std": -0.219312,
        "nauc_recall_at_1_diff1": 0.557665,
        "nauc_recall_at_3_max": 0.41625,
        "nauc_recall_at_3_std": -0.198037,
        "nauc_recall_at_3_diff1": 0.375858,
        "nauc_recall_at_5_max": 0.440631,
        "nauc_recall_at_5_std": -0.197345,
        "nauc_recall_at_5_diff1": 0.36334,
        "nauc_recall_at_10_max": 0.491347,
        "nauc_recall_at_10_std": -0.132422,
        "nauc_recall_at_10_diff1": 0.333061,
        "nauc_recall_at_20_max": 0.542628,
        "nauc_recall_at_20_std": -0.048428,
        "nauc_recall_at_20_diff1": 0.307466,
        "nauc_recall_at_25_max": 0.565102,
        "nauc_recall_at_25_std": 0.016058,
        "nauc_recall_at_25_diff1": 0.28703,
        "nauc_recall_at_50_max": 0.614744,
        "nauc_recall_at_50_std": 0.118395,
        "nauc_recall_at_50_diff1": 0.306626,
        "nauc_recall_at_100_max": 0.63983,
        "nauc_recall_at_100_std": 0.274743,
        "nauc_recall_at_100_diff1": 0.246486,
        "nauc_recall_at_1000_max": 0.746952,
        "nauc_recall_at_1000_std": 0.531355,
        "nauc_recall_at_1000_diff1": 0.230448,
        "nauc_precision_at_1_max": 0.421115,
        "nauc_precision_at_1_std": -0.235844,
        "nauc_precision_at_1_diff1": 0.575661,
        "nauc_precision_at_3_max": 0.386164,
        "nauc_precision_at_3_std": -0.179332,
        "nauc_precision_at_3_diff1": 0.309799,
        "nauc_precision_at_5_max": 0.384171,
        "nauc_precision_at_5_std": -0.16017,
        "nauc_precision_at_5_diff1": 0.270543,
        "nauc_precision_at_10_max": 0.361349,
        "nauc_precision_at_10_std": -0.074747,
        "nauc_precision_at_10_diff1": 0.19427,
        "nauc_precision_at_20_max": 0.330453,
        "nauc_precision_at_20_std": 0.005984,
        "nauc_precision_at_20_diff1": 0.126318,
        "nauc_precision_at_25_max": 0.318312,
        "nauc_precision_at_25_std": 0.062345,
        "nauc_precision_at_25_diff1": 0.093523,
        "nauc_precision_at_50_max": 0.265987,
        "nauc_precision_at_50_std": 0.147932,
        "nauc_precision_at_50_diff1": 0.051488,
        "nauc_precision_at_100_max": 0.160877,
        "nauc_precision_at_100_std": 0.214553,
        "nauc_precision_at_100_diff1": -0.037875,
        "nauc_precision_at_1000_max": -0.063182,
        "nauc_precision_at_1000_std": 0.182023,
        "nauc_precision_at_1000_diff1": -0.14612,
        "nauc_mrr_at_1_max": 0.421115,
        "nauc_mrr_at_1_std": -0.235844,
        "nauc_mrr_at_1_diff1": 0.575661,
        "nauc_mrr_at_3_max": 0.441104,
        "nauc_mrr_at_3_std": -0.240396,
        "nauc_mrr_at_3_diff1": 0.546941,
        "nauc_mrr_at_5_max": 0.446207,
        "nauc_mrr_at_5_std": -0.233769,
        "nauc_mrr_at_5_diff1": 0.543945,
        "nauc_mrr_at_10_max": 0.448572,
        "nauc_mrr_at_10_std": -0.224928,
        "nauc_mrr_at_10_diff1": 0.54105,
        "nauc_mrr_at_20_max": 0.450246,
        "nauc_mrr_at_20_std": -0.221736,
        "nauc_mrr_at_20_diff1": 0.542263,
        "nauc_mrr_at_25_max": 0.450309,
        "nauc_mrr_at_25_std": -0.220474,
        "nauc_mrr_at_25_diff1": 0.541858,
        "nauc_mrr_at_50_max": 0.449821,
        "nauc_mrr_at_50_std": -0.22077,
        "nauc_mrr_at_50_diff1": 0.542293,
        "nauc_mrr_at_100_max": 0.449627,
        "nauc_mrr_at_100_std": -0.221216,
        "nauc_mrr_at_100_diff1": 0.542575,
        "nauc_mrr_at_1000_max": 0.449464,
        "nauc_mrr_at_1000_std": -0.221474,
        "nauc_mrr_at_1000_diff1": 0.5427,
        "hit_rate_at_1": 0.53636,
        "hit_rate_at_3": 0.69182,
        "hit_rate_at_5": 0.75818,
        "hit_rate_at_10": 0.82091,
        "hit_rate_at_20": 0.87091,
        "hit_rate_at_25": 0.88545,
        "hit_rate_at_50": 0.92455,
        "hit_rate_at_100": 0.94818,
        "hit_rate_at_1000": 0.98364,
        "R_cap_at_1": 0.536364,
        "R_cap_at_3": 0.455758,
        "R_cap_at_5": 0.533727,
        "R_cap_at_10": 0.630697,
        "R_cap_at_20": 0.711712,
        "R_cap_at_25": 0.738561,
        "R_cap_at_50": 0.807394,
        "R_cap_at_100": 0.869818,