{
  "dataset_revision": "bf110dabd08865a8aff2d40d03696984e76085e0",
  "task_name": "CovidQA",
  "mteb_version": "2.12.39",
  "scores": {
    "test": [
      {
        "ndcg_at_1": 0.60846,
        "ndcg_at_3": 0.71957,
        "ndcg_at_5": 0.74451,
        "ndcg_at_10": 0.76845,
        "ndcg_at_20": 0.77972,
        "ndcg_at_25": 0.78208,
        "ndcg_at_50": 0.78454,
        "ndcg_at_100": 0.78454,
        "ndcg_at_1000": 0.78454,
        "map_at_1": 0.60846,
        "map_at_3": 0.69232,
        "map_at_5": 0.70623,
        "map_at_10": 0.71615,
        "map_at_20": 0.7193,
        "map_at_25": 0.71978,
        "map_at_50": 0.72015,
        "map_at_100": 0.72015,
        "map_at_1000": 0.72015,
        "recall_at_1": 0.60846,
        "recall_at_3": 0.79838,
        "recall_at_5": 0.85869,
        "recall_at_10": 0.93249,
        "recall_at_20": 0.9766,
        "recall_at_25": 0.9874,
        "recall_at_50": 1.0,
        "recall_at_100": 1.0,
        "recall_at_1000": 1.0,
        "accuracy": 0.60846,
        "precision_at_1": 0.60846,
        "precision_at_3": 0.26613,
        "precision_at_5": 0.17174,
        "precision_at_10": 0.09325,
        "precision_at_20": 0.04883,
        "precision_at_25": 0.0395,
        "precision_at_50": 0.02,
        "precision_at_100": 0.01,
        "precision_at_1000": 0.001,
        "mrr_at_1": 0.608461,
        "mrr_at_3": 0.692319,
        "mrr_at_5": 0.706226,
        "mrr_at_10": 0.71615,
        "mrr_at_20": 0.719304,
        "mrr_at_25": 0.719775,
        "mrr_at_50": 0.720152,
        "mrr_at_100": 0.720152,
        "mrr_at_1000": 0.720152,
        "nauc_ndcg_at_1_max": 0.219399,
        "nauc_ndcg_at_1_std": 0.091697,
        "nauc_ndcg_at_1_diff1": 0.643939,
        "nauc_ndcg_at_3_max": 0.220936,
        "nauc_ndcg_at_3_std": 0.116454,
        "nauc_ndcg_at_3_diff1": 0.596805,
        "nauc_ndcg_at_5_max": 0.2181,
        "nauc_ndcg_at_5_std": 0.127043,
        "nauc_ndcg_at_5_diff1": 0.587902,
        "nauc_ndcg_at_10_max": 0.206325,
        "nauc_ndcg_at_10_std": 0.113116,
        "nauc_ndcg_at_10_diff1": 0.588582,
        "nauc_ndcg_at_20_max": 0.213112,
        "nauc_ndcg_at_20_std": 0.116246,
        "nauc_ndcg_at_20_diff1": 0.601469,
        "nauc_ndcg_at_25_max": 0.211632,
        "nauc_ndcg_at_25_std": 0.112608,
        "nauc_ndcg_at_25_diff1": 0.602949,
        "nauc_ndcg_at_50_max": 0.212553,
        "nauc_ndcg_at_50_std": 0.110977,
        "nauc_ndcg_at_50_diff1": 0.605427,
        "nauc_ndcg_at_100_max": 0.212553,
        "nauc_ndcg_at_100_std": 0.110977,
        "nauc_ndcg_at_100_diff1": 0.605427,
        "nauc_ndcg_at_1000_max": 0.212553,
        "nauc_ndcg_at_1000_std": 0.110977,
        "nauc_ndcg_at_1000_diff1": 0.605427,
        "nauc_map_at_1_max": 0.219399,
        "nauc_map_at_1_std": 0.091697,
        "nauc_map_at_1_diff1": 0.643939,
        "nauc_map_at_3_max": 0.219597,
        "nauc_map_at_3_std": 0.110126,
        "nauc_map_at_3_diff1": 0.610291,
        "nauc_map_at_5_max": 0.217734,
        "nauc_map_at_5_std": 0.115082,
        "nauc_map_at_5_diff1": 0.606845,
        "nauc_map_at_10_max": 0.213301,
        "nauc_map_at_10_std": 0.109585,
        "nauc_map_at_10_diff1": 0.60736,
        "nauc_map_at_20_max": 0.214414,
        "nauc_map_at_20_std": 0.109852,
        "nauc_map_at_20_diff1": 0.610471,
        "nauc_map_at_25_max": 0.214197,
        "nauc_map_at_25_std": 0.109302,
        "nauc_map_at_25_diff1": 0.610691,
        "nauc_map_at_50_max": 0.214224,
        "nauc_map_at_50_std": 0.109053,
        "nauc_map_at_50_diff1": 0.61091,
        "nauc_map_at_100_max": 0.214224,
        "nauc_map_at_100_std": 0.109053,
        "nauc_map_at_100_diff1": 0.61091,
        "nauc_map_at_1000_max": 0.214224,
        "nauc_map_at_1000_std": 0.109053,
        "nauc_map_at_1000_diff1": 0.61091,
        "nauc_recall_at_1_max": 0.219399,
        "nauc_recall_at_1_std": 0.091697,
        "nauc_recall_at_1_diff1": 0.643939,
        "nauc_recall_at_3_max": 0.226718,
        "nauc_recall_at_3_std": 0.140917,
        "nauc_recall_at_3_diff1": 0.543753,
        "nauc_recall_at_5_max": 0.220881,
        "nauc_recall_at_5_std": 0.19116,
        "nauc_recall_at_5_diff1": 0.486644,
        "nauc_recall_at_10_max": 0.125335,
        "nauc_recall_at_10_std": 0.136256,
        "nauc_recall_at_10_diff1": 0.39842,
        "nauc_recall_at_20_max": 0.218591,
        "nauc_recall_at_20_std": 0.304842,
        "nauc_recall_at_20_diff1": 0.437457,
        "nauc_recall_at_25_max": 0.122997,
        "nauc_recall_at_25_std": 0.219883,
        "nauc_recall_at_25_diff1": 0.400348,
        "nauc_recall_at_50_max": NaN,
        "nauc_recall_at_50_std": NaN,
        "nauc_recall_at_50_diff1": NaN,
        "nauc_recall_at_100_max": NaN,
        "nauc_recall_at_100_std": NaN,
        "nauc_recall_at_100_diff1": NaN,
        "nauc_recall_at_1000_max": NaN,
        "nauc_recall_at_1000_std": NaN,
        "nauc_recall_at_1000_diff1": NaN,
        "nauc_precision_at_1_max": 0.219399,
        "nauc_precision_at_1_std": 0.091697,
        "nauc_precision_at_1_diff1": 0.643939,
        "nauc_precision_at_3_max": 0.226718,
        "nauc_precision_at_3_std": 0.140917,
        "nauc_precision_at_3_diff1": 0.543753,
        "nauc_precision_at_5_max": 0.220881,
        "nauc_precision_at_5_std": 0.19116,
        "nauc_precision_at_5_diff1": 0.486644,
        "nauc_precision_at_10_max": 0.125335,
        "nauc_precision_at_10_std": 0.136256,
        "nauc_precision_at_10_diff1": 0.39842,
        "nauc_precision_at_20_max": 0.218591,
        "nauc_precision_at_20_std": 0.304842,
        "nauc_precision_at_20_diff1": 0.437457,
        "nauc_precision_at_25_max": 0.122997,
        "nauc_precision_at_25_std": 0.219883,
        "nauc_precision_at_25_diff1": 0.400348,
        "nauc_precision_at_50_max": 1.0,
        "nauc_precision_at_50_std": 1.0,
        "nauc_precision_at_50_diff1": 1.0,
        "nauc_precision_at_100_max": 1.0,
        "nauc_precision_at_100_std": 1.0,
        "nauc_precision_at_100_diff1": 1.0,
        "nauc_precision_at_1000_max": 1.0,
        "nauc_precision_at_1000_std": 1.0,
        "nauc_precision_at_1000_diff1": 1.0,
        "nauc_mrr_at_1_max": 0.219399,
        "nauc_mrr_at_1_std": 0.091697,
        "nauc_mrr_at_1_diff1": 0.643939,
        "nauc_mrr_at_3_max": 0.219597,
        "nauc_mrr_at_3_std": 0.110126,
        "nauc_mrr_at_3_diff1": 0.610291,
        "nauc_mrr_at_5_max": 0.217734,
        "nauc_mrr_at_5_std": 0.115082,
        "nauc_mrr_at_5_diff1": 0.606845,
        "nauc_mrr_at_10_max": 0.213301,
        "nauc_mrr_at_10_std": 0.109585,
        "nauc_mrr_at_10_diff1": 0.60736,
        "nauc_mrr_at_20_max": 0.214414,
        "nauc_mrr_at_20_std": 0.109852,
        "nauc_mrr_at_20_diff1": 0.610471,
        "nauc_mrr_at_25_max": 0.214197,
        "nauc_mrr_at_25_std": 0.109302,
        "nauc_mrr_at_25_diff1": 0.610691,
        "nauc_mrr_at_50_max": 0.214224,
        "nauc_mrr_at_50_std": 0.109053,
        "nauc_mrr_at_50_diff1": 0.61091,
        "nauc_mrr_at_100_max": 0.214224,
        "nauc_mrr_at_100_std": 0.109053,
        "nauc_mrr_at_100_diff1": 0.61091,
        "nauc_mrr_at_1000_max": 0.214224,
        "nauc_mrr_at_1000_std": 0.109053,
        "nauc_mrr_at_1000_diff1": 0.61091,
        "hit_rate_at_1": 0.60846,
        "hit_rate_at_3": 0.79838,
        "hit_rate_at_5": 0.85869,
        "hit_rate_at_10": 0.93249,
        "hit_rate_at_20": 0.9766,
        "hit_rate_at_25": 0.9874,
        "hit_rate_at_50": 1.0,
        "hit_rate_at_100": 1.0,
        "hit_rate_at_1000": 1.0,
        "R_cap_at_1": 0.608461,
        "R_cap_at_3": 0.79838,
        "R_cap_at_5": 0.858686,
        "R_cap_at_10": 0.932493,
        "R_cap_at_20": 0.976598,
        "R_cap_at_25": 0.987399,
        "R_cap_at_50": 1.0,
        "R_cap_at_100": 1.0,
        "R_cap_at_1000": 1.0,
        "main_score": 0.76845,
        "hf_subset": "Covid-QA",
        "languages": [
          "eng-Latn"
        ],