{
  "dataset_revision": "6757300d912abd580dda453bced37cb7f5b44c78",
  "task_name": "ESGReports",
  "mteb_version": "2.12.39",
  "scores": {
    "test": [
      {
        "ndcg_at_1": 0.22222,
        "ndcg_at_3": 0.33537,
        "ndcg_at_5": 0.34201,
        "ndcg_at_10": 0.4039,
        "ndcg_at_20": 0.44521,
        "ndcg_at_25": 0.45689,
        "ndcg_at_50": 0.49203,
        "ndcg_at_100": 0.51447,
        "ndcg_at_1000": 0.51447,
        "map_at_1": 0.16389,
        "map_at_3": 0.27917,
        "map_at_5": 0.29394,
        "map_at_10": 0.32159,
        "map_at_20": 0.33692,
        "map_at_25": 0.34032,
        "map_at_50": 0.34933,
        "map_at_100": 0.35271,
        "map_at_1000": 0.35271,
        "recall_at_1": 0.16389,
        "recall_at_3": 0.38333,
        "recall_at_5": 0.41759,
        "recall_at_10": 0.57917,
        "recall_at_20": 0.71296,
        "recall_at_25": 0.75231,
        "recall_at_50": 0.88889,
        "recall_at_100": 1.0,
        "recall_at_1000": 1.0,
        "accuracy": 0.16389,
        "precision_at_1": 0.22222,
        "precision_at_3": 0.18519,
        "precision_at_5": 0.13333,
        "precision_at_10": 0.09722,
        "precision_at_20": 0.06389,
        "precision_at_25": 0.05556,
        "precision_at_50": 0.035,
        "precision_at_100": 0.02,
        "precision_at_1000": 0.002,
        "mrr_at_1": 0.222222,
        "mrr_at_3": 0.342593,
        "mrr_at_5": 0.349537,
        "mrr_at_10": 0.381195,
        "mrr_at_20": 0.388727,
        "mrr_at_25": 0.389885,
        "mrr_at_50": 0.392099,
        "mrr_at_100": 0.392992,
        "mrr_at_1000": 0.392992,
        "nauc_ndcg_at_1_max": 0.000873,
        "nauc_ndcg_at_1_std": -0.152515,
        "nauc_ndcg_at_1_diff1": 0.286667,
        "nauc_ndcg_at_3_max": 0.028954,
        "nauc_ndcg_at_3_std": -0.094365,
        "nauc_ndcg_at_3_diff1": 0.252858,
        "nauc_ndcg_at_5_max": 0.02106,
        "nauc_ndcg_at_5_std": -0.088014,
        "nauc_ndcg_at_5_diff1": 0.234158,
        "nauc_ndcg_at_10_max": 0.077268,
        "nauc_ndcg_at_10_std": -0.049305,
        "nauc_ndcg_at_10_diff1": 0.245376,
        "nauc_ndcg_at_20_max": 0.060181,
        "nauc_ndcg_at_20_std": -0.085327,
        "nauc_ndcg_at_20_diff1": 0.259146,
        "nauc_ndcg_at_25_max": 0.07965,
        "nauc_ndcg_at_25_std": -0.056316,
        "nauc_ndcg_at_25_diff1": 0.234769,
        "nauc_ndcg_at_50_max": 0.076877,
        "nauc_ndcg_at_50_std": -0.04467,
        "nauc_ndcg_at_50_diff1": 0.206663,
        "nauc_ndcg_at_100_max": 0.04755,
        "nauc_ndcg_at_100_std": -0.081945,
        "nauc_ndcg_at_100_diff1": 0.205,
        "nauc_ndcg_at_1000_max": 0.04755,
        "nauc_ndcg_at_1000_std": -0.081945,
        "nauc_ndcg_at_1000_diff1": 0.205,
        "nauc_map_at_1_max": -0.041487,
        "nauc_map_at_1_std": -0.259107,
        "nauc_map_at_1_diff1": 0.198083,
        "nauc_map_at_3_max": -0.002065,
        "nauc_map_at_3_std": -0.126885,
        "nauc_map_at_3_diff1": 0.226211,
        "nauc_map_at_5_max": 0.028715,
        "nauc_map_at_5_std": -0.096272,
        "nauc_map_at_5_diff1": 0.246633,
        "nauc_map_at_10_max": 0.038453,
        "nauc_map_at_10_std": -0.082733,
        "nauc_map_at_10_diff1": 0.252163,
        "nauc_map_at_20_max": 0.031479,
        "nauc_map_at_20_std": -0.092992,
        "nauc_map_at_20_diff1": 0.256426,
        "nauc_map_at_25_max": 0.039286,
        "nauc_map_at_25_std": -0.082794,
        "nauc_map_at_25_diff1": 0.250142,
        "nauc_map_at_50_max": 0.040892,
        "nauc_map_at_50_std": -0.081568,
        "nauc_map_at_50_diff1": 0.240679,
        "nauc_map_at_100_max": 0.036281,
        "nauc_map_at_100_std": -0.087305,
        "nauc_map_at_100_diff1": 0.239244,
        "nauc_map_at_1000_max": 0.036281,
        "nauc_map_at_1000_std": -0.087305,
        "nauc_map_at_1000_diff1": 0.239244,
        "nauc_recall_at_1_max": -0.041487,
        "nauc_recall_at_1_std": -0.259107,
        "nauc_recall_at_1_diff1": 0.198083,
        "nauc_recall_at_3_max": -0.027688,
        "nauc_recall_at_3_std": -0.098878,
        "nauc_recall_at_3_diff1": 0.174584,
        "nauc_recall_at_5_max": -0.000491,
        "nauc_recall_at_5_std": -0.04588,
        "nauc_recall_at_5_diff1": 0.189173,
        "nauc_recall_at_10_max": 0.151846,
        "nauc_recall_at_10_std": 0.025935,
        "nauc_recall_at_10_diff1": 0.250887,
        "nauc_recall_at_20_max": 0.13079,
        "nauc_recall_at_20_std": -0.099023,
        "nauc_recall_at_20_diff1": 0.354902,
        "nauc_recall_at_25_max": 0.224877,
        "nauc_recall_at_25_std": 0.028245,
        "nauc_recall_at_25_diff1": 0.258483,
        "nauc_recall_at_50_max": 0.352055,
        "nauc_recall_at_50_std": 0.321362,
        "nauc_recall_at_50_diff1": 0.128748,
        "nauc_recall_at_100_max": NaN,
        "nauc_recall_at_100_std": NaN,
        "nauc_recall_at_100_diff1": NaN,
        "nauc_recall_at_1000_max": NaN,
        "nauc_recall_at_1000_std": NaN,
        "nauc_recall_at_1000_diff1": NaN,
        "nauc_precision_at_1_max": 0.000873,
        "nauc_precision_at_1_std": -0.152515,
        "nauc_precision_at_1_diff1": 0.286667,
        "nauc_precision_at_3_max": 0.171586,
        "nauc_precision_at_3_std": 0.0687,
        "nauc_precision_at_3_diff1": 0.357392,
        "nauc_precision_at_5_max": 0.200291,
        "nauc_precision_at_5_std": 0.130188,
        "nauc_precision_at_5_diff1": 0.338649,
        "nauc_precision_at_10_max": 0.267897,
        "nauc_precision_at_10_std": 0.21209,
        "nauc_precision_at_10_diff1": 0.213572,
        "nauc_precision_at_20_max": 0.1905,
        "nauc_precision_at_20_std": 0.133804,
        "nauc_precision_at_20_diff1": 0.153006,
        "nauc_precision_at_25_max": 0.217149,
        "nauc_precision_at_25_std": 0.202706,
        "nauc_precision_at_25_diff1": 0.050203,
        "nauc_precision_at_50_max": 0.152382,
        "nauc_precision_at_50_std": 0.151816,
        "nauc_precision_at_50_diff1": -0.095214,
        "nauc_precision_at_100_max": 0.038836,
        "nauc_precision_at_100_std": 0.037328,
        "nauc_precision_at_100_diff1": -0.156501,
        "nauc_precision_at_1000_max": 0.038836,
        "nauc_precision_at_1000_std": 0.037328,
        "nauc_precision_at_1000_diff1": -0.156501,
        "nauc_mrr_at_1_max": 0.000873,
        "nauc_mrr_at_1_std": -0.152515,
        "nauc_mrr_at_1_diff1": 0.286667,
        "nauc_mrr_at_3_max": 0.006284,
        "nauc_mrr_at_3_std": -0.161905,
        "nauc_mrr_at_3_diff1": 0.247784,
        "nauc_mrr_at_5_max": -0.001337,
        "nauc_mrr_at_5_std": -0.137526,
        "nauc_mrr_at_5_diff1": 0.236713,
        "nauc_mrr_at_10_max": 0.052437,
        "nauc_mrr_at_10_std": -0.098222,
        "nauc_mrr_at_10_diff1": 0.230523,
        "nauc_mrr_at_20_max": 0.040463,
        "nauc_mrr_at_20_std": -0.114072,
        "nauc_mrr_at_20_diff1": 0.231857,
        "nauc_mrr_at_25_max": 0.037865,
        "nauc_mrr_at_25_std": -0.114917,
        "nauc_mrr_at_25_diff1": 0.228834,
        "nauc_mrr_at_50_max": 0.03601,
        "nauc_mrr_at_50_std": -0.113048,
        "nauc_mrr_at_50_diff1": 0.230906,
        "nauc_mrr_at_100_max": 0.035463,
        "nauc_mrr_at_100_std": -0.113595,
        "nauc_mrr_at_100_diff1": 0.231735,
        "nauc_mrr_at_1000_max": 0.035463,
        "nauc_mrr_at_1000_std": -0.113595,
        "nauc_mrr_at_1000_diff1": 0.231735,
        "hit_rate_at_1": 0.22222,
        "hit_rate_at_3": 0.47222,
        "hit_rate_at_5": 0.5,
        "hit_rate_at_10": 0.72222,
        "hit_rate_at_20": 0.83333,
        "hit_rate_at_25": 0.86111,
        "hit_rate_at_50": 0.94444,
        "hit_rate_at_100": 1.0,
        "hit_rate_at_1000": 1.0,
        "R_cap_at_1": 0.222222,
        "R_cap_at_3": 0.402778,
        "R_cap_at_5": 0.418519,
        "R_cap_at_10": 0.579167,
        "R_cap_at_20": 0.712963,
        "R_cap_at_25": 0.752315,
        "R_cap_at_50": 0.888889,
        "R_cap_at_100": 1.0,
        "R_cap_at_1000": 1.0,
        "main_score": 0.4039,