{
  "dataset_revision": "ebc723b2474ef92d098a47e8f131aa7d3542b7b0",
  "task_name": "LMEBMLDR",
  "mteb_version": "2.12.39",
  "scores": {
    "test": [
      {
        "ndcg_at_1": 0.6,
        "ndcg_at_3": 0.7144,
        "ndcg_at_5": 0.7355,
        "ndcg_at_10": 0.76889,
        "ndcg_at_20": 0.77941,
        "ndcg_at_25": 0.78165,
        "ndcg_at_50": 0.78165,
        "ndcg_at_100": 0.78165,
        "ndcg_at_1000": 0.78165,
        "map_at_1": 0.6,
        "map_at_3": 0.685,
        "map_at_5": 0.697,
        "map_at_10": 0.71138,
        "map_at_20": 0.71449,
        "map_at_25": 0.71497,
        "map_at_50": 0.71497,
        "map_at_100": 0.71497,
        "map_at_1000": 0.71497,
        "recall_at_1": 0.6,
        "recall_at_3": 0.8,
        "recall_at_5": 0.85,
        "recall_at_10": 0.95,
        "recall_at_20": 0.99,
        "recall_at_25": 1.0,
        "recall_at_50": 1.0,
        "recall_at_100": 1.0,
        "recall_at_1000": 1.0,
        "accuracy": 0.6,
        "precision_at_1": 0.6,
        "precision_at_3": 0.26667,
        "precision_at_5": 0.17,
        "precision_at_10": 0.095,
        "precision_at_20": 0.0495,
        "precision_at_25": 0.04,
        "precision_at_50": 0.02,
        "precision_at_100": 0.01,
        "precision_at_1000": 0.001,
        "mrr_at_1": 0.6,
        "mrr_at_3": 0.685,
        "mrr_at_5": 0.697,
        "mrr_at_10": 0.711385,
        "mrr_at_20": 0.714495,
        "mrr_at_25": 0.714971,
        "mrr_at_50": 0.714971,
        "mrr_at_100": 0.714971,
        "mrr_at_1000": 0.714971,
        "nauc_ndcg_at_1_max": 0.195399,
        "nauc_ndcg_at_1_std": 0.182458,
        "nauc_ndcg_at_1_diff1": 0.245236,
        "nauc_ndcg_at_3_max": 0.152689,
        "nauc_ndcg_at_3_std": 0.154426,
        "nauc_ndcg_at_3_diff1": 0.169297,
        "nauc_ndcg_at_5_max": 0.169527,
        "nauc_ndcg_at_5_std": 0.172981,
        "nauc_ndcg_at_5_diff1": 0.288476,
        "nauc_ndcg_at_10_max": 0.168292,
        "nauc_ndcg_at_10_std": 0.145859,
        "nauc_ndcg_at_10_diff1": 0.263887,
        "nauc_ndcg_at_20_max": 0.148417,
        "nauc_ndcg_at_20_std": 0.148246,
        "nauc_ndcg_at_20_diff1": 0.233258,
        "nauc_ndcg_at_25_max": 0.171897,
        "nauc_ndcg_at_25_std": 0.16441,
        "nauc_ndcg_at_25_diff1": 0.243165,
        "nauc_ndcg_at_50_max": 0.171897,
        "nauc_ndcg_at_50_std": 0.16441,
        "nauc_ndcg_at_50_diff1": 0.243165,
        "nauc_ndcg_at_100_max": 0.171897,
        "nauc_ndcg_at_100_std": 0.16441,
        "nauc_ndcg_at_100_diff1": 0.243165,
        "nauc_ndcg_at_1000_max": 0.171897,
        "nauc_ndcg_at_1000_std": 0.16441,
        "nauc_ndcg_at_1000_diff1": 0.243165,
        "nauc_map_at_1_max": 0.195399,
        "nauc_map_at_1_std": 0.182458,
        "nauc_map_at_1_diff1": 0.245236,
        "nauc_map_at_3_max": 0.166222,
        "nauc_map_at_3_std": 0.166228,
        "nauc_map_at_3_diff1": 0.196479,
        "nauc_map_at_5_max": 0.17573,
        "nauc_map_at_5_std": 0.176035,
        "nauc_map_at_5_diff1": 0.257523,
        "nauc_map_at_10_max": 0.175583,
        "nauc_map_at_10_std": 0.165852,
        "nauc_map_at_10_diff1": 0.246636,
        "nauc_map_at_20_max": 0.171399,
        "nauc_map_at_20_std": 0.166289,
        "nauc_map_at_20_diff1": 0.239647,
        "nauc_map_at_25_max": 0.175285,
        "nauc_map_at_25_std": 0.168968,
        "nauc_map_at_25_diff1": 0.24128,
        "nauc_map_at_50_max": 0.175285,
        "nauc_map_at_50_std": 0.168968,
        "nauc_map_at_50_diff1": 0.24128,
        "nauc_map_at_100_max": 0.175285,
        "nauc_map_at_100_std": 0.168968,
        "nauc_map_at_100_diff1": 0.24128,
        "nauc_map_at_1000_max": 0.175285,
        "nauc_map_at_1000_std": 0.168968,
        "nauc_map_at_1000_diff1": 0.24128,
        "nauc_recall_at_1_max": 0.195399,
        "nauc_recall_at_1_std": 0.182458,
        "nauc_recall_at_1_diff1": 0.245236,
        "nauc_recall_at_3_max": 0.097378,
        "nauc_recall_at_3_std": 0.104645,
        "nauc_recall_at_3_diff1": 0.056543,
        "nauc_recall_at_5_max": 0.140124,
        "nauc_recall_at_5_std": 0.159063,
        "nauc_recall_at_5_diff1": 0.46824,
        "nauc_recall_at_10_max": 0.072082,
        "nauc_recall_at_10_std": -0.15929,
        "nauc_recall_at_10_diff1": 0.532773,
        "nauc_recall_at_20_max": -1.739963,
        "nauc_recall_at_20_std": -1.151727,
        "nauc_recall_at_20_diff1": -0.563492,
        "nauc_recall_at_25_max": NaN,
        "nauc_recall_at_25_std": NaN,
        "nauc_recall_at_25_diff1": NaN,
        "nauc_recall_at_50_max": NaN,
        "nauc_recall_at_50_std": NaN,
        "nauc_recall_at_50_diff1": NaN,
        "nauc_recall_at_100_max": NaN,
        "nauc_recall_at_100_std": NaN,
        "nauc_recall_at_100_diff1": NaN,
        "nauc_recall_at_1000_max": NaN,
        "nauc_recall_at_1000_std": NaN,
        "nauc_recall_at_1000_diff1": NaN,
        "nauc_precision_at_1_max": 0.195399,
        "nauc_precision_at_1_std": 0.182458,
        "nauc_precision_at_1_diff1": 0.245236,
        "nauc_precision_at_3_max": 0.097378,
        "nauc_precision_at_3_std": 0.104645,
        "nauc_precision_at_3_diff1": 0.056543,
        "nauc_precision_at_5_max": 0.140124,
        "nauc_precision_at_5_std": 0.159063,
        "nauc_precision_at_5_diff1": 0.46824,
        "nauc_precision_at_10_max": 0.072082,
        "nauc_precision_at_10_std": -0.15929,
        "nauc_precision_at_10_diff1": 0.532773,
        "nauc_precision_at_20_max": -1.739963,
        "nauc_precision_at_20_std": -1.151727,
        "nauc_precision_at_20_diff1": -0.563492,
        "nauc_precision_at_25_max": NaN,
        "nauc_precision_at_25_std": NaN,
        "nauc_precision_at_25_diff1": NaN,
        "nauc_precision_at_50_max": NaN,
        "nauc_precision_at_50_std": NaN,
        "nauc_precision_at_50_diff1": NaN,
        "nauc_precision_at_100_max": NaN,
        "nauc_precision_at_100_std": NaN,
        "nauc_precision_at_100_diff1": NaN,
        "nauc_precision_at_1000_max": NaN,
        "nauc_precision_at_1000_std": NaN,
        "nauc_precision_at_1000_diff1": NaN,
        "nauc_mrr_at_1_max": 0.195399,
        "nauc_mrr_at_1_std": 0.182458,
        "nauc_mrr_at_1_diff1": 0.245236,
        "nauc_mrr_at_3_max": 0.166222,
        "nauc_mrr_at_3_std": 0.166228,
        "nauc_mrr_at_3_diff1": 0.196479,
        "nauc_mrr_at_5_max": 0.17573,
        "nauc_mrr_at_5_std": 0.176035,
        "nauc_mrr_at_5_diff1": 0.257523,
        "nauc_mrr_at_10_max": 0.175583,
        "nauc_mrr_at_10_std": 0.165852,
        "nauc_mrr_at_10_diff1": 0.246636,
        "nauc_mrr_at_20_max": 0.171399,
        "nauc_mrr_at_20_std": 0.166289,
        "nauc_mrr_at_20_diff1": 0.239647,
        "nauc_mrr_at_25_max": 0.175285,
        "nauc_mrr_at_25_std": 0.168968,
        "nauc_mrr_at_25_diff1": 0.24128,
        "nauc_mrr_at_50_max": 0.175285,
        "nauc_mrr_at_50_std": 0.168968,
        "nauc_mrr_at_50_diff1": 0.24128,
        "nauc_mrr_at_100_max": 0.175285,
        "nauc_mrr_at_100_std": 0.168968,
        "nauc_mrr_at_100_diff1": 0.24128,
        "nauc_mrr_at_1000_max": 0.175285,
        "nauc_mrr_at_1000_std": 0.168968,
        "nauc_mrr_at_1000_diff1": 0.24128,
        "hit_rate_at_1": 0.6,
        "hit_rate_at_3": 0.8,
        "hit_rate_at_5": 0.85,
        "hit_rate_at_10": 0.95,
        "hit_rate_at_20": 0.99,
        "hit_rate_at_25": 1.0,
        "hit_rate_at_50": 1.0,
        "hit_rate_at_100": 1.0,
        "hit_rate_at_1000": 1.0,
        "R_cap_at_1": 0.6,
        "R_cap_at_3": 0.8,
        "R_cap_at_5": 0.85,
        "R_cap_at_10": 0.95,
        "R_cap_at_20": 0.99,
        "R_cap_at_25": 1.0,
        "R_cap_at_50": 1.0,
        "R_cap_at_100": 1.0,
        "R_cap_at_1000": 1.0,
        "main_score": 0.76889,
        "hf_subset": "MLDR",
        "languages": [
          "eng-Latn"
        ],
        "mteb_version": "2.12.39"
      }
    ]
  },
  "evaluation_time": 23.171195030212402,
  "kg_co2_emissions": null,
  "date": 1781438668.717544
}