{
  "dataset_revision": "432cf48c879c2de792720d5c0af6900312ebe7b6",
  "task_name": "LMEB_SciFact",
  "mteb_version": "2.12.39",
  "scores": {
    "test": [
      {
        "ndcg_at_1": 0.65426,
        "ndcg_at_3": 0.70194,
        "ndcg_at_5": 0.75251,
        "ndcg_at_10": 0.79986,
        "ndcg_at_20": 0.81345,
        "ndcg_at_25": 0.81399,
        "ndcg_at_50": 0.81491,
        "ndcg_at_100": 0.81491,
        "ndcg_at_1000": 0.81491,
        "map_at_1": 0.46383,
        "map_at_3": 0.62164,
        "map_at_5": 0.67652,
        "map_at_10": 0.71352,
        "map_at_20": 0.7224,
        "map_at_25": 0.72279,
        "map_at_50": 0.72332,
        "map_at_100": 0.72332,
        "map_at_1000": 0.72332,
        "recall_at_1": 0.46383,
        "recall_at_3": 0.71996,
        "recall_at_5": 0.83965,
        "recall_at_10": 0.95938,
        "recall_at_20": 0.99649,
        "recall_at_25": 0.99769,
        "recall_at_50": 1.0,
        "recall_at_100": 1.0,
        "recall_at_1000": 1.0,
        "accuracy": 0.46383,
        "precision_at_1": 0.65426,
        "precision_at_3": 0.39184,
        "precision_at_5": 0.29894,
        "precision_at_10": 0.17819,
        "precision_at_20": 0.09574,
        "precision_at_25": 0.07702,
        "precision_at_50": 0.03894,
        "precision_at_100": 0.01947,
        "precision_at_1000": 0.00195,
        "mrr_at_1": 0.654255,
        "mrr_at_3": 0.761525,
        "mrr_at_5": 0.774823,
        "mrr_at_10": 0.781852,
        "mrr_at_20": 0.782147,
        "mrr_at_25": 0.782147,
        "mrr_at_50": 0.782147,
        "mrr_at_100": 0.782147,
        "mrr_at_1000": 0.782147,
        "nauc_ndcg_at_1_max": 0.193545,
        "nauc_ndcg_at_1_std": -0.165507,
        "nauc_ndcg_at_1_diff1": 0.585062,
        "nauc_ndcg_at_3_max": 0.167127,
        "nauc_ndcg_at_3_std": -0.160609,
        "nauc_ndcg_at_3_diff1": 0.501628,
        "nauc_ndcg_at_5_max": 0.182733,
        "nauc_ndcg_at_5_std": -0.210556,
        "nauc_ndcg_at_5_diff1": 0.532325,
        "nauc_ndcg_at_10_max": 0.191284,
        "nauc_ndcg_at_10_std": -0.248633,
        "nauc_ndcg_at_10_diff1": 0.547522,
        "nauc_ndcg_at_20_max": 0.193547,
        "nauc_ndcg_at_20_std": -0.180654,
        "nauc_ndcg_at_20_diff1": 0.546686,
        "nauc_ndcg_at_25_max": 0.191885,
        "nauc_ndcg_at_25_std": -0.174658,
        "nauc_ndcg_at_25_diff1": 0.545699,
        "nauc_ndcg_at_50_max": 0.192371,
        "nauc_ndcg_at_50_std": -0.164328,
        "nauc_ndcg_at_50_diff1": 0.542386,
        "nauc_ndcg_at_100_max": 0.192371,
        "nauc_ndcg_at_100_std": -0.164328,
        "nauc_ndcg_at_100_diff1": 0.542386,
        "nauc_ndcg_at_1000_max": 0.192371,
        "nauc_ndcg_at_1000_std": -0.164328,
        "nauc_ndcg_at_1000_diff1": 0.542386,
        "nauc_map_at_1_max": 0.087237,
        "nauc_map_at_1_std": -0.243521,
        "nauc_map_at_1_diff1": 0.582538,
        "nauc_map_at_3_max": 0.146331,
        "nauc_map_at_3_std": -0.224129,
        "nauc_map_at_3_diff1": 0.512506,
        "nauc_map_at_5_max": 0.156585,
        "nauc_map_at_5_std": -0.235782,
        "nauc_map_at_5_diff1": 0.527481,
        "nauc_map_at_10_max": 0.166242,
        "nauc_map_at_10_std": -0.240064,
        "nauc_map_at_10_diff1": 0.532826,
        "nauc_map_at_20_max": 0.167454,
        "nauc_map_at_20_std": -0.204589,
        "nauc_map_at_20_diff1": 0.53233,
        "nauc_map_at_25_max": 0.166508,
        "nauc_map_at_25_std": -0.201638,
        "nauc_map_at_25_diff1": 0.531734,
        "nauc_map_at_50_max": 0.166355,
        "nauc_map_at_50_std": -0.197501,
        "nauc_map_at_50_diff1": 0.530385,
        "nauc_map_at_100_max": 0.166355,
        "nauc_map_at_100_std": -0.197501,
        "nauc_map_at_100_diff1": 0.530385,
        "nauc_map_at_1000_max": 0.166355,
        "nauc_map_at_1000_std": -0.197501,
        "nauc_map_at_1000_diff1": 0.530385,
        "nauc_recall_at_1_max": 0.087237,
        "nauc_recall_at_1_std": -0.243521,
        "nauc_recall_at_1_diff1": 0.582538,
        "nauc_recall_at_3_max": 0.14254,
        "nauc_recall_at_3_std": -0.229393,
        "nauc_recall_at_3_diff1": 0.417092,
        "nauc_recall_at_5_max": 0.154163,
        "nauc_recall_at_5_std": -0.334988,
        "nauc_recall_at_5_diff1": 0.468886,
        "nauc_recall_at_10_max": 0.176061,
        "nauc_recall_at_10_std": -0.905135,
        "nauc_recall_at_10_diff1": 0.470957,
        "nauc_recall_at_20_max": 0.156377,
        "nauc_recall_at_20_std": -1.730855,
        "nauc_recall_at_20_diff1": 0.722545,
        "nauc_recall_at_25_max": -0.046728,
        "nauc_recall_at_25_std": -1.730855,
        "nauc_recall_at_25_diff1": 0.789058,
        "nauc_recall_at_50_max": NaN,
        "nauc_recall_at_50_std": NaN,
        "nauc_recall_at_50_diff1": NaN,
        "nauc_recall_at_100_max": NaN,
        "nauc_recall_at_100_std": NaN,
        "nauc_recall_at_100_diff1": NaN,
        "nauc_recall_at_1000_max": NaN,
        "nauc_recall_at_1000_std": NaN,
        "nauc_recall_at_1000_diff1": NaN,
        "nauc_precision_at_1_max": 0.193545,
        "nauc_precision_at_1_std": -0.165507,
        "nauc_precision_at_1_diff1": 0.585062,
        "nauc_precision_at_3_max": 0.166952,
        "nauc_precision_at_3_std": 0.158747,
        "nauc_precision_at_3_diff1": -0.052144,
        "nauc_precision_at_5_max": 0.108233,
        "nauc_precision_at_5_std": 0.213465,
        "nauc_precision_at_5_diff1": -0.17352,
        "nauc_precision_at_10_max": 0.066105,
        "nauc_precision_at_10_std": 0.254134,
        "nauc_precision_at_10_diff1": -0.25972,
        "nauc_precision_at_20_max": 0.044041,
        "nauc_precision_at_20_std": 0.372241,
        "nauc_precision_at_20_diff1": -0.28602,
        "nauc_precision_at_25_max": 0.036664,
        "nauc_precision_at_25_std": 0.383858,
        "nauc_precision_at_25_diff1": -0.287988,
        "nauc_precision_at_50_max": 0.033469,
        "nauc_precision_at_50_std": 0.405848,
        "nauc_precision_at_50_diff1": -0.295022,
        "nauc_precision_at_100_max": 0.033469,
        "nauc_precision_at_100_std": 0.405848,
        "nauc_precision_at_100_diff1": -0.295022,
        "nauc_precision_at_1000_max": 0.033469,
        "nauc_precision_at_1000_std": 0.405848,
        "nauc_precision_at_1000_diff1": -0.295022,
        "nauc_mrr_at_1_max": 0.193545,
        "nauc_mrr_at_1_std": -0.165507,
        "nauc_mrr_at_1_diff1": 0.585062,
        "nauc_mrr_at_3_max": 0.229769,
        "nauc_mrr_at_3_std": -0.16635,
        "nauc_mrr_at_3_diff1": 0.571434,
        "nauc_mrr_at_5_max": 0.221189,
        "nauc_mrr_at_5_std": -0.172644,
        "nauc_mrr_at_5_diff1": 0.58772,
        "nauc_mrr_at_10_max": 0.221922,
        "nauc_mrr_at_10_std": -0.169917,
        "nauc_mrr_at_10_diff1": 0.584988,
        "nauc_mrr_at_20_max": 0.220683,
        "nauc_mrr_at_20_std": -0.171571,
        "nauc_mrr_at_20_diff1": 0.584535,
        "nauc_mrr_at_25_max": 0.220683,
        "nauc_mrr_at_25_std": -0.171571,
        "nauc_mrr_at_25_diff1": 0.584535,
        "nauc_mrr_at_50_max": 0.220683,
        "nauc_mrr_at_50_std": -0.171571,
        "nauc_mrr_at_50_diff1": 0.584535,
        "nauc_mrr_at_100_max": 0.220683,
        "nauc_mrr_at_100_std": -0.171571,
        "nauc_mrr_at_100_diff1": 0.584535,
        "nauc_mrr_at_1000_max": 0.220683,
        "nauc_mrr_at_1000_std": -0.171571,
        "nauc_mrr_at_1000_diff1": 0.584535,
        "hit_rate_at_1": 0.65426,
        "hit_rate_at_3": 0.8883,
        "hit_rate_at_5": 0.94681,
        "hit_rate_at_10": 0.99468,
        "hit_rate_at_20": 1.0,
        "hit_rate_at_25": 1.0,
        "hit_rate_at_50": 1.0,
        "hit_rate_at_100": 1.0,
        "hit_rate_at_1000": 1.0,
        "R_cap_at_1": 0.654255,
        "R_cap_at_3": 0.746454,
        "R_cap_at_5": 0.845479,
        "R_cap_at_10": 0.959821,
        "R_cap_at_20": 0.996486,
        "R_cap_at_25": 0.997689,
        "R_cap_at_50": 1.0,
        "R_cap_at_100": 1.0,
        "R_cap_at_1000": 1.0,
        "main_score": 0.79986,