{
  "dataset_revision": "df52bb043564336892a1eb9127559130fcb0e62c",
  "task_name": "LooGLE",
  "mteb_version": "2.12.39",
  "scores": {
    "test": [
      {
        "ndcg_at_1": 0.38783,
        "ndcg_at_3": 0.35157,
        "ndcg_at_5": 0.37899,
        "ndcg_at_10": 0.43069,
        "ndcg_at_20": 0.47693,
        "ndcg_at_25": 0.49003,
        "ndcg_at_50": 0.52508,
        "ndcg_at_100": 0.55337,
        "ndcg_at_1000": 0.56253,
        "map_at_1": 0.15989,
        "map_at_3": 0.2637,
        "map_at_5": 0.29869,
        "map_at_10": 0.32835,
        "map_at_20": 0.34819,
        "map_at_25": 0.35253,
        "map_at_50": 0.36163,
        "map_at_100": 0.36641,
        "map_at_1000": 0.36744,
        "recall_at_1": 0.15989,
        "recall_at_3": 0.32094,
        "recall_at_5": 0.4042,
        "recall_at_10": 0.52251,
        "recall_at_20": 0.65314,
        "recall_at_25": 0.69574,
        "recall_at_50": 0.82274,
        "recall_at_100": 0.94659,
        "recall_at_1000": 0.99286,
        "accuracy": 0.15989,
        "precision_at_1": 0.38783,
        "precision_at_3": 0.27369,
        "precision_at_5": 0.21308,
        "precision_at_10": 0.14269,
        "precision_at_20": 0.09169,
        "precision_at_25": 0.07873,
        "precision_at_50": 0.04774,
        "precision_at_100": 0.02769,
        "precision_at_1000": 0.00291,
        "mrr_at_1": 0.387829,
        "mrr_at_3": 0.480321,
        "mrr_at_5": 0.496988,
        "mrr_at_10": 0.513471,
        "mrr_at_20": 0.519557,
        "mrr_at_25": 0.520712,
        "mrr_at_50": 0.522195,
        "mrr_at_100": 0.52268,
        "mrr_at_1000": 0.522738,
        "nauc_ndcg_at_1_max": 0.083819,
        "nauc_ndcg_at_1_std": -0.219373,
        "nauc_ndcg_at_1_diff1": 0.316811,
        "nauc_ndcg_at_3_max": 0.084198,
        "nauc_ndcg_at_3_std": -0.218192,
        "nauc_ndcg_at_3_diff1": 0.263232,
        "nauc_ndcg_at_5_max": 0.077695,
        "nauc_ndcg_at_5_std": -0.208478,
        "nauc_ndcg_at_5_diff1": 0.286403,
        "nauc_ndcg_at_10_max": 0.102465,
        "nauc_ndcg_at_10_std": -0.20994,
        "nauc_ndcg_at_10_diff1": 0.2784,
        "nauc_ndcg_at_20_max": 0.098233,
        "nauc_ndcg_at_20_std": -0.21322,
        "nauc_ndcg_at_20_diff1": 0.282024,
        "nauc_ndcg_at_25_max": 0.097943,
        "nauc_ndcg_at_25_std": -0.21441,
        "nauc_ndcg_at_25_diff1": 0.276379,
        "nauc_ndcg_at_50_max": 0.11623,
        "nauc_ndcg_at_50_std": -0.219661,
        "nauc_ndcg_at_50_diff1": 0.283559,
        "nauc_ndcg_at_100_max": 0.106613,
        "nauc_ndcg_at_100_std": -0.223368,
        "nauc_ndcg_at_100_diff1": 0.279727,
        "nauc_ndcg_at_1000_max": 0.103063,
        "nauc_ndcg_at_1000_std": -0.22347,
        "nauc_ndcg_at_1000_diff1": 0.27798,
        "nauc_map_at_1_max": 0.049463,
        "nauc_map_at_1_std": -0.183202,
        "nauc_map_at_1_diff1": 0.304601,
        "nauc_map_at_3_max": 0.078263,
        "nauc_map_at_3_std": -0.203829,
        "nauc_map_at_3_diff1": 0.269667,
        "nauc_map_at_5_max": 0.077821,
        "nauc_map_at_5_std": -0.20673,
        "nauc_map_at_5_diff1": 0.288277,
        "nauc_map_at_10_max": 0.093771,
        "nauc_map_at_10_std": -0.21071,
        "nauc_map_at_10_diff1": 0.284496,
        "nauc_map_at_20_max": 0.090439,
        "nauc_map_at_20_std": -0.214945,
        "nauc_map_at_20_diff1": 0.284416,
        "nauc_map_at_25_max": 0.090135,
        "nauc_map_at_25_std": -0.215703,
        "nauc_map_at_25_diff1": 0.282793,
        "nauc_map_at_50_max": 0.094411,
        "nauc_map_at_50_std": -0.217478,
        "nauc_map_at_50_diff1": 0.283479,
        "nauc_map_at_100_max": 0.093438,
        "nauc_map_at_100_std": -0.218189,
        "nauc_map_at_100_diff1": 0.282998,
        "nauc_map_at_1000_max": 0.093077,
        "nauc_map_at_1000_std": -0.218242,
        "nauc_map_at_1000_diff1": 0.282836,
        "nauc_recall_at_1_max": 0.049463,
        "nauc_recall_at_1_std": -0.183202,
        "nauc_recall_at_1_diff1": 0.304601,
        "nauc_recall_at_3_max": 0.083587,
        "nauc_recall_at_3_std": -0.18865,
        "nauc_recall_at_3_diff1": 0.233605,
        "nauc_recall_at_5_max": 0.072599,
        "nauc_recall_at_5_std": -0.167056,
        "nauc_recall_at_5_diff1": 0.257499,
        "nauc_recall_at_10_max": 0.118638,
        "nauc_recall_at_10_std": -0.164972,
        "nauc_recall_at_10_diff1": 0.234633,
        "nauc_recall_at_20_max": 0.103841,
        "nauc_recall_at_20_std": -0.156087,
        "nauc_recall_at_20_diff1": 0.238126,
        "nauc_recall_at_25_max": 0.101662,
        "nauc_recall_at_25_std": -0.153533,
        "nauc_recall_at_25_diff1": 0.211991,
        "nauc_recall_at_50_max": 0.203233,
        "nauc_recall_at_50_std": -0.152957,
        "nauc_recall_at_50_diff1": 0.247361,
        "nauc_recall_at_100_max": 0.193963,
        "nauc_recall_at_100_std": -0.120459,
        "nauc_recall_at_100_diff1": 0.212968,
        "nauc_recall_at_1000_max": 0.405798,
        "nauc_recall_at_1000_std": 0.33211,
        "nauc_recall_at_1000_diff1": -0.044416,
        "nauc_precision_at_1_max": 0.083819,
        "nauc_precision_at_1_std": -0.219373,
        "nauc_precision_at_1_diff1": 0.316811,
        "nauc_precision_at_3_max": 0.085508,
        "nauc_precision_at_3_std": -0.209035,
        "nauc_precision_at_3_diff1": 0.199107,
        "nauc_precision_at_5_max": 0.066877,
        "nauc_precision_at_5_std": -0.204867,
        "nauc_precision_at_5_diff1": 0.206397,
        "nauc_precision_at_10_max": 0.104386,
        "nauc_precision_at_10_std": -0.187941,
        "nauc_precision_at_10_diff1": 0.148344,
        "nauc_precision_at_20_max": 0.067537,
        "nauc_precision_at_20_std": -0.173817,
        "nauc_precision_at_20_diff1": 0.106295,
        "nauc_precision_at_25_max": 0.059369,
        "nauc_precision_at_25_std": -0.164716,
        "nauc_precision_at_25_diff1": 0.075241,
        "nauc_precision_at_50_max": 0.086186,
        "nauc_precision_at_50_std": -0.1423,
        "nauc_precision_at_50_diff1": 0.021267,
        "nauc_precision_at_100_max": 0.041363,
        "nauc_precision_at_100_std": -0.113065,
        "nauc_precision_at_100_diff1": -0.063898,
        "nauc_precision_at_1000_max": 0.018042,
        "nauc_precision_at_1000_std": -0.100855,
        "nauc_precision_at_1000_diff1": -0.096837,
        "nauc_mrr_at_1_max": 0.083819,
        "nauc_mrr_at_1_std": -0.219373,
        "nauc_mrr_at_1_diff1": 0.316811,
        "nauc_mrr_at_3_max": 0.08843,
        "nauc_mrr_at_3_std": -0.217255,
        "nauc_mrr_at_3_diff1": 0.294001,
        "nauc_mrr_at_5_max": 0.08298,
        "nauc_mrr_at_5_std": -0.215495,
        "nauc_mrr_at_5_diff1": 0.295233,
        "nauc_mrr_at_10_max": 0.088396,
        "nauc_mrr_at_10_std": -0.216389,
        "nauc_mrr_at_10_diff1": 0.290322,
        "nauc_mrr_at_20_max": 0.090591,
        "nauc_mrr_at_20_std": -0.215921,
        "nauc_mrr_at_20_diff1": 0.293164,
        "nauc_mrr_at_25_max": 0.090158,
        "nauc_mrr_at_25_std": -0.215759,
        "nauc_mrr_at_25_diff1": 0.29258,
        "nauc_mrr_at_50_max": 0.09021,
        "nauc_mrr_at_50_std": -0.216262,
        "nauc_mrr_at_50_diff1": 0.293491,
        "nauc_mrr_at_100_max": 0.089782,
        "nauc_mrr_at_100_std": -0.216251,
        "nauc_mrr_at_100_diff1": 0.293277,
        "nauc_mrr_at_1000_max": 0.089749,
        "nauc_mrr_at_1000_std": -0.216223,
        "nauc_mrr_at_1000_diff1": 0.293311,
        "hit_rate_at_1": 0.38783,
        "hit_rate_at_3": 0.59855,
        "hit_rate_at_5": 0.67121,
        "hit_rate_at_10": 0.79201,
        "hit_rate_at_20": 0.88011,
        "hit_rate_at_25": 0.90645,
        "hit_rate_at_50": 0.95731,
        "hit_rate_at_100": 0.99092,
        "hit_rate_at_1000": 0.99818,
        "R_cap_at_1": 0.387829,
        "R_cap_at_3": 0.349985,
        "R_cap_at_5": 0.406736,
        "R_cap_at_10": 0.522762,
        "R_cap_at_20": 0.653176,
        "R_cap_at_25": 0.695741,
        "R_cap_at_50": 0.822742,
        "R_cap_at_100": 0.946592,