{
  "dataset_revision": "6b2010c691a435a7a920088d32e55c898afa97f5",
  "task_name": "PeerQA",
  "mteb_version": "2.12.39",
  "scores": {
    "test": [
      {
        "ndcg_at_1": 0.19118,
        "ndcg_at_3": 0.21495,
        "ndcg_at_5": 0.22825,
        "ndcg_at_10": 0.26999,
        "ndcg_at_20": 0.31091,
        "ndcg_at_25": 0.3245,
        "ndcg_at_50": 0.36722,
        "ndcg_at_100": 0.39978,
        "ndcg_at_1000": 0.43205,
        "map_at_1": 0.12426,
        "map_at_3": 0.16832,
        "map_at_5": 0.17936,
        "map_at_10": 0.20066,
        "map_at_20": 0.21459,
        "map_at_25": 0.21855,
        "map_at_50": 0.22787,
        "map_at_100": 0.23302,
        "map_at_1000": 0.23609,
        "recall_at_1": 0.12426,
        "recall_at_3": 0.21644,
        "recall_at_5": 0.25787,
        "recall_at_10": 0.36488,
        "recall_at_20": 0.48841,
        "recall_at_25": 0.53162,
        "recall_at_50": 0.69836,
        "recall_at_100": 0.83713,
        "recall_at_1000": 1.0,
        "accuracy": 0.12426,
        "precision_at_1": 0.19118,
        "precision_at_3": 0.13235,
        "precision_at_5": 0.10441,
        "precision_at_10": 0.08015,
        "precision_at_20": 0.05662,
        "precision_at_25": 0.05118,
        "precision_at_50": 0.035,
        "precision_at_100": 0.02265,
        "precision_at_1000": 0.00286,
        "mrr_at_1": 0.191176,
        "mrr_at_3": 0.264706,
        "mrr_at_5": 0.286029,
        "mrr_at_10": 0.297946,
        "mrr_at_20": 0.309586,
        "mrr_at_25": 0.310896,
        "mrr_at_50": 0.314527,
        "mrr_at_100": 0.315299,
        "mrr_at_1000": 0.315832,
        "nauc_ndcg_at_1_max": -0.057245,
        "nauc_ndcg_at_1_std": -0.260161,
        "nauc_ndcg_at_1_diff1": 0.392436,
        "nauc_ndcg_at_3_max": -0.082747,
        "nauc_ndcg_at_3_std": -0.251045,
        "nauc_ndcg_at_3_diff1": 0.335843,
        "nauc_ndcg_at_5_max": -0.06417,
        "nauc_ndcg_at_5_std": -0.253474,
        "nauc_ndcg_at_5_diff1": 0.321983,
        "nauc_ndcg_at_10_max": -0.05099,
        "nauc_ndcg_at_10_std": -0.222377,
        "nauc_ndcg_at_10_diff1": 0.282983,
        "nauc_ndcg_at_20_max": -0.037213,
        "nauc_ndcg_at_20_std": -0.195636,
        "nauc_ndcg_at_20_diff1": 0.263745,
        "nauc_ndcg_at_25_max": -0.025623,
        "nauc_ndcg_at_25_std": -0.19357,
        "nauc_ndcg_at_25_diff1": 0.255337,
        "nauc_ndcg_at_50_max": -0.008159,
        "nauc_ndcg_at_50_std": -0.176892,
        "nauc_ndcg_at_50_diff1": 0.243266,
        "nauc_ndcg_at_100_max": -0.021589,
        "nauc_ndcg_at_100_std": -0.194492,
        "nauc_ndcg_at_100_diff1": 0.26439,
        "nauc_ndcg_at_1000_max": -0.032358,
        "nauc_ndcg_at_1000_std": -0.207419,
        "nauc_ndcg_at_1000_diff1": 0.278161,
        "nauc_map_at_1_max": -0.059484,
        "nauc_map_at_1_std": -0.257624,
        "nauc_map_at_1_diff1": 0.458786,
        "nauc_map_at_3_max": -0.06831,
        "nauc_map_at_3_std": -0.267575,
        "nauc_map_at_3_diff1": 0.400996,
        "nauc_map_at_5_max": -0.061392,
        "nauc_map_at_5_std": -0.264749,
        "nauc_map_at_5_diff1": 0.381306,
        "nauc_map_at_10_max": -0.052166,
        "nauc_map_at_10_std": -0.24913,
        "nauc_map_at_10_diff1": 0.356707,
        "nauc_map_at_20_max": -0.045305,
        "nauc_map_at_20_std": -0.23669,
        "nauc_map_at_20_diff1": 0.34164,
        "nauc_map_at_25_max": -0.041496,
        "nauc_map_at_25_std": -0.236313,
        "nauc_map_at_25_diff1": 0.337901,
        "nauc_map_at_50_max": -0.038677,
        "nauc_map_at_50_std": -0.231802,
        "nauc_map_at_50_diff1": 0.333268,
        "nauc_map_at_100_max": -0.039004,
        "nauc_map_at_100_std": -0.231536,
        "nauc_map_at_100_diff1": 0.336222,
        "nauc_map_at_1000_max": -0.03907,
        "nauc_map_at_1000_std": -0.232475,
        "nauc_map_at_1000_diff1": 0.338255,
        "nauc_recall_at_1_max": -0.059484,
        "nauc_recall_at_1_std": -0.257624,
        "nauc_recall_at_1_diff1": 0.458786,
        "nauc_recall_at_3_max": -0.096598,
        "nauc_recall_at_3_std": -0.252157,
        "nauc_recall_at_3_diff1": 0.315044,
        "nauc_recall_at_5_max": -0.055288,
        "nauc_recall_at_5_std": -0.234172,
        "nauc_recall_at_5_diff1": 0.2575,
        "nauc_recall_at_10_max": -0.027915,
        "nauc_recall_at_10_std": -0.12989,
        "nauc_recall_at_10_diff1": 0.168624,
        "nauc_recall_at_20_max": 0.014638,
        "nauc_recall_at_20_std": -0.042259,
        "nauc_recall_at_20_diff1": 0.117706,
        "nauc_recall_at_25_max": 0.040662,
        "nauc_recall_at_25_std": -0.0408,
        "nauc_recall_at_25_diff1": 0.095877,
        "nauc_recall_at_50_max": 0.120613,
        "nauc_recall_at_50_std": 0.03299,
        "nauc_recall_at_50_diff1": 0.013685,
        "nauc_recall_at_100_max": 0.075177,
        "nauc_recall_at_100_std": -0.045486,
        "nauc_recall_at_100_diff1": 0.0998,
        "nauc_recall_at_1000_max": NaN,
        "nauc_recall_at_1000_std": NaN,
        "nauc_recall_at_1000_diff1": NaN,
        "nauc_precision_at_1_max": -0.057245,
        "nauc_precision_at_1_std": -0.260161,
        "nauc_precision_at_1_diff1": 0.392436,
        "nauc_precision_at_3_max": -0.108445,
        "nauc_precision_at_3_std": -0.223823,
        "nauc_precision_at_3_diff1": 0.228552,
        "nauc_precision_at_5_max": -0.031388,
        "nauc_precision_at_5_std": -0.195354,
        "nauc_precision_at_5_diff1": 0.101842,
        "nauc_precision_at_10_max": -0.001645,
        "nauc_precision_at_10_std": -0.092526,
        "nauc_precision_at_10_diff1": -0.032107,
        "nauc_precision_at_20_max": 0.051148,
        "nauc_precision_at_20_std": 0.02223,
        "nauc_precision_at_20_diff1": -0.114221,
        "nauc_precision_at_25_max": 0.088722,
        "nauc_precision_at_25_std": 0.039475,
        "nauc_precision_at_25_diff1": -0.138596,
        "nauc_precision_at_50_max": 0.130197,
        "nauc_precision_at_50_std": 0.147423,
        "nauc_precision_at_50_diff1": -0.187996,
        "nauc_precision_at_100_max": 0.090878,
        "nauc_precision_at_100_std": 0.142875,
        "nauc_precision_at_100_diff1": -0.164782,
        "nauc_precision_at_1000_max": 0.053569,
        "nauc_precision_at_1000_std": 0.128433,
        "nauc_precision_at_1000_diff1": -0.173017,
        "nauc_mrr_at_1_max": -0.057245,
        "nauc_mrr_at_1_std": -0.260161,
        "nauc_mrr_at_1_diff1": 0.392436,
        "nauc_mrr_at_3_max": -0.098672,
        "nauc_mrr_at_3_std": -0.245337,
        "nauc_mrr_at_3_diff1": 0.308756,
        "nauc_mrr_at_5_max": -0.078425,
        "nauc_mrr_at_5_std": -0.244791,
        "nauc_mrr_at_5_diff1": 0.287013,
        "nauc_mrr_at_10_max": -0.077946,
        "nauc_mrr_at_10_std": -0.238872,
        "nauc_mrr_at_10_diff1": 0.280245,
        "nauc_mrr_at_20_max": -0.079793,
        "nauc_mrr_at_20_std": -0.240859,
        "nauc_mrr_at_20_diff1": 0.286699,
        "nauc_mrr_at_25_max": -0.077837,
        "nauc_mrr_at_25_std": -0.240411,
        "nauc_mrr_at_25_diff1": 0.287503,
        "nauc_mrr_at_50_max": -0.074575,
        "nauc_mrr_at_50_std": -0.238309,
        "nauc_mrr_at_50_diff1": 0.287485,
        "nauc_mrr_at_100_max": -0.076081,
        "nauc_mrr_at_100_std": -0.239804,
        "nauc_mrr_at_100_diff1": 0.288004,
        "nauc_mrr_at_1000_max": -0.076652,
        "nauc_mrr_at_1000_std": -0.24011,
        "nauc_mrr_at_1000_diff1": 0.288564,
        "hit_rate_at_1": 0.19118,
        "hit_rate_at_3": 0.36029,
        "hit_rate_at_5": 0.45588,
        "hit_rate_at_10": 0.55147,
        "hit_rate_at_20": 0.71324,
        "hit_rate_at_25": 0.74265,
        "hit_rate_at_50": 0.86765,
        "hit_rate_at_100": 0.92647,
        "hit_rate_at_1000": 1.0,
        "R_cap_at_1": 0.191176,
        "R_cap_at_3": 0.232843,
        "R_cap_at_5": 0.260417,
        "R_cap_at_10": 0.365222,
        "R_cap_at_20": 0.488411,
        "R_cap_at_25": 0.531618,
        "R_cap_at_50": 0.698362,