{
  "dataset_revision": "898f2eced48890f19b6a88f1b616e9ca6c5dda1c",
  "task_name": "QASPER",
  "mteb_version": "2.12.39",
  "scores": {
    "test": [
      {
        "ndcg_at_1": 0.30562,
        "ndcg_at_3": 0.39262,
        "ndcg_at_5": 0.44018,
        "ndcg_at_10": 0.49934,
        "ndcg_at_20": 0.54126,
        "ndcg_at_25": 0.55366,
        "ndcg_at_50": 0.57151,
        "ndcg_at_100": 0.57442,
        "ndcg_at_1000": 0.57458,
        "map_at_1": 0.24314,
        "map_at_3": 0.34247,
        "map_at_5": 0.37517,
        "map_at_10": 0.40679,
        "map_at_20": 0.42262,
        "map_at_25": 0.42623,
        "map_at_50": 0.43098,
        "map_at_100": 0.4316,
        "map_at_1000": 0.43162,
        "recall_at_1": 0.24314,
        "recall_at_3": 0.44473,
        "recall_at_5": 0.56122,
        "recall_at_10": 0.72656,
        "recall_at_20": 0.86639,
        "recall_at_25": 0.91408,
        "recall_at_50": 0.98728,
        "recall_at_100": 0.99929,
        "recall_at_1000": 1.0,
        "accuracy": 0.24314,
        "precision_at_1": 0.30562,
        "precision_at_3": 0.20175,
        "precision_at_5": 0.16015,
        "precision_at_10": 0.11041,
        "precision_at_20": 0.07,
        "precision_at_25": 0.06007,
        "precision_at_50": 0.03377,
        "precision_at_100": 0.01734,
        "precision_at_1000": 0.00174,
        "mrr_at_1": 0.305618,
        "mrr_at_3": 0.402122,
        "mrr_at_5": 0.430737,
        "mrr_at_10": 0.451454,
        "mrr_at_20": 0.459352,
        "mrr_at_25": 0.460909,
        "mrr_at_50": 0.462203,
        "mrr_at_100": 0.462286,
        "mrr_at_1000": 0.462286,
        "nauc_ndcg_at_1_max": 0.022596,
        "nauc_ndcg_at_1_std": 0.00114,
        "nauc_ndcg_at_1_diff1": 0.291322,
        "nauc_ndcg_at_3_max": -0.013029,
        "nauc_ndcg_at_3_std": -0.046821,
        "nauc_ndcg_at_3_diff1": 0.263163,
        "nauc_ndcg_at_5_max": -0.013745,
        "nauc_ndcg_at_5_std": -0.036565,
        "nauc_ndcg_at_5_diff1": 0.2481,
        "nauc_ndcg_at_10_max": -0.009589,
        "nauc_ndcg_at_10_std": -0.027102,
        "nauc_ndcg_at_10_diff1": 0.248507,
        "nauc_ndcg_at_20_max": -0.011473,
        "nauc_ndcg_at_20_std": -0.024986,
        "nauc_ndcg_at_20_diff1": 0.261732,
        "nauc_ndcg_at_25_max": -0.006295,
        "nauc_ndcg_at_25_std": -0.020798,
        "nauc_ndcg_at_25_diff1": 0.262273,
        "nauc_ndcg_at_50_max": -0.003945,
        "nauc_ndcg_at_50_std": -0.026357,
        "nauc_ndcg_at_50_diff1": 0.263809,
        "nauc_ndcg_at_100_max": -0.001642,
        "nauc_ndcg_at_100_std": -0.025991,
        "nauc_ndcg_at_100_diff1": 0.265902,
        "nauc_ndcg_at_1000_max": -0.001367,
        "nauc_ndcg_at_1000_std": -0.025517,
        "nauc_ndcg_at_1000_diff1": 0.26572,
        "nauc_map_at_1_max": 0.014258,
        "nauc_map_at_1_std": 0.001191,
        "nauc_map_at_1_diff1": 0.289593,
        "nauc_map_at_3_max": -0.009332,
        "nauc_map_at_3_std": -0.035824,
        "nauc_map_at_3_diff1": 0.263442,
        "nauc_map_at_5_max": -0.009929,
        "nauc_map_at_5_std": -0.031697,
        "nauc_map_at_5_diff1": 0.257464,
        "nauc_map_at_10_max": -0.006565,
        "nauc_map_at_10_std": -0.025653,
        "nauc_map_at_10_diff1": 0.260638,
        "nauc_map_at_20_max": -0.007817,
        "nauc_map_at_20_std": -0.025796,
        "nauc_map_at_20_diff1": 0.265383,
        "nauc_map_at_25_max": -0.006386,
        "nauc_map_at_25_std": -0.024815,
        "nauc_map_at_25_diff1": 0.265587,
        "nauc_map_at_50_max": -0.004601,
        "nauc_map_at_50_std": -0.02485,
        "nauc_map_at_50_diff1": 0.265891,
        "nauc_map_at_100_max": -0.004081,
        "nauc_map_at_100_std": -0.02482,
        "nauc_map_at_100_diff1": 0.266452,
        "nauc_map_at_1000_max": -0.004046,
        "nauc_map_at_1000_std": -0.024767,
        "nauc_map_at_1000_diff1": 0.26643,
        "nauc_recall_at_1_max": 0.014258,
        "nauc_recall_at_1_std": 0.001191,
        "nauc_recall_at_1_diff1": 0.289593,
        "nauc_recall_at_3_max": -0.03766,
        "nauc_recall_at_3_std": -0.070622,
        "nauc_recall_at_3_diff1": 0.225442,
        "nauc_recall_at_5_max": -0.036403,
        "nauc_recall_at_5_std": -0.049284,
        "nauc_recall_at_5_diff1": 0.188498,
        "nauc_recall_at_10_max": -0.028614,
        "nauc_recall_at_10_std": -0.023155,
        "nauc_recall_at_10_diff1": 0.171738,
        "nauc_recall_at_20_max": -0.055351,
        "nauc_recall_at_20_std": 0.004176,
        "nauc_recall_at_20_diff1": 0.199756,
        "nauc_recall_at_25_max": -0.025154,
        "nauc_recall_at_25_std": 0.068137,
        "nauc_recall_at_25_diff1": 0.187372,
        "nauc_recall_at_50_max": -0.165398,
        "nauc_recall_at_50_std": -0.089201,
        "nauc_recall_at_50_diff1": 0.076677,
        "nauc_recall_at_100_max": -0.378158,
        "nauc_recall_at_100_std": -0.688142,
        "nauc_recall_at_100_diff1": 0.493104,
        "nauc_recall_at_1000_max": NaN,
        "nauc_recall_at_1000_std": NaN,
        "nauc_recall_at_1000_diff1": NaN,
        "nauc_precision_at_1_max": 0.022596,
        "nauc_precision_at_1_std": 0.00114,
        "nauc_precision_at_1_diff1": 0.291322,
        "nauc_precision_at_3_max": -0.015729,
        "nauc_precision_at_3_std": -0.059523,
        "nauc_precision_at_3_diff1": 0.197369,
        "nauc_precision_at_5_max": -0.011696,
        "nauc_precision_at_5_std": -0.037526,
        "nauc_precision_at_5_diff1": 0.147662,
        "nauc_precision_at_10_max": 0.015786,
        "nauc_precision_at_10_std": 0.006714,
        "nauc_precision_at_10_diff1": 0.096493,
        "nauc_precision_at_20_max": 0.02424,
        "nauc_precision_at_20_std": 0.015842,
        "nauc_precision_at_20_diff1": 0.068831,
        "nauc_precision_at_25_max": 0.042131,
        "nauc_precision_at_25_std": 0.027479,
        "nauc_precision_at_25_diff1": 0.043779,
        "nauc_precision_at_50_max": 0.064864,
        "nauc_precision_at_50_std": 0.030065,
        "nauc_precision_at_50_diff1": 0.013896,
        "nauc_precision_at_100_max": 0.073704,
        "nauc_precision_at_100_std": 0.030702,
        "nauc_precision_at_100_diff1": 0.01567,
        "nauc_precision_at_1000_max": 0.074636,
        "nauc_precision_at_1000_std": 0.032617,
        "nauc_precision_at_1000_diff1": 0.014144,
        "nauc_mrr_at_1_max": 0.022596,
        "nauc_mrr_at_1_std": 0.00114,
        "nauc_mrr_at_1_diff1": 0.291322,
        "nauc_mrr_at_3_max": 0.000337,
        "nauc_mrr_at_3_std": -0.033014,
        "nauc_mrr_at_3_diff1": 0.272379,
        "nauc_mrr_at_5_max": -0.000195,
        "nauc_mrr_at_5_std": -0.029279,
        "nauc_mrr_at_5_diff1": 0.263275,
        "nauc_mrr_at_10_max": 0.003107,
        "nauc_mrr_at_10_std": -0.026606,
        "nauc_mrr_at_10_diff1": 0.265949,
        "nauc_mrr_at_20_max": 0.003055,
        "nauc_mrr_at_20_std": -0.024785,
        "nauc_mrr_at_20_diff1": 0.267842,
        "nauc_mrr_at_25_max": 0.003288,
        "nauc_mrr_at_25_std": -0.024607,
        "nauc_mrr_at_25_diff1": 0.267855,
        "nauc_mrr_at_50_max": 0.002996,
        "nauc_mrr_at_50_std": -0.025593,
        "nauc_mrr_at_50_diff1": 0.267992,
        "nauc_mrr_at_100_max": 0.003036,
        "nauc_mrr_at_100_std": -0.025555,
        "nauc_mrr_at_100_diff1": 0.267982,
        "nauc_mrr_at_1000_max": 0.003036,
        "nauc_mrr_at_1000_std": -0.025555,
        "nauc_mrr_at_1000_diff1": 0.267982,
        "hit_rate_at_1": 0.30562,
        "hit_rate_at_3": 0.52734,
        "hit_rate_at_5": 0.65243,
        "hit_rate_at_10": 0.80449,
        "hit_rate_at_20": 0.91685,
        "hit_rate_at_25": 0.95206,
        "hit_rate_at_50": 0.99476,
        "hit_rate_at_100": 1.0,
        "hit_rate_at_1000": 1.0,
        "R_cap_at_1": 0.305618,
        "R_cap_at_3": 0.457428,
        "R_cap_at_5": 0.56573,
        "R_cap_at_10": 0.727198,
        "R_cap_at_20": 0.866541,
        "R_cap_at_25": 0.914168,
        "R_cap_at_50": 0.987275,
        "R_cap_at_100": 0.999288,