{
  "dataset_revision": "6f868e5b4c46a9f04c89f7179ddc7c8f162c1068",
  "task_name": "ToolBench",
  "mteb_version": "2.12.39",
  "scores": {
    "test": [
      {
        "ndcg_at_1": 0.46182,
        "ndcg_at_3": 0.42762,
        "ndcg_at_5": 0.46981,
        "ndcg_at_10": 0.51587,
        "ndcg_at_20": 0.55108,
        "ndcg_at_25": 0.5621,
        "ndcg_at_50": 0.5789,
        "ndcg_at_100": 0.59106,
        "ndcg_at_1000": 0.60701,
        "map_at_1": 0.22076,
        "map_at_3": 0.35918,
        "map_at_5": 0.39479,
        "map_at_10": 0.42088,
        "map_at_20": 0.4349,
        "map_at_25": 0.43803,
        "map_at_50": 0.44202,
        "map_at_100": 0.44388,
        "map_at_1000": 0.44498,
        "recall_at_1": 0.22076,
        "recall_at_3": 0.41938,
        "recall_at_5": 0.50785,
        "recall_at_10": 0.61789,
        "recall_at_20": 0.72221,
        "recall_at_25": 0.7612,
        "recall_at_50": 0.82658,
        "recall_at_100": 0.8833,
        "recall_at_1000": 0.97536,
        "accuracy": 0.22076,
        "precision_at_1": 0.46182,
        "precision_at_3": 0.30424,
        "precision_at_5": 0.22491,
        "precision_at_10": 0.139,
        "precision_at_20": 0.08291,
        "precision_at_25": 0.07007,
        "precision_at_50": 0.03836,
        "precision_at_100": 0.02058,
        "precision_at_1000": 0.00231,
        "mrr_at_1": 0.461818,
        "mrr_at_3": 0.554242,
        "mrr_at_5": 0.57097,
        "mrr_at_10": 0.583219,
        "mrr_at_20": 0.588629,
        "mrr_at_25": 0.58975,
        "mrr_at_50": 0.590433,
        "mrr_at_100": 0.590636,
        "mrr_at_1000": 0.590778,
        "nauc_ndcg_at_1_max": 0.360701,
        "nauc_ndcg_at_1_std": -0.144584,
        "nauc_ndcg_at_1_diff1": 0.406491,
        "nauc_ndcg_at_3_max": 0.445046,
        "nauc_ndcg_at_3_std": -0.16376,
        "nauc_ndcg_at_3_diff1": 0.326525,
        "nauc_ndcg_at_5_max": 0.456943,
        "nauc_ndcg_at_5_std": -0.16074,
        "nauc_ndcg_at_5_diff1": 0.327168,
        "nauc_ndcg_at_10_max": 0.478532,
        "nauc_ndcg_at_10_std": -0.144747,
        "nauc_ndcg_at_10_diff1": 0.311237,
        "nauc_ndcg_at_20_max": 0.48045,
        "nauc_ndcg_at_20_std": -0.137634,
        "nauc_ndcg_at_20_diff1": 0.306722,
        "nauc_ndcg_at_25_max": 0.479942,
        "nauc_ndcg_at_25_std": -0.127976,
        "nauc_ndcg_at_25_diff1": 0.306318,
        "nauc_ndcg_at_50_max": 0.480617,
        "nauc_ndcg_at_50_std": -0.10804,
        "nauc_ndcg_at_50_diff1": 0.311434,
        "nauc_ndcg_at_100_max": 0.475103,
        "nauc_ndcg_at_100_std": -0.10242,
        "nauc_ndcg_at_100_diff1": 0.314474,
        "nauc_ndcg_at_1000_max": 0.466319,
        "nauc_ndcg_at_1000_std": -0.117646,
        "nauc_ndcg_at_1000_diff1": 0.322418,
        "nauc_map_at_1_max": 0.379445,
        "nauc_map_at_1_std": -0.154214,
        "nauc_map_at_1_diff1": 0.456791,
        "nauc_map_at_3_max": 0.450975,
        "nauc_map_at_3_std": -0.153396,
        "nauc_map_at_3_diff1": 0.323119,
        "nauc_map_at_5_max": 0.462991,
        "nauc_map_at_5_std": -0.147884,
        "nauc_map_at_5_diff1": 0.318419,
        "nauc_map_at_10_max": 0.475875,
        "nauc_map_at_10_std": -0.144127,
        "nauc_map_at_10_diff1": 0.309735,
        "nauc_map_at_20_max": 0.477639,
        "nauc_map_at_20_std": -0.142548,
        "nauc_map_at_20_diff1": 0.307531,
        "nauc_map_at_25_max": 0.477356,
        "nauc_map_at_25_std": -0.140506,
        "nauc_map_at_25_diff1": 0.307689,
        "nauc_map_at_50_max": 0.477975,
        "nauc_map_at_50_std": -0.135761,
        "nauc_map_at_50_diff1": 0.309201,
        "nauc_map_at_100_max": 0.477269,
        "nauc_map_at_100_std": -0.134995,
        "nauc_map_at_100_diff1": 0.309551,
        "nauc_map_at_1000_max": 0.47683,
        "nauc_map_at_1000_std": -0.135408,
        "nauc_map_at_1000_diff1": 0.310081,
        "nauc_recall_at_1_max": 0.379445,
        "nauc_recall_at_1_std": -0.154214,
        "nauc_recall_at_1_diff1": 0.456791,
        "nauc_recall_at_3_max": 0.459552,
        "nauc_recall_at_3_std": -0.164523,
        "nauc_recall_at_3_diff1": 0.289473,
        "nauc_recall_at_5_max": 0.469522,
        "nauc_recall_at_5_std": -0.149689,
        "nauc_recall_at_5_diff1": 0.2755,
        "nauc_recall_at_10_max": 0.5067,
        "nauc_recall_at_10_std": -0.097378,
        "nauc_recall_at_10_diff1": 0.218823,
        "nauc_recall_at_20_max": 0.509959,
        "nauc_recall_at_20_std": -0.063741,
        "nauc_recall_at_20_diff1": 0.176913,
        "nauc_recall_at_25_max": 0.509664,
        "nauc_recall_at_25_std": -0.011117,
        "nauc_recall_at_25_diff1": 0.157229,
        "nauc_recall_at_50_max": 0.522274,
        "nauc_recall_at_50_std": 0.132419,
        "nauc_recall_at_50_diff1": 0.144884,
        "nauc_recall_at_100_max": 0.496961,
        "nauc_recall_at_100_std": 0.279988,
        "nauc_recall_at_100_diff1": 0.118022,
        "nauc_recall_at_1000_max": 0.533349,
        "nauc_recall_at_1000_std": 0.623147,
        "nauc_recall_at_1000_diff1": 0.081168,
        "nauc_precision_at_1_max": 0.360701,
        "nauc_precision_at_1_std": -0.144584,
        "nauc_precision_at_1_diff1": 0.406491,
        "nauc_precision_at_3_max": 0.424788,
        "nauc_precision_at_3_std": -0.145234,
        "nauc_precision_at_3_diff1": 0.213704,
        "nauc_precision_at_5_max": 0.407161,
        "nauc_precision_at_5_std": -0.124808,
        "nauc_precision_at_5_diff1": 0.184135,
        "nauc_precision_at_10_max": 0.398466,
        "nauc_precision_at_10_std": -0.067353,
        "nauc_precision_at_10_diff1": 0.102407,
        "nauc_precision_at_20_max": 0.306867,
        "nauc_precision_at_20_std": -0.006863,
        "nauc_precision_at_20_diff1": 0.021676,
        "nauc_precision_at_25_max": 0.276274,
        "nauc_precision_at_25_std": 0.043275,
        "nauc_precision_at_25_diff1": -0.006534,
        "nauc_precision_at_50_max": 0.202006,
        "nauc_precision_at_50_std": 0.162456,
        "nauc_precision_at_50_diff1": -0.044064,
        "nauc_precision_at_100_max": 0.097103,
        "nauc_precision_at_100_std": 0.214204,
        "nauc_precision_at_100_diff1": -0.085365,
        "nauc_precision_at_1000_max": -0.104641,
        "nauc_precision_at_1000_std": 0.154387,
        "nauc_precision_at_1000_diff1": -0.131897,
        "nauc_mrr_at_1_max": 0.360701,
        "nauc_mrr_at_1_std": -0.144584,
        "nauc_mrr_at_1_diff1": 0.406491,
        "nauc_mrr_at_3_max": 0.382767,
        "nauc_mrr_at_3_std": -0.178977,
        "nauc_mrr_at_3_diff1": 0.384437,
        "nauc_mrr_at_5_max": 0.38425,
        "nauc_mrr_at_5_std": -0.181044,
        "nauc_mrr_at_5_diff1": 0.388263,
        "nauc_mrr_at_10_max": 0.389057,
        "nauc_mrr_at_10_std": -0.171028,
        "nauc_mrr_at_10_diff1": 0.384714,
        "nauc_mrr_at_20_max": 0.38814,
        "nauc_mrr_at_20_std": -0.16892,
        "nauc_mrr_at_20_diff1": 0.386415,
        "nauc_mrr_at_25_max": 0.387892,
        "nauc_mrr_at_25_std": -0.168082,
        "nauc_mrr_at_25_diff1": 0.385991,
        "nauc_mrr_at_50_max": 0.387418,
        "nauc_mrr_at_50_std": -0.167724,
        "nauc_mrr_at_50_diff1": 0.385795,
        "nauc_mrr_at_100_max": 0.387311,
        "nauc_mrr_at_100_std": -0.167926,
        "nauc_mrr_at_100_diff1": 0.385915,
        "nauc_mrr_at_1000_max": 0.38718,
        "nauc_mrr_at_1000_std": -0.168231,
        "nauc_mrr_at_1000_diff1": 0.386055,
        "hit_rate_at_1": 0.46182,
        "hit_rate_at_3": 0.66545,
        "hit_rate_at_5": 0.73818,
        "hit_rate_at_10": 0.82727,
        "hit_rate_at_20": 0.90182,
        "hit_rate_at_25": 0.92727,
        "hit_rate_at_50": 0.95,
        "hit_rate_at_100": 0.96273,
        "hit_rate_at_1000": 0.99,
        "R_cap_at_1": 0.461818,
        "R_cap_at_3": 0.427121,
        "R_cap_at_5": 0.508152,
        "R_cap_at_10": 0.617894,
        "R_cap_at_20": 0.722212,
        "R_cap_at_25": 0.761197,
        "R_cap_at_50": 0.826576,
        "R_cap_at_100": 0.883303,