{
  "dataset_revision": "bf110dabd08865a8aff2d40d03696984e76085e0",
  "task_name": "CovidQA",
  "mteb_version": "2.12.39",
  "scores": {
    "test": [
      {
        "ndcg_at_1": 0.63096,
        "ndcg_at_3": 0.73972,
        "ndcg_at_5": 0.76199,
        "ndcg_at_10": 0.78132,
        "ndcg_at_20": 0.79424,
        "ndcg_at_25": 0.79522,
        "ndcg_at_50": 0.79841,
        "ndcg_at_100": 0.79841,
        "ndcg_at_1000": 0.79841,
        "map_at_1": 0.63096,
        "map_at_3": 0.71347,
        "map_at_5": 0.72585,
        "map_at_10": 0.73389,
        "map_at_20": 0.73752,
        "map_at_25": 0.73771,
        "map_at_50": 0.73821,
        "map_at_100": 0.73821,
        "map_at_1000": 0.73821,
        "recall_at_1": 0.63096,
        "recall_at_3": 0.81548,
        "recall_at_5": 0.86949,
        "recall_at_10": 0.92889,
        "recall_at_20": 0.9793,
        "recall_at_25": 0.9838,
        "recall_at_50": 1.0,
        "recall_at_100": 1.0,
        "recall_at_1000": 1.0,
        "accuracy": 0.63096,
        "precision_at_1": 0.63096,
        "precision_at_3": 0.27183,
        "precision_at_5": 0.1739,
        "precision_at_10": 0.09289,
        "precision_at_20": 0.04896,
        "precision_at_25": 0.03935,
        "precision_at_50": 0.02,
        "precision_at_100": 0.01,
        "precision_at_1000": 0.001,
        "mrr_at_1": 0.630963,
        "mrr_at_3": 0.713471,
        "mrr_at_5": 0.725848,
        "mrr_at_10": 0.733889,
        "mrr_at_20": 0.73752,
        "mrr_at_25": 0.737715,
        "mrr_at_50": 0.738212,
        "mrr_at_100": 0.738212,
        "mrr_at_1000": 0.738212,
        "nauc_ndcg_at_1_max": 0.232244,
        "nauc_ndcg_at_1_std": 0.114074,
        "nauc_ndcg_at_1_diff1": 0.617602,
        "nauc_ndcg_at_3_max": 0.216326,
        "nauc_ndcg_at_3_std": 0.134173,
        "nauc_ndcg_at_3_diff1": 0.56039,
        "nauc_ndcg_at_5_max": 0.228388,
        "nauc_ndcg_at_5_std": 0.158635,
        "nauc_ndcg_at_5_diff1": 0.556835,
        "nauc_ndcg_at_10_max": 0.214111,
        "nauc_ndcg_at_10_std": 0.143232,
        "nauc_ndcg_at_10_diff1": 0.563207,
        "nauc_ndcg_at_20_max": 0.224264,
        "nauc_ndcg_at_20_std": 0.146263,
        "nauc_ndcg_at_20_diff1": 0.571042,
        "nauc_ndcg_at_25_max": 0.220527,
        "nauc_ndcg_at_25_std": 0.141921,
        "nauc_ndcg_at_25_diff1": 0.569546,
        "nauc_ndcg_at_50_max": 0.222662,
        "nauc_ndcg_at_50_std": 0.138056,
        "nauc_ndcg_at_50_diff1": 0.575857,
        "nauc_ndcg_at_100_max": 0.222662,
        "nauc_ndcg_at_100_std": 0.138056,
        "nauc_ndcg_at_100_diff1": 0.575857,
        "nauc_ndcg_at_1000_max": 0.222662,
        "nauc_ndcg_at_1000_std": 0.138056,
        "nauc_ndcg_at_1000_diff1": 0.575857,
        "nauc_map_at_1_max": 0.232244,
        "nauc_map_at_1_std": 0.114074,
        "nauc_map_at_1_diff1": 0.617602,
        "nauc_map_at_3_max": 0.220831,
        "nauc_map_at_3_std": 0.128741,
        "nauc_map_at_3_diff1": 0.577355,
        "nauc_map_at_5_max": 0.226966,
        "nauc_map_at_5_std": 0.140581,
        "nauc_map_at_5_diff1": 0.576311,
        "nauc_map_at_10_max": 0.22175,
        "nauc_map_at_10_std": 0.13478,
        "nauc_map_at_10_diff1": 0.578785,
        "nauc_map_at_20_max": 0.224123,
        "nauc_map_at_20_std": 0.135295,
        "nauc_map_at_20_diff1": 0.580821,
        "nauc_map_at_25_max": 0.223542,
        "nauc_map_at_25_std": 0.13461,
        "nauc_map_at_25_diff1": 0.580596,
        "nauc_map_at_50_max": 0.223816,
        "nauc_map_at_50_std": 0.134164,
        "nauc_map_at_50_diff1": 0.581362,
        "nauc_map_at_100_max": 0.223816,
        "nauc_map_at_100_std": 0.134164,
        "nauc_map_at_100_diff1": 0.581362,
        "nauc_map_at_1000_max": 0.223816,
        "nauc_map_at_1000_std": 0.134164,
        "nauc_map_at_1000_diff1": 0.581362,
        "nauc_recall_at_1_max": 0.232244,
        "nauc_recall_at_1_std": 0.114074,
        "nauc_recall_at_1_diff1": 0.617602,
        "nauc_recall_at_3_max": 0.198241,
        "nauc_recall_at_3_std": 0.155824,
        "nauc_recall_at_3_diff1": 0.491817,
        "nauc_recall_at_5_max": 0.239173,
        "nauc_recall_at_5_std": 0.259924,
        "nauc_recall_at_5_diff1": 0.452969,
        "nauc_recall_at_10_max": 0.135171,
        "nauc_recall_at_10_std": 0.21129,
        "nauc_recall_at_10_diff1": 0.429921,
        "nauc_recall_at_20_max": 0.277292,
        "nauc_recall_at_20_std": 0.477179,
        "nauc_recall_at_20_diff1": 0.3607,
        "nauc_recall_at_25_max": 0.107399,
        "nauc_recall_at_25_std": 0.354642,
        "nauc_recall_at_25_diff1": 0.228498,
        "nauc_recall_at_50_max": NaN,
        "nauc_recall_at_50_std": NaN,
        "nauc_recall_at_50_diff1": NaN,
        "nauc_recall_at_100_max": NaN,
        "nauc_recall_at_100_std": NaN,
        "nauc_recall_at_100_diff1": NaN,
        "nauc_recall_at_1000_max": NaN,
        "nauc_recall_at_1000_std": NaN,
        "nauc_recall_at_1000_diff1": NaN,
        "nauc_precision_at_1_max": 0.232244,
        "nauc_precision_at_1_std": 0.114074,
        "nauc_precision_at_1_diff1": 0.617602,
        "nauc_precision_at_3_max": 0.198241,
        "nauc_precision_at_3_std": 0.155824,
        "nauc_precision_at_3_diff1": 0.491817,
        "nauc_precision_at_5_max": 0.239173,
        "nauc_precision_at_5_std": 0.259924,
        "nauc_precision_at_5_diff1": 0.452969,
        "nauc_precision_at_10_max": 0.135171,
        "nauc_precision_at_10_std": 0.21129,
        "nauc_precision_at_10_diff1": 0.429921,
        "nauc_precision_at_20_max": 0.277292,
        "nauc_precision_at_20_std": 0.477179,
        "nauc_precision_at_20_diff1": 0.3607,
        "nauc_precision_at_25_max": 0.107399,
        "nauc_precision_at_25_std": 0.354642,
        "nauc_precision_at_25_diff1": 0.228498,
        "nauc_precision_at_50_max": 1.0,
        "nauc_precision_at_50_std": 1.0,
        "nauc_precision_at_50_diff1": 1.0,
        "nauc_precision_at_100_max": 1.0,
        "nauc_precision_at_100_std": 1.0,
        "nauc_precision_at_100_diff1": 1.0,
        "nauc_precision_at_1000_max": 1.0,
        "nauc_precision_at_1000_std": 1.0,
        "nauc_precision_at_1000_diff1": 1.0,
        "nauc_mrr_at_1_max": 0.232244,
        "nauc_mrr_at_1_std": 0.114074,
        "nauc_mrr_at_1_diff1": 0.617602,
        "nauc_mrr_at_3_max": 0.220831,
        "nauc_mrr_at_3_std": 0.128741,
        "nauc_mrr_at_3_diff1": 0.577355,
        "nauc_mrr_at_5_max": 0.226966,
        "nauc_mrr_at_5_std": 0.140581,
        "nauc_mrr_at_5_diff1": 0.576311,
        "nauc_mrr_at_10_max": 0.22175,
        "nauc_mrr_at_10_std": 0.13478,
        "nauc_mrr_at_10_diff1": 0.578785,
        "nauc_mrr_at_20_max": 0.224123,
        "nauc_mrr_at_20_std": 0.135295,
        "nauc_mrr_at_20_diff1": 0.580821,
        "nauc_mrr_at_25_max": 0.223542,
        "nauc_mrr_at_25_std": 0.13461,
        "nauc_mrr_at_25_diff1": 0.580596,
        "nauc_mrr_at_50_max": 0.223816,
        "nauc_mrr_at_50_std": 0.134164,
        "nauc_mrr_at_50_diff1": 0.581362,
        "nauc_mrr_at_100_max": 0.223816,
        "nauc_mrr_at_100_std": 0.134164,
        "nauc_mrr_at_100_diff1": 0.581362,
        "nauc_mrr_at_1000_max": 0.223816,
        "nauc_mrr_at_1000_std": 0.134164,
        "nauc_mrr_at_1000_diff1": 0.581362,
        "hit_rate_at_1": 0.63096,
        "hit_rate_at_3": 0.81548,
        "hit_rate_at_5": 0.86949,
        "hit_rate_at_10": 0.92889,
        "hit_rate_at_20": 0.9793,
        "hit_rate_at_25": 0.9838,
        "hit_rate_at_50": 1.0,
        "hit_rate_at_100": 1.0,
        "hit_rate_at_1000": 1.0,
        "R_cap_at_1": 0.630963,
        "R_cap_at_3": 0.815482,
        "R_cap_at_5": 0.869487,
        "R_cap_at_10": 0.928893,
        "R_cap_at_20": 0.979298,
        "R_cap_at_25": 0.983798,
        "R_cap_at_50": 1.0,
        "R_cap_at_100": 1.0,
        "R_cap_at_1000": 1.0,
        "main_score": 0.78132,
        "hf_subset": "Covid-QA",
        "languages": [
          "eng-Latn"
        ],