{
  "dataset_revision": "6757300d912abd580dda453bced37cb7f5b44c78",
  "task_name": "ESGReports",
  "mteb_version": "2.12.39",
  "scores": {
    "test": [
      {
        "ndcg_at_1": 0.38889,
        "ndcg_at_3": 0.42201,
        "ndcg_at_5": 0.44514,
        "ndcg_at_10": 0.4832,
        "ndcg_at_20": 0.53135,
        "ndcg_at_25": 0.546,
        "ndcg_at_50": 0.56853,
        "ndcg_at_100": 0.58402,
        "ndcg_at_1000": 0.58402,
        "map_at_1": 0.25417,
        "map_at_3": 0.34861,
        "map_at_5": 0.37361,
        "map_at_10": 0.39087,
        "map_at_20": 0.41159,
        "map_at_25": 0.41718,
        "map_at_50": 0.42225,
        "map_at_100": 0.42497,
        "map_at_1000": 0.42497,
        "recall_at_1": 0.25417,
        "recall_at_3": 0.43426,
        "recall_at_5": 0.53704,
        "recall_at_10": 0.63611,
        "recall_at_20": 0.7838,
        "recall_at_25": 0.83333,
        "recall_at_50": 0.92593,
        "recall_at_100": 1.0,
        "recall_at_1000": 1.0,
        "accuracy": 0.25417,
        "precision_at_1": 0.38889,
        "precision_at_3": 0.24074,
        "precision_at_5": 0.17222,
        "precision_at_10": 0.11111,
        "precision_at_20": 0.07361,
        "precision_at_25": 0.06444,
        "precision_at_50": 0.03667,
        "precision_at_100": 0.02,
        "precision_at_1000": 0.002,
        "mrr_at_1": 0.388889,
        "mrr_at_3": 0.472222,
        "mrr_at_5": 0.495833,
        "mrr_at_10": 0.5125,
        "mrr_at_20": 0.518783,
        "mrr_at_25": 0.518783,
        "mrr_at_50": 0.520606,
        "mrr_at_100": 0.521084,
        "mrr_at_1000": 0.521084,
        "nauc_ndcg_at_1_max": 0.392488,
        "nauc_ndcg_at_1_std": 0.044005,
        "nauc_ndcg_at_1_diff1": 0.477318,
        "nauc_ndcg_at_3_max": 0.260992,
        "nauc_ndcg_at_3_std": -0.050035,
        "nauc_ndcg_at_3_diff1": 0.475679,
        "nauc_ndcg_at_5_max": 0.259597,
        "nauc_ndcg_at_5_std": -0.035802,
        "nauc_ndcg_at_5_diff1": 0.471866,
        "nauc_ndcg_at_10_max": 0.341604,
        "nauc_ndcg_at_10_std": -0.006985,
        "nauc_ndcg_at_10_diff1": 0.460682,
        "nauc_ndcg_at_20_max": 0.387815,
        "nauc_ndcg_at_20_std": 0.024449,
        "nauc_ndcg_at_20_diff1": 0.419058,
        "nauc_ndcg_at_25_max": 0.391991,
        "nauc_ndcg_at_25_std": 0.012309,
        "nauc_ndcg_at_25_diff1": 0.429167,
        "nauc_ndcg_at_50_max": 0.364498,
        "nauc_ndcg_at_50_std": 0.015623,
        "nauc_ndcg_at_50_diff1": 0.430231,
        "nauc_ndcg_at_100_max": 0.342539,
        "nauc_ndcg_at_100_std": 0.004081,
        "nauc_ndcg_at_100_diff1": 0.457761,
        "nauc_ndcg_at_1000_max": 0.342539,
        "nauc_ndcg_at_1000_std": 0.004081,
        "nauc_ndcg_at_1000_diff1": 0.457761,
        "nauc_map_at_1_max": 0.286093,
        "nauc_map_at_1_std": -0.02633,
        "nauc_map_at_1_diff1": 0.485796,
        "nauc_map_at_3_max": 0.255645,
        "nauc_map_at_3_std": -0.043064,
        "nauc_map_at_3_diff1": 0.482623,
        "nauc_map_at_5_max": 0.265742,
        "nauc_map_at_5_std": -0.020615,
        "nauc_map_at_5_diff1": 0.465277,
        "nauc_map_at_10_max": 0.300307,
        "nauc_map_at_10_std": -0.006881,
        "nauc_map_at_10_diff1": 0.460758,
        "nauc_map_at_20_max": 0.321439,
        "nauc_map_at_20_std": 0.008476,
        "nauc_map_at_20_diff1": 0.446097,
        "nauc_map_at_25_max": 0.322136,
        "nauc_map_at_25_std": 0.005837,
        "nauc_map_at_25_diff1": 0.446123,
        "nauc_map_at_50_max": 0.317163,
        "nauc_map_at_50_std": 0.003389,
        "nauc_map_at_50_diff1": 0.449754,
        "nauc_map_at_100_max": 0.313386,
        "nauc_map_at_100_std": 0.001306,
        "nauc_map_at_100_diff1": 0.453173,
        "nauc_map_at_1000_max": 0.313386,
        "nauc_map_at_1000_std": 0.001306,
        "nauc_map_at_1000_diff1": 0.453173,
        "nauc_recall_at_1_max": 0.286093,
        "nauc_recall_at_1_std": -0.02633,
        "nauc_recall_at_1_diff1": 0.485796,
        "nauc_recall_at_3_max": 0.132387,
        "nauc_recall_at_3_std": -0.133995,
        "nauc_recall_at_3_diff1": 0.477997,
        "nauc_recall_at_5_max": 0.111453,
        "nauc_recall_at_5_std": -0.107926,
        "nauc_recall_at_5_diff1": 0.393935,
        "nauc_recall_at_10_max": 0.327042,
        "nauc_recall_at_10_std": -0.060471,
        "nauc_recall_at_10_diff1": 0.329727,
        "nauc_recall_at_20_max": 0.532034,
        "nauc_recall_at_20_std": 0.059735,
        "nauc_recall_at_20_diff1": 0.101691,
        "nauc_recall_at_25_max": 0.642169,
        "nauc_recall_at_25_std": -0.009138,
        "nauc_recall_at_25_diff1": 0.167223,
        "nauc_recall_at_50_max": 0.57353,
        "nauc_recall_at_50_std": 0.186504,
        "nauc_recall_at_50_diff1": -0.165987,
        "nauc_recall_at_100_max": NaN,
        "nauc_recall_at_100_std": NaN,
        "nauc_recall_at_100_diff1": NaN,
        "nauc_recall_at_1000_max": NaN,
        "nauc_recall_at_1000_std": NaN,
        "nauc_recall_at_1000_diff1": NaN,
        "nauc_precision_at_1_max": 0.392488,
        "nauc_precision_at_1_std": 0.044005,
        "nauc_precision_at_1_diff1": 0.477318,
        "nauc_precision_at_3_max": 0.255287,
        "nauc_precision_at_3_std": 0.036842,
        "nauc_precision_at_3_diff1": 0.241973,
        "nauc_precision_at_5_max": 0.275732,
        "nauc_precision_at_5_std": 0.122372,
        "nauc_precision_at_5_diff1": 0.164749,
        "nauc_precision_at_10_max": 0.352437,
        "nauc_precision_at_10_std": 0.15017,
        "nauc_precision_at_10_diff1": 0.117996,
        "nauc_precision_at_20_max": 0.343074,
        "nauc_precision_at_20_std": 0.204945,
        "nauc_precision_at_20_diff1": -0.054848,
        "nauc_precision_at_25_max": 0.298457,
        "nauc_precision_at_25_std": 0.156524,
        "nauc_precision_at_25_diff1": -0.052677,
        "nauc_precision_at_50_max": 0.144286,
        "nauc_precision_at_50_std": 0.087093,
        "nauc_precision_at_50_diff1": -0.083673,
        "nauc_precision_at_100_max": 0.052628,
        "nauc_precision_at_100_std": 0.046554,
        "nauc_precision_at_100_diff1": -0.056277,
        "nauc_precision_at_1000_max": 0.052628,
        "nauc_precision_at_1000_std": 0.046554,
        "nauc_precision_at_1000_diff1": -0.056277,
        "nauc_mrr_at_1_max": 0.392488,
        "nauc_mrr_at_1_std": 0.044005,
        "nauc_mrr_at_1_diff1": 0.477318,
        "nauc_mrr_at_3_max": 0.349702,
        "nauc_mrr_at_3_std": -0.018732,
        "nauc_mrr_at_3_diff1": 0.501603,
        "nauc_mrr_at_5_max": 0.346193,
        "nauc_mrr_at_5_std": -0.006948,
        "nauc_mrr_at_5_diff1": 0.496998,
        "nauc_mrr_at_10_max": 0.385861,
        "nauc_mrr_at_10_std": 0.014349,
        "nauc_mrr_at_10_diff1": 0.495411,
        "nauc_mrr_at_20_max": 0.380267,
        "nauc_mrr_at_20_std": 0.006829,
        "nauc_mrr_at_20_diff1": 0.491792,
        "nauc_mrr_at_25_max": 0.380267,
        "nauc_mrr_at_25_std": 0.006829,
        "nauc_mrr_at_25_diff1": 0.491792,
        "nauc_mrr_at_50_max": 0.378727,
        "nauc_mrr_at_50_std": 0.010741,
        "nauc_mrr_at_50_diff1": 0.490889,
        "nauc_mrr_at_100_max": 0.378204,
        "nauc_mrr_at_100_std": 0.009658,
        "nauc_mrr_at_100_diff1": 0.491908,
        "nauc_mrr_at_1000_max": 0.378204,
        "nauc_mrr_at_1000_std": 0.009658,
        "nauc_mrr_at_1000_diff1": 0.491908,
        "hit_rate_at_1": 0.38889,
        "hit_rate_at_3": 0.58333,
        "hit_rate_at_5": 0.69444,
        "hit_rate_at_10": 0.83333,
        "hit_rate_at_20": 0.91667,
        "hit_rate_at_25": 0.91667,
        "hit_rate_at_50": 0.97222,
        "hit_rate_at_100": 1.0,
        "hit_rate_at_1000": 1.0,
        "R_cap_at_1": 0.388889,
        "R_cap_at_3": 0.462963,
        "R_cap_at_5": 0.538889,
        "R_cap_at_10": 0.636111,
        "R_cap_at_20": 0.783796,
        "R_cap_at_25": 0.833333,
        "R_cap_at_50": 0.925926,
        "R_cap_at_100": 1.0,
        "R_cap_at_1000": 1.0,
        "main_score": 0.4832,