{
  "dataset_revision": "ebc723b2474ef92d098a47e8f131aa7d3542b7b0",
  "task_name": "LMEBMLDR",
  "mteb_version": "2.12.39",
  "scores": {
    "test": [
      {
        "ndcg_at_1": 0.52,
        "ndcg_at_3": 0.70119,
        "ndcg_at_5": 0.73863,
        "ndcg_at_10": 0.76435,
        "ndcg_at_20": 0.76435,
        "ndcg_at_25": 0.76435,
        "ndcg_at_50": 0.76435,
        "ndcg_at_100": 0.76435,
        "ndcg_at_1000": 0.76435,
        "map_at_1": 0.52,
        "map_at_3": 0.65667,
        "map_at_5": 0.67767,
        "map_at_10": 0.68816,
        "map_at_20": 0.68816,
        "map_at_25": 0.68816,
        "map_at_50": 0.68816,
        "map_at_100": 0.68816,
        "map_at_1000": 0.68816,
        "recall_at_1": 0.52,
        "recall_at_3": 0.83,
        "recall_at_5": 0.92,
        "recall_at_10": 1.0,
        "recall_at_20": 1.0,
        "recall_at_25": 1.0,
        "recall_at_50": 1.0,
        "recall_at_100": 1.0,
        "recall_at_1000": 1.0,
        "accuracy": 0.52,
        "precision_at_1": 0.52,
        "precision_at_3": 0.27667,
        "precision_at_5": 0.184,
        "precision_at_10": 0.1,
        "precision_at_20": 0.05,
        "precision_at_25": 0.04,
        "precision_at_50": 0.02,
        "precision_at_100": 0.01,
        "precision_at_1000": 0.001,
        "mrr_at_1": 0.52,
        "mrr_at_3": 0.656667,
        "mrr_at_5": 0.677667,
        "mrr_at_10": 0.688163,
        "mrr_at_20": 0.688163,
        "mrr_at_25": 0.688163,
        "mrr_at_50": 0.688163,
        "mrr_at_100": 0.688163,
        "mrr_at_1000": 0.688163,
        "nauc_ndcg_at_1_max": 0.199644,
        "nauc_ndcg_at_1_std": -0.153749,
        "nauc_ndcg_at_1_diff1": 0.397614,
        "nauc_ndcg_at_3_max": 0.275379,
        "nauc_ndcg_at_3_std": 0.018524,
        "nauc_ndcg_at_3_diff1": 0.401112,
        "nauc_ndcg_at_5_max": 0.255807,
        "nauc_ndcg_at_5_std": -0.00285,
        "nauc_ndcg_at_5_diff1": 0.401423,
        "nauc_ndcg_at_10_max": 0.24606,
        "nauc_ndcg_at_10_std": -0.065215,
        "nauc_ndcg_at_10_diff1": 0.397606,
        "nauc_ndcg_at_20_max": 0.24606,
        "nauc_ndcg_at_20_std": -0.065215,
        "nauc_ndcg_at_20_diff1": 0.397606,
        "nauc_ndcg_at_25_max": 0.24606,
        "nauc_ndcg_at_25_std": -0.065215,
        "nauc_ndcg_at_25_diff1": 0.397606,
        "nauc_ndcg_at_50_max": 0.24606,
        "nauc_ndcg_at_50_std": -0.065215,
        "nauc_ndcg_at_50_diff1": 0.397606,
        "nauc_ndcg_at_100_max": 0.24606,
        "nauc_ndcg_at_100_std": -0.065215,
        "nauc_ndcg_at_100_diff1": 0.397606,
        "nauc_ndcg_at_1000_max": 0.24606,
        "nauc_ndcg_at_1000_std": -0.065215,
        "nauc_ndcg_at_1000_diff1": 0.397606,
        "nauc_map_at_1_max": 0.199644,
        "nauc_map_at_1_std": -0.153749,
        "nauc_map_at_1_diff1": 0.397614,
        "nauc_map_at_3_max": 0.254622,
        "nauc_map_at_3_std": -0.037382,
        "nauc_map_at_3_diff1": 0.397368,
        "nauc_map_at_5_max": 0.243716,
        "nauc_map_at_5_std": -0.051691,
        "nauc_map_at_5_diff1": 0.398352,
        "nauc_map_at_10_max": 0.242057,
        "nauc_map_at_10_std": -0.073619,
        "nauc_map_at_10_diff1": 0.397049,
        "nauc_map_at_20_max": 0.242057,
        "nauc_map_at_20_std": -0.073619,
        "nauc_map_at_20_diff1": 0.397049,
        "nauc_map_at_25_max": 0.242057,
        "nauc_map_at_25_std": -0.073619,
        "nauc_map_at_25_diff1": 0.397049,
        "nauc_map_at_50_max": 0.242057,
        "nauc_map_at_50_std": -0.073619,
        "nauc_map_at_50_diff1": 0.397049,
        "nauc_map_at_100_max": 0.242057,
        "nauc_map_at_100_std": -0.073619,
        "nauc_map_at_100_diff1": 0.397049,
        "nauc_map_at_1000_max": 0.242057,
        "nauc_map_at_1000_std": -0.073619,
        "nauc_map_at_1000_diff1": 0.397049,
        "nauc_recall_at_1_max": 0.199644,
        "nauc_recall_at_1_std": -0.153749,
        "nauc_recall_at_1_diff1": 0.397614,
        "nauc_recall_at_3_max": 0.372526,
        "nauc_recall_at_3_std": 0.286904,
        "nauc_recall_at_3_diff1": 0.420793,
        "nauc_recall_at_5_max": 0.352416,
        "nauc_recall_at_5_std": 0.427346,
        "nauc_recall_at_5_diff1": 0.428221,
        "nauc_recall_at_10_max": NaN,
        "nauc_recall_at_10_std": NaN,
        "nauc_recall_at_10_diff1": NaN,
        "nauc_recall_at_20_max": NaN,
        "nauc_recall_at_20_std": NaN,
        "nauc_recall_at_20_diff1": NaN,
        "nauc_recall_at_25_max": NaN,
        "nauc_recall_at_25_std": NaN,
        "nauc_recall_at_25_diff1": NaN,
        "nauc_recall_at_50_max": NaN,
        "nauc_recall_at_50_std": NaN,
        "nauc_recall_at_50_diff1": NaN,
        "nauc_recall_at_100_max": NaN,
        "nauc_recall_at_100_std": NaN,
        "nauc_recall_at_100_diff1": NaN,
        "nauc_recall_at_1000_max": NaN,
        "nauc_recall_at_1000_std": NaN,
        "nauc_recall_at_1000_diff1": NaN,
        "nauc_precision_at_1_max": 0.199644,
        "nauc_precision_at_1_std": -0.153749,
        "nauc_precision_at_1_diff1": 0.397614,
        "nauc_precision_at_3_max": 0.372526,
        "nauc_precision_at_3_std": 0.286904,
        "nauc_precision_at_3_diff1": 0.420793,
        "nauc_precision_at_5_max": 0.352416,
        "nauc_precision_at_5_std": 0.427346,
        "nauc_precision_at_5_diff1": 0.428221,
        "nauc_precision_at_10_max": 1.0,
        "nauc_precision_at_10_std": 1.0,
        "nauc_precision_at_10_diff1": 1.0,
        "nauc_precision_at_20_max": 1.0,
        "nauc_precision_at_20_std": 1.0,
        "nauc_precision_at_20_diff1": 1.0,
        "nauc_precision_at_25_max": NaN,
        "nauc_precision_at_25_std": NaN,
        "nauc_precision_at_25_diff1": NaN,
        "nauc_precision_at_50_max": NaN,
        "nauc_precision_at_50_std": NaN,
        "nauc_precision_at_50_diff1": NaN,
        "nauc_precision_at_100_max": NaN,
        "nauc_precision_at_100_std": NaN,
        "nauc_precision_at_100_diff1": NaN,
        "nauc_precision_at_1000_max": NaN,
        "nauc_precision_at_1000_std": NaN,
        "nauc_precision_at_1000_diff1": NaN,
        "nauc_mrr_at_1_max": 0.199644,
        "nauc_mrr_at_1_std": -0.153749,
        "nauc_mrr_at_1_diff1": 0.397614,
        "nauc_mrr_at_3_max": 0.254622,
        "nauc_mrr_at_3_std": -0.037382,
        "nauc_mrr_at_3_diff1": 0.397368,
        "nauc_mrr_at_5_max": 0.243716,
        "nauc_mrr_at_5_std": -0.051691,
        "nauc_mrr_at_5_diff1": 0.398352,
        "nauc_mrr_at_10_max": 0.242057,
        "nauc_mrr_at_10_std": -0.073619,
        "nauc_mrr_at_10_diff1": 0.397049,
        "nauc_mrr_at_20_max": 0.242057,
        "nauc_mrr_at_20_std": -0.073619,
        "nauc_mrr_at_20_diff1": 0.397049,
        "nauc_mrr_at_25_max": 0.242057,
        "nauc_mrr_at_25_std": -0.073619,
        "nauc_mrr_at_25_diff1": 0.397049,
        "nauc_mrr_at_50_max": 0.242057,
        "nauc_mrr_at_50_std": -0.073619,
        "nauc_mrr_at_50_diff1": 0.397049,
        "nauc_mrr_at_100_max": 0.242057,
        "nauc_mrr_at_100_std": -0.073619,
        "nauc_mrr_at_100_diff1": 0.397049,
        "nauc_mrr_at_1000_max": 0.242057,
        "nauc_mrr_at_1000_std": -0.073619,
        "nauc_mrr_at_1000_diff1": 0.397049,
        "hit_rate_at_1": 0.52,
        "hit_rate_at_3": 0.83,
        "hit_rate_at_5": 0.92,
        "hit_rate_at_10": 1.0,
        "hit_rate_at_20": 1.0,
        "hit_rate_at_25": 1.0,
        "hit_rate_at_50": 1.0,
        "hit_rate_at_100": 1.0,
        "hit_rate_at_1000": 1.0,
        "R_cap_at_1": 0.52,
        "R_cap_at_3": 0.83,
        "R_cap_at_5": 0.92,
        "R_cap_at_10": 1.0,
        "R_cap_at_20": 1.0,
        "R_cap_at_25": 1.0,
        "R_cap_at_50": 1.0,
        "R_cap_at_100": 1.0,
        "R_cap_at_1000": 1.0,
        "main_score": 0.76435,
        "hf_subset": "MLDR",
        "languages": [
          "eng-Latn"
        ],
        "mteb_version": "2.12.39"
      }
    ]
  },
  "evaluation_time": 56.49829173088074,
  "kg_co2_emissions": null,
  "date": 1780161424.85602
}