{
  "dataset_revision": "432cf48c879c2de792720d5c0af6900312ebe7b6",
  "task_name": "LMEB_SciFact",
  "mteb_version": "2.12.39",
  "scores": {
    "test": [
      {
        "ndcg_at_1": 0.6383,
        "ndcg_at_3": 0.70378,
        "ndcg_at_5": 0.76425,
        "ndcg_at_10": 0.8014,
        "ndcg_at_20": 0.80946,
        "ndcg_at_25": 0.81074,
        "ndcg_at_50": 0.81121,
        "ndcg_at_100": 0.81146,
        "ndcg_at_1000": 0.81146,
        "map_at_1": 0.44442,
        "map_at_3": 0.62153,
        "map_at_5": 0.68227,
        "map_at_10": 0.71293,
        "map_at_20": 0.71923,
        "map_at_25": 0.71992,
        "map_at_50": 0.72025,
        "map_at_100": 0.72034,
        "map_at_1000": 0.72034,
        "recall_at_1": 0.44442,
        "recall_at_3": 0.73782,
        "recall_at_5": 0.87971,
        "recall_at_10": 0.97467,
        "recall_at_20": 0.99427,
        "recall_at_25": 0.99813,
        "recall_at_50": 0.99924,
        "recall_at_100": 1.0,
        "recall_at_1000": 1.0,
        "accuracy": 0.44442,
        "precision_at_1": 0.6383,
        "precision_at_3": 0.40426,
        "precision_at_5": 0.3117,
        "precision_at_10": 0.18138,
        "precision_at_20": 0.09574,
        "precision_at_25": 0.07723,
        "precision_at_50": 0.03883,
        "precision_at_100": 0.01947,
        "precision_at_1000": 0.00195,
        "mrr_at_1": 0.638298,
        "mrr_at_3": 0.753546,
        "mrr_at_5": 0.770035,
        "mrr_at_10": 0.773898,
        "mrr_at_20": 0.773898,
        "mrr_at_25": 0.773898,
        "mrr_at_50": 0.773898,
        "mrr_at_100": 0.773898,
        "mrr_at_1000": 0.773898,
        "nauc_ndcg_at_1_max": 0.092476,
        "nauc_ndcg_at_1_std": -0.087066,
        "nauc_ndcg_at_1_diff1": 0.436405,
        "nauc_ndcg_at_3_max": -0.025174,
        "nauc_ndcg_at_3_std": -0.192436,
        "nauc_ndcg_at_3_diff1": 0.467258,
        "nauc_ndcg_at_5_max": -0.009221,
        "nauc_ndcg_at_5_std": -0.211611,
        "nauc_ndcg_at_5_diff1": 0.455885,
        "nauc_ndcg_at_10_max": -0.000621,
        "nauc_ndcg_at_10_std": -0.218925,
        "nauc_ndcg_at_10_diff1": 0.454195,
        "nauc_ndcg_at_20_max": 0.022002,
        "nauc_ndcg_at_20_std": -0.16516,
        "nauc_ndcg_at_20_diff1": 0.445436,
        "nauc_ndcg_at_25_max": 0.017619,
        "nauc_ndcg_at_25_std": -0.152141,
        "nauc_ndcg_at_25_diff1": 0.442134,
        "nauc_ndcg_at_50_max": 0.019242,
        "nauc_ndcg_at_50_std": -0.147695,
        "nauc_ndcg_at_50_diff1": 0.441242,
        "nauc_ndcg_at_100_max": 0.019551,
        "nauc_ndcg_at_100_std": -0.144904,
        "nauc_ndcg_at_100_diff1": 0.440185,
        "nauc_ndcg_at_1000_max": 0.019551,
        "nauc_ndcg_at_1000_std": -0.144904,
        "nauc_ndcg_at_1000_diff1": 0.440185,
        "nauc_map_at_1_max": -0.054818,
        "nauc_map_at_1_std": -0.227622,
        "nauc_map_at_1_diff1": 0.543721,
        "nauc_map_at_3_max": -0.0204,
        "nauc_map_at_3_std": -0.229929,
        "nauc_map_at_3_diff1": 0.484067,
        "nauc_map_at_5_max": -0.018869,
        "nauc_map_at_5_std": -0.22624,
        "nauc_map_at_5_diff1": 0.464234,
        "nauc_map_at_10_max": -0.016201,
        "nauc_map_at_10_std": -0.219828,
        "nauc_map_at_10_diff1": 0.462856,
        "nauc_map_at_20_max": -0.00625,
        "nauc_map_at_20_std": -0.190555,
        "nauc_map_at_20_diff1": 0.45861,
        "nauc_map_at_25_max": -0.007894,
        "nauc_map_at_25_std": -0.185941,
        "nauc_map_at_25_diff1": 0.457717,
        "nauc_map_at_50_max": -0.007725,
        "nauc_map_at_50_std": -0.183902,
        "nauc_map_at_50_diff1": 0.457461,
        "nauc_map_at_100_max": -0.007652,
        "nauc_map_at_100_std": -0.183199,
        "nauc_map_at_100_diff1": 0.457228,
        "nauc_map_at_1000_max": -0.007652,
        "nauc_map_at_1000_std": -0.183199,
        "nauc_map_at_1000_diff1": 0.457228,
        "nauc_recall_at_1_max": -0.054818,
        "nauc_recall_at_1_std": -0.227622,
        "nauc_recall_at_1_diff1": 0.543721,
        "nauc_recall_at_3_max": -0.084588,
        "nauc_recall_at_3_std": -0.315569,
        "nauc_recall_at_3_diff1": 0.455112,
        "nauc_recall_at_5_max": -0.131068,
        "nauc_recall_at_5_std": -0.473511,
        "nauc_recall_at_5_diff1": 0.418447,
        "nauc_recall_at_10_max": -0.234488,
        "nauc_recall_at_10_std": -1.235051,
        "nauc_recall_at_10_diff1": 0.498484,
        "nauc_recall_at_20_max": 0.222991,
        "nauc_recall_at_20_std": -1.640815,
        "nauc_recall_at_20_diff1": 0.73661,
        "nauc_recall_at_25_max": -0.479722,
        "nauc_recall_at_25_std": -1.592743,
        "nauc_recall_at_25_diff1": 0.639619,
        "nauc_recall_at_50_max": -0.17181,
        "nauc_recall_at_50_std": -1.730855,
        "nauc_recall_at_50_diff1": 0.869126,
        "nauc_recall_at_100_max": NaN,
        "nauc_recall_at_100_std": NaN,
        "nauc_recall_at_100_diff1": NaN,
        "nauc_recall_at_1000_max": NaN,
        "nauc_recall_at_1000_std": NaN,
        "nauc_recall_at_1000_diff1": NaN,
        "nauc_precision_at_1_max": 0.092476,
        "nauc_precision_at_1_std": -0.087066,
        "nauc_precision_at_1_diff1": 0.436405,
        "nauc_precision_at_3_max": 0.094066,
        "nauc_precision_at_3_std": 0.139793,
        "nauc_precision_at_3_diff1": -0.106859,
        "nauc_precision_at_5_max": 0.083857,
        "nauc_precision_at_5_std": 0.229115,
        "nauc_precision_at_5_diff1": -0.28655,
        "nauc_precision_at_10_max": 0.068783,
        "nauc_precision_at_10_std": 0.278259,
        "nauc_precision_at_10_diff1": -0.339316,
        "nauc_precision_at_20_max": 0.087206,
        "nauc_precision_at_20_std": 0.358465,
        "nauc_precision_at_20_diff1": -0.334069,
        "nauc_precision_at_25_max": 0.078148,
        "nauc_precision_at_25_std": 0.376547,
        "nauc_precision_at_25_diff1": -0.33802,
        "nauc_precision_at_50_max": 0.081223,
        "nauc_precision_at_50_std": 0.384745,
        "nauc_precision_at_50_diff1": -0.336328,
        "nauc_precision_at_100_max": 0.081384,
        "nauc_precision_at_100_std": 0.390235,
        "nauc_precision_at_100_diff1": -0.337807,
        "nauc_precision_at_1000_max": 0.081384,
        "nauc_precision_at_1000_std": 0.390235,
        "nauc_precision_at_1000_diff1": -0.337807,
        "nauc_mrr_at_1_max": 0.092476,
        "nauc_mrr_at_1_std": -0.087066,
        "nauc_mrr_at_1_diff1": 0.436405,
        "nauc_mrr_at_3_max": 0.071561,
        "nauc_mrr_at_3_std": -0.120067,
        "nauc_mrr_at_3_diff1": 0.438011,
        "nauc_mrr_at_5_max": 0.072852,
        "nauc_mrr_at_5_std": -0.1225,
        "nauc_mrr_at_5_diff1": 0.432205,
        "nauc_mrr_at_10_max": 0.081716,
        "nauc_mrr_at_10_std": -0.112345,
        "nauc_mrr_at_10_diff1": 0.432437,
        "nauc_mrr_at_20_max": 0.081716,
        "nauc_mrr_at_20_std": -0.112345,
        "nauc_mrr_at_20_diff1": 0.432437,
        "nauc_mrr_at_25_max": 0.081716,
        "nauc_mrr_at_25_std": -0.112345,
        "nauc_mrr_at_25_diff1": 0.432437,
        "nauc_mrr_at_50_max": 0.081716,
        "nauc_mrr_at_50_std": -0.112345,
        "nauc_mrr_at_50_diff1": 0.432437,
        "nauc_mrr_at_100_max": 0.081716,
        "nauc_mrr_at_100_std": -0.112345,
        "nauc_mrr_at_100_diff1": 0.432437,
        "nauc_mrr_at_1000_max": 0.081716,
        "nauc_mrr_at_1000_std": -0.112345,
        "nauc_mrr_at_1000_diff1": 0.432437,
        "hit_rate_at_1": 0.6383,
        "hit_rate_at_3": 0.89894,
        "hit_rate_at_5": 0.9734,
        "hit_rate_at_10": 1.0,
        "hit_rate_at_20": 1.0,
        "hit_rate_at_25": 1.0,
        "hit_rate_at_50": 1.0,
        "hit_rate_at_100": 1.0,
        "hit_rate_at_1000": 1.0,
        "R_cap_at_1": 0.638298,
        "R_cap_at_3": 0.762411,
        "R_cap_at_5": 0.885638,
        "R_cap_at_10": 0.975203,
        "R_cap_at_20": 0.994269,
        "R_cap_at_25": 0.998132,
        "R_cap_at_50": 0.99924,
        "R_cap_at_100": 1.0,
        "R_cap_at_1000": 1.0,