{
  "dataset_revision": "df52bb043564336892a1eb9127559130fcb0e62c",
  "task_name": "LooGLE",
  "mteb_version": "2.12.39",
  "scores": {
    "test": [
      {
        "ndcg_at_1": 0.40236,
        "ndcg_at_3": 0.37196,
        "ndcg_at_5": 0.4062,
        "ndcg_at_10": 0.46316,
        "ndcg_at_20": 0.51169,
        "ndcg_at_25": 0.523,
        "ndcg_at_50": 0.55555,
        "ndcg_at_100": 0.57793,
        "ndcg_at_1000": 0.58521,
        "map_at_1": 0.16617,
        "map_at_3": 0.28052,
        "map_at_5": 0.32102,
        "map_at_10": 0.3556,
        "map_at_20": 0.37638,
        "map_at_25": 0.38033,
        "map_at_50": 0.38926,
        "map_at_100": 0.39315,
        "map_at_1000": 0.39398,
        "recall_at_1": 0.16617,
        "recall_at_3": 0.3412,
        "recall_at_5": 0.43862,
        "recall_at_10": 0.56762,
        "recall_at_20": 0.70358,
        "recall_at_25": 0.73988,
        "recall_at_50": 0.8585,
        "recall_at_100": 0.95618,
        "recall_at_1000": 0.99286,
        "accuracy": 0.16617,
        "precision_at_1": 0.40236,
        "precision_at_3": 0.29216,
        "precision_at_5": 0.23143,
        "precision_at_10": 0.15559,
        "precision_at_20": 0.0995,
        "precision_at_25": 0.08436,
        "precision_at_50": 0.04985,
        "precision_at_100": 0.02799,
        "precision_at_1000": 0.00291,
        "mrr_at_1": 0.402361,
        "mrr_at_3": 0.502119,
        "mrr_at_5": 0.52251,
        "mrr_at_10": 0.536695,
        "mrr_at_20": 0.543223,
        "mrr_at_25": 0.543706,
        "mrr_at_50": 0.544928,
        "mrr_at_100": 0.545344,
        "mrr_at_1000": 0.545376,
        "nauc_ndcg_at_1_max": 0.118629,
        "nauc_ndcg_at_1_std": -0.016729,
        "nauc_ndcg_at_1_diff1": 0.343948,
        "nauc_ndcg_at_3_max": 0.105167,
        "nauc_ndcg_at_3_std": -0.001594,
        "nauc_ndcg_at_3_diff1": 0.279124,
        "nauc_ndcg_at_5_max": 0.104824,
        "nauc_ndcg_at_5_std": 0.005662,
        "nauc_ndcg_at_5_diff1": 0.297625,
        "nauc_ndcg_at_10_max": 0.115114,
        "nauc_ndcg_at_10_std": 0.014213,
        "nauc_ndcg_at_10_diff1": 0.3042,
        "nauc_ndcg_at_20_max": 0.129694,
        "nauc_ndcg_at_20_std": 0.026035,
        "nauc_ndcg_at_20_diff1": 0.299533,
        "nauc_ndcg_at_25_max": 0.133939,
        "nauc_ndcg_at_25_std": 0.01845,
        "nauc_ndcg_at_25_diff1": 0.299806,
        "nauc_ndcg_at_50_max": 0.139301,
        "nauc_ndcg_at_50_std": 0.015275,
        "nauc_ndcg_at_50_diff1": 0.304365,
        "nauc_ndcg_at_100_max": 0.132357,
        "nauc_ndcg_at_100_std": 0.009517,
        "nauc_ndcg_at_100_diff1": 0.303115,
        "nauc_ndcg_at_1000_max": 0.126821,
        "nauc_ndcg_at_1000_std": 0.003133,
        "nauc_ndcg_at_1000_diff1": 0.299585,
        "nauc_map_at_1_max": 0.09057,
        "nauc_map_at_1_std": 0.01602,
        "nauc_map_at_1_diff1": 0.345565,
        "nauc_map_at_3_max": 0.099796,
        "nauc_map_at_3_std": 0.017555,
        "nauc_map_at_3_diff1": 0.288138,
        "nauc_map_at_5_max": 0.100099,
        "nauc_map_at_5_std": 0.014117,
        "nauc_map_at_5_diff1": 0.293015,
        "nauc_map_at_10_max": 0.103832,
        "nauc_map_at_10_std": 0.014707,
        "nauc_map_at_10_diff1": 0.295374,
        "nauc_map_at_20_max": 0.109393,
        "nauc_map_at_20_std": 0.018785,
        "nauc_map_at_20_diff1": 0.291934,
        "nauc_map_at_25_max": 0.110189,
        "nauc_map_at_25_std": 0.016102,
        "nauc_map_at_25_diff1": 0.292271,
        "nauc_map_at_50_max": 0.112223,
        "nauc_map_at_50_std": 0.014764,
        "nauc_map_at_50_diff1": 0.293775,
        "nauc_map_at_100_max": 0.111389,
        "nauc_map_at_100_std": 0.013398,
        "nauc_map_at_100_diff1": 0.293537,
        "nauc_map_at_1000_max": 0.110861,
        "nauc_map_at_1000_std": 0.012748,
        "nauc_map_at_1000_diff1": 0.293198,
        "nauc_recall_at_1_max": 0.09057,
        "nauc_recall_at_1_std": 0.01602,
        "nauc_recall_at_1_diff1": 0.345565,
        "nauc_recall_at_3_max": 0.0971,
        "nauc_recall_at_3_std": 0.021111,
        "nauc_recall_at_3_diff1": 0.260242,
        "nauc_recall_at_5_max": 0.092762,
        "nauc_recall_at_5_std": 0.020296,
        "nauc_recall_at_5_diff1": 0.265968,
        "nauc_recall_at_10_max": 0.112057,
        "nauc_recall_at_10_std": 0.042411,
        "nauc_recall_at_10_diff1": 0.274632,
        "nauc_recall_at_20_max": 0.150638,
        "nauc_recall_at_20_std": 0.093757,
        "nauc_recall_at_20_diff1": 0.243645,
        "nauc_recall_at_25_max": 0.171565,
        "nauc_recall_at_25_std": 0.073478,
        "nauc_recall_at_25_diff1": 0.243571,
        "nauc_recall_at_50_max": 0.228354,
        "nauc_recall_at_50_std": 0.104739,
        "nauc_recall_at_50_diff1": 0.265973,
        "nauc_recall_at_100_max": 0.277404,
        "nauc_recall_at_100_std": 0.212721,
        "nauc_recall_at_100_diff1": 0.276238,
        "nauc_recall_at_1000_max": 0.330799,
        "nauc_recall_at_1000_std": 0.417631,
        "nauc_recall_at_1000_diff1": -0.035351,
        "nauc_precision_at_1_max": 0.118629,
        "nauc_precision_at_1_std": -0.016729,
        "nauc_precision_at_1_diff1": 0.343948,
        "nauc_precision_at_3_max": 0.09253,
        "nauc_precision_at_3_std": -0.017928,
        "nauc_precision_at_3_diff1": 0.19124,
        "nauc_precision_at_5_max": 0.082084,
        "nauc_precision_at_5_std": -0.03073,
        "nauc_precision_at_5_diff1": 0.18216,
        "nauc_precision_at_10_max": 0.086417,
        "nauc_precision_at_10_std": -0.032768,
        "nauc_precision_at_10_diff1": 0.140615,
        "nauc_precision_at_20_max": 0.091977,
        "nauc_precision_at_20_std": -0.026101,
        "nauc_precision_at_20_diff1": 0.059766,
        "nauc_precision_at_25_max": 0.091556,
        "nauc_precision_at_25_std": -0.051066,
        "nauc_precision_at_25_diff1": 0.04365,
        "nauc_precision_at_50_max": 0.080078,
        "nauc_precision_at_50_std": -0.07432,
        "nauc_precision_at_50_diff1": -0.010675,
        "nauc_precision_at_100_max": 0.033027,
        "nauc_precision_at_100_std": -0.107338,
        "nauc_precision_at_100_diff1": -0.074473,
        "nauc_precision_at_1000_max": 0.006798,
        "nauc_precision_at_1000_std": -0.132231,
        "nauc_precision_at_1000_diff1": -0.110829,
        "nauc_mrr_at_1_max": 0.118629,
        "nauc_mrr_at_1_std": -0.016729,
        "nauc_mrr_at_1_diff1": 0.343948,
        "nauc_mrr_at_3_max": 0.121934,
        "nauc_mrr_at_3_std": -0.015441,
        "nauc_mrr_at_3_diff1": 0.315358,
        "nauc_mrr_at_5_max": 0.122564,
        "nauc_mrr_at_5_std": -0.016345,
        "nauc_mrr_at_5_diff1": 0.320084,
        "nauc_mrr_at_10_max": 0.127554,
        "nauc_mrr_at_10_std": -0.011562,
        "nauc_mrr_at_10_diff1": 0.322435,
        "nauc_mrr_at_20_max": 0.128713,
        "nauc_mrr_at_20_std": -0.010624,
        "nauc_mrr_at_20_diff1": 0.32367,
        "nauc_mrr_at_25_max": 0.128835,
        "nauc_mrr_at_25_std": -0.010531,
        "nauc_mrr_at_25_diff1": 0.323572,
        "nauc_mrr_at_50_max": 0.127958,
        "nauc_mrr_at_50_std": -0.01073,
        "nauc_mrr_at_50_diff1": 0.3233,
        "nauc_mrr_at_100_max": 0.127627,
        "nauc_mrr_at_100_std": -0.010834,
        "nauc_mrr_at_100_diff1": 0.323252,
        "nauc_mrr_at_1000_max": 0.127624,
        "nauc_mrr_at_1000_std": -0.010847,
        "nauc_mrr_at_1000_diff1": 0.323229,
        "hit_rate_at_1": 0.40236,
        "hit_rate_at_3": 0.62761,
        "hit_rate_at_5": 0.71753,
        "hit_rate_at_10": 0.82198,
        "hit_rate_at_20": 0.91462,
        "hit_rate_at_25": 0.92552,
        "hit_rate_at_50": 0.9673,
        "hit_rate_at_100": 0.99455,
        "hit_rate_at_1000": 0.99818,
        "R_cap_at_1": 0.402361,
        "R_cap_at_3": 0.372691,
        "R_cap_at_5": 0.44125,
        "R_cap_at_10": 0.567821,
        "R_cap_at_20": 0.703621,
        "R_cap_at_25": 0.739881,
        "R_cap_at_50": 0.858501,
        "R_cap_at_100": 0.956183,