{
  "dataset_revision": "6b2010c691a435a7a920088d32e55c898afa97f5",
  "task_name": "PeerQA",
  "mteb_version": "2.12.39",
  "scores": {
    "test": [
      {
        "ndcg_at_1": 0.21324,
        "ndcg_at_3": 0.23407,
        "ndcg_at_5": 0.26019,
        "ndcg_at_10": 0.31266,
        "ndcg_at_20": 0.34729,
        "ndcg_at_25": 0.36103,
        "ndcg_at_50": 0.39582,
        "ndcg_at_100": 0.42739,
        "ndcg_at_1000": 0.4575,
        "map_at_1": 0.13468,
        "map_at_3": 0.19085,
        "map_at_5": 0.20777,
        "map_at_10": 0.23478,
        "map_at_20": 0.24922,
        "map_at_25": 0.25313,
        "map_at_50": 0.26014,
        "map_at_100": 0.26539,
        "map_at_1000": 0.26837,
        "recall_at_1": 0.13468,
        "recall_at_3": 0.23772,
        "recall_at_5": 0.30485,
        "recall_at_10": 0.43733,
        "recall_at_20": 0.53259,
        "recall_at_25": 0.57942,
        "recall_at_50": 0.71556,
        "recall_at_100": 0.84928,
        "recall_at_1000": 1.0,
        "accuracy": 0.13468,
        "precision_at_1": 0.21324,
        "precision_at_3": 0.13971,
        "precision_at_5": 0.11618,
        "precision_at_10": 0.09485,
        "precision_at_20": 0.06397,
        "precision_at_25": 0.05676,
        "precision_at_50": 0.03662,
        "precision_at_100": 0.02309,
        "precision_at_1000": 0.00286,
        "mrr_at_1": 0.213235,
        "mrr_at_3": 0.269608,
        "mrr_at_5": 0.301593,
        "mrr_at_10": 0.321213,
        "mrr_at_20": 0.326934,
        "mrr_at_25": 0.328542,
        "mrr_at_50": 0.33153,
        "mrr_at_100": 0.332574,
        "mrr_at_1000": 0.33302,
        "nauc_ndcg_at_1_max": 0.15814,
        "nauc_ndcg_at_1_std": -0.107414,
        "nauc_ndcg_at_1_diff1": 0.458883,
        "nauc_ndcg_at_3_max": 0.037899,
        "nauc_ndcg_at_3_std": -0.186175,
        "nauc_ndcg_at_3_diff1": 0.367388,
        "nauc_ndcg_at_5_max": 0.065264,
        "nauc_ndcg_at_5_std": -0.161648,
        "nauc_ndcg_at_5_diff1": 0.312542,
        "nauc_ndcg_at_10_max": 0.069413,
        "nauc_ndcg_at_10_std": -0.166305,
        "nauc_ndcg_at_10_diff1": 0.273442,
        "nauc_ndcg_at_20_max": 0.093975,
        "nauc_ndcg_at_20_std": -0.139415,
        "nauc_ndcg_at_20_diff1": 0.260532,
        "nauc_ndcg_at_25_max": 0.109912,
        "nauc_ndcg_at_25_std": -0.120308,
        "nauc_ndcg_at_25_diff1": 0.282933,
        "nauc_ndcg_at_50_max": 0.144241,
        "nauc_ndcg_at_50_std": -0.093222,
        "nauc_ndcg_at_50_diff1": 0.28109,
        "nauc_ndcg_at_100_max": 0.126497,
        "nauc_ndcg_at_100_std": -0.096248,
        "nauc_ndcg_at_100_diff1": 0.282266,
        "nauc_ndcg_at_1000_max": 0.120567,
        "nauc_ndcg_at_1000_std": -0.103973,
        "nauc_ndcg_at_1000_diff1": 0.304315,
        "nauc_map_at_1_max": 0.10232,
        "nauc_map_at_1_std": -0.157629,
        "nauc_map_at_1_diff1": 0.463423,
        "nauc_map_at_3_max": 0.020503,
        "nauc_map_at_3_std": -0.207282,
        "nauc_map_at_3_diff1": 0.377046,
        "nauc_map_at_5_max": 0.038439,
        "nauc_map_at_5_std": -0.193301,
        "nauc_map_at_5_diff1": 0.353852,
        "nauc_map_at_10_max": 0.060054,
        "nauc_map_at_10_std": -0.182274,
        "nauc_map_at_10_diff1": 0.333594,
        "nauc_map_at_20_max": 0.073632,
        "nauc_map_at_20_std": -0.171143,
        "nauc_map_at_20_diff1": 0.325015,
        "nauc_map_at_25_max": 0.077462,
        "nauc_map_at_25_std": -0.16499,
        "nauc_map_at_25_diff1": 0.329996,
        "nauc_map_at_50_max": 0.086031,
        "nauc_map_at_50_std": -0.157259,
        "nauc_map_at_50_diff1": 0.329968,
        "nauc_map_at_100_max": 0.085357,
        "nauc_map_at_100_std": -0.156664,
        "nauc_map_at_100_diff1": 0.331532,
        "nauc_map_at_1000_max": 0.085243,
        "nauc_map_at_1000_std": -0.155958,
        "nauc_map_at_1000_diff1": 0.332428,
        "nauc_recall_at_1_max": 0.10232,
        "nauc_recall_at_1_std": -0.157629,
        "nauc_recall_at_1_diff1": 0.463423,
        "nauc_recall_at_3_max": -0.028182,
        "nauc_recall_at_3_std": -0.214403,
        "nauc_recall_at_3_diff1": 0.294321,
        "nauc_recall_at_5_max": 0.011552,
        "nauc_recall_at_5_std": -0.168959,
        "nauc_recall_at_5_diff1": 0.190754,
        "nauc_recall_at_10_max": 0.008739,
        "nauc_recall_at_10_std": -0.180293,
        "nauc_recall_at_10_diff1": 0.103088,
        "nauc_recall_at_20_max": 0.06338,
        "nauc_recall_at_20_std": -0.114102,
        "nauc_recall_at_20_diff1": 0.056962,
        "nauc_recall_at_25_max": 0.111635,
        "nauc_recall_at_25_std": -0.049963,
        "nauc_recall_at_25_diff1": 0.121489,
        "nauc_recall_at_50_max": 0.26026,
        "nauc_recall_at_50_std": 0.060929,
        "nauc_recall_at_50_diff1": 0.090747,
        "nauc_recall_at_100_max": 0.161998,
        "nauc_recall_at_100_std": 0.049533,
        "nauc_recall_at_100_diff1": 0.012468,
        "nauc_recall_at_1000_max": NaN,
        "nauc_recall_at_1000_std": NaN,
        "nauc_recall_at_1000_diff1": NaN,
        "nauc_precision_at_1_max": 0.15814,
        "nauc_precision_at_1_std": -0.107414,
        "nauc_precision_at_1_diff1": 0.458883,
        "nauc_precision_at_3_max": 0.009475,
        "nauc_precision_at_3_std": -0.186146,
        "nauc_precision_at_3_diff1": 0.295486,
        "nauc_precision_at_5_max": 0.168394,
        "nauc_precision_at_5_std": -0.052286,
        "nauc_precision_at_5_diff1": 0.193957,
        "nauc_precision_at_10_max": 0.197143,
        "nauc_precision_at_10_std": 0.014087,
        "nauc_precision_at_10_diff1": 0.043929,
        "nauc_precision_at_20_max": 0.23802,
        "nauc_precision_at_20_std": 0.109747,
        "nauc_precision_at_20_diff1": 0.004926,
        "nauc_precision_at_25_max": 0.266079,
        "nauc_precision_at_25_std": 0.162171,
        "nauc_precision_at_25_diff1": 0.042625,
        "nauc_precision_at_50_max": 0.300806,
        "nauc_precision_at_50_std": 0.261987,
        "nauc_precision_at_50_diff1": -0.045089,
        "nauc_precision_at_100_max": 0.219359,
        "nauc_precision_at_100_std": 0.272928,
        "nauc_precision_at_100_diff1": -0.079708,
        "nauc_precision_at_1000_max": 0.143584,
        "nauc_precision_at_1000_std": 0.25635,
        "nauc_precision_at_1000_diff1": -0.091793,
        "nauc_mrr_at_1_max": 0.15814,
        "nauc_mrr_at_1_std": -0.107414,
        "nauc_mrr_at_1_diff1": 0.458883,
        "nauc_mrr_at_3_max": 0.089045,
        "nauc_mrr_at_3_std": -0.144682,
        "nauc_mrr_at_3_diff1": 0.395936,
        "nauc_mrr_at_5_max": 0.126865,
        "nauc_mrr_at_5_std": -0.112145,
        "nauc_mrr_at_5_diff1": 0.358188,
        "nauc_mrr_at_10_max": 0.113997,
        "nauc_mrr_at_10_std": -0.121405,
        "nauc_mrr_at_10_diff1": 0.342784,
        "nauc_mrr_at_20_max": 0.11447,
        "nauc_mrr_at_20_std": -0.118114,
        "nauc_mrr_at_20_diff1": 0.345434,
        "nauc_mrr_at_25_max": 0.117011,
        "nauc_mrr_at_25_std": -0.118031,
        "nauc_mrr_at_25_diff1": 0.350231,
        "nauc_mrr_at_50_max": 0.119686,
        "nauc_mrr_at_50_std": -0.116248,
        "nauc_mrr_at_50_diff1": 0.349872,
        "nauc_mrr_at_100_max": 0.118752,
        "nauc_mrr_at_100_std": -0.116755,
        "nauc_mrr_at_100_diff1": 0.350542,
        "nauc_mrr_at_1000_max": 0.118657,
        "nauc_mrr_at_1000_std": -0.117169,
        "nauc_mrr_at_1000_diff1": 0.351452,
        "hit_rate_at_1": 0.21324,
        "hit_rate_at_3": 0.33824,
        "hit_rate_at_5": 0.47794,
        "hit_rate_at_10": 0.63235,
        "hit_rate_at_20": 0.72059,
        "hit_rate_at_25": 0.75735,
        "hit_rate_at_50": 0.86765,
        "hit_rate_at_100": 0.93382,
        "hit_rate_at_1000": 1.0,
        "R_cap_at_1": 0.213235,
        "R_cap_at_3": 0.254902,
        "R_cap_at_5": 0.310784,
        "R_cap_at_10": 0.437903,
        "R_cap_at_20": 0.532588,
        "R_cap_at_25": 0.579416,
        "R_cap_at_50": 0.71556,
        "R_cap_at_100": 0.849275,