{
  "dataset_revision": "898f2eced48890f19b6a88f1b616e9ca6c5dda1c",
  "task_name": "QASPER",
  "mteb_version": "2.12.39",
  "scores": {
    "test": [
      {
        "ndcg_at_1": 0.30112,
        "ndcg_at_3": 0.40176,
        "ndcg_at_5": 0.44504,
        "ndcg_at_10": 0.50121,
        "ndcg_at_20": 0.54506,
        "ndcg_at_25": 0.55494,
        "ndcg_at_50": 0.57199,
        "ndcg_at_100": 0.57491,
        "ndcg_at_1000": 0.57498,
        "map_at_1": 0.22685,
        "map_at_3": 0.34196,
        "map_at_5": 0.3751,
        "map_at_10": 0.40704,
        "map_at_20": 0.42331,
        "map_at_25": 0.42657,
        "map_at_50": 0.43102,
        "map_at_100": 0.43153,
        "map_at_1000": 0.43154,
        "recall_at_1": 0.22685,
        "recall_at_3": 0.45973,
        "recall_at_5": 0.56846,
        "recall_at_10": 0.72776,
        "recall_at_20": 0.87789,
        "recall_at_25": 0.91399,
        "recall_at_50": 0.9854,
        "recall_at_100": 0.99966,
        "recall_at_1000": 1.0,
        "accuracy": 0.22685,
        "precision_at_1": 0.30112,
        "precision_at_3": 0.21798,
        "precision_at_5": 0.17034,
        "precision_at_10": 0.11498,
        "precision_at_20": 0.07221,
        "precision_at_25": 0.06136,
        "precision_at_50": 0.03404,
        "precision_at_100": 0.01736,
        "precision_at_1000": 0.00174,
        "mrr_at_1": 0.301124,
        "mrr_at_3": 0.411985,
        "mrr_at_5": 0.436779,
        "mrr_at_10": 0.455479,
        "mrr_at_20": 0.464154,
        "mrr_at_25": 0.465139,
        "mrr_at_50": 0.466579,
        "mrr_at_100": 0.466725,
        "mrr_at_1000": 0.466725,
        "nauc_ndcg_at_1_max": 0.071961,
        "nauc_ndcg_at_1_std": 0.017634,
        "nauc_ndcg_at_1_diff1": 0.289688,
        "nauc_ndcg_at_3_max": 0.04044,
        "nauc_ndcg_at_3_std": -0.007509,
        "nauc_ndcg_at_3_diff1": 0.227171,
        "nauc_ndcg_at_5_max": 0.032132,
        "nauc_ndcg_at_5_std": -0.008993,
        "nauc_ndcg_at_5_diff1": 0.21748,
        "nauc_ndcg_at_10_max": 0.045346,
        "nauc_ndcg_at_10_std": 0.013581,
        "nauc_ndcg_at_10_diff1": 0.204023,
        "nauc_ndcg_at_20_max": 0.066465,
        "nauc_ndcg_at_20_std": 0.029608,
        "nauc_ndcg_at_20_diff1": 0.223738,
        "nauc_ndcg_at_25_max": 0.065067,
        "nauc_ndcg_at_25_std": 0.023641,
        "nauc_ndcg_at_25_diff1": 0.228359,
        "nauc_ndcg_at_50_max": 0.066354,
        "nauc_ndcg_at_50_std": 0.021402,
        "nauc_ndcg_at_50_diff1": 0.235679,
        "nauc_ndcg_at_100_max": 0.065952,
        "nauc_ndcg_at_100_std": 0.018582,
        "nauc_ndcg_at_100_diff1": 0.234647,
        "nauc_ndcg_at_1000_max": 0.066336,
        "nauc_ndcg_at_1000_std": 0.018467,
        "nauc_ndcg_at_1000_diff1": 0.234582,
        "nauc_map_at_1_max": 0.047288,
        "nauc_map_at_1_std": 0.004329,
        "nauc_map_at_1_diff1": 0.289924,
        "nauc_map_at_3_max": 0.032049,
        "nauc_map_at_3_std": -0.014086,
        "nauc_map_at_3_diff1": 0.230058,
        "nauc_map_at_5_max": 0.034001,
        "nauc_map_at_5_std": -0.009153,
        "nauc_map_at_5_diff1": 0.226966,
        "nauc_map_at_10_max": 0.045741,
        "nauc_map_at_10_std": 0.008304,
        "nauc_map_at_10_diff1": 0.225047,
        "nauc_map_at_20_max": 0.054006,
        "nauc_map_at_20_std": 0.015411,
        "nauc_map_at_20_diff1": 0.232919,
        "nauc_map_at_25_max": 0.053842,
        "nauc_map_at_25_std": 0.013795,
        "nauc_map_at_25_diff1": 0.234419,
        "nauc_map_at_50_max": 0.056228,
        "nauc_map_at_50_std": 0.014641,
        "nauc_map_at_50_diff1": 0.236101,
        "nauc_map_at_100_max": 0.056521,
        "nauc_map_at_100_std": 0.014453,
        "nauc_map_at_100_diff1": 0.236047,
        "nauc_map_at_1000_max": 0.05656,
        "nauc_map_at_1000_std": 0.014446,
        "nauc_map_at_1000_diff1": 0.236043,
        "nauc_recall_at_1_max": 0.047288,
        "nauc_recall_at_1_std": 0.004329,
        "nauc_recall_at_1_diff1": 0.289924,
        "nauc_recall_at_3_max": -0.007161,
        "nauc_recall_at_3_std": -0.045433,
        "nauc_recall_at_3_diff1": 0.155505,
        "nauc_recall_at_5_max": -0.025673,
        "nauc_recall_at_5_std": -0.048197,
        "nauc_recall_at_5_diff1": 0.141572,
        "nauc_recall_at_10_max": -0.000468,
        "nauc_recall_at_10_std": 0.019756,
        "nauc_recall_at_10_diff1": 0.079798,
        "nauc_recall_at_20_max": 0.097799,
        "nauc_recall_at_20_std": 0.140275,
        "nauc_recall_at_20_diff1": 0.102936,
        "nauc_recall_at_25_max": 0.098615,
        "nauc_recall_at_25_std": 0.122538,
        "nauc_recall_at_25_diff1": 0.124496,
        "nauc_recall_at_50_max": 0.131386,
        "nauc_recall_at_50_std": 0.301078,
        "nauc_recall_at_50_diff1": 0.304382,
        "nauc_recall_at_100_max": -1.219126,
        "nauc_recall_at_100_std": 0.406612,
        "nauc_recall_at_100_diff1": 0.253279,
        "nauc_recall_at_1000_max": NaN,
        "nauc_recall_at_1000_std": NaN,
        "nauc_recall_at_1000_diff1": NaN,
        "nauc_precision_at_1_max": 0.071961,
        "nauc_precision_at_1_std": 0.017634,
        "nauc_precision_at_1_diff1": 0.289688,
        "nauc_precision_at_3_max": 0.060961,
        "nauc_precision_at_3_std": 0.013331,
        "nauc_precision_at_3_diff1": 0.15001,
        "nauc_precision_at_5_max": 0.071322,
        "nauc_precision_at_5_std": 0.038793,
        "nauc_precision_at_5_diff1": 0.107022,
        "nauc_precision_at_10_max": 0.11093,
        "nauc_precision_at_10_std": 0.103155,
        "nauc_precision_at_10_diff1": 0.064822,
        "nauc_precision_at_20_max": 0.149178,
        "nauc_precision_at_20_std": 0.129714,
        "nauc_precision_at_20_diff1": 0.07355,
        "nauc_precision_at_25_max": 0.137677,
        "nauc_precision_at_25_std": 0.108519,
        "nauc_precision_at_25_diff1": 0.066983,
        "nauc_precision_at_50_max": 0.150906,
        "nauc_precision_at_50_std": 0.109676,
        "nauc_precision_at_50_diff1": 0.047934,
        "nauc_precision_at_100_max": 0.151211,
        "nauc_precision_at_100_std": 0.10435,
        "nauc_precision_at_100_diff1": 0.039735,
        "nauc_precision_at_1000_max": 0.152475,
        "nauc_precision_at_1000_std": 0.103597,
        "nauc_precision_at_1000_diff1": 0.039295,
        "nauc_mrr_at_1_max": 0.071961,
        "nauc_mrr_at_1_std": 0.017634,
        "nauc_mrr_at_1_diff1": 0.289688,
        "nauc_mrr_at_3_max": 0.060232,
        "nauc_mrr_at_3_std": 0.004145,
        "nauc_mrr_at_3_diff1": 0.246439,
        "nauc_mrr_at_5_max": 0.060883,
        "nauc_mrr_at_5_std": 0.005532,
        "nauc_mrr_at_5_diff1": 0.243786,
        "nauc_mrr_at_10_max": 0.0668,
        "nauc_mrr_at_10_std": 0.01322,
        "nauc_mrr_at_10_diff1": 0.241873,
        "nauc_mrr_at_20_max": 0.068626,
        "nauc_mrr_at_20_std": 0.014206,
        "nauc_mrr_at_20_diff1": 0.245659,
        "nauc_mrr_at_25_max": 0.068578,
        "nauc_mrr_at_25_std": 0.013814,
        "nauc_mrr_at_25_diff1": 0.24594,
        "nauc_mrr_at_50_max": 0.067865,
        "nauc_mrr_at_50_std": 0.013096,
        "nauc_mrr_at_50_diff1": 0.246385,
        "nauc_mrr_at_100_max": 0.067801,
        "nauc_mrr_at_100_std": 0.012965,
        "nauc_mrr_at_100_diff1": 0.246307,
        "nauc_mrr_at_1000_max": 0.067801,
        "nauc_mrr_at_1000_std": 0.012965,
        "nauc_mrr_at_1000_diff1": 0.246307,
        "hit_rate_at_1": 0.30112,
        "hit_rate_at_3": 0.55281,
        "hit_rate_at_5": 0.66067,
        "hit_rate_at_10": 0.79775,
        "hit_rate_at_20": 0.9221,
        "hit_rate_at_25": 0.94457,
        "hit_rate_at_50": 0.99101,
        "hit_rate_at_100": 1.0,
        "hit_rate_at_1000": 1.0,
        "R_cap_at_1": 0.301124,
        "R_cap_at_3": 0.476654,
        "R_cap_at_5": 0.574357,
        "R_cap_at_10": 0.728449,
        "R_cap_at_20": 0.878021,
        "R_cap_at_25": 0.914055,
        "R_cap_at_50": 0.985395,
        "R_cap_at_100": 0.999663,
        "R_cap_at_1000": 1.0,