{
  "dataset_revision": "6f868e5b4c46a9f04c89f7179ddc7c8f162c1068",
  "task_name": "ToolBench",
  "mteb_version": "2.12.39",
  "scores": {
    "test": [
      {
        "ndcg_at_1": 0.63636,
        "ndcg_at_3": 0.56926,
        "ndcg_at_5": 0.61082,
        "ndcg_at_10": 0.64992,
        "ndcg_at_20": 0.67227,
        "ndcg_at_25": 0.67769,
        "ndcg_at_50": 0.69114,
        "ndcg_at_100": 0.70069,
        "ndcg_at_1000": 0.70917,
        "map_at_1": 0.29683,
        "map_at_3": 0.49587,
        "map_at_5": 0.53715,
        "map_at_10": 0.56354,
        "map_at_20": 0.57308,
        "map_at_25": 0.57473,
        "map_at_50": 0.57784,
        "map_at_100": 0.57928,
        "map_at_1000": 0.57986,
        "recall_at_1": 0.29683,
        "recall_at_3": 0.55147,
        "recall_at_5": 0.64261,
        "recall_at_10": 0.73476,
        "recall_at_20": 0.80117,
        "recall_at_25": 0.82008,
        "recall_at_50": 0.87318,
        "recall_at_100": 0.91711,
        "recall_at_1000": 0.96605,
        "accuracy": 0.29683,
        "precision_at_1": 0.63636,
        "precision_at_3": 0.41091,
        "precision_at_5": 0.292,
        "precision_at_10": 0.16909,
        "precision_at_20": 0.09318,
        "precision_at_25": 0.07644,
        "precision_at_50": 0.04089,
        "precision_at_100": 0.02159,
        "precision_at_1000": 0.00229,
        "mrr_at_1": 0.636364,
        "mrr_at_3": 0.702273,
        "mrr_at_5": 0.7135,
        "mrr_at_10": 0.718084,
        "mrr_at_20": 0.720491,
        "mrr_at_25": 0.721087,
        "mrr_at_50": 0.721907,
        "mrr_at_100": 0.722122,
        "mrr_at_1000": 0.722176,
        "nauc_ndcg_at_1_max": 0.43002,
        "nauc_ndcg_at_1_std": -0.27829,
        "nauc_ndcg_at_1_diff1": 0.568873,
        "nauc_ndcg_at_3_max": 0.419963,
        "nauc_ndcg_at_3_std": -0.246921,
        "nauc_ndcg_at_3_diff1": 0.420699,
        "nauc_ndcg_at_5_max": 0.455239,
        "nauc_ndcg_at_5_std": -0.236326,
        "nauc_ndcg_at_5_diff1": 0.418096,
        "nauc_ndcg_at_10_max": 0.465323,
        "nauc_ndcg_at_10_std": -0.225128,
        "nauc_ndcg_at_10_diff1": 0.427159,
        "nauc_ndcg_at_20_max": 0.469329,
        "nauc_ndcg_at_20_std": -0.211228,
        "nauc_ndcg_at_20_diff1": 0.430923,
        "nauc_ndcg_at_25_max": 0.470167,
        "nauc_ndcg_at_25_std": -0.20793,
        "nauc_ndcg_at_25_diff1": 0.432512,
        "nauc_ndcg_at_50_max": 0.474964,
        "nauc_ndcg_at_50_std": -0.193391,
        "nauc_ndcg_at_50_diff1": 0.432346,
        "nauc_ndcg_at_100_max": 0.472583,
        "nauc_ndcg_at_100_std": -0.189001,
        "nauc_ndcg_at_100_diff1": 0.435302,
        "nauc_ndcg_at_1000_max": 0.467206,
        "nauc_ndcg_at_1000_std": -0.199912,
        "nauc_ndcg_at_1000_diff1": 0.437322,
        "nauc_map_at_1_max": 0.410573,
        "nauc_map_at_1_std": -0.222678,
        "nauc_map_at_1_diff1": 0.552602,
        "nauc_map_at_3_max": 0.408036,
        "nauc_map_at_3_std": -0.236926,
        "nauc_map_at_3_diff1": 0.40091,
        "nauc_map_at_5_max": 0.433755,
        "nauc_map_at_5_std": -0.241492,
        "nauc_map_at_5_diff1": 0.394573,
        "nauc_map_at_10_max": 0.441874,
        "nauc_map_at_10_std": -0.238082,
        "nauc_map_at_10_diff1": 0.399734,
        "nauc_map_at_20_max": 0.443186,
        "nauc_map_at_20_std": -0.233506,
        "nauc_map_at_20_diff1": 0.401818,
        "nauc_map_at_25_max": 0.44319,
        "nauc_map_at_25_std": -0.233039,
        "nauc_map_at_25_diff1": 0.402282,
        "nauc_map_at_50_max": 0.443473,
        "nauc_map_at_50_std": -0.23038,
        "nauc_map_at_50_diff1": 0.402115,
        "nauc_map_at_100_max": 0.443036,
        "nauc_map_at_100_std": -0.229767,
        "nauc_map_at_100_diff1": 0.402446,
        "nauc_map_at_1000_max": 0.442718,
        "nauc_map_at_1000_std": -0.230227,
        "nauc_map_at_1000_diff1": 0.402441,
        "nauc_recall_at_1_max": 0.410573,
        "nauc_recall_at_1_std": -0.222678,
        "nauc_recall_at_1_diff1": 0.552602,
        "nauc_recall_at_3_max": 0.411305,
        "nauc_recall_at_3_std": -0.227651,
        "nauc_recall_at_3_diff1": 0.372017,
        "nauc_recall_at_5_max": 0.468031,
        "nauc_recall_at_5_std": -0.203322,
        "nauc_recall_at_5_diff1": 0.344409,
        "nauc_recall_at_10_max": 0.492961,
        "nauc_recall_at_10_std": -0.167219,
        "nauc_recall_at_10_diff1": 0.355012,
        "nauc_recall_at_20_max": 0.52397,
        "nauc_recall_at_20_std": -0.095954,
        "nauc_recall_at_20_diff1": 0.357156,
        "nauc_recall_at_25_max": 0.533821,
        "nauc_recall_at_25_std": -0.063398,
        "nauc_recall_at_25_diff1": 0.354758,
        "nauc_recall_at_50_max": 0.616034,
        "nauc_recall_at_50_std": 0.099221,
        "nauc_recall_at_50_diff1": 0.336078,
        "nauc_recall_at_100_max": 0.684651,
        "nauc_recall_at_100_std": 0.2951,
        "nauc_recall_at_100_diff1": 0.344552,
        "nauc_recall_at_1000_max": 0.858107,
        "nauc_recall_at_1000_std": 0.537812,
        "nauc_recall_at_1000_diff1": 0.360685,
        "nauc_precision_at_1_max": 0.43002,
        "nauc_precision_at_1_std": -0.27829,
        "nauc_precision_at_1_diff1": 0.568873,
        "nauc_precision_at_3_max": 0.339657,
        "nauc_precision_at_3_std": -0.216171,
        "nauc_precision_at_3_diff1": 0.277993,
        "nauc_precision_at_5_max": 0.336616,
        "nauc_precision_at_5_std": -0.170558,
        "nauc_precision_at_5_diff1": 0.204408,
        "nauc_precision_at_10_max": 0.27798,
        "nauc_precision_at_10_std": -0.106725,
        "nauc_precision_at_10_diff1": 0.150684,
        "nauc_precision_at_20_max": 0.215011,
        "nauc_precision_at_20_std": -0.037717,
        "nauc_precision_at_20_diff1": 0.086208,
        "nauc_precision_at_25_max": 0.189387,
        "nauc_precision_at_25_std": -0.022335,
        "nauc_precision_at_25_diff1": 0.069906,
        "nauc_precision_at_50_max": 0.129817,
        "nauc_precision_at_50_std": 0.053431,
        "nauc_precision_at_50_diff1": 0.006147,
        "nauc_precision_at_100_max": 0.048095,
        "nauc_precision_at_100_std": 0.096894,
        "nauc_precision_at_100_diff1": -0.047582,
        "nauc_precision_at_1000_max": -0.077986,
        "nauc_precision_at_1000_std": 0.072883,
        "nauc_precision_at_1000_diff1": -0.123931,
        "nauc_mrr_at_1_max": 0.43002,
        "nauc_mrr_at_1_std": -0.27829,
        "nauc_mrr_at_1_diff1": 0.568873,
        "nauc_mrr_at_3_max": 0.447707,
        "nauc_mrr_at_3_std": -0.27055,
        "nauc_mrr_at_3_diff1": 0.556133,
        "nauc_mrr_at_5_max": 0.461577,
        "nauc_mrr_at_5_std": -0.253458,
        "nauc_mrr_at_5_diff1": 0.556736,
        "nauc_mrr_at_10_max": 0.461294,
        "nauc_mrr_at_10_std": -0.246722,
        "nauc_mrr_at_10_diff1": 0.555995,
        "nauc_mrr_at_20_max": 0.460677,
        "nauc_mrr_at_20_std": -0.246531,
        "nauc_mrr_at_20_diff1": 0.555296,
        "nauc_mrr_at_25_max": 0.460439,
        "nauc_mrr_at_25_std": -0.246262,
        "nauc_mrr_at_25_diff1": 0.555542,
        "nauc_mrr_at_50_max": 0.460616,
        "nauc_mrr_at_50_std": -0.246104,
        "nauc_mrr_at_50_diff1": 0.555291,
        "nauc_mrr_at_100_max": 0.460399,
        "nauc_mrr_at_100_std": -0.246652,
        "nauc_mrr_at_100_diff1": 0.555325,
        "nauc_mrr_at_1000_max": 0.460363,
        "nauc_mrr_at_1000_std": -0.246761,
        "nauc_mrr_at_1000_diff1": 0.555349,
        "hit_rate_at_1": 0.63636,
        "hit_rate_at_3": 0.78818,
        "hit_rate_at_5": 0.83727,
        "hit_rate_at_10": 0.87273,
        "hit_rate_at_20": 0.90727,
        "hit_rate_at_25": 0.92091,
        "hit_rate_at_50": 0.94909,
        "hit_rate_at_100": 0.96364,
        "hit_rate_at_1000": 0.97727,
        "R_cap_at_1": 0.636364,
        "R_cap_at_3": 0.562576,
        "R_cap_at_5": 0.643,
        "R_cap_at_10": 0.734758,
        "R_cap_at_20": 0.801167,
        "R_cap_at_25": 0.820076,
        "R_cap_at_50": 0.873182,
        "R_cap_at_100": 0.917106,