{
  "dataset_revision": "6757300d912abd580dda453bced37cb7f5b44c78",
  "task_name": "ESGReports",
  "mteb_version": "2.12.39",
  "scores": {
    "test": [
      {
        "ndcg_at_1": 0.22222,
        "ndcg_at_3": 0.25937,
        "ndcg_at_5": 0.30228,
        "ndcg_at_10": 0.32363,
        "ndcg_at_20": 0.35273,
        "ndcg_at_25": 0.37518,
        "ndcg_at_50": 0.42683,
        "ndcg_at_100": 0.45049,
        "ndcg_at_1000": 0.45924,
        "map_at_1": 0.18148,
        "map_at_3": 0.22299,
        "map_at_5": 0.25772,
        "map_at_10": 0.26705,
        "map_at_20": 0.27525,
        "map_at_25": 0.28055,
        "map_at_50": 0.29241,
        "map_at_100": 0.2965,
        "map_at_1000": 0.29701,
        "recall_at_1": 0.18148,
        "recall_at_3": 0.26574,
        "recall_at_5": 0.37778,
        "recall_at_10": 0.44583,
        "recall_at_20": 0.53843,
        "recall_at_25": 0.625,
        "recall_at_50": 0.83148,
        "recall_at_100": 0.94444,
        "recall_at_1000": 1.0,
        "accuracy": 0.18148,
        "precision_at_1": 0.22222,
        "precision_at_3": 0.14815,
        "precision_at_5": 0.12778,
        "precision_at_10": 0.075,
        "precision_at_20": 0.04861,
        "precision_at_25": 0.04556,
        "precision_at_50": 0.03278,
        "precision_at_100": 0.01917,
        "precision_at_1000": 0.002,
        "mrr_at_1": 0.222222,
        "mrr_at_3": 0.268519,
        "mrr_at_5": 0.300463,
        "mrr_at_10": 0.306019,
        "mrr_at_20": 0.315643,
        "mrr_at_25": 0.320648,
        "mrr_at_50": 0.324376,
        "mrr_at_100": 0.325244,
        "mrr_at_1000": 0.325692,
        "nauc_ndcg_at_1_max": 0.18804,
        "nauc_ndcg_at_1_std": 0.098986,
        "nauc_ndcg_at_1_diff1": -0.127812,
        "nauc_ndcg_at_3_max": 0.12662,
        "nauc_ndcg_at_3_std": 0.092936,
        "nauc_ndcg_at_3_diff1": -0.079526,
        "nauc_ndcg_at_5_max": 0.26237,
        "nauc_ndcg_at_5_std": 0.152757,
        "nauc_ndcg_at_5_diff1": 0.024158,
        "nauc_ndcg_at_10_max": 0.220527,
        "nauc_ndcg_at_10_std": 0.163369,
        "nauc_ndcg_at_10_diff1": -0.020622,
        "nauc_ndcg_at_20_max": 0.245218,
        "nauc_ndcg_at_20_std": 0.185388,
        "nauc_ndcg_at_20_diff1": -0.039525,
        "nauc_ndcg_at_25_max": 0.211825,
        "nauc_ndcg_at_25_std": 0.186236,
        "nauc_ndcg_at_25_diff1": -0.067733,
        "nauc_ndcg_at_50_max": 0.212899,
        "nauc_ndcg_at_50_std": 0.219062,
        "nauc_ndcg_at_50_diff1": -0.036296,
        "nauc_ndcg_at_100_max": 0.215947,
        "nauc_ndcg_at_100_std": 0.177287,
        "nauc_ndcg_at_100_diff1": -0.066706,
        "nauc_ndcg_at_1000_max": 0.192841,
        "nauc_ndcg_at_1000_std": 0.15773,
        "nauc_ndcg_at_1000_diff1": -0.057992,
        "nauc_map_at_1_max": 0.218934,
        "nauc_map_at_1_std": 0.082967,
        "nauc_map_at_1_diff1": -0.036145,
        "nauc_map_at_3_max": 0.184095,
        "nauc_map_at_3_std": 0.100977,
        "nauc_map_at_3_diff1": -0.060411,
        "nauc_map_at_5_max": 0.233151,
        "nauc_map_at_5_std": 0.123848,
        "nauc_map_at_5_diff1": -0.014266,
        "nauc_map_at_10_max": 0.212529,
        "nauc_map_at_10_std": 0.124427,
        "nauc_map_at_10_diff1": -0.035968,
        "nauc_map_at_20_max": 0.219328,
        "nauc_map_at_20_std": 0.131184,
        "nauc_map_at_20_diff1": -0.04062,
        "nauc_map_at_25_max": 0.21243,
        "nauc_map_at_25_std": 0.132112,
        "nauc_map_at_25_diff1": -0.046812,
        "nauc_map_at_50_max": 0.214073,
        "nauc_map_at_50_std": 0.140707,
        "nauc_map_at_50_diff1": -0.039358,
        "nauc_map_at_100_max": 0.210351,
        "nauc_map_at_100_std": 0.133481,
        "nauc_map_at_100_diff1": -0.044092,
        "nauc_map_at_1000_max": 0.209204,
        "nauc_map_at_1000_std": 0.132401,
        "nauc_map_at_1000_diff1": -0.043819,
        "nauc_recall_at_1_max": 0.218934,
        "nauc_recall_at_1_std": 0.082967,
        "nauc_recall_at_1_diff1": -0.036145,
        "nauc_recall_at_3_max": 0.139797,
        "nauc_recall_at_3_std": 0.102453,
        "nauc_recall_at_3_diff1": -0.057377,
        "nauc_recall_at_5_max": 0.393539,
        "nauc_recall_at_5_std": 0.199338,
        "nauc_recall_at_5_diff1": 0.16933,
        "nauc_recall_at_10_max": 0.262239,
        "nauc_recall_at_10_std": 0.222839,
        "nauc_recall_at_10_diff1": 0.051667,
        "nauc_recall_at_20_max": 0.311798,
        "nauc_recall_at_20_std": 0.268279,
        "nauc_recall_at_20_diff1": -0.009769,
        "nauc_recall_at_25_max": 0.189267,
        "nauc_recall_at_25_std": 0.271851,
        "nauc_recall_at_25_diff1": -0.11263,
        "nauc_recall_at_50_max": 0.270252,
        "nauc_recall_at_50_std": 0.672147,
        "nauc_recall_at_50_diff1": 0.056668,
        "nauc_recall_at_100_max": 0.867647,
        "nauc_recall_at_100_std": 0.709919,
        "nauc_recall_at_100_diff1": -0.404265,
        "nauc_recall_at_1000_max": NaN,
        "nauc_recall_at_1000_std": NaN,
        "nauc_recall_at_1000_diff1": NaN,
        "nauc_precision_at_1_max": 0.18804,
        "nauc_precision_at_1_std": 0.098986,
        "nauc_precision_at_1_diff1": -0.127812,
        "nauc_precision_at_3_max": -0.018583,
        "nauc_precision_at_3_std": 0.105069,
        "nauc_precision_at_3_diff1": -0.100949,
        "nauc_precision_at_5_max": 0.137324,
        "nauc_precision_at_5_std": 0.16392,
        "nauc_precision_at_5_diff1": 0.014388,
        "nauc_precision_at_10_max": 0.038538,
        "nauc_precision_at_10_std": 0.183585,
        "nauc_precision_at_10_diff1": -0.087111,
        "nauc_precision_at_20_max": 0.104028,
        "nauc_precision_at_20_std": 0.242381,
        "nauc_precision_at_20_diff1": -0.121165,
        "nauc_precision_at_25_max": -0.026528,
        "nauc_precision_at_25_std": 0.227874,
        "nauc_precision_at_25_diff1": -0.203858,
        "nauc_precision_at_50_max": -0.132292,
        "nauc_precision_at_50_std": 0.143063,
        "nauc_precision_at_50_diff1": -0.050212,
        "nauc_precision_at_100_max": -0.207201,
        "nauc_precision_at_100_std": -0.011709,
        "nauc_precision_at_100_diff1": -0.124075,
        "nauc_precision_at_1000_max": -0.280157,
        "nauc_precision_at_1000_std": -0.067146,
        "nauc_precision_at_1000_diff1": -0.119634,
        "nauc_mrr_at_1_max": 0.18804,
        "nauc_mrr_at_1_std": 0.098986,
        "nauc_mrr_at_1_diff1": -0.127812,
        "nauc_mrr_at_3_max": 0.130185,
        "nauc_mrr_at_3_std": 0.127137,
        "nauc_mrr_at_3_diff1": -0.149375,
        "nauc_mrr_at_5_max": 0.186595,
        "nauc_mrr_at_5_std": 0.148499,
        "nauc_mrr_at_5_diff1": -0.06723,
        "nauc_mrr_at_10_max": 0.174023,
        "nauc_mrr_at_10_std": 0.150564,
        "nauc_mrr_at_10_diff1": -0.078464,
        "nauc_mrr_at_20_max": 0.184523,
        "nauc_mrr_at_20_std": 0.160906,
        "nauc_mrr_at_20_diff1": -0.08362,
        "nauc_mrr_at_25_max": 0.175957,
        "nauc_mrr_at_25_std": 0.160231,
        "nauc_mrr_at_25_diff1": -0.090386,
        "nauc_mrr_at_50_max": 0.176106,
        "nauc_mrr_at_50_std": 0.157298,
        "nauc_mrr_at_50_diff1": -0.089749,
        "nauc_mrr_at_100_max": 0.178811,
        "nauc_mrr_at_100_std": 0.15594,
        "nauc_mrr_at_100_diff1": -0.089394,
        "nauc_mrr_at_1000_max": 0.177821,
        "nauc_mrr_at_1000_std": 0.155108,
        "nauc_mrr_at_1000_diff1": -0.089118,
        "hit_rate_at_1": 0.22222,
        "hit_rate_at_3": 0.36111,
        "hit_rate_at_5": 0.47222,
        "hit_rate_at_10": 0.55556,
        "hit_rate_at_20": 0.66667,
        "hit_rate_at_25": 0.77778,
        "hit_rate_at_50": 0.88889,
        "hit_rate_at_100": 0.94444,
        "hit_rate_at_1000": 1.0,
        "R_cap_at_1": 0.222222,
        "R_cap_at_3": 0.273148,
        "R_cap_at_5": 0.37963,
        "R_cap_at_10": 0.438889,
        "R_cap_at_20": 0.538426,
        "R_cap_at_25": 0.625,
        "R_cap_at_50": 0.836111,
        "R_cap_at_100": 0.944444,