{
  "dataset_revision": "ebc723b2474ef92d098a47e8f131aa7d3542b7b0",
  "task_name": "LMEBMLDR",
  "mteb_version": "2.12.39",
  "scores": {
    "test": [
      {
        "ndcg_at_1": 0.39,
        "ndcg_at_3": 0.61011,
        "ndcg_at_5": 0.6596,
        "ndcg_at_10": 0.68832,
        "ndcg_at_20": 0.69381,
        "ndcg_at_25": 0.69381,
        "ndcg_at_50": 0.69381,
        "ndcg_at_100": 0.69381,
        "ndcg_at_1000": 0.69381,
        "map_at_1": 0.39,
        "map_at_3": 0.555,
        "map_at_5": 0.5825,
        "map_at_10": 0.59412,
        "map_at_20": 0.59587,
        "map_at_25": 0.59587,
        "map_at_50": 0.59587,
        "map_at_100": 0.59587,
        "map_at_1000": 0.59587,
        "recall_at_1": 0.39,
        "recall_at_3": 0.77,
        "recall_at_5": 0.89,
        "recall_at_10": 0.98,
        "recall_at_20": 1.0,
        "recall_at_25": 1.0,
        "recall_at_50": 1.0,
        "recall_at_100": 1.0,
        "recall_at_1000": 1.0,
        "accuracy": 0.39,
        "precision_at_1": 0.39,
        "precision_at_3": 0.25667,
        "precision_at_5": 0.178,
        "precision_at_10": 0.098,
        "precision_at_20": 0.05,
        "precision_at_25": 0.04,
        "precision_at_50": 0.02,
        "precision_at_100": 0.01,
        "precision_at_1000": 0.001,
        "mrr_at_1": 0.39,
        "mrr_at_3": 0.555,
        "mrr_at_5": 0.5825,
        "mrr_at_10": 0.594123,
        "mrr_at_20": 0.595865,
        "mrr_at_25": 0.595865,
        "mrr_at_50": 0.595865,
        "mrr_at_100": 0.595865,
        "mrr_at_1000": 0.595865,
        "nauc_ndcg_at_1_max": 0.091304,
        "nauc_ndcg_at_1_std": -0.123407,
        "nauc_ndcg_at_1_diff1": 0.223352,
        "nauc_ndcg_at_3_max": 0.045898,
        "nauc_ndcg_at_3_std": -0.091375,
        "nauc_ndcg_at_3_diff1": 0.244883,
        "nauc_ndcg_at_5_max": 0.086813,
        "nauc_ndcg_at_5_std": -0.073991,
        "nauc_ndcg_at_5_diff1": 0.225826,
        "nauc_ndcg_at_10_max": 0.100618,
        "nauc_ndcg_at_10_std": -0.114208,
        "nauc_ndcg_at_10_diff1": 0.236651,
        "nauc_ndcg_at_20_max": 0.077958,
        "nauc_ndcg_at_20_std": -0.104933,
        "nauc_ndcg_at_20_diff1": 0.237723,
        "nauc_ndcg_at_25_max": 0.077958,
        "nauc_ndcg_at_25_std": -0.104933,
        "nauc_ndcg_at_25_diff1": 0.237723,
        "nauc_ndcg_at_50_max": 0.077958,
        "nauc_ndcg_at_50_std": -0.104933,
        "nauc_ndcg_at_50_diff1": 0.237723,
        "nauc_ndcg_at_100_max": 0.077958,
        "nauc_ndcg_at_100_std": -0.104933,
        "nauc_ndcg_at_100_diff1": 0.237723,
        "nauc_ndcg_at_1000_max": 0.077958,
        "nauc_ndcg_at_1000_std": -0.104933,
        "nauc_ndcg_at_1000_diff1": 0.237723,
        "nauc_map_at_1_max": 0.091304,
        "nauc_map_at_1_std": -0.123407,
        "nauc_map_at_1_diff1": 0.223352,
        "nauc_map_at_3_max": 0.056833,
        "nauc_map_at_3_std": -0.101476,
        "nauc_map_at_3_diff1": 0.238714,
        "nauc_map_at_5_max": 0.077488,
        "nauc_map_at_5_std": -0.096681,
        "nauc_map_at_5_diff1": 0.23071,
        "nauc_map_at_10_max": 0.082375,
        "nauc_map_at_10_std": -0.109767,
        "nauc_map_at_10_diff1": 0.236163,
        "nauc_map_at_20_max": 0.076744,
        "nauc_map_at_20_std": -0.10725,
        "nauc_map_at_20_diff1": 0.236354,
        "nauc_map_at_25_max": 0.076744,
        "nauc_map_at_25_std": -0.10725,
        "nauc_map_at_25_diff1": 0.236354,
        "nauc_map_at_50_max": 0.076744,
        "nauc_map_at_50_std": -0.10725,
        "nauc_map_at_50_diff1": 0.236354,
        "nauc_map_at_100_max": 0.076744,
        "nauc_map_at_100_std": -0.10725,
        "nauc_map_at_100_diff1": 0.236354,
        "nauc_map_at_1000_max": 0.076744,
        "nauc_map_at_1000_std": -0.10725,
        "nauc_map_at_1000_diff1": 0.236354,
        "nauc_recall_at_1_max": 0.091304,
        "nauc_recall_at_1_std": -0.123407,
        "nauc_recall_at_1_diff1": 0.223352,
        "nauc_recall_at_3_max": 0.001746,
        "nauc_recall_at_3_std": -0.04888,
        "nauc_recall_at_3_diff1": 0.270495,
        "nauc_recall_at_5_max": 0.172107,
        "nauc_recall_at_5_std": 0.10914,
        "nauc_recall_at_5_diff1": 0.177734,
        "nauc_recall_at_10_max": 0.934641,
        "nauc_recall_at_10_std": -0.435341,
        "nauc_recall_at_10_diff1": 0.19141,
        "nauc_recall_at_20_max": NaN,
        "nauc_recall_at_20_std": NaN,
        "nauc_recall_at_20_diff1": NaN,
        "nauc_recall_at_25_max": NaN,
        "nauc_recall_at_25_std": NaN,
        "nauc_recall_at_25_diff1": NaN,
        "nauc_recall_at_50_max": NaN,
        "nauc_recall_at_50_std": NaN,
        "nauc_recall_at_50_diff1": NaN,
        "nauc_recall_at_100_max": NaN,
        "nauc_recall_at_100_std": NaN,
        "nauc_recall_at_100_diff1": NaN,
        "nauc_recall_at_1000_max": NaN,
        "nauc_recall_at_1000_std": NaN,
        "nauc_recall_at_1000_diff1": NaN,
        "nauc_precision_at_1_max": 0.091304,
        "nauc_precision_at_1_std": -0.123407,
        "nauc_precision_at_1_diff1": 0.223352,
        "nauc_precision_at_3_max": 0.001746,
        "nauc_precision_at_3_std": -0.04888,
        "nauc_precision_at_3_diff1": 0.270495,
        "nauc_precision_at_5_max": 0.172107,
        "nauc_precision_at_5_std": 0.10914,
        "nauc_precision_at_5_diff1": 0.177734,
        "nauc_precision_at_10_max": 0.934641,
        "nauc_precision_at_10_std": -0.435341,
        "nauc_precision_at_10_diff1": 0.19141,
        "nauc_precision_at_20_max": 1.0,
        "nauc_precision_at_20_std": 1.0,
        "nauc_precision_at_20_diff1": 1.0,
        "nauc_precision_at_25_max": NaN,
        "nauc_precision_at_25_std": NaN,
        "nauc_precision_at_25_diff1": NaN,
        "nauc_precision_at_50_max": NaN,
        "nauc_precision_at_50_std": NaN,
        "nauc_precision_at_50_diff1": NaN,
        "nauc_precision_at_100_max": NaN,
        "nauc_precision_at_100_std": NaN,
        "nauc_precision_at_100_diff1": NaN,
        "nauc_precision_at_1000_max": NaN,
        "nauc_precision_at_1000_std": NaN,
        "nauc_precision_at_1000_diff1": NaN,
        "nauc_mrr_at_1_max": 0.091304,
        "nauc_mrr_at_1_std": -0.123407,
        "nauc_mrr_at_1_diff1": 0.223352,
        "nauc_mrr_at_3_max": 0.056833,
        "nauc_mrr_at_3_std": -0.101476,
        "nauc_mrr_at_3_diff1": 0.238714,
        "nauc_mrr_at_5_max": 0.077488,
        "nauc_mrr_at_5_std": -0.096681,
        "nauc_mrr_at_5_diff1": 0.23071,
        "nauc_mrr_at_10_max": 0.082375,
        "nauc_mrr_at_10_std": -0.109767,
        "nauc_mrr_at_10_diff1": 0.236163,
        "nauc_mrr_at_20_max": 0.076744,
        "nauc_mrr_at_20_std": -0.10725,
        "nauc_mrr_at_20_diff1": 0.236354,
        "nauc_mrr_at_25_max": 0.076744,
        "nauc_mrr_at_25_std": -0.10725,
        "nauc_mrr_at_25_diff1": 0.236354,
        "nauc_mrr_at_50_max": 0.076744,
        "nauc_mrr_at_50_std": -0.10725,
        "nauc_mrr_at_50_diff1": 0.236354,
        "nauc_mrr_at_100_max": 0.076744,
        "nauc_mrr_at_100_std": -0.10725,
        "nauc_mrr_at_100_diff1": 0.236354,
        "nauc_mrr_at_1000_max": 0.076744,
        "nauc_mrr_at_1000_std": -0.10725,
        "nauc_mrr_at_1000_diff1": 0.236354,
        "hit_rate_at_1": 0.39,
        "hit_rate_at_3": 0.77,
        "hit_rate_at_5": 0.89,
        "hit_rate_at_10": 0.98,
        "hit_rate_at_20": 1.0,
        "hit_rate_at_25": 1.0,
        "hit_rate_at_50": 1.0,
        "hit_rate_at_100": 1.0,
        "hit_rate_at_1000": 1.0,
        "R_cap_at_1": 0.39,
        "R_cap_at_3": 0.77,
        "R_cap_at_5": 0.89,
        "R_cap_at_10": 0.98,
        "R_cap_at_20": 1.0,
        "R_cap_at_25": 1.0,
        "R_cap_at_50": 1.0,
        "R_cap_at_100": 1.0,
        "R_cap_at_1000": 1.0,
        "main_score": 0.68832,
        "hf_subset": "MLDR",
        "languages": [
          "eng-Latn"
        ],
        "mteb_version": "2.12.39"
      }
    ]
  },
  "evaluation_time": 3.750392198562622,
  "kg_co2_emissions": null,
  "date": 1780465646.920625
}