{
  "dataset_revision": "432cf48c879c2de792720d5c0af6900312ebe7b6",
  "task_name": "LMEB_SciFact",
  "mteb_version": "2.12.39",
  "scores": {
    "test": [
      {
        "ndcg_at_1": 0.53191,
        "ndcg_at_3": 0.57087,
        "ndcg_at_5": 0.62813,
        "ndcg_at_10": 0.69254,
        "ndcg_at_20": 0.71454,
        "ndcg_at_25": 0.71723,
        "ndcg_at_50": 0.72286,
        "ndcg_at_100": 0.72591,
        "ndcg_at_1000": 0.72783,
        "map_at_1": 0.3969,
        "map_at_3": 0.50525,
        "map_at_5": 0.55493,
        "map_at_10": 0.59532,
        "map_at_20": 0.60701,
        "map_at_25": 0.60848,
        "map_at_50": 0.61,
        "map_at_100": 0.61038,
        "map_at_1000": 0.61057,
        "recall_at_1": 0.3969,
        "recall_at_3": 0.58986,
        "recall_at_5": 0.72568,
        "recall_at_10": 0.88437,
        "recall_at_20": 0.94529,
        "recall_at_25": 0.95257,
        "recall_at_50": 0.9734,
        "recall_at_100": 0.98892,
        "recall_at_1000": 1.0,
        "accuracy": 0.3969,
        "precision_at_1": 0.53191,
        "precision_at_3": 0.31028,
        "precision_at_5": 0.2383,
        "precision_at_10": 0.15798,
        "precision_at_20": 0.0883,
        "precision_at_25": 0.07213,
        "precision_at_50": 0.03745,
        "precision_at_100": 0.0191,
        "precision_at_1000": 0.00195,
        "mrr_at_1": 0.531915,
        "mrr_at_3": 0.636525,
        "mrr_at_5": 0.657535,
        "mrr_at_10": 0.671236,
        "mrr_at_20": 0.672873,
        "mrr_at_25": 0.672873,
        "mrr_at_50": 0.67314,
        "mrr_at_100": 0.673289,
        "mrr_at_1000": 0.673306,
        "nauc_ndcg_at_1_max": 0.222618,
        "nauc_ndcg_at_1_std": -0.01431,
        "nauc_ndcg_at_1_diff1": 0.479378,
        "nauc_ndcg_at_3_max": 0.210505,
        "nauc_ndcg_at_3_std": -0.027384,
        "nauc_ndcg_at_3_diff1": 0.420974,
        "nauc_ndcg_at_5_max": 0.253982,
        "nauc_ndcg_at_5_std": -0.099777,
        "nauc_ndcg_at_5_diff1": 0.464279,
        "nauc_ndcg_at_10_max": 0.286932,
        "nauc_ndcg_at_10_std": -0.105642,
        "nauc_ndcg_at_10_diff1": 0.450476,
        "nauc_ndcg_at_20_max": 0.292648,
        "nauc_ndcg_at_20_std": -0.042325,
        "nauc_ndcg_at_20_diff1": 0.440531,
        "nauc_ndcg_at_25_max": 0.295624,
        "nauc_ndcg_at_25_std": -0.02473,
        "nauc_ndcg_at_25_diff1": 0.433857,
        "nauc_ndcg_at_50_max": 0.284359,
        "nauc_ndcg_at_50_std": -0.025144,
        "nauc_ndcg_at_50_diff1": 0.431484,
        "nauc_ndcg_at_100_max": 0.27794,
        "nauc_ndcg_at_100_std": -0.018997,
        "nauc_ndcg_at_100_diff1": 0.436646,
        "nauc_ndcg_at_1000_max": 0.270667,
        "nauc_ndcg_at_1000_std": -0.020995,
        "nauc_ndcg_at_1000_diff1": 0.433951,
        "nauc_map_at_1_max": 0.143415,
        "nauc_map_at_1_std": -0.133205,
        "nauc_map_at_1_diff1": 0.510126,
        "nauc_map_at_3_max": 0.180317,
        "nauc_map_at_3_std": -0.095701,
        "nauc_map_at_3_diff1": 0.460477,
        "nauc_map_at_5_max": 0.21435,
        "nauc_map_at_5_std": -0.124543,
        "nauc_map_at_5_diff1": 0.475674,
        "nauc_map_at_10_max": 0.230514,
        "nauc_map_at_10_std": -0.121415,
        "nauc_map_at_10_diff1": 0.46151,
        "nauc_map_at_20_max": 0.236974,
        "nauc_map_at_20_std": -0.09065,
        "nauc_map_at_20_diff1": 0.459298,
        "nauc_map_at_25_max": 0.238899,
        "nauc_map_at_25_std": -0.083032,
        "nauc_map_at_25_diff1": 0.456649,
        "nauc_map_at_50_max": 0.237292,
        "nauc_map_at_50_std": -0.081768,
        "nauc_map_at_50_diff1": 0.455757,
        "nauc_map_at_100_max": 0.236543,
        "nauc_map_at_100_std": -0.081297,
        "nauc_map_at_100_diff1": 0.456046,
        "nauc_map_at_1000_max": 0.235998,
        "nauc_map_at_1000_std": -0.081263,
        "nauc_map_at_1000_diff1": 0.455876,
        "nauc_recall_at_1_max": 0.143415,
        "nauc_recall_at_1_std": -0.133205,
        "nauc_recall_at_1_diff1": 0.510126,
        "nauc_recall_at_3_max": 0.17405,
        "nauc_recall_at_3_std": -0.072886,
        "nauc_recall_at_3_diff1": 0.390617,
        "nauc_recall_at_5_max": 0.253926,
        "nauc_recall_at_5_std": -0.218605,
        "nauc_recall_at_5_diff1": 0.463021,
        "nauc_recall_at_10_max": 0.45053,
        "nauc_recall_at_10_std": -0.394184,
        "nauc_recall_at_10_diff1": 0.426053,
        "nauc_recall_at_20_max": 0.662552,
        "nauc_recall_at_20_std": -0.138052,
        "nauc_recall_at_20_diff1": 0.380375,
        "nauc_recall_at_25_max": 0.753322,
        "nauc_recall_at_25_std": 0.037198,
        "nauc_recall_at_25_diff1": 0.317574,
        "nauc_recall_at_50_max": 0.811531,
        "nauc_recall_at_50_std": -0.056586,
        "nauc_recall_at_50_diff1": 0.281988,
        "nauc_recall_at_100_max": 0.984295,
        "nauc_recall_at_100_std": 0.340629,
        "nauc_recall_at_100_diff1": 0.647837,
        "nauc_recall_at_1000_max": NaN,
        "nauc_recall_at_1000_std": NaN,
        "nauc_recall_at_1000_diff1": NaN,
        "nauc_precision_at_1_max": 0.222618,
        "nauc_precision_at_1_std": -0.01431,
        "nauc_precision_at_1_diff1": 0.479378,
        "nauc_precision_at_3_max": 0.215145,
        "nauc_precision_at_3_std": 0.190238,
        "nauc_precision_at_3_diff1": 0.080694,
        "nauc_precision_at_5_max": 0.228674,
        "nauc_precision_at_5_std": 0.123558,
        "nauc_precision_at_5_diff1": -0.012218,
        "nauc_precision_at_10_max": 0.165531,
        "nauc_precision_at_10_std": 0.202456,
        "nauc_precision_at_10_diff1": -0.216456,
        "nauc_precision_at_20_max": 0.124953,
        "nauc_precision_at_20_std": 0.342055,
        "nauc_precision_at_20_diff1": -0.282081,
        "nauc_precision_at_25_max": 0.124587,
        "nauc_precision_at_25_std": 0.378528,
        "nauc_precision_at_25_diff1": -0.296987,
        "nauc_precision_at_50_max": 0.079097,
        "nauc_precision_at_50_std": 0.386695,
        "nauc_precision_at_50_diff1": -0.324064,
        "nauc_precision_at_100_max": 0.050995,
        "nauc_precision_at_100_std": 0.401189,
        "nauc_precision_at_100_diff1": -0.33015,
        "nauc_precision_at_1000_max": 0.013758,
        "nauc_precision_at_1000_std": 0.38827,
        "nauc_precision_at_1000_diff1": -0.341481,
        "nauc_mrr_at_1_max": 0.222618,
        "nauc_mrr_at_1_std": -0.01431,
        "nauc_mrr_at_1_diff1": 0.479378,
        "nauc_mrr_at_3_max": 0.279622,
        "nauc_mrr_at_3_std": 0.053696,
        "nauc_mrr_at_3_diff1": 0.396673,
        "nauc_mrr_at_5_max": 0.294626,
        "nauc_mrr_at_5_std": 0.035243,
        "nauc_mrr_at_5_diff1": 0.421817,
        "nauc_mrr_at_10_max": 0.288301,
        "nauc_mrr_at_10_std": 0.026676,
        "nauc_mrr_at_10_diff1": 0.428253,
        "nauc_mrr_at_20_max": 0.28459,
        "nauc_mrr_at_20_std": 0.027169,
        "nauc_mrr_at_20_diff1": 0.426384,
        "nauc_mrr_at_25_max": 0.28459,
        "nauc_mrr_at_25_std": 0.027169,
        "nauc_mrr_at_25_diff1": 0.426384,
        "nauc_mrr_at_50_max": 0.283907,
        "nauc_mrr_at_50_std": 0.027333,
        "nauc_mrr_at_50_diff1": 0.425918,
        "nauc_mrr_at_100_max": 0.283776,
        "nauc_mrr_at_100_std": 0.027786,
        "nauc_mrr_at_100_diff1": 0.426271,
        "nauc_mrr_at_1000_max": 0.283728,
        "nauc_mrr_at_1000_std": 0.027751,
        "nauc_mrr_at_1000_diff1": 0.426263,
        "hit_rate_at_1": 0.53191,
        "hit_rate_at_3": 0.76064,
        "hit_rate_at_5": 0.85638,
        "hit_rate_at_10": 0.95213,
        "hit_rate_at_20": 0.9734,
        "hit_rate_at_25": 0.9734,
        "hit_rate_at_50": 0.98404,
        "hit_rate_at_100": 0.99468,
        "hit_rate_at_1000": 1.0,
        "R_cap_at_1": 0.531915,
        "R_cap_at_3": 0.610816,
        "R_cap_at_5": 0.729787,
        "R_cap_at_10": 0.884638,
        "R_cap_at_20": 0.945289,
        "R_cap_at_25": 0.952571,
        "R_cap_at_50": 0.973404,
        "R_cap_at_100": 0.988918,
        "R_cap_at_1000": 1.0,