{
  "dataset_revision": "df52bb043564336892a1eb9127559130fcb0e62c",
  "task_name": "LooGLE",
  "mteb_version": "2.12.39",
  "scores": {
    "test": [
      {
        "ndcg_at_1": 0.22071,
        "ndcg_at_3": 0.21165,
        "ndcg_at_5": 0.23788,
        "ndcg_at_10": 0.28835,
        "ndcg_at_20": 0.34078,
        "ndcg_at_25": 0.35638,
        "ndcg_at_50": 0.40348,
        "ndcg_at_100": 0.43873,
        "ndcg_at_1000": 0.45367,
        "map_at_1": 0.08852,
        "map_at_3": 0.14722,
        "map_at_5": 0.17125,
        "map_at_10": 0.19713,
        "map_at_20": 0.21646,
        "map_at_25": 0.22127,
        "map_at_50": 0.23251,
        "map_at_100": 0.23835,
        "map_at_1000": 0.24001,
        "recall_at_1": 0.08852,
        "recall_at_3": 0.1952,
        "recall_at_5": 0.26768,
        "recall_at_10": 0.38614,
        "recall_at_20": 0.53661,
        "recall_at_25": 0.58674,
        "recall_at_50": 0.76327,
        "recall_at_100": 0.91758,
        "recall_at_1000": 0.99286,
        "accuracy": 0.08852,
        "precision_at_1": 0.22071,
        "precision_at_3": 0.17136,
        "precision_at_5": 0.14296,
        "precision_at_10": 0.10527,
        "precision_at_20": 0.07498,
        "precision_at_25": 0.06652,
        "precision_at_50": 0.04407,
        "precision_at_100": 0.0268,
        "precision_at_1000": 0.00291,
        "mrr_at_1": 0.222525,
        "mrr_at_3": 0.304874,
        "mrr_at_5": 0.327626,
        "mrr_at_10": 0.346529,
        "mrr_at_20": 0.357277,
        "mrr_at_25": 0.358994,
        "mrr_at_50": 0.361652,
        "mrr_at_100": 0.362348,
        "mrr_at_1000": 0.362428,
        "nauc_ndcg_at_1_max": 0.15729,
        "nauc_ndcg_at_1_std": 0.036954,
        "nauc_ndcg_at_1_diff1": 0.258099,
        "nauc_ndcg_at_3_max": 0.116113,
        "nauc_ndcg_at_3_std": 0.052179,
        "nauc_ndcg_at_3_diff1": 0.210495,
        "nauc_ndcg_at_5_max": 0.115026,
        "nauc_ndcg_at_5_std": 0.063397,
        "nauc_ndcg_at_5_diff1": 0.203764,
        "nauc_ndcg_at_10_max": 0.126464,
        "nauc_ndcg_at_10_std": 0.08564,
        "nauc_ndcg_at_10_diff1": 0.188897,
        "nauc_ndcg_at_20_max": 0.131739,
        "nauc_ndcg_at_20_std": 0.07627,
        "nauc_ndcg_at_20_diff1": 0.177971,
        "nauc_ndcg_at_25_max": 0.132733,
        "nauc_ndcg_at_25_std": 0.076163,
        "nauc_ndcg_at_25_diff1": 0.174581,
        "nauc_ndcg_at_50_max": 0.140102,
        "nauc_ndcg_at_50_std": 0.064925,
        "nauc_ndcg_at_50_diff1": 0.185427,
        "nauc_ndcg_at_100_max": 0.141656,
        "nauc_ndcg_at_100_std": 0.056649,
        "nauc_ndcg_at_100_diff1": 0.185677,
        "nauc_ndcg_at_1000_max": 0.1479,
        "nauc_ndcg_at_1000_std": 0.058483,
        "nauc_ndcg_at_1000_diff1": 0.188169,
        "nauc_map_at_1_max": 0.109459,
        "nauc_map_at_1_std": 0.061017,
        "nauc_map_at_1_diff1": 0.255933,
        "nauc_map_at_3_max": 0.102991,
        "nauc_map_at_3_std": 0.070075,
        "nauc_map_at_3_diff1": 0.231813,
        "nauc_map_at_5_max": 0.109481,
        "nauc_map_at_5_std": 0.071477,
        "nauc_map_at_5_diff1": 0.223739,
        "nauc_map_at_10_max": 0.114266,
        "nauc_map_at_10_std": 0.085409,
        "nauc_map_at_10_diff1": 0.211413,
        "nauc_map_at_20_max": 0.120348,
        "nauc_map_at_20_std": 0.080893,
        "nauc_map_at_20_diff1": 0.205343,
        "nauc_map_at_25_max": 0.120988,
        "nauc_map_at_25_std": 0.08024,
        "nauc_map_at_25_diff1": 0.202972,
        "nauc_map_at_50_max": 0.123032,
        "nauc_map_at_50_std": 0.074791,
        "nauc_map_at_50_diff1": 0.204685,
        "nauc_map_at_100_max": 0.123046,
        "nauc_map_at_100_std": 0.072372,
        "nauc_map_at_100_diff1": 0.204444,
        "nauc_map_at_1000_max": 0.123994,
        "nauc_map_at_1000_std": 0.072616,
        "nauc_map_at_1000_diff1": 0.204679,
        "nauc_recall_at_1_max": 0.109459,
        "nauc_recall_at_1_std": 0.061017,
        "nauc_recall_at_1_diff1": 0.255933,
        "nauc_recall_at_3_max": 0.070937,
        "nauc_recall_at_3_std": 0.059844,
        "nauc_recall_at_3_diff1": 0.182927,
        "nauc_recall_at_5_max": 0.079434,
        "nauc_recall_at_5_std": 0.064725,
        "nauc_recall_at_5_diff1": 0.163085,
        "nauc_recall_at_10_max": 0.082521,
        "nauc_recall_at_10_std": 0.098235,
        "nauc_recall_at_10_diff1": 0.123199,
        "nauc_recall_at_20_max": 0.071368,
        "nauc_recall_at_20_std": 0.077491,
        "nauc_recall_at_20_diff1": 0.088725,
        "nauc_recall_at_25_max": 0.071616,
        "nauc_recall_at_25_std": 0.080409,
        "nauc_recall_at_25_diff1": 0.078504,
        "nauc_recall_at_50_max": 0.076674,
        "nauc_recall_at_50_std": 0.059154,
        "nauc_recall_at_50_diff1": 0.108465,
        "nauc_recall_at_100_max": 0.04241,
        "nauc_recall_at_100_std": 0.030786,
        "nauc_recall_at_100_diff1": 0.090977,
        "nauc_recall_at_1000_max": 0.053085,
        "nauc_recall_at_1000_std": 0.238183,
        "nauc_recall_at_1000_diff1": -0.069661,
        "nauc_precision_at_1_max": 0.15729,
        "nauc_precision_at_1_std": 0.036954,
        "nauc_precision_at_1_diff1": 0.258099,
        "nauc_precision_at_3_max": 0.137348,
        "nauc_precision_at_3_std": 0.057129,
        "nauc_precision_at_3_diff1": 0.180578,
        "nauc_precision_at_5_max": 0.153564,
        "nauc_precision_at_5_std": 0.057603,
        "nauc_precision_at_5_diff1": 0.141934,
        "nauc_precision_at_10_max": 0.163042,
        "nauc_precision_at_10_std": 0.067891,
        "nauc_precision_at_10_diff1": 0.088099,
        "nauc_precision_at_20_max": 0.160059,
        "nauc_precision_at_20_std": 0.016023,
        "nauc_precision_at_20_diff1": 0.021493,
        "nauc_precision_at_25_max": 0.14557,
        "nauc_precision_at_25_std": 0.003477,
        "nauc_precision_at_25_diff1": -0.003972,
        "nauc_precision_at_50_max": 0.128834,
        "nauc_precision_at_50_std": -0.070426,
        "nauc_precision_at_50_diff1": -0.033655,
        "nauc_precision_at_100_max": 0.107287,
        "nauc_precision_at_100_std": -0.117936,
        "nauc_precision_at_100_diff1": -0.075877,
        "nauc_precision_at_1000_max": 0.106271,
        "nauc_precision_at_1000_std": -0.124836,
        "nauc_precision_at_1000_diff1": -0.09771,
        "nauc_mrr_at_1_max": 0.154718,
        "nauc_mrr_at_1_std": 0.035516,
        "nauc_mrr_at_1_diff1": 0.251207,
        "nauc_mrr_at_3_max": 0.140904,
        "nauc_mrr_at_3_std": 0.041239,
        "nauc_mrr_at_3_diff1": 0.210098,
        "nauc_mrr_at_5_max": 0.147183,
        "nauc_mrr_at_5_std": 0.040372,
        "nauc_mrr_at_5_diff1": 0.205891,
        "nauc_mrr_at_10_max": 0.151683,
        "nauc_mrr_at_10_std": 0.047227,
        "nauc_mrr_at_10_diff1": 0.204158,
        "nauc_mrr_at_20_max": 0.152326,
        "nauc_mrr_at_20_std": 0.045508,
        "nauc_mrr_at_20_diff1": 0.20464,
        "nauc_mrr_at_25_max": 0.151926,
        "nauc_mrr_at_25_std": 0.045394,
        "nauc_mrr_at_25_diff1": 0.205766,
        "nauc_mrr_at_50_max": 0.152669,
        "nauc_mrr_at_50_std": 0.04663,
        "nauc_mrr_at_50_diff1": 0.207238,
        "nauc_mrr_at_100_max": 0.152381,
        "nauc_mrr_at_100_std": 0.046217,
        "nauc_mrr_at_100_diff1": 0.207407,
        "nauc_mrr_at_1000_max": 0.152261,
        "nauc_mrr_at_1000_std": 0.046078,
        "nauc_mrr_at_1000_diff1": 0.207433,
        "hit_rate_at_1": 0.22071,
        "hit_rate_at_3": 0.41235,
        "hit_rate_at_5": 0.52044,
        "hit_rate_at_10": 0.65668,
        "hit_rate_at_20": 0.8129,
        "hit_rate_at_25": 0.84832,
        "hit_rate_at_50": 0.94096,
        "hit_rate_at_100": 0.9891,
        "hit_rate_at_1000": 0.99818,
        "R_cap_at_1": 0.222525,
        "R_cap_at_3": 0.217832,
        "R_cap_at_5": 0.266485,
        "R_cap_at_10": 0.388293,
        "R_cap_at_20": 0.535776,
        "R_cap_at_25": 0.58719,
        "R_cap_at_50": 0.765757,
        "R_cap_at_100": 0.917581,
        "R_cap_at_1000": 0.992861,