{
  "dataset_revision": "6b2010c691a435a7a920088d32e55c898afa97f5",
  "task_name": "PeerQA",
  "mteb_version": "2.12.39",
  "scores": {
    "test": [
      {
        "ndcg_at_1": 0.13971,
        "ndcg_at_3": 0.14805,
        "ndcg_at_5": 0.15463,
        "ndcg_at_10": 0.18235,
        "ndcg_at_20": 0.21367,
        "ndcg_at_25": 0.22786,
        "ndcg_at_50": 0.26773,
        "ndcg_at_100": 0.31761,
        "ndcg_at_1000": 0.36239,
        "map_at_1": 0.07365,
        "map_at_3": 0.11004,
        "map_at_5": 0.1172,
        "map_at_10": 0.12865,
        "map_at_20": 0.13883,
        "map_at_25": 0.14251,
        "map_at_50": 0.14957,
        "map_at_100": 0.15622,
        "map_at_1000": 0.16064,
        "recall_at_1": 0.07365,
        "recall_at_3": 0.14872,
        "recall_at_5": 0.17502,
        "recall_at_10": 0.24328,
        "recall_at_20": 0.33271,
        "recall_at_25": 0.38204,
        "recall_at_50": 0.55014,
        "recall_at_100": 0.77951,
        "recall_at_1000": 1.0,
        "accuracy": 0.07365,
        "precision_at_1": 0.13971,
        "precision_at_3": 0.09559,
        "precision_at_5": 0.07059,
        "precision_at_10": 0.05294,
        "precision_at_20": 0.04081,
        "precision_at_25": 0.03794,
        "precision_at_50": 0.02676,
        "precision_at_100": 0.02,
        "precision_at_1000": 0.00286,
        "mrr_at_1": 0.139706,
        "mrr_at_3": 0.194853,
        "mrr_at_5": 0.208456,
        "mrr_at_10": 0.225341,
        "mrr_at_20": 0.23469,
        "mrr_at_25": 0.236295,
        "mrr_at_50": 0.240851,
        "mrr_at_100": 0.243407,
        "mrr_at_1000": 0.243804,
        "nauc_ndcg_at_1_max": -0.035769,
        "nauc_ndcg_at_1_std": -0.244811,
        "nauc_ndcg_at_1_diff1": 0.198893,
        "nauc_ndcg_at_3_max": -0.077894,
        "nauc_ndcg_at_3_std": -0.231775,
        "nauc_ndcg_at_3_diff1": 0.197527,
        "nauc_ndcg_at_5_max": -0.062251,
        "nauc_ndcg_at_5_std": -0.181817,
        "nauc_ndcg_at_5_diff1": 0.190204,
        "nauc_ndcg_at_10_max": -0.072827,
        "nauc_ndcg_at_10_std": -0.184265,
        "nauc_ndcg_at_10_diff1": 0.219191,
        "nauc_ndcg_at_20_max": -0.032903,
        "nauc_ndcg_at_20_std": -0.13763,
        "nauc_ndcg_at_20_diff1": 0.207448,
        "nauc_ndcg_at_25_max": -0.024523,
        "nauc_ndcg_at_25_std": -0.135556,
        "nauc_ndcg_at_25_diff1": 0.204191,
        "nauc_ndcg_at_50_max": -0.015329,
        "nauc_ndcg_at_50_std": -0.110493,
        "nauc_ndcg_at_50_diff1": 0.187817,
        "nauc_ndcg_at_100_max": -0.011508,
        "nauc_ndcg_at_100_std": -0.126708,
        "nauc_ndcg_at_100_diff1": 0.188189,
        "nauc_ndcg_at_1000_max": -0.024083,
        "nauc_ndcg_at_1000_std": -0.128722,
        "nauc_ndcg_at_1000_diff1": 0.176349,
        "nauc_map_at_1_max": -0.093223,
        "nauc_map_at_1_std": -0.315187,
        "nauc_map_at_1_diff1": 0.294513,
        "nauc_map_at_3_max": -0.090038,
        "nauc_map_at_3_std": -0.242639,
        "nauc_map_at_3_diff1": 0.217705,
        "nauc_map_at_5_max": -0.084917,
        "nauc_map_at_5_std": -0.223389,
        "nauc_map_at_5_diff1": 0.212509,
        "nauc_map_at_10_max": -0.086873,
        "nauc_map_at_10_std": -0.224435,
        "nauc_map_at_10_diff1": 0.228608,
        "nauc_map_at_20_max": -0.067404,
        "nauc_map_at_20_std": -0.204639,
        "nauc_map_at_20_diff1": 0.226859,
        "nauc_map_at_25_max": -0.065606,
        "nauc_map_at_25_std": -0.204611,
        "nauc_map_at_25_diff1": 0.226923,
        "nauc_map_at_50_max": -0.061242,
        "nauc_map_at_50_std": -0.195037,
        "nauc_map_at_50_diff1": 0.225027,
        "nauc_map_at_100_max": -0.059074,
        "nauc_map_at_100_std": -0.19621,
        "nauc_map_at_100_diff1": 0.224348,
        "nauc_map_at_1000_max": -0.059687,
        "nauc_map_at_1000_std": -0.193614,
        "nauc_map_at_1000_diff1": 0.22017,
        "nauc_recall_at_1_max": -0.093223,
        "nauc_recall_at_1_std": -0.315187,
        "nauc_recall_at_1_diff1": 0.294513,
        "nauc_recall_at_3_max": -0.082752,
        "nauc_recall_at_3_std": -0.190415,
        "nauc_recall_at_3_diff1": 0.16801,
        "nauc_recall_at_5_max": -0.062984,
        "nauc_recall_at_5_std": -0.126,
        "nauc_recall_at_5_diff1": 0.142169,
        "nauc_recall_at_10_max": -0.097052,
        "nauc_recall_at_10_std": -0.1412,
        "nauc_recall_at_10_diff1": 0.179803,
        "nauc_recall_at_20_max": -0.024899,
        "nauc_recall_at_20_std": -0.039522,
        "nauc_recall_at_20_diff1": 0.140015,
        "nauc_recall_at_25_max": -0.001144,
        "nauc_recall_at_25_std": -0.040863,
        "nauc_recall_at_25_diff1": 0.134246,
        "nauc_recall_at_50_max": 0.022821,
        "nauc_recall_at_50_std": 0.03658,
        "nauc_recall_at_50_diff1": 0.06475,
        "nauc_recall_at_100_max": 0.055295,
        "nauc_recall_at_100_std": 0.008938,
        "nauc_recall_at_100_diff1": 0.062947,
        "nauc_recall_at_1000_max": NaN,
        "nauc_recall_at_1000_std": NaN,
        "nauc_recall_at_1000_diff1": NaN,
        "nauc_precision_at_1_max": -0.035769,
        "nauc_precision_at_1_std": -0.244811,
        "nauc_precision_at_1_diff1": 0.198893,
        "nauc_precision_at_3_max": -0.088271,
        "nauc_precision_at_3_std": -0.239155,
        "nauc_precision_at_3_diff1": 0.161843,
        "nauc_precision_at_5_max": -0.009784,
        "nauc_precision_at_5_std": -0.094719,
        "nauc_precision_at_5_diff1": 0.153034,
        "nauc_precision_at_10_max": 0.010513,
        "nauc_precision_at_10_std": -0.04313,
        "nauc_precision_at_10_diff1": 0.199545,
        "nauc_precision_at_20_max": 0.124898,
        "nauc_precision_at_20_std": 0.078532,
        "nauc_precision_at_20_diff1": 0.135269,
        "nauc_precision_at_25_max": 0.127592,
        "nauc_precision_at_25_std": 0.08509,
        "nauc_precision_at_25_diff1": 0.111057,
        "nauc_precision_at_50_max": 0.143659,
        "nauc_precision_at_50_std": 0.164789,
        "nauc_precision_at_50_diff1": 0.038213,
        "nauc_precision_at_100_max": 0.128674,
        "nauc_precision_at_100_std": 0.147601,
        "nauc_precision_at_100_diff1": -0.047132,
        "nauc_precision_at_1000_max": 0.053164,
        "nauc_precision_at_1000_std": 0.166972,
        "nauc_precision_at_1000_diff1": -0.163023,
        "nauc_mrr_at_1_max": -0.035769,
        "nauc_mrr_at_1_std": -0.244811,
        "nauc_mrr_at_1_diff1": 0.198893,
        "nauc_mrr_at_3_max": -0.05162,
        "nauc_mrr_at_3_std": -0.221929,
        "nauc_mrr_at_3_diff1": 0.181946,
        "nauc_mrr_at_5_max": -0.026622,
        "nauc_mrr_at_5_std": -0.17253,
        "nauc_mrr_at_5_diff1": 0.179331,
        "nauc_mrr_at_10_max": -0.03559,
        "nauc_mrr_at_10_std": -0.172938,
        "nauc_mrr_at_10_diff1": 0.200026,
        "nauc_mrr_at_20_max": -0.028722,
        "nauc_mrr_at_20_std": -0.165634,
        "nauc_mrr_at_20_diff1": 0.191429,
        "nauc_mrr_at_25_max": -0.025789,
        "nauc_mrr_at_25_std": -0.163344,
        "nauc_mrr_at_25_diff1": 0.189056,
        "nauc_mrr_at_50_max": -0.026328,
        "nauc_mrr_at_50_std": -0.163353,
        "nauc_mrr_at_50_diff1": 0.186172,
        "nauc_mrr_at_100_max": -0.028053,
        "nauc_mrr_at_100_std": -0.166497,
        "nauc_mrr_at_100_diff1": 0.186716,
        "nauc_mrr_at_1000_max": -0.028025,
        "nauc_mrr_at_1000_std": -0.166782,
        "nauc_mrr_at_1000_diff1": 0.187589,
        "hit_rate_at_1": 0.13971,
        "hit_rate_at_3": 0.26471,
        "hit_rate_at_5": 0.32353,
        "hit_rate_at_10": 0.44118,
        "hit_rate_at_20": 0.56618,
        "hit_rate_at_25": 0.60294,
        "hit_rate_at_50": 0.77941,
        "hit_rate_at_100": 0.94118,
        "hit_rate_at_1000": 1.0,
        "R_cap_at_1": 0.139706,
        "R_cap_at_3": 0.160539,
        "R_cap_at_5": 0.177328,
        "R_cap_at_10": 0.243452,
        "R_cap_at_20": 0.336385,
        "R_cap_at_25": 0.382043,
        "R_cap_at_50": 0.548669,