{
  "dataset_revision": "898f2eced48890f19b6a88f1b616e9ca6c5dda1c",
  "task_name": "QASPER",
  "mteb_version": "2.12.39",
  "scores": {
    "test": [
      {
        "ndcg_at_1": 0.19026,
        "ndcg_at_3": 0.26718,
        "ndcg_at_5": 0.31032,
        "ndcg_at_10": 0.37182,
        "ndcg_at_20": 0.42864,
        "ndcg_at_25": 0.44314,
        "ndcg_at_50": 0.47226,
        "ndcg_at_100": 0.47772,
        "ndcg_at_1000": 0.47821,
        "map_at_1": 0.14515,
        "map_at_3": 0.22211,
        "map_at_5": 0.25009,
        "map_at_10": 0.28094,
        "map_at_20": 0.30057,
        "map_at_25": 0.30462,
        "map_at_50": 0.31164,
        "map_at_100": 0.31265,
        "map_at_1000": 0.31272,
        "recall_at_1": 0.14515,
        "recall_at_3": 0.31059,
        "recall_at_5": 0.41718,
        "recall_at_10": 0.59278,
        "recall_at_20": 0.79258,
        "recall_at_25": 0.84977,
        "recall_at_50": 0.97275,
        "recall_at_100": 0.99783,
        "recall_at_1000": 1.0,
        "accuracy": 0.14515,
        "precision_at_1": 0.19026,
        "precision_at_3": 0.14782,
        "precision_at_5": 0.1233,
        "precision_at_10": 0.09154,
        "precision_at_20": 0.06348,
        "precision_at_25": 0.05519,
        "precision_at_50": 0.03312,
        "precision_at_100": 0.01727,
        "precision_at_1000": 0.00174,
        "mrr_at_1": 0.190262,
        "mrr_at_3": 0.277903,
        "mrr_at_5": 0.306217,
        "mrr_at_10": 0.328965,
        "mrr_at_20": 0.340841,
        "mrr_at_25": 0.342778,
        "mrr_at_50": 0.345339,
        "mrr_at_100": 0.345568,
        "mrr_at_1000": 0.345568,
        "nauc_ndcg_at_1_max": 0.073904,
        "nauc_ndcg_at_1_std": 0.006967,
        "nauc_ndcg_at_1_diff1": 0.224777,
        "nauc_ndcg_at_3_max": 0.075263,
        "nauc_ndcg_at_3_std": 0.024301,
        "nauc_ndcg_at_3_diff1": 0.17959,
        "nauc_ndcg_at_5_max": 0.061862,
        "nauc_ndcg_at_5_std": 0.021287,
        "nauc_ndcg_at_5_diff1": 0.168503,
        "nauc_ndcg_at_10_max": 0.058952,
        "nauc_ndcg_at_10_std": 0.027565,
        "nauc_ndcg_at_10_diff1": 0.178082,
        "nauc_ndcg_at_20_max": 0.051627,
        "nauc_ndcg_at_20_std": 0.018009,
        "nauc_ndcg_at_20_diff1": 0.171874,
        "nauc_ndcg_at_25_max": 0.059688,
        "nauc_ndcg_at_25_std": 0.017628,
        "nauc_ndcg_at_25_diff1": 0.17821,
        "nauc_ndcg_at_50_max": 0.070935,
        "nauc_ndcg_at_50_std": 0.020632,
        "nauc_ndcg_at_50_diff1": 0.180266,
        "nauc_ndcg_at_100_max": 0.072285,
        "nauc_ndcg_at_100_std": 0.02104,
        "nauc_ndcg_at_100_diff1": 0.184213,
        "nauc_ndcg_at_1000_max": 0.074416,
        "nauc_ndcg_at_1000_std": 0.021385,
        "nauc_ndcg_at_1000_diff1": 0.184362,
        "nauc_map_at_1_max": 0.07508,
        "nauc_map_at_1_std": 0.017286,
        "nauc_map_at_1_diff1": 0.240906,
        "nauc_map_at_3_max": 0.072344,
        "nauc_map_at_3_std": 0.022532,
        "nauc_map_at_3_diff1": 0.199196,
        "nauc_map_at_5_max": 0.061661,
        "nauc_map_at_5_std": 0.020093,
        "nauc_map_at_5_diff1": 0.187967,
        "nauc_map_at_10_max": 0.063859,
        "nauc_map_at_10_std": 0.026261,
        "nauc_map_at_10_diff1": 0.193173,
        "nauc_map_at_20_max": 0.061657,
        "nauc_map_at_20_std": 0.02202,
        "nauc_map_at_20_diff1": 0.190211,
        "nauc_map_at_25_max": 0.063993,
        "nauc_map_at_25_std": 0.022016,
        "nauc_map_at_25_diff1": 0.191715,
        "nauc_map_at_50_max": 0.067028,
        "nauc_map_at_50_std": 0.022493,
        "nauc_map_at_50_diff1": 0.192572,
        "nauc_map_at_100_max": 0.067316,
        "nauc_map_at_100_std": 0.022555,
        "nauc_map_at_100_diff1": 0.193197,
        "nauc_map_at_1000_max": 0.067563,
        "nauc_map_at_1000_std": 0.022627,
        "nauc_map_at_1000_diff1": 0.19327,
        "nauc_recall_at_1_max": 0.07508,
        "nauc_recall_at_1_std": 0.017286,
        "nauc_recall_at_1_diff1": 0.240906,
        "nauc_recall_at_3_max": 0.065997,
        "nauc_recall_at_3_std": 0.032797,
        "nauc_recall_at_3_diff1": 0.15256,
        "nauc_recall_at_5_max": 0.030491,
        "nauc_recall_at_5_std": 0.024554,
        "nauc_recall_at_5_diff1": 0.122115,
        "nauc_recall_at_10_max": 0.008567,
        "nauc_recall_at_10_std": 0.035877,
        "nauc_recall_at_10_diff1": 0.132737,
        "nauc_recall_at_20_max": -0.058892,
        "nauc_recall_at_20_std": -0.000995,
        "nauc_recall_at_20_diff1": 0.076143,
        "nauc_recall_at_25_max": -0.045141,
        "nauc_recall_at_25_std": -0.013168,
        "nauc_recall_at_25_diff1": 0.097995,
        "nauc_recall_at_50_max": -0.05287,
        "nauc_recall_at_50_std": 3e-06,
        "nauc_recall_at_50_diff1": -0.017409,
        "nauc_recall_at_100_max": -0.857476,
        "nauc_recall_at_100_std": -0.091455,
        "nauc_recall_at_100_diff1": 0.170129,
        "nauc_recall_at_1000_max": NaN,
        "nauc_recall_at_1000_std": NaN,
        "nauc_recall_at_1000_diff1": NaN,
        "nauc_precision_at_1_max": 0.073904,
        "nauc_precision_at_1_std": 0.006967,
        "nauc_precision_at_1_diff1": 0.224777,
        "nauc_precision_at_3_max": 0.079824,
        "nauc_precision_at_3_std": 0.021622,
        "nauc_precision_at_3_diff1": 0.125976,
        "nauc_precision_at_5_max": 0.055514,
        "nauc_precision_at_5_std": 0.013625,
        "nauc_precision_at_5_diff1": 0.087233,
        "nauc_precision_at_10_max": 0.063096,
        "nauc_precision_at_10_std": 0.030687,
        "nauc_precision_at_10_diff1": 0.070275,
        "nauc_precision_at_20_max": 0.048125,
        "nauc_precision_at_20_std": 0.004145,
        "nauc_precision_at_20_diff1": 0.021199,
        "nauc_precision_at_25_max": 0.067835,
        "nauc_precision_at_25_std": 0.006303,
        "nauc_precision_at_25_diff1": 0.020876,
        "nauc_precision_at_50_max": 0.083683,
        "nauc_precision_at_50_std": 0.011306,
        "nauc_precision_at_50_diff1": 0.000886,
        "nauc_precision_at_100_max": 0.08423,
        "nauc_precision_at_100_std": 0.012906,
        "nauc_precision_at_100_diff1": 0.005682,
        "nauc_precision_at_1000_max": 0.091892,
        "nauc_precision_at_1000_std": 0.014263,
        "nauc_precision_at_1000_diff1": 0.007519,
        "nauc_mrr_at_1_max": 0.074257,
        "nauc_mrr_at_1_std": 0.008129,
        "nauc_mrr_at_1_diff1": 0.224777,
        "nauc_mrr_at_3_max": 0.082782,
        "nauc_mrr_at_3_std": 0.015118,
        "nauc_mrr_at_3_diff1": 0.181845,
        "nauc_mrr_at_5_max": 0.080433,
        "nauc_mrr_at_5_std": 0.015516,
        "nauc_mrr_at_5_diff1": 0.179179,
        "nauc_mrr_at_10_max": 0.076589,
        "nauc_mrr_at_10_std": 0.014665,
        "nauc_mrr_at_10_diff1": 0.181585,
        "nauc_mrr_at_20_max": 0.076168,
        "nauc_mrr_at_20_std": 0.014154,
        "nauc_mrr_at_20_diff1": 0.182431,
        "nauc_mrr_at_25_max": 0.076937,
        "nauc_mrr_at_25_std": 0.013734,
        "nauc_mrr_at_25_diff1": 0.183127,
        "nauc_mrr_at_50_max": 0.077451,
        "nauc_mrr_at_50_std": 0.013927,
        "nauc_mrr_at_50_diff1": 0.18287,
        "nauc_mrr_at_100_max": 0.077427,
        "nauc_mrr_at_100_std": 0.013897,
        "nauc_mrr_at_100_diff1": 0.183,
        "nauc_mrr_at_1000_max": 0.077427,
        "nauc_mrr_at_1000_std": 0.013897,
        "nauc_mrr_at_1000_diff1": 0.183,
        "hit_rate_at_1": 0.19026,
        "hit_rate_at_3": 0.39326,
        "hit_rate_at_5": 0.51536,
        "hit_rate_at_10": 0.6839,
        "hit_rate_at_20": 0.85918,
        "hit_rate_at_25": 0.90262,
        "hit_rate_at_50": 0.98502,
        "hit_rate_at_100": 1.0,
        "hit_rate_at_1000": 1.0,
        "R_cap_at_1": 0.190262,
        "R_cap_at_3": 0.322097,
        "R_cap_at_5": 0.423658,
        "R_cap_at_10": 0.59442,
        "R_cap_at_20": 0.792416,
        "R_cap_at_25": 0.849876,
        "R_cap_at_50": 0.973163,
        "R_cap_at_100": 0.997832,
        "R_cap_at_1000": 1.0,
        "main_score": 0.37182,