{
  "dataset_revision": "6f868e5b4c46a9f04c89f7179ddc7c8f162c1068",
  "task_name": "ToolBench",
  "mteb_version": "2.12.39",
  "scores": {
    "test": [
      {
        "ndcg_at_1": 0.33182,
        "ndcg_at_3": 0.30496,
        "ndcg_at_5": 0.33561,
        "ndcg_at_10": 0.36854,
        "ndcg_at_20": 0.39976,
        "ndcg_at_25": 0.40602,
        "ndcg_at_50": 0.42692,
        "ndcg_at_100": 0.44383,
        "ndcg_at_1000": 0.47426,
        "map_at_1": 0.15845,
        "map_at_3": 0.25461,
        "map_at_5": 0.27913,
        "map_at_10": 0.29598,
        "map_at_20": 0.30674,
        "map_at_25": 0.30834,
        "map_at_50": 0.31261,
        "map_at_100": 0.31466,
        "map_at_1000": 0.31631,
        "recall_at_1": 0.15845,
        "recall_at_3": 0.3007,
        "recall_at_5": 0.36555,
        "recall_at_10": 0.44291,
        "recall_at_20": 0.53939,
        "recall_at_25": 0.56098,
        "recall_at_50": 0.64412,
        "recall_at_100": 0.72398,
        "recall_at_1000": 0.91121,
        "accuracy": 0.15845,
        "precision_at_1": 0.33182,
        "precision_at_3": 0.21727,
        "precision_at_5": 0.16036,
        "precision_at_10": 0.09945,
        "precision_at_20": 0.061,
        "precision_at_25": 0.05102,
        "precision_at_50": 0.02962,
        "precision_at_100": 0.0168,
        "precision_at_1000": 0.00215,
        "mrr_at_1": 0.331818,
        "mrr_at_3": 0.396364,
        "mrr_at_5": 0.410182,
        "mrr_at_10": 0.423161,
        "mrr_at_20": 0.429867,
        "mrr_at_25": 0.430914,
        "mrr_at_50": 0.432782,
        "mrr_at_100": 0.433651,
        "mrr_at_1000": 0.434003,
        "nauc_ndcg_at_1_max": 0.343171,
        "nauc_ndcg_at_1_std": -0.076447,
        "nauc_ndcg_at_1_diff1": 0.423354,
        "nauc_ndcg_at_3_max": 0.3506,
        "nauc_ndcg_at_3_std": -0.07147,
        "nauc_ndcg_at_3_diff1": 0.335354,
        "nauc_ndcg_at_5_max": 0.356114,
        "nauc_ndcg_at_5_std": -0.069861,
        "nauc_ndcg_at_5_diff1": 0.327878,
        "nauc_ndcg_at_10_max": 0.356143,
        "nauc_ndcg_at_10_std": -0.05827,
        "nauc_ndcg_at_10_diff1": 0.323618,
        "nauc_ndcg_at_20_max": 0.361896,
        "nauc_ndcg_at_20_std": -0.051892,
        "nauc_ndcg_at_20_diff1": 0.313437,
        "nauc_ndcg_at_25_max": 0.366549,
        "nauc_ndcg_at_25_std": -0.042104,
        "nauc_ndcg_at_25_diff1": 0.314375,
        "nauc_ndcg_at_50_max": 0.367131,
        "nauc_ndcg_at_50_std": -0.027672,
        "nauc_ndcg_at_50_diff1": 0.309994,
        "nauc_ndcg_at_100_max": 0.372745,
        "nauc_ndcg_at_100_std": -0.018712,
        "nauc_ndcg_at_100_diff1": 0.310543,
        "nauc_ndcg_at_1000_max": 0.374781,
        "nauc_ndcg_at_1000_std": -0.017131,
        "nauc_ndcg_at_1000_diff1": 0.318226,
        "nauc_map_at_1_max": 0.322446,
        "nauc_map_at_1_std": -0.07152,
        "nauc_map_at_1_diff1": 0.449134,
        "nauc_map_at_3_max": 0.355827,
        "nauc_map_at_3_std": -0.064534,
        "nauc_map_at_3_diff1": 0.342754,
        "nauc_map_at_5_max": 0.362082,
        "nauc_map_at_5_std": -0.064729,
        "nauc_map_at_5_diff1": 0.332689,
        "nauc_map_at_10_max": 0.362013,
        "nauc_map_at_10_std": -0.060256,
        "nauc_map_at_10_diff1": 0.331376,
        "nauc_map_at_20_max": 0.364522,
        "nauc_map_at_20_std": -0.058471,
        "nauc_map_at_20_diff1": 0.327034,
        "nauc_map_at_25_max": 0.366042,
        "nauc_map_at_25_std": -0.055983,
        "nauc_map_at_25_diff1": 0.327342,
        "nauc_map_at_50_max": 0.366009,
        "nauc_map_at_50_std": -0.053152,
        "nauc_map_at_50_diff1": 0.326697,
        "nauc_map_at_100_max": 0.366382,
        "nauc_map_at_100_std": -0.052164,
        "nauc_map_at_100_diff1": 0.326573,
        "nauc_map_at_1000_max": 0.366474,
        "nauc_map_at_1000_std": -0.051338,
        "nauc_map_at_1000_diff1": 0.326654,
        "nauc_recall_at_1_max": 0.322446,
        "nauc_recall_at_1_std": -0.07152,
        "nauc_recall_at_1_diff1": 0.449134,
        "nauc_recall_at_3_max": 0.342241,
        "nauc_recall_at_3_std": -0.065952,
        "nauc_recall_at_3_diff1": 0.296442,
        "nauc_recall_at_5_max": 0.33806,
        "nauc_recall_at_5_std": -0.062554,
        "nauc_recall_at_5_diff1": 0.263033,
        "nauc_recall_at_10_max": 0.33288,
        "nauc_recall_at_10_std": -0.035272,
        "nauc_recall_at_10_diff1": 0.249767,
        "nauc_recall_at_20_max": 0.335705,
        "nauc_recall_at_20_std": -0.011949,
        "nauc_recall_at_20_diff1": 0.207319,
        "nauc_recall_at_25_max": 0.349647,
        "nauc_recall_at_25_std": 0.023121,
        "nauc_recall_at_25_diff1": 0.207873,
        "nauc_recall_at_50_max": 0.345408,
        "nauc_recall_at_50_std": 0.093701,
        "nauc_recall_at_50_diff1": 0.169902,
        "nauc_recall_at_100_max": 0.374632,
        "nauc_recall_at_100_std": 0.162324,
        "nauc_recall_at_100_diff1": 0.15164,
        "nauc_recall_at_1000_max": 0.480498,
        "nauc_recall_at_1000_std": 0.399911,
        "nauc_recall_at_1000_diff1": 0.131104,
        "nauc_precision_at_1_max": 0.343171,
        "nauc_precision_at_1_std": -0.076447,
        "nauc_precision_at_1_diff1": 0.423354,
        "nauc_precision_at_3_max": 0.344661,
        "nauc_precision_at_3_std": -0.06679,
        "nauc_precision_at_3_diff1": 0.2485,
        "nauc_precision_at_5_max": 0.333859,
        "nauc_precision_at_5_std": -0.064568,
        "nauc_precision_at_5_diff1": 0.209435,
        "nauc_precision_at_10_max": 0.305607,
        "nauc_precision_at_10_std": -0.034878,
        "nauc_precision_at_10_diff1": 0.178501,
        "nauc_precision_at_20_max": 0.292462,
        "nauc_precision_at_20_std": -0.009597,
        "nauc_precision_at_20_diff1": 0.123892,
        "nauc_precision_at_25_max": 0.298448,
        "nauc_precision_at_25_std": 0.024681,
        "nauc_precision_at_25_diff1": 0.115303,
        "nauc_precision_at_50_max": 0.247745,
        "nauc_precision_at_50_std": 0.084445,
        "nauc_precision_at_50_diff1": 0.059383,
        "nauc_precision_at_100_max": 0.236429,
        "nauc_precision_at_100_std": 0.145885,
        "nauc_precision_at_100_diff1": 0.013473,
        "nauc_precision_at_1000_max": 0.109715,
        "nauc_precision_at_1000_std": 0.181952,
        "nauc_precision_at_1000_diff1": -0.092431,
        "nauc_mrr_at_1_max": 0.343171,
        "nauc_mrr_at_1_std": -0.076447,
        "nauc_mrr_at_1_diff1": 0.423354,
        "nauc_mrr_at_3_max": 0.340847,
        "nauc_mrr_at_3_std": -0.082467,
        "nauc_mrr_at_3_diff1": 0.386892,
        "nauc_mrr_at_5_max": 0.33735,
        "nauc_mrr_at_5_std": -0.0801,
        "nauc_mrr_at_5_diff1": 0.379502,
        "nauc_mrr_at_10_max": 0.340979,
        "nauc_mrr_at_10_std": -0.073729,
        "nauc_mrr_at_10_diff1": 0.377159,
        "nauc_mrr_at_20_max": 0.342314,
        "nauc_mrr_at_20_std": -0.072586,
        "nauc_mrr_at_20_diff1": 0.375719,
        "nauc_mrr_at_25_max": 0.342273,
        "nauc_mrr_at_25_std": -0.071745,
        "nauc_mrr_at_25_diff1": 0.375967,
        "nauc_mrr_at_50_max": 0.342606,
        "nauc_mrr_at_50_std": -0.071373,
        "nauc_mrr_at_50_diff1": 0.375843,
        "nauc_mrr_at_100_max": 0.342984,
        "nauc_mrr_at_100_std": -0.071036,
        "nauc_mrr_at_100_diff1": 0.376201,
        "nauc_mrr_at_1000_max": 0.34285,
        "nauc_mrr_at_1000_std": -0.071309,
        "nauc_mrr_at_1000_diff1": 0.376503,
        "hit_rate_at_1": 0.33182,
        "hit_rate_at_3": 0.48,
        "hit_rate_at_5": 0.54,
        "hit_rate_at_10": 0.63455,
        "hit_rate_at_20": 0.73364,
        "hit_rate_at_25": 0.75545,
        "hit_rate_at_50": 0.82091,
        "hit_rate_at_100": 0.88273,
        "hit_rate_at_1000": 0.96455,
        "R_cap_at_1": 0.331818,
        "R_cap_at_3": 0.306061,
        "R_cap_at_5": 0.364727,
        "R_cap_at_10": 0.442909,
        "R_cap_at_20": 0.5375,
        "R_cap_at_25": 0.560985,
        "R_cap_at_50": 0.64397,
        "R_cap_at_100": 0.724288,