{
  "dataset_revision": "c22ab2a51041ffd869aaddef7af8d8215647e41a",
  "task_name": "ArguAna",
  "mteb_version": "2.12.32",
  "scores": {
    "test": [
      {
        "ndcg_at_1": 0.17496,
        "ndcg_at_3": 0.29351,
        "ndcg_at_5": 0.34006,
        "ndcg_at_10": 0.39721,
        "ndcg_at_20": 0.43533,
        "ndcg_at_100": 0.45865,
        "ndcg_at_1000": 0.46481,
        "map_at_1": 0.17496,
        "map_at_3": 0.26399,
        "map_at_5": 0.28963,
        "map_at_10": 0.31315,
        "map_at_20": 0.32381,
        "map_at_100": 0.32725,
        "map_at_1000": 0.3275,
        "recall_at_1": 0.17496,
        "recall_at_3": 0.37909,
        "recall_at_5": 0.49289,
        "recall_at_10": 0.66999,
        "recall_at_20": 0.81935,
        "recall_at_100": 0.94168,
        "recall_at_1000": 0.98862,
        "accuracy": 0.17496,
        "precision_at_1": 0.17496,
        "precision_at_3": 0.12636,
        "precision_at_5": 0.09858,
        "precision_at_10": 0.067,
        "precision_at_20": 0.04097,
        "precision_at_100": 0.00942,
        "precision_at_1000": 0.00099,
        "mrr_at_1": 0.176387,
        "mrr_at_3": 0.264343,
        "mrr_at_5": 0.290055,
        "mrr_at_10": 0.313686,
        "mrr_at_20": 0.324343,
        "mrr_at_100": 0.327784,
        "mrr_at_1000": 0.32804,
        "nauc_ndcg_at_1_max": -0.027199,
        "nauc_ndcg_at_1_std": -0.143121,
        "nauc_ndcg_at_1_diff1": 0.13561,
        "nauc_ndcg_at_3_max": 0.002106,
        "nauc_ndcg_at_3_std": -0.107314,
        "nauc_ndcg_at_3_diff1": 0.096911,
        "nauc_ndcg_at_5_max": 0.015305,
        "nauc_ndcg_at_5_std": -0.102574,
        "nauc_ndcg_at_5_diff1": 0.087095,
        "nauc_ndcg_at_10_max": 0.036093,
        "nauc_ndcg_at_10_std": -0.112109,
        "nauc_ndcg_at_10_diff1": 0.071327,
        "nauc_ndcg_at_20_max": 0.043342,
        "nauc_ndcg_at_20_std": -0.115083,
        "nauc_ndcg_at_20_diff1": 0.074354,
        "nauc_ndcg_at_100_max": 0.032735,
        "nauc_ndcg_at_100_std": -0.124666,
        "nauc_ndcg_at_100_diff1": 0.08373,
        "nauc_ndcg_at_1000_max": 0.0254,
        "nauc_ndcg_at_1000_std": -0.117405,
        "nauc_ndcg_at_1000_diff1": 0.085004,
        "nauc_map_at_1_max": -0.027199,
        "nauc_map_at_1_std": -0.143121,
        "nauc_map_at_1_diff1": 0.13561,
        "nauc_map_at_3_max": -0.004916,
        "nauc_map_at_3_std": -0.114964,
        "nauc_map_at_3_diff1": 0.103021,
        "nauc_map_at_5_max": 0.00251,
        "nauc_map_at_5_std": -0.112281,
        "nauc_map_at_5_diff1": 0.097275,
        "nauc_map_at_10_max": 0.01063,
        "nauc_map_at_10_std": -0.116376,
        "nauc_map_at_10_diff1": 0.090707,
        "nauc_map_at_20_max": 0.011891,
        "nauc_map_at_20_std": -0.116925,
        "nauc_map_at_20_diff1": 0.092079,
        "nauc_map_at_100_max": 0.010896,
        "nauc_map_at_100_std": -0.117713,
        "nauc_map_at_100_diff1": 0.093665,
        "nauc_map_at_1000_max": 0.010583,
        "nauc_map_at_1000_std": -0.117453,
        "nauc_map_at_1000_diff1": 0.093664,
        "nauc_recall_at_1_max": -0.027199,
        "nauc_recall_at_1_std": -0.143121,
        "nauc_recall_at_1_diff1": 0.13561,
        "nauc_recall_at_3_max": 0.019825,
        "nauc_recall_at_3_std": -0.088289,
        "nauc_recall_at_3_diff1": 0.082446,
        "nauc_recall_at_5_max": 0.049753,
        "nauc_recall_at_5_std": -0.077417,
        "nauc_recall_at_5_diff1": 0.060985,
        "nauc_recall_at_10_max": 0.127719,
        "nauc_recall_at_10_std": -0.102474,
        "nauc_recall_at_10_diff1": 0.004526,
        "nauc_recall_at_20_max": 0.2289,
        "nauc_recall_at_20_std": -0.118746,
        "nauc_recall_at_20_diff1": -0.019165,
        "nauc_recall_at_100_max": 0.304936,
        "nauc_recall_at_100_std": -0.367264,
        "nauc_recall_at_100_diff1": -0.006982,
        "nauc_recall_at_1000_max": 0.30377,
        "nauc_recall_at_1000_std": -0.230187,
        "nauc_recall_at_1000_diff1": -0.110307,
        "nauc_precision_at_1_max": -0.027199,
        "nauc_precision_at_1_std": -0.143121,
        "nauc_precision_at_1_diff1": 0.13561,
        "nauc_precision_at_3_max": 0.019825,
        "nauc_precision_at_3_std": -0.088289,
        "nauc_precision_at_3_diff1": 0.082446,
        "nauc_precision_at_5_max": 0.049753,
        "nauc_precision_at_5_std": -0.077417,
        "nauc_precision_at_5_diff1": 0.060985,
        "nauc_precision_at_10_max": 0.127719,
        "nauc_precision_at_10_std": -0.102474,
        "nauc_precision_at_10_diff1": 0.004526,
        "nauc_precision_at_20_max": 0.2289,
        "nauc_precision_at_20_std": -0.118746,
        "nauc_precision_at_20_diff1": -0.019165,
        "nauc_precision_at_100_max": 0.304936,
        "nauc_precision_at_100_std": -0.367264,
        "nauc_precision_at_100_diff1": -0.006982,
        "nauc_precision_at_1000_max": 0.30377,
        "nauc_precision_at_1000_std": -0.230187,
        "nauc_precision_at_1000_diff1": -0.110307,
        "nauc_mrr_at_1_max": -0.026472,
        "nauc_mrr_at_1_std": -0.140231,
        "nauc_mrr_at_1_diff1": 0.129333,
        "nauc_mrr_at_3_max": -0.007274,
        "nauc_mrr_at_3_std": -0.114762,
        "nauc_mrr_at_3_diff1": 0.097509,
        "nauc_mrr_at_5_max": -3.2e-05,
        "nauc_mrr_at_5_std": -0.111796,
        "nauc_mrr_at_5_diff1": 0.09182,
        "nauc_mrr_at_10_max": 0.008645,
        "nauc_mrr_at_10_std": -0.116152,
        "nauc_mrr_at_10_diff1": 0.085614,
        "nauc_mrr_at_20_max": 0.009826,
        "nauc_mrr_at_20_std": -0.11669,
        "nauc_mrr_at_20_diff1": 0.08682,
        "nauc_mrr_at_100_max": 0.008808,
        "nauc_mrr_at_100_std": -0.117473,
        "nauc_mrr_at_100_diff1": 0.088338,
        "nauc_mrr_at_1000_max": 0.008493,
        "nauc_mrr_at_1000_std": -0.117214,
        "nauc_mrr_at_1000_diff1": 0.088333,
        "hit_rate_at_1": 0.17496,
        "hit_rate_at_3": 0.37909,
        "hit_rate_at_5": 0.49289,
        "hit_rate_at_10": 0.66999,
        "hit_rate_at_20": 0.81935,
        "hit_rate_at_100": 0.94168,
        "hit_rate_at_1000": 0.98862,
        "main_score": 0.39721,
        "hf_subset": "default",
        "languages": [
          "eng-Latn"
        ],
        "mteb_version": "2.12.32"
      }
    ]
  },
  "evaluation_time": 362.4890866279602,
  "kg_co2_emissions": null,
  "date": null
}