{
  "dataset_revision": "c5691e3c48741d5f83b5cc8e630653d7a8cfc048",
  "task_name": "AskUbuntuDupQuestions",
  "mteb_version": "2.12.32",
  "scores": {
    "test": [
      {
        "ndcg_at_1": 0.62881,
        "ndcg_at_3": 0.60337,
        "ndcg_at_5": 0.5908,
        "ndcg_at_10": 0.64355,
        "ndcg_at_20": 0.75926,
        "ndcg_at_100": 0.75926,
        "ndcg_at_1000": 0.75926,
        "map_at_1": 0.16802,
        "map_at_3": 0.31876,
        "map_at_5": 0.386,
        "map_at_10": 0.48924,
        "map_at_20": 0.59803,
        "map_at_100": 0.59803,
        "map_at_1000": 0.59803,
        "recall_at_1": 0.16802,
        "recall_at_3": 0.37418,
        "recall_at_5": 0.47946,
        "recall_at_10": 0.70188,
        "recall_at_20": 1.0,
        "recall_at_100": 1.0,
        "recall_at_1000": 1.0,
        "accuracy": 0.16802,
        "precision_at_1": 0.62881,
        "precision_at_3": 0.52724,
        "precision_at_5": 0.44432,
        "precision_at_10": 0.35706,
        "precision_at_20": 0.27355,
        "precision_at_100": 0.05471,
        "precision_at_1000": 0.00547,
        "mrr_at_1": 0.628809,
        "mrr_at_3": 0.726685,
        "mrr_at_5": 0.735688,
        "mrr_at_10": 0.745295,
        "mrr_at_20": 0.748743,
        "mrr_at_100": 0.748743,
        "mrr_at_1000": 0.748743,
        "nauc_ndcg_at_1_max": 0.242568,
        "nauc_ndcg_at_1_std": 0.25728,
        "nauc_ndcg_at_1_diff1": 0.284002,
        "nauc_ndcg_at_3_max": 0.258332,
        "nauc_ndcg_at_3_std": 0.245717,
        "nauc_ndcg_at_3_diff1": 0.165453,
        "nauc_ndcg_at_5_max": 0.199495,
        "nauc_ndcg_at_5_std": 0.198611,
        "nauc_ndcg_at_5_diff1": 0.135949,
        "nauc_ndcg_at_10_max": 0.152076,
        "nauc_ndcg_at_10_std": 0.195284,
        "nauc_ndcg_at_10_diff1": 0.155049,
        "nauc_ndcg_at_20_max": 0.229783,
        "nauc_ndcg_at_20_std": 0.230888,
        "nauc_ndcg_at_20_diff1": 0.178547,
        "nauc_ndcg_at_100_max": 0.229783,
        "nauc_ndcg_at_100_std": 0.230888,
        "nauc_ndcg_at_100_diff1": 0.178547,
        "nauc_ndcg_at_1000_max": 0.229783,
        "nauc_ndcg_at_1000_std": 0.230888,
        "nauc_ndcg_at_1000_diff1": 0.178547,
        "nauc_map_at_1_max": 0.006067,
        "nauc_map_at_1_std": -0.014084,
        "nauc_map_at_1_diff1": 0.260814,
        "nauc_map_at_3_max": 0.090355,
        "nauc_map_at_3_std": 0.097667,
        "nauc_map_at_3_diff1": 0.186161,
        "nauc_map_at_5_max": 0.095525,
        "nauc_map_at_5_std": 0.124515,
        "nauc_map_at_5_diff1": 0.155943,
        "nauc_map_at_10_max": 0.125501,
        "nauc_map_at_10_std": 0.166652,
        "nauc_map_at_10_diff1": 0.157695,
        "nauc_map_at_20_max": 0.18525,
        "nauc_map_at_20_std": 0.193634,
        "nauc_map_at_20_diff1": 0.151238,
        "nauc_map_at_100_max": 0.18525,
        "nauc_map_at_100_std": 0.193634,
        "nauc_map_at_100_diff1": 0.151238,
        "nauc_map_at_1000_max": 0.18525,
        "nauc_map_at_1000_std": 0.193634,
        "nauc_map_at_1000_diff1": 0.151238,
        "nauc_recall_at_1_max": 0.006067,
        "nauc_recall_at_1_std": -0.014084,
        "nauc_recall_at_1_diff1": 0.260814,
        "nauc_recall_at_3_max": 0.065227,
        "nauc_recall_at_3_std": 0.066397,
        "nauc_recall_at_3_diff1": 0.124173,
        "nauc_recall_at_5_max": 0.036812,
        "nauc_recall_at_5_std": 0.079094,
        "nauc_recall_at_5_diff1": 0.067739,
        "nauc_recall_at_10_max": -0.02038,
        "nauc_recall_at_10_std": 0.085008,
        "nauc_recall_at_10_diff1": 0.080766,
        "nauc_recall_at_20_max": NaN,
        "nauc_recall_at_20_std": NaN,
        "nauc_recall_at_20_diff1": NaN,
        "nauc_recall_at_100_max": NaN,
        "nauc_recall_at_100_std": NaN,
        "nauc_recall_at_100_diff1": NaN,
        "nauc_recall_at_1000_max": NaN,
        "nauc_recall_at_1000_std": NaN,
        "nauc_recall_at_1000_diff1": NaN,
        "nauc_precision_at_1_max": 0.242568,
        "nauc_precision_at_1_std": 0.25728,
        "nauc_precision_at_1_diff1": 0.284002,
        "nauc_precision_at_3_max": 0.266322,
        "nauc_precision_at_3_std": 0.291079,
        "nauc_precision_at_3_diff1": 0.070549,
        "nauc_precision_at_5_max": 0.214996,
        "nauc_precision_at_5_std": 0.239885,
        "nauc_precision_at_5_diff1": 0.011099,
        "nauc_precision_at_10_max": 0.163464,
        "nauc_precision_at_10_std": 0.17483,
        "nauc_precision_at_10_diff1": -0.022394,
        "nauc_precision_at_20_max": 0.147391,
        "nauc_precision_at_20_std": 0.122066,
        "nauc_precision_at_20_diff1": -0.028047,
        "nauc_precision_at_100_max": 0.147391,
        "nauc_precision_at_100_std": 0.122066,
        "nauc_precision_at_100_diff1": -0.028047,
        "nauc_precision_at_1000_max": 0.147391,
        "nauc_precision_at_1000_std": 0.122066,
        "nauc_precision_at_1000_diff1": -0.028047,
        "nauc_mrr_at_1_max": 0.242568,
        "nauc_mrr_at_1_std": 0.25728,
        "nauc_mrr_at_1_diff1": 0.284002,
        "nauc_mrr_at_3_max": 0.265506,
        "nauc_mrr_at_3_std": 0.245505,
        "nauc_mrr_at_3_diff1": 0.237312,
        "nauc_mrr_at_5_max": 0.265525,
        "nauc_mrr_at_5_std": 0.259156,
        "nauc_mrr_at_5_diff1": 0.238116,
        "nauc_mrr_at_10_max": 0.267368,
        "nauc_mrr_at_10_std": 0.256373,
        "nauc_mrr_at_10_diff1": 0.24845,
        "nauc_mrr_at_20_max": 0.267059,
        "nauc_mrr_at_20_std": 0.256604,
        "nauc_mrr_at_20_diff1": 0.247008,
        "nauc_mrr_at_100_max": 0.267059,
        "nauc_mrr_at_100_std": 0.256604,
        "nauc_mrr_at_100_diff1": 0.247008,
        "nauc_mrr_at_1000_max": 0.267059,
        "nauc_mrr_at_1000_std": 0.256604,
        "nauc_mrr_at_1000_diff1": 0.247008,
        "hit_rate_at_1": 0.62881,
        "hit_rate_at_3": 0.84488,
        "hit_rate_at_5": 0.88643,
        "hit_rate_at_10": 0.95291,
        "hit_rate_at_20": 1.0,
        "hit_rate_at_100": 1.0,
        "hit_rate_at_1000": 1.0,
        "main_score": 0.59803,
        "hf_subset": "default",
        "languages": [
          "eng-Latn"
        ],
        "mteb_version": "2.12.32"
      }
    ]
  },
  "evaluation_time": 201.4632785320282,
  "kg_co2_emissions": null,
  "date": null
}