{
  "dataset_revision": "bb0713ed1ed136b2974fce68df7e26388040b650",
  "task_name": "CIRRIT2IRetrieval",
  "mteb_version": "2.12.32",
  "scores": {
    "test": [
      {
        "ndcg_at_1": 0.02398,
        "ndcg_at_3": 0.15204,
        "ndcg_at_5": 0.18619,
        "ndcg_at_10": 0.22294,
        "ndcg_at_20": 0.24956,
        "ndcg_at_100": 0.29552,
        "ndcg_at_1000": 0.31951,
        "map_at_1": 0.01966,
        "map_at_3": 0.12062,
        "map_at_5": 0.13961,
        "map_at_10": 0.15494,
        "map_at_20": 0.16231,
        "map_at_100": 0.16862,
        "map_at_1000": 0.16956,
        "recall_at_1": 0.01966,
        "recall_at_3": 0.24245,
        "recall_at_5": 0.32518,
        "recall_at_10": 0.43801,
        "recall_at_20": 0.54281,
        "recall_at_100": 0.79113,
        "recall_at_1000": 0.97818,
        "accuracy": 0.01966,
        "precision_at_1": 0.02398,
        "precision_at_3": 0.08409,
        "precision_at_5": 0.06705,
        "precision_at_10": 0.04482,
        "precision_at_20": 0.02766,
        "precision_at_100": 0.00802,
        "precision_at_1000": 0.00099,
        "mrr_at_1": 0.023981,
        "mrr_at_3": 0.121023,
        "mrr_at_5": 0.139932,
        "mrr_at_10": 0.155212,
        "mrr_at_20": 0.162558,
        "mrr_at_100": 0.168877,
        "mrr_at_1000": 0.169815,
        "nauc_ndcg_at_1_max": -0.305643,
        "nauc_ndcg_at_1_std": -0.095004,
        "nauc_ndcg_at_1_diff1": -0.520555,
        "nauc_ndcg_at_3_max": -0.149639,
        "nauc_ndcg_at_3_std": -0.072003,
        "nauc_ndcg_at_3_diff1": -0.214305,
        "nauc_ndcg_at_5_max": -0.13499,
        "nauc_ndcg_at_5_std": -0.068717,
        "nauc_ndcg_at_5_diff1": -0.190332,
        "nauc_ndcg_at_10_max": -0.129226,
        "nauc_ndcg_at_10_std": -0.063729,
        "nauc_ndcg_at_10_diff1": -0.192472,
        "nauc_ndcg_at_20_max": -0.128111,
        "nauc_ndcg_at_20_std": -0.047189,
        "nauc_ndcg_at_20_diff1": -0.19896,
        "nauc_ndcg_at_100_max": -0.140675,
        "nauc_ndcg_at_100_std": -0.025369,
        "nauc_ndcg_at_100_diff1": -0.212805,
        "nauc_ndcg_at_1000_max": -0.142411,
        "nauc_ndcg_at_1000_std": -0.036961,
        "nauc_ndcg_at_1000_diff1": -0.216682,
        "nauc_map_at_1_max": -0.39392,
        "nauc_map_at_1_std": -0.150476,
        "nauc_map_at_1_diff1": -0.516471,
        "nauc_map_at_3_max": -0.15981,
        "nauc_map_at_3_std": -0.075556,
        "nauc_map_at_3_diff1": -0.231892,
        "nauc_map_at_5_max": -0.14877,
        "nauc_map_at_5_std": -0.072729,
        "nauc_map_at_5_diff1": -0.214426,
        "nauc_map_at_10_max": -0.145714,
        "nauc_map_at_10_std": -0.06979,
        "nauc_map_at_10_diff1": -0.215407,
        "nauc_map_at_20_max": -0.145344,
        "nauc_map_at_20_std": -0.063898,
        "nauc_map_at_20_diff1": -0.217725,
        "nauc_map_at_100_max": -0.147568,
        "nauc_map_at_100_std": -0.060652,
        "nauc_map_at_100_diff1": -0.220648,
        "nauc_map_at_1000_max": -0.147743,
        "nauc_map_at_1000_std": -0.060831,
        "nauc_map_at_1000_diff1": -0.220917,
        "nauc_recall_at_1_max": -0.39392,
        "nauc_recall_at_1_std": -0.150476,
        "nauc_recall_at_1_diff1": -0.516471,
        "nauc_recall_at_3_max": -0.134076,
        "nauc_recall_at_3_std": -0.066859,
        "nauc_recall_at_3_diff1": -0.186428,
        "nauc_recall_at_5_max": -0.114001,
        "nauc_recall_at_5_std": -0.06312,
        "nauc_recall_at_5_diff1": -0.152467,
        "nauc_recall_at_10_max": -0.103376,
        "nauc_recall_at_10_std": -0.054348,
        "nauc_recall_at_10_diff1": -0.157494,
        "nauc_recall_at_20_max": -0.099231,
        "nauc_recall_at_20_std": -0.012413,
        "nauc_recall_at_20_diff1": -0.172086,
        "nauc_recall_at_100_max": -0.146653,
        "nauc_recall_at_100_std": 0.126901,
        "nauc_recall_at_100_diff1": -0.221034,
        "nauc_recall_at_1000_max": -0.270842,
        "nauc_recall_at_1000_std": 0.438375,
        "nauc_recall_at_1000_diff1": -0.495234,
        "nauc_precision_at_1_max": -0.305643,
        "nauc_precision_at_1_std": -0.095004,
        "nauc_precision_at_1_diff1": -0.520555,
        "nauc_precision_at_3_max": -0.123466,
        "nauc_precision_at_3_std": -0.055944,
        "nauc_precision_at_3_diff1": -0.204727,
        "nauc_precision_at_5_max": -0.104914,
        "nauc_precision_at_5_std": -0.053311,
        "nauc_precision_at_5_diff1": -0.170575,
        "nauc_precision_at_10_max": -0.095111,
        "nauc_precision_at_10_std": -0.04493,
        "nauc_precision_at_10_diff1": -0.175129,
        "nauc_precision_at_20_max": -0.091126,
        "nauc_precision_at_20_std": -0.004836,
        "nauc_precision_at_20_diff1": -0.190178,
        "nauc_precision_at_100_max": -0.127082,
        "nauc_precision_at_100_std": 0.126331,
        "nauc_precision_at_100_diff1": -0.247715,
        "nauc_precision_at_1000_max": -0.103291,
        "nauc_precision_at_1000_std": 0.285143,
        "nauc_precision_at_1000_diff1": -0.495914,
        "nauc_mrr_at_1_max": -0.305643,
        "nauc_mrr_at_1_std": -0.095004,
        "nauc_mrr_at_1_diff1": -0.520555,
        "nauc_mrr_at_3_max": -0.15902,
        "nauc_mrr_at_3_std": -0.073932,
        "nauc_mrr_at_3_diff1": -0.23348,
        "nauc_mrr_at_5_max": -0.148579,
        "nauc_mrr_at_5_std": -0.071714,
        "nauc_mrr_at_5_diff1": -0.215085,
        "nauc_mrr_at_10_max": -0.145576,
        "nauc_mrr_at_10_std": -0.069072,
        "nauc_mrr_at_10_diff1": -0.216345,
        "nauc_mrr_at_20_max": -0.145142,
        "nauc_mrr_at_20_std": -0.063176,
        "nauc_mrr_at_20_diff1": -0.218636,
        "nauc_mrr_at_100_max": -0.147375,
        "nauc_mrr_at_100_std": -0.059889,
        "nauc_mrr_at_100_diff1": -0.22155,
        "nauc_mrr_at_1000_max": -0.147549,
        "nauc_mrr_at_1000_std": -0.060064,
        "nauc_mrr_at_1000_diff1": -0.221824,
        "hit_rate_at_1": 0.02398,
        "hit_rate_at_3": 0.24269,
        "hit_rate_at_5": 0.32542,
        "hit_rate_at_10": 0.43813,
        "hit_rate_at_20": 0.54293,
        "hit_rate_at_100": 0.79113,
        "hit_rate_at_1000": 0.97818,
        "main_score": 0.22294,
        "hf_subset": "default",
        "languages": [
          "eng-Latn"
        ],
        "mteb_version": "2.12.32"
      }
    ]
  },
  "evaluation_time": 3363.356799840927,
  "kg_co2_emissions": null,
  "date": null
}