{
  "dataset_revision": "3a309e201f3c2c4b13bd4a367a8f37eee2ec1d21",
  "task_name": "ClimateFEVERHardNegatives",
  "mteb_version": "2.12.32",
  "scores": {
    "test": [
      {
        "ndcg_at_1": 0.224,
        "ndcg_at_3": 0.19531,
        "ndcg_at_5": 0.20806,
        "ndcg_at_10": 0.23253,
        "ndcg_at_20": 0.25195,
        "ndcg_at_100": 0.28265,
        "ndcg_at_1000": 0.30789,
        "map_at_1": 0.10195,
        "map_at_3": 0.14234,
        "map_at_5": 0.15397,
        "map_at_10": 0.16513,
        "map_at_20": 0.17101,
        "map_at_100": 0.17622,
        "map_at_1000": 0.17744,
        "recall_at_1": 0.10195,
        "recall_at_3": 0.18098,
        "recall_at_5": 0.21733,
        "recall_at_10": 0.27097,
        "recall_at_20": 0.3258,
        "recall_at_100": 0.44157,
        "recall_at_1000": 0.57895,
        "accuracy": 0.10195,
        "precision_at_1": 0.224,
        "precision_at_3": 0.142,
        "precision_at_5": 0.1062,
        "precision_at_10": 0.0695,
        "precision_at_20": 0.04295,
        "precision_at_100": 0.01235,
        "precision_at_1000": 0.00172,
        "mrr_at_1": 0.224,
        "mrr_at_3": 0.297,
        "mrr_at_5": 0.31185,
        "mrr_at_10": 0.323506,
        "mrr_at_20": 0.330029,
        "mrr_at_100": 0.333533,
        "mrr_at_1000": 0.334071,
        "nauc_ndcg_at_1_max": 0.096581,
        "nauc_ndcg_at_1_std": 0.13042,
        "nauc_ndcg_at_1_diff1": 0.25808,
        "nauc_ndcg_at_3_max": 0.105711,
        "nauc_ndcg_at_3_std": 0.122949,
        "nauc_ndcg_at_3_diff1": 0.263861,
        "nauc_ndcg_at_5_max": 0.10983,
        "nauc_ndcg_at_5_std": 0.126285,
        "nauc_ndcg_at_5_diff1": 0.25504,
        "nauc_ndcg_at_10_max": 0.107599,
        "nauc_ndcg_at_10_std": 0.132541,
        "nauc_ndcg_at_10_diff1": 0.25716,
        "nauc_ndcg_at_20_max": 0.110328,
        "nauc_ndcg_at_20_std": 0.132199,
        "nauc_ndcg_at_20_diff1": 0.252429,
        "nauc_ndcg_at_100_max": 0.113055,
        "nauc_ndcg_at_100_std": 0.143656,
        "nauc_ndcg_at_100_diff1": 0.254196,
        "nauc_ndcg_at_1000_max": 0.117142,
        "nauc_ndcg_at_1000_std": 0.149563,
        "nauc_ndcg_at_1000_diff1": 0.253301,
        "nauc_map_at_1_max": 0.118071,
        "nauc_map_at_1_std": 0.120306,
        "nauc_map_at_1_diff1": 0.306648,
        "nauc_map_at_3_max": 0.115819,
        "nauc_map_at_3_std": 0.112182,
        "nauc_map_at_3_diff1": 0.287734,
        "nauc_map_at_5_max": 0.117896,
        "nauc_map_at_5_std": 0.117239,
        "nauc_map_at_5_diff1": 0.278344,
        "nauc_map_at_10_max": 0.118266,
        "nauc_map_at_10_std": 0.121969,
        "nauc_map_at_10_diff1": 0.280065,
        "nauc_map_at_20_max": 0.120272,
        "nauc_map_at_20_std": 0.123453,
        "nauc_map_at_20_diff1": 0.279188,
        "nauc_map_at_100_max": 0.120692,
        "nauc_map_at_100_std": 0.126628,
        "nauc_map_at_100_diff1": 0.279087,
        "nauc_map_at_1000_max": 0.120969,
        "nauc_map_at_1000_std": 0.127227,
        "nauc_map_at_1000_diff1": 0.279058,
        "nauc_recall_at_1_max": 0.118071,
        "nauc_recall_at_1_std": 0.120306,
        "nauc_recall_at_1_diff1": 0.306648,
        "nauc_recall_at_3_max": 0.104891,
        "nauc_recall_at_3_std": 0.096533,
        "nauc_recall_at_3_diff1": 0.25154,
        "nauc_recall_at_5_max": 0.105894,
        "nauc_recall_at_5_std": 0.107535,
        "nauc_recall_at_5_diff1": 0.225623,
        "nauc_recall_at_10_max": 0.099164,
        "nauc_recall_at_10_std": 0.115889,
        "nauc_recall_at_10_diff1": 0.223782,
        "nauc_recall_at_20_max": 0.097484,
        "nauc_recall_at_20_std": 0.109621,
        "nauc_recall_at_20_diff1": 0.202237,
        "nauc_recall_at_100_max": 0.099918,
        "nauc_recall_at_100_std": 0.142597,
        "nauc_recall_at_100_diff1": 0.194156,
        "nauc_recall_at_1000_max": 0.108328,
        "nauc_recall_at_1000_std": 0.15832,
        "nauc_recall_at_1000_diff1": 0.166706,
        "nauc_precision_at_1_max": 0.096581,
        "nauc_precision_at_1_std": 0.13042,
        "nauc_precision_at_1_diff1": 0.25808,
        "nauc_precision_at_3_max": 0.092632,
        "nauc_precision_at_3_std": 0.149541,
        "nauc_precision_at_3_diff1": 0.206151,
        "nauc_precision_at_5_max": 0.090815,
        "nauc_precision_at_5_std": 0.15486,
        "nauc_precision_at_5_diff1": 0.170032,
        "nauc_precision_at_10_max": 0.075421,
        "nauc_precision_at_10_std": 0.158549,
        "nauc_precision_at_10_diff1": 0.166388,
        "nauc_precision_at_20_max": 0.080493,
        "nauc_precision_at_20_std": 0.142722,
        "nauc_precision_at_20_diff1": 0.131181,
        "nauc_precision_at_100_max": 0.06261,
        "nauc_precision_at_100_std": 0.142376,
        "nauc_precision_at_100_diff1": 0.097171,
        "nauc_precision_at_1000_max": 0.055924,
        "nauc_precision_at_1000_std": 0.12575,
        "nauc_precision_at_1000_diff1": 0.025403,
        "nauc_mrr_at_1_max": 0.096581,
        "nauc_mrr_at_1_std": 0.13042,
        "nauc_mrr_at_1_diff1": 0.25808,
        "nauc_mrr_at_3_max": 0.09263,
        "nauc_mrr_at_3_std": 0.135391,
        "nauc_mrr_at_3_diff1": 0.236601,
        "nauc_mrr_at_5_max": 0.091896,
        "nauc_mrr_at_5_std": 0.138634,
        "nauc_mrr_at_5_diff1": 0.232575,
        "nauc_mrr_at_10_max": 0.089585,
        "nauc_mrr_at_10_std": 0.140268,
        "nauc_mrr_at_10_diff1": 0.23444,
        "nauc_mrr_at_20_max": 0.089261,
        "nauc_mrr_at_20_std": 0.13857,
        "nauc_mrr_at_20_diff1": 0.233109,
        "nauc_mrr_at_100_max": 0.090566,
        "nauc_mrr_at_100_std": 0.139595,
        "nauc_mrr_at_100_diff1": 0.234266,
        "nauc_mrr_at_1000_max": 0.090551,
        "nauc_mrr_at_1000_std": 0.13952,
        "nauc_mrr_at_1000_diff1": 0.234274,
        "hit_rate_at_1": 0.224,
        "hit_rate_at_3": 0.387,
        "hit_rate_at_5": 0.452,
        "hit_rate_at_10": 0.538,
        "hit_rate_at_20": 0.627,
        "hit_rate_at_100": 0.763,
        "hit_rate_at_1000": 0.884,
        "main_score": 0.23253,
        "hf_subset": "default",
        "languages": [
          "eng-Latn"
        ],
        "mteb_version": "2.12.32"
      }
    ]
  },
  "evaluation_time": 2059.7124235630035,
  "kg_co2_emissions": null,
  "date": null
}