{
  "dataset_revision": "c44521cd4067f134e5f5bace4290b59ed773b451",
  "task_name": "ClothoT2ARetrieval",
  "mteb_version": "2.12.32",
  "scores": {
    "test": [
      {
        "ndcg_at_1": 0.20394,
        "ndcg_at_3": 0.28772,
        "ndcg_at_5": 0.3196,
        "ndcg_at_10": 0.35042,
        "ndcg_at_20": 0.37666,
        "ndcg_at_100": 0.40998,
        "ndcg_at_1000": 0.43268,
        "map_at_1": 0.20394,
        "map_at_3": 0.26685,
        "map_at_5": 0.28463,
        "map_at_10": 0.2973,
        "map_at_20": 0.30459,
        "map_at_100": 0.30928,
        "map_at_1000": 0.30995,
        "recall_at_1": 0.20394,
        "recall_at_3": 0.34825,
        "recall_at_5": 0.42525,
        "recall_at_10": 0.52086,
        "recall_at_20": 0.62399,
        "recall_at_100": 0.80233,
        "recall_at_1000": 0.99284,
        "accuracy": 0.20394,
        "precision_at_1": 0.20394,
        "precision_at_3": 0.11608,
        "precision_at_5": 0.08505,
        "precision_at_10": 0.05209,
        "precision_at_20": 0.0312,
        "precision_at_100": 0.00802,
        "precision_at_1000": 0.00099,
        "mrr_at_1": 0.203939,
        "mrr_at_3": 0.266846,
        "mrr_at_5": 0.284634,
        "mrr_at_10": 0.297299,
        "mrr_at_20": 0.30459,
        "mrr_at_100": 0.309281,
        "mrr_at_1000": 0.309951,
        "nauc_ndcg_at_1_max": 0.327013,
        "nauc_ndcg_at_1_std": 0.151773,
        "nauc_ndcg_at_1_diff1": 0.443657,
        "nauc_ndcg_at_3_max": 0.349817,
        "nauc_ndcg_at_3_std": 0.19266,
        "nauc_ndcg_at_3_diff1": 0.391716,
        "nauc_ndcg_at_5_max": 0.366605,
        "nauc_ndcg_at_5_std": 0.213654,
        "nauc_ndcg_at_5_diff1": 0.382587,
        "nauc_ndcg_at_10_max": 0.382575,
        "nauc_ndcg_at_10_std": 0.234201,
        "nauc_ndcg_at_10_diff1": 0.380528,
        "nauc_ndcg_at_20_max": 0.396447,
        "nauc_ndcg_at_20_std": 0.254947,
        "nauc_ndcg_at_20_diff1": 0.380112,
        "nauc_ndcg_at_100_max": 0.418845,
        "nauc_ndcg_at_100_std": 0.285583,
        "nauc_ndcg_at_100_diff1": 0.385802,
        "nauc_ndcg_at_1000_max": 0.393996,
        "nauc_ndcg_at_1000_std": 0.249756,
        "nauc_ndcg_at_1000_diff1": 0.389578,
        "nauc_map_at_1_max": 0.327013,
        "nauc_map_at_1_std": 0.151773,
        "nauc_map_at_1_diff1": 0.443657,
        "nauc_map_at_3_max": 0.344587,
        "nauc_map_at_3_std": 0.182915,
        "nauc_map_at_3_diff1": 0.403574,
        "nauc_map_at_5_max": 0.354139,
        "nauc_map_at_5_std": 0.19508,
        "nauc_map_at_5_diff1": 0.398112,
        "nauc_map_at_10_max": 0.360775,
        "nauc_map_at_10_std": 0.203555,
        "nauc_map_at_10_diff1": 0.397451,
        "nauc_map_at_20_max": 0.364246,
        "nauc_map_at_20_std": 0.208867,
        "nauc_map_at_20_diff1": 0.397524,
        "nauc_map_at_100_max": 0.367225,
        "nauc_map_at_100_std": 0.212907,
        "nauc_map_at_100_diff1": 0.398445,
        "nauc_map_at_1000_max": 0.366785,
        "nauc_map_at_1000_std": 0.212158,
        "nauc_map_at_1000_diff1": 0.398585,
        "nauc_recall_at_1_max": 0.327013,
        "nauc_recall_at_1_std": 0.151773,
        "nauc_recall_at_1_diff1": 0.443657,
        "nauc_recall_at_3_max": 0.363577,
        "nauc_recall_at_3_std": 0.218435,
        "nauc_recall_at_3_diff1": 0.360536,
        "nauc_recall_at_5_max": 0.401216,
        "nauc_recall_at_5_std": 0.264603,
        "nauc_recall_at_5_diff1": 0.341277,
        "nauc_recall_at_10_max": 0.449977,
        "nauc_recall_at_10_std": 0.32788,
        "nauc_recall_at_10_diff1": 0.33273,
        "nauc_recall_at_20_max": 0.517844,
        "nauc_recall_at_20_std": 0.42755,
        "nauc_recall_at_20_diff1": 0.324223,
        "nauc_recall_at_100_max": 0.77735,
        "nauc_recall_at_100_std": 0.786891,
        "nauc_recall_at_100_diff1": 0.337794,
        "nauc_recall_at_1000_max": 0.941182,
        "nauc_recall_at_1000_std": 0.947718,
        "nauc_recall_at_1000_diff1": 0.328667,
        "nauc_precision_at_1_max": 0.327013,
        "nauc_precision_at_1_std": 0.151773,
        "nauc_precision_at_1_diff1": 0.443657,
        "nauc_precision_at_3_max": 0.363577,
        "nauc_precision_at_3_std": 0.218435,
        "nauc_precision_at_3_diff1": 0.360536,
        "nauc_precision_at_5_max": 0.401216,
        "nauc_precision_at_5_std": 0.264603,
        "nauc_precision_at_5_diff1": 0.341277,
        "nauc_precision_at_10_max": 0.449977,
        "nauc_precision_at_10_std": 0.32788,
        "nauc_precision_at_10_diff1": 0.33273,
        "nauc_precision_at_20_max": 0.517844,
        "nauc_precision_at_20_std": 0.42755,
        "nauc_precision_at_20_diff1": 0.324223,
        "nauc_precision_at_100_max": 0.77735,
        "nauc_precision_at_100_std": 0.786891,
        "nauc_precision_at_100_diff1": 0.337794,
        "nauc_precision_at_1000_max": 0.941182,
        "nauc_precision_at_1000_std": 0.947718,
        "nauc_precision_at_1000_diff1": 0.328667,
        "nauc_mrr_at_1_max": 0.327013,
        "nauc_mrr_at_1_std": 0.151773,
        "nauc_mrr_at_1_diff1": 0.443657,
        "nauc_mrr_at_3_max": 0.344587,
        "nauc_mrr_at_3_std": 0.182915,
        "nauc_mrr_at_3_diff1": 0.403574,
        "nauc_mrr_at_5_max": 0.354139,
        "nauc_mrr_at_5_std": 0.19508,
        "nauc_mrr_at_5_diff1": 0.398112,
        "nauc_mrr_at_10_max": 0.360775,
        "nauc_mrr_at_10_std": 0.203555,
        "nauc_mrr_at_10_diff1": 0.397451,
        "nauc_mrr_at_20_max": 0.364246,
        "nauc_mrr_at_20_std": 0.208867,
        "nauc_mrr_at_20_diff1": 0.397524,
        "nauc_mrr_at_100_max": 0.367225,
        "nauc_mrr_at_100_std": 0.212907,
        "nauc_mrr_at_100_diff1": 0.398445,
        "nauc_mrr_at_1000_max": 0.366785,
        "nauc_mrr_at_1000_std": 0.212158,
        "nauc_mrr_at_1000_diff1": 0.398585,
        "hit_rate_at_1": 0.20394,
        "hit_rate_at_3": 0.34825,
        "hit_rate_at_5": 0.42525,
        "hit_rate_at_10": 0.52086,
        "hit_rate_at_20": 0.62399,
        "hit_rate_at_100": 0.80233,
        "hit_rate_at_1000": 0.99284,
        "main_score": 0.42525,
        "hf_subset": "default",
        "languages": [
          "eng-Latn"
        ],
        "mteb_version": "2.12.32"
      }
    ]
  },
  "evaluation_time": 562.2390520572662,
  "kg_co2_emissions": null,
  "date": null
}