{
  "dataset_revision": "4885aa143210c98657558c04aaf3dc47cfb54340",
  "task_name": "CQADupstackGamingRetrieval",
  "mteb_version": "2.12.32",
  "scores": {
    "test": [
      {
        "ndcg_at_1": 0.4,
        "ndcg_at_3": 0.49541,
        "ndcg_at_5": 0.52638,
        "ndcg_at_10": 0.55895,
        "ndcg_at_20": 0.57789,
        "ndcg_at_100": 0.60106,
        "ndcg_at_1000": 0.61056,
        "map_at_1": 0.35152,
        "map_at_3": 0.45482,
        "map_at_5": 0.47497,
        "map_at_10": 0.49091,
        "map_at_20": 0.49751,
        "map_at_100": 0.50169,
        "map_at_1000": 0.50219,
        "recall_at_1": 0.35152,
        "recall_at_3": 0.56204,
        "recall_at_5": 0.63661,
        "recall_at_10": 0.72888,
        "recall_at_20": 0.79634,
        "recall_at_100": 0.90713,
        "recall_at_1000": 0.97369,
        "accuracy": 0.35152,
        "precision_at_1": 0.4,
        "precision_at_3": 0.22382,
        "precision_at_5": 0.15561,
        "precision_at_10": 0.09298,
        "precision_at_20": 0.05235,
        "precision_at_100": 0.0124,
        "precision_at_1000": 0.00137,
        "mrr_at_1": 0.4,
        "mrr_at_3": 0.493626,
        "mrr_at_5": 0.510303,
        "mrr_at_10": 0.522313,
        "mrr_at_20": 0.526767,
        "mrr_at_100": 0.529186,
        "mrr_at_1000": 0.529395,
        "nauc_ndcg_at_1_max": 0.260694,
        "nauc_ndcg_at_1_std": -0.057057,
        "nauc_ndcg_at_1_diff1": 0.479507,
        "nauc_ndcg_at_3_max": 0.264809,
        "nauc_ndcg_at_3_std": -0.036035,
        "nauc_ndcg_at_3_diff1": 0.431831,
        "nauc_ndcg_at_5_max": 0.280151,
        "nauc_ndcg_at_5_std": -0.028329,
        "nauc_ndcg_at_5_diff1": 0.432877,
        "nauc_ndcg_at_10_max": 0.287856,
        "nauc_ndcg_at_10_std": -0.016878,
        "nauc_ndcg_at_10_diff1": 0.430501,
        "nauc_ndcg_at_20_max": 0.298573,
        "nauc_ndcg_at_20_std": -0.002228,
        "nauc_ndcg_at_20_diff1": 0.433357,
        "nauc_ndcg_at_100_max": 0.297033,
        "nauc_ndcg_at_100_std": 0.002577,
        "nauc_ndcg_at_100_diff1": 0.432653,
        "nauc_ndcg_at_1000_max": 0.294805,
        "nauc_ndcg_at_1000_std": -0.005284,
        "nauc_ndcg_at_1000_diff1": 0.436241,
        "nauc_map_at_1_max": 0.232412,
        "nauc_map_at_1_std": -0.059476,
        "nauc_map_at_1_diff1": 0.476464,
        "nauc_map_at_3_max": 0.258617,
        "nauc_map_at_3_std": -0.048023,
        "nauc_map_at_3_diff1": 0.444745,
        "nauc_map_at_5_max": 0.267467,
        "nauc_map_at_5_std": -0.042881,
        "nauc_map_at_5_diff1": 0.444462,
        "nauc_map_at_10_max": 0.270998,
        "nauc_map_at_10_std": -0.037307,
        "nauc_map_at_10_diff1": 0.442989,
        "nauc_map_at_20_max": 0.274965,
        "nauc_map_at_20_std": -0.031851,
        "nauc_map_at_20_diff1": 0.443396,
        "nauc_map_at_100_max": 0.275812,
        "nauc_map_at_100_std": -0.029931,
        "nauc_map_at_100_diff1": 0.443138,
        "nauc_map_at_1000_max": 0.275878,
        "nauc_map_at_1000_std": -0.03003,
        "nauc_map_at_1000_diff1": 0.44341,
        "nauc_recall_at_1_max": 0.232412,
        "nauc_recall_at_1_std": -0.059476,
        "nauc_recall_at_1_diff1": 0.476464,
        "nauc_recall_at_3_max": 0.259528,
        "nauc_recall_at_3_std": -0.025476,
        "nauc_recall_at_3_diff1": 0.384802,
        "nauc_recall_at_5_max": 0.287998,
        "nauc_recall_at_5_std": -0.002786,
        "nauc_recall_at_5_diff1": 0.377026,
        "nauc_recall_at_10_max": 0.308868,
        "nauc_recall_at_10_std": 0.040778,
        "nauc_recall_at_10_diff1": 0.361338,
        "nauc_recall_at_20_max": 0.372874,
        "nauc_recall_at_20_std": 0.136621,
        "nauc_recall_at_20_diff1": 0.374535,
        "nauc_recall_at_100_max": 0.399547,
        "nauc_recall_at_100_std": 0.305281,
        "nauc_recall_at_100_diff1": 0.327716,
        "nauc_recall_at_1000_max": 0.464883,
        "nauc_recall_at_1000_std": 0.410429,
        "nauc_recall_at_1000_diff1": 0.327532,
        "nauc_precision_at_1_max": 0.260694,
        "nauc_precision_at_1_std": -0.057057,
        "nauc_precision_at_1_diff1": 0.479507,
        "nauc_precision_at_3_max": 0.262857,
        "nauc_precision_at_3_std": -0.002863,
        "nauc_precision_at_3_diff1": 0.302643,
        "nauc_precision_at_5_max": 0.262196,
        "nauc_precision_at_5_std": 0.026507,
        "nauc_precision_at_5_diff1": 0.23962,
        "nauc_precision_at_10_max": 0.231824,
        "nauc_precision_at_10_std": 0.090689,
        "nauc_precision_at_10_diff1": 0.130989,
        "nauc_precision_at_20_max": 0.223192,
        "nauc_precision_at_20_std": 0.152236,
        "nauc_precision_at_20_diff1": 0.058102,
        "nauc_precision_at_100_max": 0.149592,
        "nauc_precision_at_100_std": 0.192314,
        "nauc_precision_at_100_diff1": -0.063122,
        "nauc_precision_at_1000_max": 0.100141,
        "nauc_precision_at_1000_std": 0.155786,
        "nauc_precision_at_1000_diff1": -0.084208,
        "nauc_mrr_at_1_max": 0.260694,
        "nauc_mrr_at_1_std": -0.057057,
        "nauc_mrr_at_1_diff1": 0.479507,
        "nauc_mrr_at_3_max": 0.276956,
        "nauc_mrr_at_3_std": -0.032049,
        "nauc_mrr_at_3_diff1": 0.440687,
        "nauc_mrr_at_5_max": 0.283219,
        "nauc_mrr_at_5_std": -0.028237,
        "nauc_mrr_at_5_diff1": 0.441522,
        "nauc_mrr_at_10_max": 0.285944,
        "nauc_mrr_at_10_std": -0.026076,
        "nauc_mrr_at_10_diff1": 0.442357,
        "nauc_mrr_at_20_max": 0.287803,
        "nauc_mrr_at_20_std": -0.023155,
        "nauc_mrr_at_20_diff1": 0.443593,
        "nauc_mrr_at_100_max": 0.287006,
        "nauc_mrr_at_100_std": -0.02326,
        "nauc_mrr_at_100_diff1": 0.443582,
        "nauc_mrr_at_1000_max": 0.286921,
        "nauc_mrr_at_1000_std": -0.023431,
        "nauc_mrr_at_1000_diff1": 0.44368,
        "hit_rate_at_1": 0.4,
        "hit_rate_at_3": 0.61191,
        "hit_rate_at_5": 0.68527,
        "hit_rate_at_10": 0.77492,
        "hit_rate_at_20": 0.83636,
        "hit_rate_at_100": 0.93041,
        "hit_rate_at_1000": 0.98056,
        "main_score": 0.55895,
        "hf_subset": "default",
        "languages": [
          "eng-Latn"
        ],
        "mteb_version": "2.12.32"
      }
    ]
  },
  "evaluation_time": 1385.982504606247,
  "kg_co2_emissions": null,
  "date": null
}