{
  "dataset_revision": "6c6430d3a6d36f8d2a829195bc5dc94d7e063e53",
  "task_name": "CQADupstackUnixRetrieval",
  "mteb_version": "2.12.32",
  "scores": {
    "test": [
      {
        "ndcg_at_1": 0.25933,
        "ndcg_at_3": 0.3227,
        "ndcg_at_5": 0.34965,
        "ndcg_at_10": 0.38022,
        "ndcg_at_20": 0.40918,
        "ndcg_at_100": 0.44038,
        "ndcg_at_1000": 0.46049,
        "map_at_1": 0.22565,
        "map_at_3": 0.29238,
        "map_at_5": 0.30953,
        "map_at_10": 0.32377,
        "map_at_20": 0.33277,
        "map_at_100": 0.33794,
        "map_at_1000": 0.3389,
        "recall_at_1": 0.22565,
        "recall_at_3": 0.36258,
        "recall_at_5": 0.42785,
        "recall_at_10": 0.5155,
        "recall_at_20": 0.62135,
        "recall_at_100": 0.77003,
        "recall_at_1000": 0.90588,
        "accuracy": 0.22565,
        "precision_at_1": 0.25933,
        "precision_at_3": 0.14832,
        "precision_at_5": 0.10896,
        "precision_at_10": 0.068,
        "precision_at_20": 0.04156,
        "precision_at_100": 0.01088,
        "precision_at_1000": 0.00136,
        "mrr_at_1": 0.259328,
        "mrr_at_3": 0.327892,
        "mrr_at_5": 0.34403,
        "mrr_at_10": 0.357065,
        "mrr_at_20": 0.364317,
        "mrr_at_100": 0.367884,
        "mrr_at_1000": 0.368433,
        "nauc_ndcg_at_1_max": 0.324835,
        "nauc_ndcg_at_1_std": -0.011394,
        "nauc_ndcg_at_1_diff1": 0.491888,
        "nauc_ndcg_at_3_max": 0.325467,
        "nauc_ndcg_at_3_std": 0.005613,
        "nauc_ndcg_at_3_diff1": 0.419215,
        "nauc_ndcg_at_5_max": 0.311211,
        "nauc_ndcg_at_5_std": -0.002211,
        "nauc_ndcg_at_5_diff1": 0.408255,
        "nauc_ndcg_at_10_max": 0.306682,
        "nauc_ndcg_at_10_std": 0.010415,
        "nauc_ndcg_at_10_diff1": 0.395006,
        "nauc_ndcg_at_20_max": 0.317676,
        "nauc_ndcg_at_20_std": 0.018345,
        "nauc_ndcg_at_20_diff1": 0.392638,
        "nauc_ndcg_at_100_max": 0.319107,
        "nauc_ndcg_at_100_std": 0.022081,
        "nauc_ndcg_at_100_diff1": 0.391091,
        "nauc_ndcg_at_1000_max": 0.319265,
        "nauc_ndcg_at_1000_std": 0.02535,
        "nauc_ndcg_at_1000_diff1": 0.396962,
        "nauc_map_at_1_max": 0.31815,
        "nauc_map_at_1_std": 0.004768,
        "nauc_map_at_1_diff1": 0.508632,
        "nauc_map_at_3_max": 0.32417,
        "nauc_map_at_3_std": 0.005946,
        "nauc_map_at_3_diff1": 0.438741,
        "nauc_map_at_5_max": 0.319986,
        "nauc_map_at_5_std": 0.002224,
        "nauc_map_at_5_diff1": 0.432244,
        "nauc_map_at_10_max": 0.3174,
        "nauc_map_at_10_std": 0.007905,
        "nauc_map_at_10_diff1": 0.42526,
        "nauc_map_at_20_max": 0.320616,
        "nauc_map_at_20_std": 0.010125,
        "nauc_map_at_20_diff1": 0.424276,
        "nauc_map_at_100_max": 0.321332,
        "nauc_map_at_100_std": 0.010817,
        "nauc_map_at_100_diff1": 0.423273,
        "nauc_map_at_1000_max": 0.321281,
        "nauc_map_at_1000_std": 0.011062,
        "nauc_map_at_1000_diff1": 0.423465,
        "nauc_recall_at_1_max": 0.31815,
        "nauc_recall_at_1_std": 0.004768,
        "nauc_recall_at_1_diff1": 0.508632,
        "nauc_recall_at_3_max": 0.315757,
        "nauc_recall_at_3_std": 0.007611,
        "nauc_recall_at_3_diff1": 0.379008,
        "nauc_recall_at_5_max": 0.284091,
        "nauc_recall_at_5_std": -0.005328,
        "nauc_recall_at_5_diff1": 0.349543,
        "nauc_recall_at_10_max": 0.26199,
        "nauc_recall_at_10_std": 0.026459,
        "nauc_recall_at_10_diff1": 0.304186,
        "nauc_recall_at_20_max": 0.300023,
        "nauc_recall_at_20_std": 0.064518,
        "nauc_recall_at_20_diff1": 0.284629,
        "nauc_recall_at_100_max": 0.306669,
        "nauc_recall_at_100_std": 0.109231,
        "nauc_recall_at_100_diff1": 0.25396,
        "nauc_recall_at_1000_max": 0.350806,
        "nauc_recall_at_1000_std": 0.298931,
        "nauc_recall_at_1000_diff1": 0.283364,
        "nauc_precision_at_1_max": 0.324835,
        "nauc_precision_at_1_std": -0.011394,
        "nauc_precision_at_1_diff1": 0.491888,
        "nauc_precision_at_3_max": 0.307132,
        "nauc_precision_at_3_std": -0.007345,
        "nauc_precision_at_3_diff1": 0.314916,
        "nauc_precision_at_5_max": 0.247766,
        "nauc_precision_at_5_std": -0.020181,
        "nauc_precision_at_5_diff1": 0.24756,
        "nauc_precision_at_10_max": 0.213042,
        "nauc_precision_at_10_std": 0.017763,
        "nauc_precision_at_10_diff1": 0.166673,
        "nauc_precision_at_20_max": 0.190724,
        "nauc_precision_at_20_std": 0.02475,
        "nauc_precision_at_20_diff1": 0.094003,
        "nauc_precision_at_100_max": 0.088548,
        "nauc_precision_at_100_std": 0.023819,
        "nauc_precision_at_100_diff1": -0.032472,
        "nauc_precision_at_1000_max": -0.043227,
        "nauc_precision_at_1000_std": -0.002585,
        "nauc_precision_at_1000_diff1": -0.135526,
        "nauc_mrr_at_1_max": 0.324835,
        "nauc_mrr_at_1_std": -0.011394,
        "nauc_mrr_at_1_diff1": 0.491888,
        "nauc_mrr_at_3_max": 0.32411,
        "nauc_mrr_at_3_std": -0.005483,
        "nauc_mrr_at_3_diff1": 0.430605,
        "nauc_mrr_at_5_max": 0.313336,
        "nauc_mrr_at_5_std": -0.008849,
        "nauc_mrr_at_5_diff1": 0.422164,
        "nauc_mrr_at_10_max": 0.312566,
        "nauc_mrr_at_10_std": -0.002955,
        "nauc_mrr_at_10_diff1": 0.415503,
        "nauc_mrr_at_20_max": 0.31469,
        "nauc_mrr_at_20_std": -0.00219,
        "nauc_mrr_at_20_diff1": 0.415191,
        "nauc_mrr_at_100_max": 0.315112,
        "nauc_mrr_at_100_std": -0.001783,
        "nauc_mrr_at_100_diff1": 0.416037,
        "nauc_mrr_at_1000_max": 0.31532,
        "nauc_mrr_at_1000_std": -0.001569,
        "nauc_mrr_at_1000_diff1": 0.416359,
        "hit_rate_at_1": 0.25933,
        "hit_rate_at_3": 0.41231,
        "hit_rate_at_5": 0.48321,
        "hit_rate_at_10": 0.57929,
        "hit_rate_at_20": 0.68377,
        "hit_rate_at_100": 0.8209,
        "hit_rate_at_1000": 0.9319,
        "main_score": 0.38022,
        "hf_subset": "default",
        "languages": [
          "eng-Latn"
        ],
        "mteb_version": "2.12.32"
      }
    ]
  },
  "evaluation_time": 2438.122932910919,
  "kg_co2_emissions": null,
  "date": null
}