{
  "dataset_revision": "ad08c1307b15a226bf1b64e62656a17f1f85f7ec",
  "task_name": "CUB200I2IRetrieval",
  "mteb_version": "2.12.32",
  "scores": {
    "test": [
      {
        "ndcg_at_1": 0.75992,
        "ndcg_at_3": 0.73119,
        "ndcg_at_5": 0.70746,
        "ndcg_at_10": 0.66205,
        "ndcg_at_20": 0.58581,
        "ndcg_at_100": 0.66716,
        "ndcg_at_1000": 0.76836,
        "map_at_1": 0.02718,
        "map_at_3": 0.07364,
        "map_at_5": 0.11439,
        "map_at_10": 0.20029,
        "map_at_20": 0.31685,
        "map_at_100": 0.4535,
        "map_at_1000": 0.47791,
        "recall_at_1": 0.02718,
        "recall_at_3": 0.07756,
        "recall_at_5": 0.12364,
        "recall_at_10": 0.22646,
        "recall_at_20": 0.3819,
        "recall_at_100": 0.71599,
        "recall_at_1000": 0.965,
        "accuracy": 0.02718,
        "precision_at_1": 0.75992,
        "precision_at_3": 0.72293,
        "precision_at_5": 0.69175,
        "precision_at_10": 0.63397,
        "precision_at_20": 0.53637,
        "precision_at_100": 0.20204,
        "precision_at_1000": 0.02727,
        "mrr_at_1": 0.759924,
        "mrr_at_3": 0.817915,
        "mrr_at_5": 0.825854,
        "mrr_at_10": 0.831009,
        "mrr_at_20": 0.832308,
        "mrr_at_100": 0.832809,
        "mrr_at_1000": 0.832832,
        "nauc_ndcg_at_1_max": 0.292378,
        "nauc_ndcg_at_1_std": -0.049657,
        "nauc_ndcg_at_1_diff1": 0.090668,
        "nauc_ndcg_at_3_max": 0.28572,
        "nauc_ndcg_at_3_std": -0.049271,
        "nauc_ndcg_at_3_diff1": 0.023545,
        "nauc_ndcg_at_5_max": 0.283816,
        "nauc_ndcg_at_5_std": -0.044039,
        "nauc_ndcg_at_5_diff1": 0.007958,
        "nauc_ndcg_at_10_max": 0.2762,
        "nauc_ndcg_at_10_std": -0.038859,
        "nauc_ndcg_at_10_diff1": -0.010828,
        "nauc_ndcg_at_20_max": 0.253915,
        "nauc_ndcg_at_20_std": -0.026099,
        "nauc_ndcg_at_20_diff1": -0.0177,
        "nauc_ndcg_at_100_max": 0.223465,
        "nauc_ndcg_at_100_std": 0.036993,
        "nauc_ndcg_at_100_diff1": -0.004345,
        "nauc_ndcg_at_1000_max": 0.249853,
        "nauc_ndcg_at_1000_std": 0.067789,
        "nauc_ndcg_at_1000_diff1": -0.001502,
        "nauc_map_at_1_max": 0.242654,
        "nauc_map_at_1_std": -0.013507,
        "nauc_map_at_1_diff1": 0.083,
        "nauc_map_at_3_max": 0.25382,
        "nauc_map_at_3_std": -0.021706,
        "nauc_map_at_3_diff1": 0.014013,
        "nauc_map_at_5_max": 0.257455,
        "nauc_map_at_5_std": -0.019229,
        "nauc_map_at_5_diff1": -0.002782,
        "nauc_map_at_10_max": 0.25583,
        "nauc_map_at_10_std": -0.019904,
        "nauc_map_at_10_diff1": -0.019722,
        "nauc_map_at_20_max": 0.238963,
        "nauc_map_at_20_std": -0.012536,
        "nauc_map_at_20_diff1": -0.024302,
        "nauc_map_at_100_max": 0.219809,
        "nauc_map_at_100_std": 0.01775,
        "nauc_map_at_100_diff1": -0.016947,
        "nauc_map_at_1000_max": 0.223078,
        "nauc_map_at_1000_std": 0.026163,
        "nauc_map_at_1000_diff1": -0.016678,
        "nauc_recall_at_1_max": 0.242654,
        "nauc_recall_at_1_std": -0.013507,
        "nauc_recall_at_1_diff1": 0.083,
        "nauc_recall_at_3_max": 0.247503,
        "nauc_recall_at_3_std": -0.016044,
        "nauc_recall_at_3_diff1": 0.010602,
        "nauc_recall_at_5_max": 0.249714,
        "nauc_recall_at_5_std": -0.012837,
        "nauc_recall_at_5_diff1": -0.00521,
        "nauc_recall_at_10_max": 0.247263,
        "nauc_recall_at_10_std": -0.011865,
        "nauc_recall_at_10_diff1": -0.021724,
        "nauc_recall_at_20_max": 0.225548,
        "nauc_recall_at_20_std": -0.003805,
        "nauc_recall_at_20_diff1": -0.024219,
        "nauc_recall_at_100_max": 0.156911,
        "nauc_recall_at_100_std": 0.098503,
        "nauc_recall_at_100_diff1": -0.000806,
        "nauc_recall_at_1000_max": 0.165771,
        "nauc_recall_at_1000_std": 0.603752,
        "nauc_recall_at_1000_diff1": 0.040883,
        "nauc_precision_at_1_max": 0.292378,
        "nauc_precision_at_1_std": -0.049657,
        "nauc_precision_at_1_diff1": 0.090668,
        "nauc_precision_at_3_max": 0.28305,
        "nauc_precision_at_3_std": -0.047227,
        "nauc_precision_at_3_diff1": 0.008055,
        "nauc_precision_at_5_max": 0.27788,
        "nauc_precision_at_5_std": -0.040409,
        "nauc_precision_at_5_diff1": -0.008179,
        "nauc_precision_at_10_max": 0.265583,
        "nauc_precision_at_10_std": -0.034591,
        "nauc_precision_at_10_diff1": -0.025812,
        "nauc_precision_at_20_max": 0.234648,
        "nauc_precision_at_20_std": -0.020127,
        "nauc_precision_at_20_diff1": -0.027883,
        "nauc_precision_at_100_max": 0.159502,
        "nauc_precision_at_100_std": 0.071419,
        "nauc_precision_at_100_diff1": -0.007469,
        "nauc_precision_at_1000_max": 0.134552,
        "nauc_precision_at_1000_std": 0.250379,
        "nauc_precision_at_1000_diff1": -0.009415,
        "nauc_mrr_at_1_max": 0.292378,
        "nauc_mrr_at_1_std": -0.049657,
        "nauc_mrr_at_1_diff1": 0.090668,
        "nauc_mrr_at_3_max": 0.292699,
        "nauc_mrr_at_3_std": -0.050673,
        "nauc_mrr_at_3_diff1": 0.087167,
        "nauc_mrr_at_5_max": 0.291624,
        "nauc_mrr_at_5_std": -0.0486,
        "nauc_mrr_at_5_diff1": 0.087868,
        "nauc_mrr_at_10_max": 0.29214,
        "nauc_mrr_at_10_std": -0.043943,
        "nauc_mrr_at_10_diff1": 0.087098,
        "nauc_mrr_at_20_max": 0.292763,
        "nauc_mrr_at_20_std": -0.044616,
        "nauc_mrr_at_20_diff1": 0.087117,
        "nauc_mrr_at_100_max": 0.292591,
        "nauc_mrr_at_100_std": -0.044912,
        "nauc_mrr_at_100_diff1": 0.087305,
        "nauc_mrr_at_1000_max": 0.292588,
        "nauc_mrr_at_1000_std": -0.044959,
        "nauc_mrr_at_1000_diff1": 0.087297,
        "hit_rate_at_1": 0.75992,
        "hit_rate_at_3": 0.88902,
        "hit_rate_at_5": 0.92354,
        "hit_rate_at_10": 0.96082,
        "hit_rate_at_20": 0.97894,
        "hit_rate_at_100": 0.99499,
        "hit_rate_at_1000": 0.99983,
        "main_score": 0.75992,
        "hf_subset": "default",
        "languages": [
          "eng-Latn"
        ],
        "mteb_version": "2.12.32"
      }
    ]
  },
  "evaluation_time": 1583.4710536003113,
  "kg_co2_emissions": null,
  "date": null
}