{
  "dataset_revision": "74e9e63bf8f802f8cfb4ba6e01f48efc4f49032c",
  "task_name": "Fashion200kI2TRetrieval",
  "mteb_version": "2.12.32",
  "scores": {
    "test": [
      {
        "ndcg_at_1": 0.02986,
        "ndcg_at_3": 0.04785,
        "ndcg_at_5": 0.05525,
        "ndcg_at_10": 0.06847,
        "ndcg_at_20": 0.07769,
        "ndcg_at_100": 0.1041,
        "ndcg_at_1000": 0.14242,
        "map_at_1": 0.02986,
        "map_at_3": 0.0434,
        "map_at_5": 0.0475,
        "map_at_10": 0.05283,
        "map_at_20": 0.05537,
        "map_at_100": 0.05875,
        "map_at_1000": 0.05991,
        "recall_at_1": 0.02986,
        "recall_at_3": 0.06075,
        "recall_at_5": 0.07875,
        "recall_at_10": 0.12027,
        "recall_at_20": 0.15668,
        "recall_at_100": 0.30313,
        "recall_at_1000": 0.62119,
        "accuracy": 0.02986,
        "precision_at_1": 0.02986,
        "precision_at_3": 0.02025,
        "precision_at_5": 0.01575,
        "precision_at_10": 0.01203,
        "precision_at_20": 0.00783,
        "precision_at_100": 0.00303,
        "precision_at_1000": 0.00062,
        "mrr_at_1": 0.029863,
        "mrr_at_3": 0.043397,
        "mrr_at_5": 0.047498,
        "mrr_at_10": 0.05283,
        "mrr_at_20": 0.055366,
        "mrr_at_100": 0.058749,
        "mrr_at_1000": 0.059913,
        "nauc_ndcg_at_1_max": 0.063224,
        "nauc_ndcg_at_1_std": 0.048343,
        "nauc_ndcg_at_1_diff1": 0.232312,
        "nauc_ndcg_at_3_max": 0.042477,
        "nauc_ndcg_at_3_std": 0.037929,
        "nauc_ndcg_at_3_diff1": 0.143038,
        "nauc_ndcg_at_5_max": 0.037236,
        "nauc_ndcg_at_5_std": 0.041069,
        "nauc_ndcg_at_5_diff1": 0.124044,
        "nauc_ndcg_at_10_max": 0.049016,
        "nauc_ndcg_at_10_std": 0.056696,
        "nauc_ndcg_at_10_diff1": 0.111754,
        "nauc_ndcg_at_20_max": 0.046736,
        "nauc_ndcg_at_20_std": 0.063558,
        "nauc_ndcg_at_20_diff1": 0.092893,
        "nauc_ndcg_at_100_max": 0.058639,
        "nauc_ndcg_at_100_std": 0.07996,
        "nauc_ndcg_at_100_diff1": 0.085493,
        "nauc_ndcg_at_1000_max": 0.067346,
        "nauc_ndcg_at_1000_std": 0.109837,
        "nauc_ndcg_at_1000_diff1": 0.080086,
        "nauc_map_at_1_max": 0.063224,
        "nauc_map_at_1_std": 0.048343,
        "nauc_map_at_1_diff1": 0.232312,
        "nauc_map_at_3_max": 0.046638,
        "nauc_map_at_3_std": 0.038936,
        "nauc_map_at_3_diff1": 0.159707,
        "nauc_map_at_5_max": 0.042616,
        "nauc_map_at_5_std": 0.040529,
        "nauc_map_at_5_diff1": 0.146194,
        "nauc_map_at_10_max": 0.048389,
        "nauc_map_at_10_std": 0.048745,
        "nauc_map_at_10_diff1": 0.137793,
        "nauc_map_at_20_max": 0.047526,
        "nauc_map_at_20_std": 0.051241,
        "nauc_map_at_20_diff1": 0.130011,
        "nauc_map_at_100_max": 0.04954,
        "nauc_map_at_100_std": 0.053915,
        "nauc_map_at_100_diff1": 0.127296,
        "nauc_map_at_1000_max": 0.04989,
        "nauc_map_at_1000_std": 0.055447,
        "nauc_map_at_1000_diff1": 0.126905,
        "nauc_recall_at_1_max": 0.063224,
        "nauc_recall_at_1_std": 0.048343,
        "nauc_recall_at_1_diff1": 0.232312,
        "nauc_recall_at_3_max": 0.033687,
        "nauc_recall_at_3_std": 0.036065,
        "nauc_recall_at_3_diff1": 0.108129,
        "nauc_recall_at_5_max": 0.027466,
        "nauc_recall_at_5_std": 0.042708,
        "nauc_recall_at_5_diff1": 0.083285,
        "nauc_recall_at_10_max": 0.051705,
        "nauc_recall_at_10_std": 0.070645,
        "nauc_recall_at_10_diff1": 0.073438,
        "nauc_recall_at_20_max": 0.046537,
        "nauc_recall_at_20_std": 0.083329,
        "nauc_recall_at_20_diff1": 0.040769,
        "nauc_recall_at_100_max": 0.075734,
        "nauc_recall_at_100_std": 0.119371,
        "nauc_recall_at_100_diff1": 0.040021,
        "nauc_recall_at_1000_max": 0.11299,
        "nauc_recall_at_1000_std": 0.237618,
        "nauc_recall_at_1000_diff1": 0.015794,
        "nauc_precision_at_1_max": 0.063224,
        "nauc_precision_at_1_std": 0.048343,
        "nauc_precision_at_1_diff1": 0.232312,
        "nauc_precision_at_3_max": 0.033687,
        "nauc_precision_at_3_std": 0.036065,
        "nauc_precision_at_3_diff1": 0.108129,
        "nauc_precision_at_5_max": 0.027466,
        "nauc_precision_at_5_std": 0.042708,
        "nauc_precision_at_5_diff1": 0.083285,
        "nauc_precision_at_10_max": 0.051705,
        "nauc_precision_at_10_std": 0.070645,
        "nauc_precision_at_10_diff1": 0.073438,
        "nauc_precision_at_20_max": 0.046537,
        "nauc_precision_at_20_std": 0.083329,
        "nauc_precision_at_20_diff1": 0.040769,
        "nauc_precision_at_100_max": 0.075734,
        "nauc_precision_at_100_std": 0.119371,
        "nauc_precision_at_100_diff1": 0.040021,
        "nauc_precision_at_1000_max": 0.11299,
        "nauc_precision_at_1000_std": 0.237618,
        "nauc_precision_at_1000_diff1": 0.015794,
        "nauc_mrr_at_1_max": 0.063224,
        "nauc_mrr_at_1_std": 0.048343,
        "nauc_mrr_at_1_diff1": 0.232312,
        "nauc_mrr_at_3_max": 0.046638,
        "nauc_mrr_at_3_std": 0.038936,
        "nauc_mrr_at_3_diff1": 0.159707,
        "nauc_mrr_at_5_max": 0.042616,
        "nauc_mrr_at_5_std": 0.040529,
        "nauc_mrr_at_5_diff1": 0.146194,
        "nauc_mrr_at_10_max": 0.048389,
        "nauc_mrr_at_10_std": 0.048745,
        "nauc_mrr_at_10_diff1": 0.137793,
        "nauc_mrr_at_20_max": 0.047526,
        "nauc_mrr_at_20_std": 0.051241,
        "nauc_mrr_at_20_diff1": 0.130011,
        "nauc_mrr_at_100_max": 0.04954,
        "nauc_mrr_at_100_std": 0.053915,
        "nauc_mrr_at_100_diff1": 0.127296,
        "nauc_mrr_at_1000_max": 0.04989,
        "nauc_mrr_at_1000_std": 0.055447,
        "nauc_mrr_at_1000_diff1": 0.126905,
        "hit_rate_at_1": 0.02986,
        "hit_rate_at_3": 0.06075,
        "hit_rate_at_5": 0.07875,
        "hit_rate_at_10": 0.12027,
        "hit_rate_at_20": 0.15668,
        "hit_rate_at_100": 0.30313,
        "hit_rate_at_1000": 0.62119,
        "main_score": 0.06847,
        "hf_subset": "default",
        "languages": [
          "eng-Latn"
        ],
        "mteb_version": "2.12.32"
      }
    ]
  },
  "evaluation_time": 2238.4440252780914,
  "kg_co2_emissions": null,
  "date": null
}