{
  "dataset_revision": "080c9ed6267b65029207906e815d44a9240bafca",
  "task_name": "FEVERHardNegatives",
  "mteb_version": "2.12.32",
  "scores": {
    "test": [
      {
        "ndcg_at_1": 0.652,
        "ndcg_at_3": 0.6812,
        "ndcg_at_5": 0.68668,
        "ndcg_at_10": 0.68997,
        "ndcg_at_20": 0.6925,
        "ndcg_at_100": 0.69646,
        "ndcg_at_1000": 0.69823,
        "map_at_1": 0.61179,
        "map_at_3": 0.65904,
        "map_at_5": 0.66291,
        "map_at_10": 0.66443,
        "map_at_20": 0.66537,
        "map_at_100": 0.66615,
        "map_at_1000": 0.66624,
        "recall_at_1": 0.61179,
        "recall_at_3": 0.70759,
        "recall_at_5": 0.72235,
        "recall_at_10": 0.73165,
        "recall_at_20": 0.73984,
        "recall_at_100": 0.75727,
        "recall_at_1000": 0.76818,
        "accuracy": 0.61179,
        "precision_at_1": 0.652,
        "precision_at_3": 0.255,
        "precision_at_5": 0.1568,
        "precision_at_10": 0.0802,
        "precision_at_20": 0.04095,
        "precision_at_100": 0.00854,
        "precision_at_1000": 0.00088,
        "mrr_at_1": 0.652,
        "mrr_at_3": 0.696833,
        "mrr_at_5": 0.699533,
        "mrr_at_10": 0.701155,
        "mrr_at_20": 0.701579,
        "mrr_at_100": 0.701924,
        "mrr_at_1000": 0.701948,
        "nauc_ndcg_at_1_max": 0.366105,
        "nauc_ndcg_at_1_std": -0.200737,
        "nauc_ndcg_at_1_diff1": 0.744909,
        "nauc_ndcg_at_3_max": 0.384316,
        "nauc_ndcg_at_3_std": -0.247556,
        "nauc_ndcg_at_3_diff1": 0.676923,
        "nauc_ndcg_at_5_max": 0.386605,
        "nauc_ndcg_at_5_std": -0.251021,
        "nauc_ndcg_at_5_diff1": 0.674489,
        "nauc_ndcg_at_10_max": 0.388267,
        "nauc_ndcg_at_10_std": -0.246258,
        "nauc_ndcg_at_10_diff1": 0.671075,
        "nauc_ndcg_at_20_max": 0.389548,
        "nauc_ndcg_at_20_std": -0.248191,
        "nauc_ndcg_at_20_diff1": 0.67078,
        "nauc_ndcg_at_100_max": 0.388638,
        "nauc_ndcg_at_100_std": -0.25278,
        "nauc_ndcg_at_100_diff1": 0.671885,
        "nauc_ndcg_at_1000_max": 0.387083,
        "nauc_ndcg_at_1000_std": -0.254875,
        "nauc_ndcg_at_1000_diff1": 0.672775,
        "nauc_map_at_1_max": 0.328887,
        "nauc_map_at_1_std": -0.180878,
        "nauc_map_at_1_diff1": 0.693059,
        "nauc_map_at_3_max": 0.368009,
        "nauc_map_at_3_std": -0.223686,
        "nauc_map_at_3_diff1": 0.67272,
        "nauc_map_at_5_max": 0.36973,
        "nauc_map_at_5_std": -0.226416,
        "nauc_map_at_5_diff1": 0.672842,
        "nauc_map_at_10_max": 0.370591,
        "nauc_map_at_10_std": -0.22436,
        "nauc_map_at_10_diff1": 0.671496,
        "nauc_map_at_20_max": 0.371063,
        "nauc_map_at_20_std": -0.225143,
        "nauc_map_at_20_diff1": 0.671342,
        "nauc_map_at_100_max": 0.371068,
        "nauc_map_at_100_std": -0.226008,
        "nauc_map_at_100_diff1": 0.671799,
        "nauc_map_at_1000_max": 0.371003,
        "nauc_map_at_1000_std": -0.22612,
        "nauc_map_at_1000_diff1": 0.671837,
        "nauc_recall_at_1_max": 0.328887,
        "nauc_recall_at_1_std": -0.180878,
        "nauc_recall_at_1_diff1": 0.693059,
        "nauc_recall_at_3_max": 0.405258,
        "nauc_recall_at_3_std": -0.284169,
        "nauc_recall_at_3_diff1": 0.634806,
        "nauc_recall_at_5_max": 0.407348,
        "nauc_recall_at_5_std": -0.298845,
        "nauc_recall_at_5_diff1": 0.624697,
        "nauc_recall_at_10_max": 0.409408,
        "nauc_recall_at_10_std": -0.287374,
        "nauc_recall_at_10_diff1": 0.612049,
        "nauc_recall_at_20_max": 0.414686,
        "nauc_recall_at_20_std": -0.295041,
        "nauc_recall_at_20_diff1": 0.609984,
        "nauc_recall_at_100_max": 0.411058,
        "nauc_recall_at_100_std": -0.322803,
        "nauc_recall_at_100_diff1": 0.612588,
        "nauc_recall_at_1000_max": 0.401228,
        "nauc_recall_at_1000_std": -0.34288,
        "nauc_recall_at_1000_diff1": 0.620216,
        "nauc_precision_at_1_max": 0.366105,
        "nauc_precision_at_1_std": -0.200737,
        "nauc_precision_at_1_diff1": 0.744909,
        "nauc_precision_at_3_max": 0.406773,
        "nauc_precision_at_3_std": -0.292597,
        "nauc_precision_at_3_diff1": 0.615977,
        "nauc_precision_at_5_max": 0.389594,
        "nauc_precision_at_5_std": -0.293384,
        "nauc_precision_at_5_diff1": 0.577251,
        "nauc_precision_at_10_max": 0.382926,
        "nauc_precision_at_10_std": -0.252592,
        "nauc_precision_at_10_diff1": 0.520532,
        "nauc_precision_at_20_max": 0.356245,
        "nauc_precision_at_20_std": -0.237971,
        "nauc_precision_at_20_diff1": 0.46581,
        "nauc_precision_at_100_max": 0.293762,
        "nauc_precision_at_100_std": -0.212576,
        "nauc_precision_at_100_diff1": 0.381751,
        "nauc_precision_at_1000_max": 0.216581,
        "nauc_precision_at_1000_std": -0.189448,
        "nauc_precision_at_1000_diff1": 0.308315,
        "nauc_mrr_at_1_max": 0.366105,
        "nauc_mrr_at_1_std": -0.200737,
        "nauc_mrr_at_1_diff1": 0.744909,
        "nauc_mrr_at_3_max": 0.401396,
        "nauc_mrr_at_3_std": -0.255657,
        "nauc_mrr_at_3_diff1": 0.723644,
        "nauc_mrr_at_5_max": 0.401345,
        "nauc_mrr_at_5_std": -0.257675,
        "nauc_mrr_at_5_diff1": 0.721603,
        "nauc_mrr_at_10_max": 0.400737,
        "nauc_mrr_at_10_std": -0.254531,
        "nauc_mrr_at_10_diff1": 0.719864,
        "nauc_mrr_at_20_max": 0.40057,
        "nauc_mrr_at_20_std": -0.254541,
        "nauc_mrr_at_20_diff1": 0.719495,
        "nauc_mrr_at_100_max": 0.39987,
        "nauc_mrr_at_100_std": -0.255249,
        "nauc_mrr_at_100_diff1": 0.719137,
        "nauc_mrr_at_1000_max": 0.399841,
        "nauc_mrr_at_1000_std": -0.255267,
        "nauc_mrr_at_1000_diff1": 0.719129,
        "hit_rate_at_1": 0.652,
        "hit_rate_at_3": 0.749,
        "hit_rate_at_5": 0.761,
        "hit_rate_at_10": 0.773,
        "hit_rate_at_20": 0.779,
        "hit_rate_at_100": 0.79,
        "hit_rate_at_1000": 0.795,
        "main_score": 0.68997,
        "hf_subset": "default",
        "languages": [
          "eng-Latn"
        ],
        "mteb_version": "2.12.32"
      }
    ]
  },
  "evaluation_time": 5716.828341245651,
  "kg_co2_emissions": null,
  "date": null
}