{
  "dataset_revision": "27a168819829fe9bcd655c2df245fb19452e8e06",
  "task_name": "FiQA2018",
  "mteb_version": "2.12.32",
  "scores": {
    "test": [
      {
        "ndcg_at_1": 0.48611,
        "ndcg_at_3": 0.44561,
        "ndcg_at_5": 0.45502,
        "ndcg_at_10": 0.47691,
        "ndcg_at_20": 0.49973,
        "ndcg_at_100": 0.53598,
        "ndcg_at_1000": 0.55775,
        "map_at_1": 0.25024,
        "map_at_3": 0.35123,
        "map_at_5": 0.37602,
        "map_at_10": 0.39441,
        "map_at_20": 0.40421,
        "map_at_100": 0.412,
        "map_at_1000": 0.41341,
        "recall_at_1": 0.25024,
        "recall_at_3": 0.40347,
        "recall_at_5": 0.46621,
        "recall_at_10": 0.53686,
        "recall_at_20": 0.60438,
        "recall_at_100": 0.75275,
        "recall_at_1000": 0.87939,
        "accuracy": 0.25024,
        "precision_at_1": 0.48611,
        "precision_at_3": 0.2963,
        "precision_at_5": 0.21235,
        "precision_at_10": 0.12778,
        "precision_at_20": 0.07431,
        "precision_at_100": 0.01906,
        "precision_at_1000": 0.0023,
        "mrr_at_1": 0.486111,
        "mrr_at_3": 0.550154,
        "mrr_at_5": 0.563503,
        "mrr_at_10": 0.571748,
        "mrr_at_20": 0.575172,
        "mrr_at_100": 0.577749,
        "mrr_at_1000": 0.577971,
        "nauc_ndcg_at_1_max": 0.35677,
        "nauc_ndcg_at_1_std": 0.078924,
        "nauc_ndcg_at_1_diff1": 0.548427,
        "nauc_ndcg_at_3_max": 0.307393,
        "nauc_ndcg_at_3_std": 0.040705,
        "nauc_ndcg_at_3_diff1": 0.421768,
        "nauc_ndcg_at_5_max": 0.290787,
        "nauc_ndcg_at_5_std": 0.054445,
        "nauc_ndcg_at_5_diff1": 0.417969,
        "nauc_ndcg_at_10_max": 0.278373,
        "nauc_ndcg_at_10_std": 0.069452,
        "nauc_ndcg_at_10_diff1": 0.407266,
        "nauc_ndcg_at_20_max": 0.278172,
        "nauc_ndcg_at_20_std": 0.088209,
        "nauc_ndcg_at_20_diff1": 0.400335,
        "nauc_ndcg_at_100_max": 0.285303,
        "nauc_ndcg_at_100_std": 0.111916,
        "nauc_ndcg_at_100_diff1": 0.408896,
        "nauc_ndcg_at_1000_max": 0.291242,
        "nauc_ndcg_at_1000_std": 0.104634,
        "nauc_ndcg_at_1000_diff1": 0.413956,
        "nauc_map_at_1_max": 0.248347,
        "nauc_map_at_1_std": 0.067741,
        "nauc_map_at_1_diff1": 0.493392,
        "nauc_map_at_3_max": 0.257898,
        "nauc_map_at_3_std": 0.049189,
        "nauc_map_at_3_diff1": 0.436924,
        "nauc_map_at_5_max": 0.257748,
        "nauc_map_at_5_std": 0.057614,
        "nauc_map_at_5_diff1": 0.427752,
        "nauc_map_at_10_max": 0.260396,
        "nauc_map_at_10_std": 0.062714,
        "nauc_map_at_10_diff1": 0.418407,
        "nauc_map_at_20_max": 0.26223,
        "nauc_map_at_20_std": 0.068591,
        "nauc_map_at_20_diff1": 0.415152,
        "nauc_map_at_100_max": 0.264712,
        "nauc_map_at_100_std": 0.073902,
        "nauc_map_at_100_diff1": 0.417155,
        "nauc_map_at_1000_max": 0.265414,
        "nauc_map_at_1000_std": 0.073773,
        "nauc_map_at_1000_diff1": 0.417239,
        "nauc_recall_at_1_max": 0.248347,
        "nauc_recall_at_1_std": 0.067741,
        "nauc_recall_at_1_diff1": 0.493392,
        "nauc_recall_at_3_max": 0.229095,
        "nauc_recall_at_3_std": 0.03576,
        "nauc_recall_at_3_diff1": 0.358313,
        "nauc_recall_at_5_max": 0.218516,
        "nauc_recall_at_5_std": 0.052037,
        "nauc_recall_at_5_diff1": 0.324437,
        "nauc_recall_at_10_max": 0.195998,
        "nauc_recall_at_10_std": 0.073222,
        "nauc_recall_at_10_diff1": 0.272537,
        "nauc_recall_at_20_max": 0.179854,
        "nauc_recall_at_20_std": 0.127451,
        "nauc_recall_at_20_diff1": 0.236456,
        "nauc_recall_at_100_max": 0.157641,
        "nauc_recall_at_100_std": 0.275068,
        "nauc_recall_at_100_diff1": 0.231281,
        "nauc_recall_at_1000_max": 0.112983,
        "nauc_recall_at_1000_std": 0.306044,
        "nauc_recall_at_1000_diff1": 0.24938,
        "nauc_precision_at_1_max": 0.35677,
        "nauc_precision_at_1_std": 0.078924,
        "nauc_precision_at_1_diff1": 0.548427,
        "nauc_precision_at_3_max": 0.260637,
        "nauc_precision_at_3_std": 0.00632,
        "nauc_precision_at_3_diff1": 0.231562,
        "nauc_precision_at_5_max": 0.231439,
        "nauc_precision_at_5_std": 0.022136,
        "nauc_precision_at_5_diff1": 0.159888,
        "nauc_precision_at_10_max": 0.202241,
        "nauc_precision_at_10_std": 0.030628,
        "nauc_precision_at_10_diff1": 0.083224,
        "nauc_precision_at_20_max": 0.186359,
        "nauc_precision_at_20_std": 0.062355,
        "nauc_precision_at_20_diff1": 0.034319,
        "nauc_precision_at_100_max": 0.149482,
        "nauc_precision_at_100_std": 0.082713,
        "nauc_precision_at_100_diff1": -0.0352,
        "nauc_precision_at_1000_max": 0.136444,
        "nauc_precision_at_1000_std": 0.032825,
        "nauc_precision_at_1000_diff1": -0.085029,
        "nauc_mrr_at_1_max": 0.35677,
        "nauc_mrr_at_1_std": 0.078924,
        "nauc_mrr_at_1_diff1": 0.548427,
        "nauc_mrr_at_3_max": 0.364284,
        "nauc_mrr_at_3_std": 0.080022,
        "nauc_mrr_at_3_diff1": 0.501214,
        "nauc_mrr_at_5_max": 0.365919,
        "nauc_mrr_at_5_std": 0.081851,
        "nauc_mrr_at_5_diff1": 0.497095,
        "nauc_mrr_at_10_max": 0.362646,
        "nauc_mrr_at_10_std": 0.081647,
        "nauc_mrr_at_10_diff1": 0.492794,
        "nauc_mrr_at_20_max": 0.362059,
        "nauc_mrr_at_20_std": 0.084314,
        "nauc_mrr_at_20_diff1": 0.493413,
        "nauc_mrr_at_100_max": 0.362176,
        "nauc_mrr_at_100_std": 0.085494,
        "nauc_mrr_at_100_diff1": 0.494643,
        "nauc_mrr_at_1000_max": 0.36212,
        "nauc_mrr_at_1000_std": 0.08549,
        "nauc_mrr_at_1000_diff1": 0.494777,
        "hit_rate_at_1": 0.48611,
        "hit_rate_at_3": 0.63272,
        "hit_rate_at_5": 0.69136,
        "hit_rate_at_10": 0.75309,
        "hit_rate_at_20": 0.80247,
        "hit_rate_at_100": 0.90432,
        "hit_rate_at_1000": 0.94907,
        "main_score": 0.47691,
        "hf_subset": "default",
        "languages": [
          "eng-Latn"
        ],
        "mteb_version": "2.12.32"
      }
    ]
  },
  "evaluation_time": 2026.4971272945404,
  "kg_co2_emissions": null,
  "date": null
}