{
  "dataset_revision": "38876698eba40ac88433e0ca0d9dff6f35e4d0ff",
  "task_name": "GigaSpeechT2ARetrieval",
  "mteb_version": "2.12.32",
  "scores": {
    "test": [
      {
        "ndcg_at_1": 0.8037,
        "ndcg_at_3": 0.81361,
        "ndcg_at_5": 0.8167,
        "ndcg_at_10": 0.81934,
        "ndcg_at_20": 0.82108,
        "ndcg_at_100": 0.82645,
        "ndcg_at_1000": 0.83766,
        "map_at_1": 0.8037,
        "map_at_3": 0.81123,
        "map_at_5": 0.81295,
        "map_at_10": 0.81404,
        "map_at_20": 0.8145,
        "map_at_100": 0.81517,
        "map_at_1000": 0.81554,
        "recall_at_1": 0.8037,
        "recall_at_3": 0.82044,
        "recall_at_5": 0.828,
        "recall_at_10": 0.83615,
        "recall_at_20": 0.84311,
        "recall_at_100": 0.87319,
        "recall_at_1000": 0.964,
        "accuracy": 0.8037,
        "precision_at_1": 0.8037,
        "precision_at_3": 0.27348,
        "precision_at_5": 0.1656,
        "precision_at_10": 0.08361,
        "precision_at_20": 0.04216,
        "precision_at_100": 0.00873,
        "precision_at_1000": 0.00096,
        "mrr_at_1": 0.803704,
        "mrr_at_3": 0.811235,
        "mrr_at_5": 0.812946,
        "mrr_at_10": 0.814039,
        "mrr_at_20": 0.814505,
        "mrr_at_100": 0.815173,
        "mrr_at_1000": 0.81554,
        "nauc_ndcg_at_1_max": 0.952503,
        "nauc_ndcg_at_1_std": -0.101632,
        "nauc_ndcg_at_1_diff1": 0.979598,
        "nauc_ndcg_at_3_max": 0.965232,
        "nauc_ndcg_at_3_std": -0.120895,
        "nauc_ndcg_at_3_diff1": 0.978949,
        "nauc_ndcg_at_5_max": 0.966029,
        "nauc_ndcg_at_5_std": -0.127158,
        "nauc_ndcg_at_5_diff1": 0.978813,
        "nauc_ndcg_at_10_max": 0.966073,
        "nauc_ndcg_at_10_std": -0.126718,
        "nauc_ndcg_at_10_diff1": 0.978132,
        "nauc_ndcg_at_20_max": 0.965637,
        "nauc_ndcg_at_20_std": -0.12493,
        "nauc_ndcg_at_20_diff1": 0.977466,
        "nauc_ndcg_at_100_max": 0.963209,
        "nauc_ndcg_at_100_std": -0.119228,
        "nauc_ndcg_at_100_diff1": 0.974408,
        "nauc_ndcg_at_1000_max": 0.962658,
        "nauc_ndcg_at_1000_std": -0.098775,
        "nauc_ndcg_at_1000_diff1": 0.972877,
        "nauc_map_at_1_max": 0.952503,
        "nauc_map_at_1_std": -0.101632,
        "nauc_map_at_1_diff1": 0.979598,
        "nauc_map_at_3_max": 0.962369,
        "nauc_map_at_3_std": -0.116134,
        "nauc_map_at_3_diff1": 0.979095,
        "nauc_map_at_5_max": 0.962765,
        "nauc_map_at_5_std": -0.119486,
        "nauc_map_at_5_diff1": 0.979024,
        "nauc_map_at_10_max": 0.962766,
        "nauc_map_at_10_std": -0.119383,
        "nauc_map_at_10_diff1": 0.978766,
        "nauc_map_at_20_max": 0.962639,
        "nauc_map_at_20_std": -0.118937,
        "nauc_map_at_20_diff1": 0.978599,
        "nauc_map_at_100_max": 0.962349,
        "nauc_map_at_100_std": -0.11831,
        "nauc_map_at_100_diff1": 0.97827,
        "nauc_map_at_1000_max": 0.962289,
        "nauc_map_at_1000_std": -0.117731,
        "nauc_map_at_1000_diff1": 0.978172,
        "nauc_recall_at_1_max": 0.952503,
        "nauc_recall_at_1_std": -0.101632,
        "nauc_recall_at_1_diff1": 0.979598,
        "nauc_recall_at_3_max": 0.973747,
        "nauc_recall_at_3_std": -0.135261,
        "nauc_recall_at_3_diff1": 0.978516,
        "nauc_recall_at_5_max": 0.976206,
        "nauc_recall_at_5_std": -0.152049,
        "nauc_recall_at_5_diff1": 0.978139,
        "nauc_recall_at_10_max": 0.976812,
        "nauc_recall_at_10_std": -0.151022,
        "nauc_recall_at_10_diff1": 0.975711,
        "nauc_recall_at_20_max": 0.975332,
        "nauc_recall_at_20_std": -0.143627,
        "nauc_recall_at_20_diff1": 0.972573,
        "nauc_recall_at_100_max": 0.959206,
        "nauc_recall_at_100_std": -0.103519,
        "nauc_recall_at_100_diff1": 0.948188,
        "nauc_recall_at_1000_max": 0.941029,
        "nauc_recall_at_1000_std": 0.642358,
        "nauc_recall_at_1000_diff1": 0.848148,
        "nauc_precision_at_1_max": 0.952503,
        "nauc_precision_at_1_std": -0.101632,
        "nauc_precision_at_1_diff1": 0.979598,
        "nauc_precision_at_3_max": 0.973747,
        "nauc_precision_at_3_std": -0.135261,
        "nauc_precision_at_3_diff1": 0.978516,
        "nauc_precision_at_5_max": 0.976206,
        "nauc_precision_at_5_std": -0.152049,
        "nauc_precision_at_5_diff1": 0.978139,
        "nauc_precision_at_10_max": 0.976812,
        "nauc_precision_at_10_std": -0.151022,
        "nauc_precision_at_10_diff1": 0.975711,
        "nauc_precision_at_20_max": 0.975332,
        "nauc_precision_at_20_std": -0.143627,
        "nauc_precision_at_20_diff1": 0.972573,
        "nauc_precision_at_100_max": 0.959206,
        "nauc_precision_at_100_std": -0.103519,
        "nauc_precision_at_100_diff1": 0.948188,
        "nauc_precision_at_1000_max": 0.941029,
        "nauc_precision_at_1000_std": 0.642358,
        "nauc_precision_at_1000_diff1": 0.848148,
        "nauc_mrr_at_1_max": 0.952503,
        "nauc_mrr_at_1_std": -0.101632,
        "nauc_mrr_at_1_diff1": 0.979598,
        "nauc_mrr_at_3_max": 0.962369,
        "nauc_mrr_at_3_std": -0.116134,
        "nauc_mrr_at_3_diff1": 0.979095,
        "nauc_mrr_at_5_max": 0.962765,
        "nauc_mrr_at_5_std": -0.119486,
        "nauc_mrr_at_5_diff1": 0.979024,
        "nauc_mrr_at_10_max": 0.962766,
        "nauc_mrr_at_10_std": -0.119383,
        "nauc_mrr_at_10_diff1": 0.978766,
        "nauc_mrr_at_20_max": 0.962639,
        "nauc_mrr_at_20_std": -0.118937,
        "nauc_mrr_at_20_diff1": 0.978599,
        "nauc_mrr_at_100_max": 0.962349,
        "nauc_mrr_at_100_std": -0.11831,
        "nauc_mrr_at_100_diff1": 0.97827,
        "nauc_mrr_at_1000_max": 0.962289,
        "nauc_mrr_at_1000_std": -0.117731,
        "nauc_mrr_at_1000_diff1": 0.978172,
        "hit_rate_at_1": 0.8037,
        "hit_rate_at_3": 0.82044,
        "hit_rate_at_5": 0.828,
        "hit_rate_at_10": 0.83615,
        "hit_rate_at_20": 0.84311,
        "hit_rate_at_100": 0.87319,
        "hit_rate_at_1000": 0.964,
        "main_score": 0.828,
        "hf_subset": "default",
        "languages": [
          "eng-Latn"
        ],
        "mteb_version": "2.12.32"
      }
    ]
  },
  "evaluation_time": 2042.2353730201721,
  "kg_co2_emissions": null,
  "date": null
}