{
  "dataset_revision": "e6cf8c1771177dbf88550dbdd8c867d676d15119",
  "task_name": "GTZANAudioReranking",
  "mteb_version": "2.12.32",
  "scores": {
    "test": [
      {
        "ndcg_at_1": 0.89,
        "ndcg_at_3": 0.81776,
        "ndcg_at_5": 0.8836,
        "ndcg_at_10": 0.91885,
        "ndcg_at_20": 0.92666,
        "ndcg_at_100": 0.92666,
        "ndcg_at_1000": 0.92666,
        "map_at_1": 0.29667,
        "map_at_3": 0.76278,
        "map_at_5": 0.83211,
        "map_at_10": 0.86162,
        "map_at_20": 0.867,
        "map_at_100": 0.867,
        "map_at_1000": 0.867,
        "recall_at_1": 0.29667,
        "recall_at_3": 0.79,
        "recall_at_5": 0.90333,
        "recall_at_10": 0.98,
        "recall_at_20": 1.0,
        "recall_at_100": 1.0,
        "recall_at_1000": 1.0,
        "accuracy": 0.29667,
        "precision_at_1": 0.89,
        "precision_at_3": 0.79,
        "precision_at_5": 0.542,
        "precision_at_10": 0.294,
        "precision_at_20": 0.15,
        "precision_at_100": 0.03,
        "precision_at_1000": 0.003,
        "mrr_at_1": 0.89,
        "mrr_at_3": 0.935,
        "mrr_at_5": 0.937,
        "mrr_at_10": 0.937,
        "mrr_at_20": 0.937,
        "mrr_at_100": 0.937,
        "mrr_at_1000": 0.937,
        "nauc_ndcg_at_1_max": 0.656258,
        "nauc_ndcg_at_1_std": 0.738038,
        "nauc_ndcg_at_1_diff1": 0.239498,
        "nauc_ndcg_at_3_max": 0.500805,
        "nauc_ndcg_at_3_std": 0.572061,
        "nauc_ndcg_at_3_diff1": 0.136577,
        "nauc_ndcg_at_5_max": 0.547214,
        "nauc_ndcg_at_5_std": 0.59472,
        "nauc_ndcg_at_5_diff1": 0.125722,
        "nauc_ndcg_at_10_max": 0.552856,
        "nauc_ndcg_at_10_std": 0.595826,
        "nauc_ndcg_at_10_diff1": 0.089064,
        "nauc_ndcg_at_20_max": 0.557509,
        "nauc_ndcg_at_20_std": 0.613452,
        "nauc_ndcg_at_20_diff1": 0.144545,
        "nauc_ndcg_at_100_max": 0.557509,
        "nauc_ndcg_at_100_std": 0.613452,
        "nauc_ndcg_at_100_diff1": 0.144545,
        "nauc_ndcg_at_1000_max": 0.557509,
        "nauc_ndcg_at_1000_std": 0.613452,
        "nauc_ndcg_at_1000_diff1": 0.144545,
        "nauc_map_at_1_max": 0.656258,
        "nauc_map_at_1_std": 0.738038,
        "nauc_map_at_1_diff1": 0.239498,
        "nauc_map_at_3_max": 0.472971,
        "nauc_map_at_3_std": 0.543008,
        "nauc_map_at_3_diff1": 0.119066,
        "nauc_map_at_5_max": 0.515048,
        "nauc_map_at_5_std": 0.569229,
        "nauc_map_at_5_diff1": 0.110269,
        "nauc_map_at_10_max": 0.516336,
        "nauc_map_at_10_std": 0.565857,
        "nauc_map_at_10_diff1": 0.094753,
        "nauc_map_at_20_max": 0.517103,
        "nauc_map_at_20_std": 0.572105,
        "nauc_map_at_20_diff1": 0.116932,
        "nauc_map_at_100_max": 0.517103,
        "nauc_map_at_100_std": 0.572105,
        "nauc_map_at_100_diff1": 0.116932,
        "nauc_map_at_1000_max": 0.517103,
        "nauc_map_at_1000_std": 0.572105,
        "nauc_map_at_1000_diff1": 0.116932,
        "nauc_recall_at_1_max": 0.656258,
        "nauc_recall_at_1_std": 0.738038,
        "nauc_recall_at_1_diff1": 0.239498,
        "nauc_recall_at_3_max": 0.464841,
        "nauc_recall_at_3_std": 0.541472,
        "nauc_recall_at_3_diff1": 0.12213,
        "nauc_recall_at_5_max": 0.521342,
        "nauc_recall_at_5_std": 0.54864,
        "nauc_recall_at_5_diff1": 0.083879,
        "nauc_recall_at_10_max": 0.470977,
        "nauc_recall_at_10_std": 0.403673,
        "nauc_recall_at_10_diff1": -0.377218,
        "nauc_recall_at_20_max": NaN,
        "nauc_recall_at_20_std": NaN,
        "nauc_recall_at_20_diff1": NaN,
        "nauc_recall_at_100_max": NaN,
        "nauc_recall_at_100_std": NaN,
        "nauc_recall_at_100_diff1": NaN,
        "nauc_recall_at_1000_max": NaN,
        "nauc_recall_at_1000_std": NaN,
        "nauc_recall_at_1000_diff1": NaN,
        "nauc_precision_at_1_max": 0.656258,
        "nauc_precision_at_1_std": 0.738038,
        "nauc_precision_at_1_diff1": 0.239498,
        "nauc_precision_at_3_max": 0.464841,
        "nauc_precision_at_3_std": 0.541472,
        "nauc_precision_at_3_diff1": 0.12213,
        "nauc_precision_at_5_max": 0.521342,
        "nauc_precision_at_5_std": 0.54864,
        "nauc_precision_at_5_diff1": 0.083879,
        "nauc_precision_at_10_max": 0.470977,
        "nauc_precision_at_10_std": 0.403673,
        "nauc_precision_at_10_diff1": -0.377218,
        "nauc_precision_at_20_max": NaN,
        "nauc_precision_at_20_std": NaN,
        "nauc_precision_at_20_diff1": NaN,
        "nauc_precision_at_100_max": NaN,
        "nauc_precision_at_100_std": NaN,
        "nauc_precision_at_100_diff1": NaN,
        "nauc_precision_at_1000_max": NaN,
        "nauc_precision_at_1000_std": NaN,
        "nauc_precision_at_1000_diff1": NaN,
        "nauc_mrr_at_1_max": 0.656258,
        "nauc_mrr_at_1_std": 0.738038,
        "nauc_mrr_at_1_diff1": 0.239498,
        "nauc_mrr_at_3_max": 0.658601,
        "nauc_mrr_at_3_std": 0.745447,
        "nauc_mrr_at_3_diff1": 0.239752,
        "nauc_mrr_at_5_max": 0.651843,
        "nauc_mrr_at_5_std": 0.737282,
        "nauc_mrr_at_5_diff1": 0.219557,
        "nauc_mrr_at_10_max": 0.651843,
        "nauc_mrr_at_10_std": 0.737282,
        "nauc_mrr_at_10_diff1": 0.219557,
        "nauc_mrr_at_20_max": 0.651843,
        "nauc_mrr_at_20_std": 0.737282,
        "nauc_mrr_at_20_diff1": 0.219557,
        "nauc_mrr_at_100_max": 0.651843,
        "nauc_mrr_at_100_std": 0.737282,
        "nauc_mrr_at_100_diff1": 0.219557,
        "nauc_mrr_at_1000_max": 0.651843,
        "nauc_mrr_at_1000_std": 0.737282,
        "nauc_mrr_at_1000_diff1": 0.219557,
        "hit_rate_at_1": 0.89,
        "hit_rate_at_3": 0.99,
        "hit_rate_at_5": 1.0,
        "hit_rate_at_10": 1.0,
        "hit_rate_at_20": 1.0,
        "hit_rate_at_100": 1.0,
        "hit_rate_at_1000": 1.0,
        "main_score": 0.867,
        "hf_subset": "default",
        "languages": [
          "zxx-Zxxx"
        ],
        "mteb_version": "2.12.32"
      }
    ]
  },
  "evaluation_time": 348.15175557136536,
  "kg_co2_emissions": null,
  "date": null
}