{
  "dataset_revision": "852290806bbf9d660f5c04c246f81ce38bfc1d48",
  "task_name": "HatefulMemesI2TRetrieval",
  "mteb_version": "2.12.32",
  "scores": {
    "test": [
      {
        "ndcg_at_1": 0.442,
        "ndcg_at_3": 0.52544,
        "ndcg_at_5": 0.5479,
        "ndcg_at_10": 0.56448,
        "ndcg_at_20": 0.57538,
        "ndcg_at_100": 0.58707,
        "ndcg_at_1000": 0.59096,
        "map_at_1": 0.442,
        "map_at_3": 0.50517,
        "map_at_5": 0.51752,
        "map_at_10": 0.52441,
        "map_at_20": 0.52742,
        "map_at_100": 0.52903,
        "map_at_1000": 0.52917,
        "recall_at_1": 0.442,
        "recall_at_3": 0.584,
        "recall_at_5": 0.639,
        "recall_at_10": 0.69,
        "recall_at_20": 0.733,
        "recall_at_100": 0.796,
        "recall_at_1000": 0.827,
        "accuracy": 0.442,
        "precision_at_1": 0.442,
        "precision_at_3": 0.19467,
        "precision_at_5": 0.1278,
        "precision_at_10": 0.069,
        "precision_at_20": 0.03665,
        "precision_at_100": 0.00796,
        "precision_at_1000": 0.00083,
        "mrr_at_1": 0.442,
        "mrr_at_3": 0.505167,
        "mrr_at_5": 0.517517,
        "mrr_at_10": 0.524413,
        "mrr_at_20": 0.527424,
        "mrr_at_100": 0.529026,
        "mrr_at_1000": 0.529167,
        "nauc_ndcg_at_1_max": 0.087891,
        "nauc_ndcg_at_1_std": -0.22231,
        "nauc_ndcg_at_1_diff1": 0.518599,
        "nauc_ndcg_at_3_max": 0.064379,
        "nauc_ndcg_at_3_std": -0.23997,
        "nauc_ndcg_at_3_diff1": 0.461401,
        "nauc_ndcg_at_5_max": 0.063576,
        "nauc_ndcg_at_5_std": -0.238096,
        "nauc_ndcg_at_5_diff1": 0.443774,
        "nauc_ndcg_at_10_max": 0.056351,
        "nauc_ndcg_at_10_std": -0.224641,
        "nauc_ndcg_at_10_diff1": 0.430473,
        "nauc_ndcg_at_20_max": 0.054491,
        "nauc_ndcg_at_20_std": -0.222784,
        "nauc_ndcg_at_20_diff1": 0.424574,
        "nauc_ndcg_at_100_max": 0.051058,
        "nauc_ndcg_at_100_std": -0.213969,
        "nauc_ndcg_at_100_diff1": 0.41795,
        "nauc_ndcg_at_1000_max": 0.050576,
        "nauc_ndcg_at_1000_std": -0.210894,
        "nauc_ndcg_at_1000_diff1": 0.416832,
        "nauc_map_at_1_max": 0.087891,
        "nauc_map_at_1_std": -0.22231,
        "nauc_map_at_1_diff1": 0.518599,
        "nauc_map_at_3_max": 0.070684,
        "nauc_map_at_3_std": -0.235799,
        "nauc_map_at_3_diff1": 0.475627,
        "nauc_map_at_5_max": 0.070083,
        "nauc_map_at_5_std": -0.23485,
        "nauc_map_at_5_diff1": 0.466486,
        "nauc_map_at_10_max": 0.067289,
        "nauc_map_at_10_std": -0.228899,
        "nauc_map_at_10_diff1": 0.461314,
        "nauc_map_at_20_max": 0.066954,
        "nauc_map_at_20_std": -0.228412,
        "nauc_map_at_20_diff1": 0.459825,
        "nauc_map_at_100_max": 0.066354,
        "nauc_map_at_100_std": -0.227405,
        "nauc_map_at_100_diff1": 0.459117,
        "nauc_map_at_1000_max": 0.066336,
        "nauc_map_at_1000_std": -0.227225,
        "nauc_map_at_1000_diff1": 0.459069,
        "nauc_recall_at_1_max": 0.087891,
        "nauc_recall_at_1_std": -0.22231,
        "nauc_recall_at_1_diff1": 0.518599,
        "nauc_recall_at_3_max": 0.044806,
        "nauc_recall_at_3_std": -0.252686,
        "nauc_recall_at_3_diff1": 0.417692,
        "nauc_recall_at_5_max": 0.042157,
        "nauc_recall_at_5_std": -0.248185,
        "nauc_recall_at_5_diff1": 0.365752,
        "nauc_recall_at_10_max": 0.013424,
        "nauc_recall_at_10_std": -0.203713,
        "nauc_recall_at_10_diff1": 0.309694,
        "nauc_recall_at_20_max": -0.002335,
        "nauc_recall_at_20_std": -0.191878,
        "nauc_recall_at_20_diff1": 0.265806,
        "nauc_recall_at_100_max": -0.040139,
        "nauc_recall_at_100_std": -0.107541,
        "nauc_recall_at_100_diff1": 0.171466,
        "nauc_recall_at_1000_max": -0.059967,
        "nauc_recall_at_1000_std": -0.054041,
        "nauc_recall_at_1000_diff1": 0.118235,
        "nauc_precision_at_1_max": 0.087891,
        "nauc_precision_at_1_std": -0.22231,
        "nauc_precision_at_1_diff1": 0.518599,
        "nauc_precision_at_3_max": 0.044806,
        "nauc_precision_at_3_std": -0.252686,
        "nauc_precision_at_3_diff1": 0.417692,
        "nauc_precision_at_5_max": 0.042157,
        "nauc_precision_at_5_std": -0.248185,
        "nauc_precision_at_5_diff1": 0.365752,
        "nauc_precision_at_10_max": 0.013424,
        "nauc_precision_at_10_std": -0.203713,
        "nauc_precision_at_10_diff1": 0.309694,
        "nauc_precision_at_20_max": -0.002335,
        "nauc_precision_at_20_std": -0.191878,
        "nauc_precision_at_20_diff1": 0.265806,
        "nauc_precision_at_100_max": -0.040139,
        "nauc_precision_at_100_std": -0.107541,
        "nauc_precision_at_100_diff1": 0.171466,
        "nauc_precision_at_1000_max": -0.059967,
        "nauc_precision_at_1000_std": -0.054041,
        "nauc_precision_at_1000_diff1": 0.118235,
        "nauc_mrr_at_1_max": 0.087891,
        "nauc_mrr_at_1_std": -0.22231,
        "nauc_mrr_at_1_diff1": 0.518599,
        "nauc_mrr_at_3_max": 0.070684,
        "nauc_mrr_at_3_std": -0.235799,
        "nauc_mrr_at_3_diff1": 0.475627,
        "nauc_mrr_at_5_max": 0.070083,
        "nauc_mrr_at_5_std": -0.23485,
        "nauc_mrr_at_5_diff1": 0.466486,
        "nauc_mrr_at_10_max": 0.067289,
        "nauc_mrr_at_10_std": -0.228899,
        "nauc_mrr_at_10_diff1": 0.461314,
        "nauc_mrr_at_20_max": 0.066954,
        "nauc_mrr_at_20_std": -0.228412,
        "nauc_mrr_at_20_diff1": 0.459825,
        "nauc_mrr_at_100_max": 0.066354,
        "nauc_mrr_at_100_std": -0.227405,
        "nauc_mrr_at_100_diff1": 0.459117,
        "nauc_mrr_at_1000_max": 0.066336,
        "nauc_mrr_at_1000_std": -0.227225,
        "nauc_mrr_at_1000_diff1": 0.459069,
        "hit_rate_at_1": 0.442,
        "hit_rate_at_3": 0.584,
        "hit_rate_at_5": 0.639,
        "hit_rate_at_10": 0.69,
        "hit_rate_at_20": 0.733,
        "hit_rate_at_100": 0.796,
        "hit_rate_at_1000": 0.827,
        "main_score": 0.56448,
        "hf_subset": "default",
        "languages": [
          "eng-Latn"
        ],
        "mteb_version": "2.12.32"
      }
    ]
  },
  "evaluation_time": 385.9903540611267,
  "kg_co2_emissions": null,
  "date": null
}