{
  "dataset_revision": "617612fa63afcb60e3b134bed8b7216a99707c37",
  "task_name": "HotpotQAHardNegatives",
  "mteb_version": "2.12.32",
  "scores": {
    "test": [
      {
        "ndcg_at_1": 0.756,
        "ndcg_at_3": 0.63033,
        "ndcg_at_5": 0.66202,
        "ndcg_at_10": 0.69078,
        "ndcg_at_20": 0.70948,
        "ndcg_at_100": 0.73362,
        "ndcg_at_1000": 0.74532,
        "map_at_1": 0.378,
        "map_at_3": 0.55858,
        "map_at_5": 0.58413,
        "map_at_10": 0.60102,
        "map_at_20": 0.60841,
        "map_at_100": 0.61354,
        "map_at_1000": 0.61424,
        "recall_at_1": 0.378,
        "recall_at_3": 0.6055,
        "recall_at_5": 0.668,
        "recall_at_10": 0.7405,
        "recall_at_20": 0.8005,
        "recall_at_100": 0.907,
        "recall_at_1000": 0.982,
        "accuracy": 0.378,
        "precision_at_1": 0.756,
        "precision_at_3": 0.40367,
        "precision_at_5": 0.2672,
        "precision_at_10": 0.1481,
        "precision_at_20": 0.08005,
        "precision_at_100": 0.01814,
        "precision_at_1000": 0.00196,
        "mrr_at_1": 0.756,
        "mrr_at_3": 0.8115,
        "mrr_at_5": 0.818,
        "mrr_at_10": 0.822967,
        "mrr_at_20": 0.825092,
        "mrr_at_100": 0.825603,
        "mrr_at_1000": 0.825627,
        "nauc_ndcg_at_1_max": 0.251116,
        "nauc_ndcg_at_1_std": -0.105646,
        "nauc_ndcg_at_1_diff1": 0.653103,
        "nauc_ndcg_at_3_max": 0.160104,
        "nauc_ndcg_at_3_std": -0.059142,
        "nauc_ndcg_at_3_diff1": 0.254322,
        "nauc_ndcg_at_5_max": 0.159383,
        "nauc_ndcg_at_5_std": -0.067719,
        "nauc_ndcg_at_5_diff1": 0.258884,
        "nauc_ndcg_at_10_max": 0.175951,
        "nauc_ndcg_at_10_std": -0.026415,
        "nauc_ndcg_at_10_diff1": 0.264794,
        "nauc_ndcg_at_20_max": 0.171869,
        "nauc_ndcg_at_20_std": -0.024955,
        "nauc_ndcg_at_20_diff1": 0.280119,
        "nauc_ndcg_at_100_max": 0.181609,
        "nauc_ndcg_at_100_std": -0.009187,
        "nauc_ndcg_at_100_diff1": 0.289276,
        "nauc_ndcg_at_1000_max": 0.183512,
        "nauc_ndcg_at_1000_std": -0.02244,
        "nauc_ndcg_at_1000_diff1": 0.300008,
        "nauc_map_at_1_max": 0.251116,
        "nauc_map_at_1_std": -0.105646,
        "nauc_map_at_1_diff1": 0.653103,
        "nauc_map_at_3_max": 0.129169,
        "nauc_map_at_3_std": -0.042661,
        "nauc_map_at_3_diff1": 0.199607,
        "nauc_map_at_5_max": 0.129799,
        "nauc_map_at_5_std": -0.048524,
        "nauc_map_at_5_diff1": 0.207244,
        "nauc_map_at_10_max": 0.141363,
        "nauc_map_at_10_std": -0.027321,
        "nauc_map_at_10_diff1": 0.213057,
        "nauc_map_at_20_max": 0.1406,
        "nauc_map_at_20_std": -0.026971,
        "nauc_map_at_20_diff1": 0.219461,
        "nauc_map_at_100_max": 0.141407,
        "nauc_map_at_100_std": -0.025463,
        "nauc_map_at_100_diff1": 0.220223,
        "nauc_map_at_1000_max": 0.141554,
        "nauc_map_at_1000_std": -0.025859,
        "nauc_map_at_1000_diff1": 0.220524,
        "nauc_recall_at_1_max": 0.251116,
        "nauc_recall_at_1_std": -0.105646,
        "nauc_recall_at_1_diff1": 0.653103,
        "nauc_recall_at_3_max": 0.136249,
        "nauc_recall_at_3_std": -0.045997,
        "nauc_recall_at_3_diff1": 0.129901,
        "nauc_recall_at_5_max": 0.12887,
        "nauc_recall_at_5_std": -0.06137,
        "nauc_recall_at_5_diff1": 0.129014,
        "nauc_recall_at_10_max": 0.161462,
        "nauc_recall_at_10_std": 0.049258,
        "nauc_recall_at_10_diff1": 0.115731,
        "nauc_recall_at_20_max": 0.141435,
        "nauc_recall_at_20_std": 0.071196,
        "nauc_recall_at_20_diff1": 0.139196,
        "nauc_recall_at_100_max": 0.218847,
        "nauc_recall_at_100_std": 0.312896,
        "nauc_recall_at_100_diff1": 0.111902,
        "nauc_recall_at_1000_max": 0.537802,
        "nauc_recall_at_1000_std": 0.65506,
        "nauc_recall_at_1000_diff1": 0.240105,
        "nauc_precision_at_1_max": 0.251116,
        "nauc_precision_at_1_std": -0.105646,
        "nauc_precision_at_1_diff1": 0.653103,
        "nauc_precision_at_3_max": 0.136249,
        "nauc_precision_at_3_std": -0.045997,
        "nauc_precision_at_3_diff1": 0.129901,
        "nauc_precision_at_5_max": 0.12887,
        "nauc_precision_at_5_std": -0.06137,
        "nauc_precision_at_5_diff1": 0.129014,
        "nauc_precision_at_10_max": 0.161462,
        "nauc_precision_at_10_std": 0.049258,
        "nauc_precision_at_10_diff1": 0.115731,
        "nauc_precision_at_20_max": 0.141435,
        "nauc_precision_at_20_std": 0.071196,
        "nauc_precision_at_20_diff1": 0.139196,
        "nauc_precision_at_100_max": 0.218847,
        "nauc_precision_at_100_std": 0.312896,
        "nauc_precision_at_100_diff1": 0.111902,
        "nauc_precision_at_1000_max": 0.537802,
        "nauc_precision_at_1000_std": 0.65506,
        "nauc_precision_at_1000_diff1": 0.240105,
        "nauc_mrr_at_1_max": 0.251116,
        "nauc_mrr_at_1_std": -0.105646,
        "nauc_mrr_at_1_diff1": 0.653103,
        "nauc_mrr_at_3_max": 0.291904,
        "nauc_mrr_at_3_std": -0.13069,
        "nauc_mrr_at_3_diff1": 0.641052,
        "nauc_mrr_at_5_max": 0.294398,
        "nauc_mrr_at_5_std": -0.13508,
        "nauc_mrr_at_5_diff1": 0.640806,
        "nauc_mrr_at_10_max": 0.292369,
        "nauc_mrr_at_10_std": -0.126006,
        "nauc_mrr_at_10_diff1": 0.643296,
        "nauc_mrr_at_20_max": 0.288978,
        "nauc_mrr_at_20_std": -0.126836,
        "nauc_mrr_at_20_diff1": 0.643739,
        "nauc_mrr_at_100_max": 0.288758,
        "nauc_mrr_at_100_std": -0.12646,
        "nauc_mrr_at_100_diff1": 0.643892,
        "nauc_mrr_at_1000_max": 0.288703,
        "nauc_mrr_at_1000_std": -0.126399,
        "nauc_mrr_at_1000_diff1": 0.643893,
        "hit_rate_at_1": 0.756,
        "hit_rate_at_3": 0.879,
        "hit_rate_at_5": 0.907,
        "hit_rate_at_10": 0.944,
        "hit_rate_at_20": 0.975,
        "hit_rate_at_100": 0.995,
        "hit_rate_at_1000": 1.0,
        "main_score": 0.69078,
        "hf_subset": "default",
        "languages": [
          "eng-Latn"
        ],
        "mteb_version": "2.12.32"
      }
    ]
  },
  "evaluation_time": 5982.092095375061,
  "kg_co2_emissions": null,
  "date": null
}