{
  "dataset_revision": "4510aa3b456b23f39564694e053e70492cc1de9f",
  "task_name": "InfoSeekIT2TRetrieval",
  "mteb_version": "2.12.32",
  "scores": {
    "test": [
      {
        "ndcg_at_1": 0.3779,
        "ndcg_at_3": 0.32574,
        "ndcg_at_5": 0.32647,
        "ndcg_at_10": 0.34124,
        "ndcg_at_20": 0.36438,
        "ndcg_at_100": 0.4135,
        "ndcg_at_1000": 0.44915,
        "map_at_1": 0.12012,
        "map_at_3": 0.1829,
        "map_at_5": 0.20515,
        "map_at_10": 0.22826,
        "map_at_20": 0.24612,
        "map_at_100": 0.26448,
        "map_at_1000": 0.26847,
        "recall_at_1": 0.12012,
        "recall_at_3": 0.22362,
        "recall_at_5": 0.27752,
        "recall_at_10": 0.35529,
        "recall_at_20": 0.44127,
        "recall_at_100": 0.60906,
        "recall_at_1000": 0.75825,
        "accuracy": 0.12012,
        "precision_at_1": 0.3779,
        "precision_at_3": 0.25865,
        "precision_at_5": 0.20768,
        "precision_at_10": 0.14794,
        "precision_at_20": 0.10269,
        "precision_at_100": 0.03506,
        "precision_at_1000": 0.00501,
        "mrr_at_1": 0.377903,
        "mrr_at_3": 0.451824,
        "mrr_at_5": 0.467787,
        "mrr_at_10": 0.480231,
        "mrr_at_20": 0.485633,
        "mrr_at_100": 0.488512,
        "mrr_at_1000": 0.488855,
        "nauc_ndcg_at_1_max": 0.229857,
        "nauc_ndcg_at_1_std": 0.091897,
        "nauc_ndcg_at_1_diff1": 0.411106,
        "nauc_ndcg_at_3_max": 0.179906,
        "nauc_ndcg_at_3_std": 0.090674,
        "nauc_ndcg_at_3_diff1": 0.317649,
        "nauc_ndcg_at_5_max": 0.168317,
        "nauc_ndcg_at_5_std": 0.093255,
        "nauc_ndcg_at_5_diff1": 0.326117,
        "nauc_ndcg_at_10_max": 0.165749,
        "nauc_ndcg_at_10_std": 0.104955,
        "nauc_ndcg_at_10_diff1": 0.335188,
        "nauc_ndcg_at_20_max": 0.160776,
        "nauc_ndcg_at_20_std": 0.118081,
        "nauc_ndcg_at_20_diff1": 0.343771,
        "nauc_ndcg_at_100_max": 0.170359,
        "nauc_ndcg_at_100_std": 0.16551,
        "nauc_ndcg_at_100_diff1": 0.341778,
        "nauc_ndcg_at_1000_max": 0.188617,
        "nauc_ndcg_at_1000_std": 0.18205,
        "nauc_ndcg_at_1000_diff1": 0.333591,
        "nauc_map_at_1_max": 0.08262,
        "nauc_map_at_1_std": -0.004156,
        "nauc_map_at_1_diff1": 0.396685,
        "nauc_map_at_3_max": 0.090031,
        "nauc_map_at_3_std": -0.003534,
        "nauc_map_at_3_diff1": 0.340252,
        "nauc_map_at_5_max": 0.099141,
        "nauc_map_at_5_std": 0.007456,
        "nauc_map_at_5_diff1": 0.337277,
        "nauc_map_at_10_max": 0.111472,
        "nauc_map_at_10_std": 0.030575,
        "nauc_map_at_10_diff1": 0.342213,
        "nauc_map_at_20_max": 0.113946,
        "nauc_map_at_20_std": 0.055939,
        "nauc_map_at_20_diff1": 0.341257,
        "nauc_map_at_100_max": 0.122633,
        "nauc_map_at_100_std": 0.090089,
        "nauc_map_at_100_diff1": 0.339887,
        "nauc_map_at_1000_max": 0.126294,
        "nauc_map_at_1000_std": 0.095681,
        "nauc_map_at_1000_diff1": 0.339321,
        "nauc_recall_at_1_max": 0.08262,
        "nauc_recall_at_1_std": -0.004156,
        "nauc_recall_at_1_diff1": 0.396685,
        "nauc_recall_at_3_max": 0.065626,
        "nauc_recall_at_3_std": -0.007548,
        "nauc_recall_at_3_diff1": 0.271354,
        "nauc_recall_at_5_max": 0.068602,
        "nauc_recall_at_5_std": 0.010887,
        "nauc_recall_at_5_diff1": 0.253347,
        "nauc_recall_at_10_max": 0.077491,
        "nauc_recall_at_10_std": 0.060993,
        "nauc_recall_at_10_diff1": 0.239295,
        "nauc_recall_at_20_max": 0.065357,
        "nauc_recall_at_20_std": 0.117299,
        "nauc_recall_at_20_diff1": 0.230942,
        "nauc_recall_at_100_max": 0.038353,
        "nauc_recall_at_100_std": 0.241459,
        "nauc_recall_at_100_diff1": 0.195345,
        "nauc_recall_at_1000_max": 0.011519,
        "nauc_recall_at_1000_std": 0.299643,
        "nauc_recall_at_1000_diff1": 0.094177,
        "nauc_precision_at_1_max": 0.229857,
        "nauc_precision_at_1_std": 0.091897,
        "nauc_precision_at_1_diff1": 0.411106,
        "nauc_precision_at_3_max": 0.211102,
        "nauc_precision_at_3_std": 0.121752,
        "nauc_precision_at_3_diff1": 0.232424,
        "nauc_precision_at_5_max": 0.20148,
        "nauc_precision_at_5_std": 0.148316,
        "nauc_precision_at_5_diff1": 0.196285,
        "nauc_precision_at_10_max": 0.189771,
        "nauc_precision_at_10_std": 0.200888,
        "nauc_precision_at_10_diff1": 0.164052,
        "nauc_precision_at_20_max": 0.16135,
        "nauc_precision_at_20_std": 0.247809,
        "nauc_precision_at_20_diff1": 0.125665,
        "nauc_precision_at_100_max": 0.154922,
        "nauc_precision_at_100_std": 0.293039,
        "nauc_precision_at_100_diff1": 0.047398,
        "nauc_precision_at_1000_max": 0.152155,
        "nauc_precision_at_1000_std": 0.237684,
        "nauc_precision_at_1000_diff1": -0.013507,
        "nauc_mrr_at_1_max": 0.229857,
        "nauc_mrr_at_1_std": 0.091897,
        "nauc_mrr_at_1_diff1": 0.411106,
        "nauc_mrr_at_3_max": 0.245755,
        "nauc_mrr_at_3_std": 0.101995,
        "nauc_mrr_at_3_diff1": 0.378582,
        "nauc_mrr_at_5_max": 0.25143,
        "nauc_mrr_at_5_std": 0.107741,
        "nauc_mrr_at_5_diff1": 0.37739,
        "nauc_mrr_at_10_max": 0.256762,
        "nauc_mrr_at_10_std": 0.117407,
        "nauc_mrr_at_10_diff1": 0.37823,
        "nauc_mrr_at_20_max": 0.25717,
        "nauc_mrr_at_20_std": 0.120249,
        "nauc_mrr_at_20_diff1": 0.379401,
        "nauc_mrr_at_100_max": 0.257085,
        "nauc_mrr_at_100_std": 0.120815,
        "nauc_mrr_at_100_diff1": 0.379478,
        "nauc_mrr_at_1000_max": 0.256965,
        "nauc_mrr_at_1000_std": 0.12054,
        "nauc_mrr_at_1000_diff1": 0.379575,
        "hit_rate_at_1": 0.3779,
        "hit_rate_at_3": 0.54473,
        "hit_rate_at_5": 0.6145,
        "hit_rate_at_10": 0.706,
        "hit_rate_at_20": 0.78265,
        "hit_rate_at_100": 0.89225,
        "hit_rate_at_1000": 0.96688,
        "main_score": 0.34124,
        "hf_subset": "default",
        "languages": [
          "eng-Latn"
        ],
        "mteb_version": "2.12.32"
      }
    ]
  },
  "evaluation_time": 18153.768421411514,
  "kg_co2_emissions": null,
  "date": null
}