{
  "dataset_revision": "74ce553cb9b43aee5169f0bddd30bd5dee8d26d1",
  "task_name": "MACST2ARetrieval",
  "mteb_version": "2.12.32",
  "scores": {
    "test": [
      {
        "ndcg_at_1": 0.11959,
        "ndcg_at_3": 0.18584,
        "ndcg_at_5": 0.20971,
        "ndcg_at_10": 0.23633,
        "ndcg_at_20": 0.25958,
        "ndcg_at_100": 0.32702,
        "ndcg_at_1000": 0.34952,
        "map_at_1": 0.11959,
        "map_at_3": 0.16921,
        "map_at_5": 0.18232,
        "map_at_10": 0.193,
        "map_at_20": 0.19942,
        "map_at_100": 0.2084,
        "map_at_1000": 0.20951,
        "recall_at_1": 0.11959,
        "recall_at_3": 0.2341,
        "recall_at_5": 0.29262,
        "recall_at_10": 0.37659,
        "recall_at_20": 0.46819,
        "recall_at_100": 0.83715,
        "recall_at_1000": 1.0,
        "accuracy": 0.11959,
        "precision_at_1": 0.11959,
        "precision_at_3": 0.07803,
        "precision_at_5": 0.05852,
        "precision_at_10": 0.03766,
        "precision_at_20": 0.02341,
        "precision_at_100": 0.00837,
        "precision_at_1000": 0.001,
        "mrr_at_1": 0.119593,
        "mrr_at_3": 0.169211,
        "mrr_at_5": 0.182316,
        "mrr_at_10": 0.193,
        "mrr_at_20": 0.199422,
        "mrr_at_100": 0.208401,
        "mrr_at_1000": 0.209514,
        "nauc_ndcg_at_1_max": 0.22536,
        "nauc_ndcg_at_1_std": -0.013643,
        "nauc_ndcg_at_1_diff1": 0.420778,
        "nauc_ndcg_at_3_max": 0.178889,
        "nauc_ndcg_at_3_std": 0.03199,
        "nauc_ndcg_at_3_diff1": 0.343738,
        "nauc_ndcg_at_5_max": 0.183394,
        "nauc_ndcg_at_5_std": 0.02452,
        "nauc_ndcg_at_5_diff1": 0.339965,
        "nauc_ndcg_at_10_max": 0.194549,
        "nauc_ndcg_at_10_std": 0.028231,
        "nauc_ndcg_at_10_diff1": 0.32884,
        "nauc_ndcg_at_20_max": 0.194705,
        "nauc_ndcg_at_20_std": 0.027438,
        "nauc_ndcg_at_20_diff1": 0.327059,
        "nauc_ndcg_at_100_max": 0.188437,
        "nauc_ndcg_at_100_std": 0.04196,
        "nauc_ndcg_at_100_diff1": 0.334806,
        "nauc_ndcg_at_1000_max": 0.188909,
        "nauc_ndcg_at_1000_std": 0.027801,
        "nauc_ndcg_at_1000_diff1": 0.341708,
        "nauc_map_at_1_max": 0.22536,
        "nauc_map_at_1_std": -0.013643,
        "nauc_map_at_1_diff1": 0.420778,
        "nauc_map_at_3_max": 0.186089,
        "nauc_map_at_3_std": 0.023184,
        "nauc_map_at_3_diff1": 0.358758,
        "nauc_map_at_5_max": 0.188232,
        "nauc_map_at_5_std": 0.018911,
        "nauc_map_at_5_diff1": 0.356101,
        "nauc_map_at_10_max": 0.191147,
        "nauc_map_at_10_std": 0.019515,
        "nauc_map_at_10_diff1": 0.350917,
        "nauc_map_at_20_max": 0.191345,
        "nauc_map_at_20_std": 0.019308,
        "nauc_map_at_20_diff1": 0.350581,
        "nauc_map_at_100_max": 0.1898,
        "nauc_map_at_100_std": 0.020945,
        "nauc_map_at_100_diff1": 0.352049,
        "nauc_map_at_1000_max": 0.189961,
        "nauc_map_at_1000_std": 0.020401,
        "nauc_map_at_1000_diff1": 0.352565,
        "nauc_recall_at_1_max": 0.22536,
        "nauc_recall_at_1_std": -0.013643,
        "nauc_recall_at_1_diff1": 0.420778,
        "nauc_recall_at_3_max": 0.162831,
        "nauc_recall_at_3_std": 0.052342,
        "nauc_recall_at_3_diff1": 0.308971,
        "nauc_recall_at_5_max": 0.174347,
        "nauc_recall_at_5_std": 0.035789,
        "nauc_recall_at_5_diff1": 0.304754,
        "nauc_recall_at_10_max": 0.209814,
        "nauc_recall_at_10_std": 0.048537,
        "nauc_recall_at_10_diff1": 0.279515,
        "nauc_recall_at_20_max": 0.209475,
        "nauc_recall_at_20_std": 0.046153,
        "nauc_recall_at_20_diff1": 0.272365,
        "nauc_recall_at_100_max": 0.191081,
        "nauc_recall_at_100_std": 0.202043,
        "nauc_recall_at_100_diff1": 0.271446,
        "nauc_recall_at_1000_max": NaN,
        "nauc_recall_at_1000_std": NaN,
        "nauc_recall_at_1000_diff1": NaN,
        "nauc_precision_at_1_max": 0.22536,
        "nauc_precision_at_1_std": -0.013643,
        "nauc_precision_at_1_diff1": 0.420778,
        "nauc_precision_at_3_max": 0.162831,
        "nauc_precision_at_3_std": 0.052342,
        "nauc_precision_at_3_diff1": 0.308971,
        "nauc_precision_at_5_max": 0.174347,
        "nauc_precision_at_5_std": 0.035789,
        "nauc_precision_at_5_diff1": 0.304754,
        "nauc_precision_at_10_max": 0.209814,
        "nauc_precision_at_10_std": 0.048537,
        "nauc_precision_at_10_diff1": 0.279515,
        "nauc_precision_at_20_max": 0.209475,
        "nauc_precision_at_20_std": 0.046153,
        "nauc_precision_at_20_diff1": 0.272365,
        "nauc_precision_at_100_max": 0.191081,
        "nauc_precision_at_100_std": 0.202043,
        "nauc_precision_at_100_diff1": 0.271446,
        "nauc_precision_at_1000_max": 1.0,
        "nauc_precision_at_1000_std": 1.0,
        "nauc_precision_at_1000_diff1": 1.0,
        "nauc_mrr_at_1_max": 0.22536,
        "nauc_mrr_at_1_std": -0.013643,
        "nauc_mrr_at_1_diff1": 0.420778,
        "nauc_mrr_at_3_max": 0.186089,
        "nauc_mrr_at_3_std": 0.023184,
        "nauc_mrr_at_3_diff1": 0.358758,
        "nauc_mrr_at_5_max": 0.188232,
        "nauc_mrr_at_5_std": 0.018911,
        "nauc_mrr_at_5_diff1": 0.356101,
        "nauc_mrr_at_10_max": 0.191147,
        "nauc_mrr_at_10_std": 0.019515,
        "nauc_mrr_at_10_diff1": 0.350917,
        "nauc_mrr_at_20_max": 0.191345,
        "nauc_mrr_at_20_std": 0.019308,
        "nauc_mrr_at_20_diff1": 0.350581,
        "nauc_mrr_at_100_max": 0.1898,
        "nauc_mrr_at_100_std": 0.020945,
        "nauc_mrr_at_100_diff1": 0.352049,
        "nauc_mrr_at_1000_max": 0.189961,
        "nauc_mrr_at_1000_std": 0.020401,
        "nauc_mrr_at_1000_diff1": 0.352565,
        "hit_rate_at_1": 0.11959,
        "hit_rate_at_3": 0.2341,
        "hit_rate_at_5": 0.29262,
        "hit_rate_at_10": 0.37659,
        "hit_rate_at_20": 0.46819,
        "hit_rate_at_100": 0.83715,
        "hit_rate_at_1000": 1.0,
        "main_score": 0.29262,
        "hf_subset": "default",
        "languages": [
          "eng-Latn"
        ],
        "mteb_version": "2.12.32"
      }
    ]
  },
  "evaluation_time": 109.49584674835205,
  "kg_co2_emissions": null,
  "date": null
}