{
  "dataset_revision": "227478e3235572039f4f7661840e059f31ef6eb1",
  "task_name": "MindSmallReranking",
  "mteb_version": "2.12.32",
  "scores": {
    "test": [
      {
        "ndcg_at_1": 0.13873,
        "ndcg_at_3": 0.21487,
        "ndcg_at_5": 0.25981,
        "ndcg_at_10": 0.32272,
        "ndcg_at_20": 0.37469,
        "ndcg_at_100": 0.43655,
        "ndcg_at_1000": 0.43985,
        "map_at_1": 0.1054,
        "map_at_3": 0.17681,
        "map_at_5": 0.20374,
        "map_at_10": 0.23217,
        "map_at_20": 0.2493,
        "map_at_100": 0.26264,
        "map_at_1000": 0.26306,
        "recall_at_1": 0.1054,
        "recall_at_3": 0.26473,
        "recall_at_5": 0.37215,
        "recall_at_10": 0.54978,
        "recall_at_20": 0.72646,
        "recall_at_100": 0.98402,
        "recall_at_1000": 1.0,
        "accuracy": 0.1054,
        "precision_at_1": 0.13873,
        "precision_at_3": 0.11855,
        "precision_at_5": 0.10281,
        "precision_at_10": 0.07988,
        "precision_at_20": 0.05642,
        "precision_at_100": 0.01768,
        "precision_at_1000": 0.00183,
        "mrr_at_1": 0.138732,
        "mrr_at_3": 0.223527,
        "mrr_at_5": 0.252357,
        "mrr_at_10": 0.278137,
        "mrr_at_20": 0.289944,
        "mrr_at_100": 0.295127,
        "mrr_at_1000": 0.295171,
        "nauc_ndcg_at_1_max": -0.045994,
        "nauc_ndcg_at_1_std": 0.032326,
        "nauc_ndcg_at_1_diff1": 0.118806,
        "nauc_ndcg_at_3_max": -0.114359,
        "nauc_ndcg_at_3_std": 0.002488,
        "nauc_ndcg_at_3_diff1": 0.120596,
        "nauc_ndcg_at_5_max": -0.13152,
        "nauc_ndcg_at_5_std": -0.000634,
        "nauc_ndcg_at_5_diff1": 0.11579,
        "nauc_ndcg_at_10_max": -0.152672,
        "nauc_ndcg_at_10_std": -0.006919,
        "nauc_ndcg_at_10_diff1": 0.110562,
        "nauc_ndcg_at_20_max": -0.155846,
        "nauc_ndcg_at_20_std": -0.003288,
        "nauc_ndcg_at_20_diff1": 0.109469,
        "nauc_ndcg_at_100_max": -0.11913,
        "nauc_ndcg_at_100_std": 0.007368,
        "nauc_ndcg_at_100_diff1": 0.111117,
        "nauc_ndcg_at_1000_max": -0.112923,
        "nauc_ndcg_at_1000_std": 0.007809,
        "nauc_ndcg_at_1000_diff1": 0.111133,
        "nauc_map_at_1_max": -0.097019,
        "nauc_map_at_1_std": 0.005048,
        "nauc_map_at_1_diff1": 0.1356,
        "nauc_map_at_3_max": -0.125302,
        "nauc_map_at_3_std": -0.003952,
        "nauc_map_at_3_diff1": 0.128075,
        "nauc_map_at_5_max": -0.132225,
        "nauc_map_at_5_std": -0.003446,
        "nauc_map_at_5_diff1": 0.123778,
        "nauc_map_at_10_max": -0.140391,
        "nauc_map_at_10_std": -0.005009,
        "nauc_map_at_10_diff1": 0.120533,
        "nauc_map_at_20_max": -0.140095,
        "nauc_map_at_20_std": -0.00292,
        "nauc_map_at_20_diff1": 0.119808,
        "nauc_map_at_100_max": -0.132291,
        "nauc_map_at_100_std": -0.000191,
        "nauc_map_at_100_diff1": 0.119984,
        "nauc_map_at_1000_max": -0.131638,
        "nauc_map_at_1000_std": -0.000131,
        "nauc_map_at_1000_diff1": 0.119994,
        "nauc_recall_at_1_max": -0.097019,
        "nauc_recall_at_1_std": 0.005048,
        "nauc_recall_at_1_diff1": 0.1356,
        "nauc_recall_at_3_max": -0.144192,
        "nauc_recall_at_3_std": -0.01277,
        "nauc_recall_at_3_diff1": 0.116113,
        "nauc_recall_at_5_max": -0.165629,
        "nauc_recall_at_5_std": -0.016596,
        "nauc_recall_at_5_diff1": 0.102896,
        "nauc_recall_at_10_max": -0.217944,
        "nauc_recall_at_10_std": -0.03535,
        "nauc_recall_at_10_diff1": 0.087447,
        "nauc_recall_at_20_max": -0.269016,
        "nauc_recall_at_20_std": -0.03797,
        "nauc_recall_at_20_diff1": 0.079505,
        "nauc_recall_at_100_max": -0.448658,
        "nauc_recall_at_100_std": -0.016291,
        "nauc_recall_at_100_diff1": 0.076733,
        "nauc_recall_at_1000_max": -0.13464,
        "nauc_recall_at_1000_std": 0.062138,
        "nauc_recall_at_1000_diff1": -0.216854,
        "nauc_precision_at_1_max": -0.045994,
        "nauc_precision_at_1_std": 0.032326,
        "nauc_precision_at_1_diff1": 0.118806,
        "nauc_precision_at_3_max": -0.078458,
        "nauc_precision_at_3_std": 0.028282,
        "nauc_precision_at_3_diff1": 0.09797,
        "nauc_precision_at_5_max": -0.0793,
        "nauc_precision_at_5_std": 0.034211,
        "nauc_precision_at_5_diff1": 0.077818,
        "nauc_precision_at_10_max": -0.065776,
        "nauc_precision_at_10_std": 0.03357,
        "nauc_precision_at_10_diff1": 0.040138,
        "nauc_precision_at_20_max": -0.001369,
        "nauc_precision_at_20_std": 0.04807,
        "nauc_precision_at_20_diff1": 0.002666,
        "nauc_precision_at_100_max": 0.161728,
        "nauc_precision_at_100_std": 0.056448,
        "nauc_precision_at_100_diff1": -0.04363,
        "nauc_precision_at_1000_max": 0.177009,
        "nauc_precision_at_1000_std": 0.054435,
        "nauc_precision_at_1000_diff1": -0.044997,
        "nauc_mrr_at_1_max": -0.045994,
        "nauc_mrr_at_1_std": 0.032326,
        "nauc_mrr_at_1_diff1": 0.118806,
        "nauc_mrr_at_3_max": -0.075074,
        "nauc_mrr_at_3_std": 0.020488,
        "nauc_mrr_at_3_diff1": 0.11203,
        "nauc_mrr_at_5_max": -0.081642,
        "nauc_mrr_at_5_std": 0.019358,
        "nauc_mrr_at_5_diff1": 0.108961,
        "nauc_mrr_at_10_max": -0.087937,
        "nauc_mrr_at_10_std": 0.016977,
        "nauc_mrr_at_10_diff1": 0.107671,
        "nauc_mrr_at_20_max": -0.087898,
        "nauc_mrr_at_20_std": 0.017467,
        "nauc_mrr_at_20_diff1": 0.108093,
        "nauc_mrr_at_100_max": -0.085835,
        "nauc_mrr_at_100_std": 0.018036,
        "nauc_mrr_at_100_diff1": 0.10871,
        "nauc_mrr_at_1000_max": -0.085778,
        "nauc_mrr_at_1000_std": 0.018038,
        "nauc_mrr_at_1000_diff1": 0.108714,
        "hit_rate_at_1": 0.13873,
        "hit_rate_at_3": 0.33566,
        "hit_rate_at_5": 0.46271,
        "hit_rate_at_10": 0.65532,
        "hit_rate_at_20": 0.82294,
        "hit_rate_at_100": 0.99456,
        "hit_rate_at_1000": 1.0,
        "max_over_subqueries_ndcg_at_1": 0.17108,
        "max_over_subqueries_ndcg_at_3": 0.26458,
        "max_over_subqueries_ndcg_at_5": 0.31554,
        "max_over_subqueries_ndcg_at_10": 0.37684,
        "max_over_subqueries_ndcg_at_20": 0.42272,
        "max_over_subqueries_ndcg_at_100": 0.46884,
        "max_over_subqueries_ndcg_at_1000": 0.47083,
        "max_over_subqueries_map_at_1": 0.14119,
        "max_over_subqueries_map_at_3": 0.22585,
        "max_over_subqueries_map_at_5": 0.25581,
        "max_over_subqueries_map_at_10": 0.28334,
        "max_over_subqueries_map_at_20": 0.29817,
        "max_over_subqueries_map_at_100": 0.30763,
        "max_over_subqueries_map_at_1000": 0.30784,
        "max_over_subqueries_recall_at_1": 0.14119,
        "max_over_subqueries_recall_at_3": 0.32948,
        "max_over_subqueries_recall_at_5": 0.45047,
        "max_over_subqueries_recall_at_10": 0.62595,
        "max_over_subqueries_recall_at_20": 0.78702,
        "max_over_subqueries_recall_at_100": 0.98934,
        "max_over_subqueries_recall_at_1000": 0.99999,
        "max_over_subqueries_accuracy": 0.14119,
        "max_over_subqueries_precision_at_1": 0.17108,
        "max_over_subqueries_precision_at_3": 0.13564,
        "max_over_subqueries_precision_at_5": 0.11371,
        "max_over_subqueries_precision_at_10": 0.08215,
        "max_over_subqueries_precision_at_20": 0.05421,
        "max_over_subqueries_precision_at_100": 0.01493,
        "max_over_subqueries_precision_at_1000": 0.00152,
        "max_over_subqueries_mrr_at_1": 0.171079,
        "max_over_subqueries_mrr_at_3": 0.265065,
        "max_over_subqueries_mrr_at_5": 0.295436,
        "max_over_subqueries_mrr_at_10": 0.319792,
        "max_over_subqueries_mrr_at_20": 0.330297,
        "max_over_subqueries_mrr_at_100": 0.334668,
        "max_over_subqueries_mrr_at_1000": 0.334706,