{
  "dataset_revision": "88994735625f4ebf646eaf42096f7ba204880ac2",
  "task_name": "OVENIT2TRetrieval",
  "mteb_version": "2.12.32",
  "scores": {
    "test": [
      {
        "ndcg_at_1": 0.2526,
        "ndcg_at_3": 0.21074,
        "ndcg_at_5": 0.20235,
        "ndcg_at_10": 0.19889,
        "ndcg_at_20": 0.20134,
        "ndcg_at_100": 0.21209,
        "ndcg_at_1000": 0.22099,
        "map_at_1": 0.09816,
        "map_at_3": 0.12439,
        "map_at_5": 0.13073,
        "map_at_10": 0.13527,
        "map_at_20": 0.13755,
        "map_at_100": 0.13915,
        "map_at_1000": 0.13941,
        "recall_at_1": 0.09816,
        "recall_at_3": 0.15809,
        "recall_at_5": 0.18584,
        "recall_at_10": 0.21964,
        "recall_at_20": 0.25239,
        "recall_at_100": 0.3147,
        "recall_at_1000": 0.37502,
        "accuracy": 0.09816,
        "precision_at_1": 0.2526,
        "precision_at_3": 0.13462,
        "precision_at_5": 0.0942,
        "precision_at_10": 0.05562,
        "precision_at_20": 0.0316,
        "precision_at_100": 0.00774,
        "precision_at_1000": 0.00091,
        "mrr_at_1": 0.2526,
        "mrr_at_3": 0.318978,
        "mrr_at_5": 0.334262,
        "mrr_at_10": 0.345727,
        "mrr_at_20": 0.351027,
        "mrr_at_100": 0.354673,
        "mrr_at_1000": 0.355265,
        "nauc_ndcg_at_1_max": 0.18166,
        "nauc_ndcg_at_1_std": 0.047142,
        "nauc_ndcg_at_1_diff1": 0.419665,
        "nauc_ndcg_at_3_max": 0.139245,
        "nauc_ndcg_at_3_std": 0.05901,
        "nauc_ndcg_at_3_diff1": 0.333962,
        "nauc_ndcg_at_5_max": 0.112823,
        "nauc_ndcg_at_5_std": 0.04847,
        "nauc_ndcg_at_5_diff1": 0.313182,
        "nauc_ndcg_at_10_max": 0.08653,
        "nauc_ndcg_at_10_std": 0.035181,
        "nauc_ndcg_at_10_diff1": 0.291081,
        "nauc_ndcg_at_20_max": 0.073367,
        "nauc_ndcg_at_20_std": 0.031077,
        "nauc_ndcg_at_20_diff1": 0.279975,
        "nauc_ndcg_at_100_max": 0.060777,
        "nauc_ndcg_at_100_std": 0.029674,
        "nauc_ndcg_at_100_diff1": 0.270064,
        "nauc_ndcg_at_1000_max": 0.051736,
        "nauc_ndcg_at_1000_std": 0.02138,
        "nauc_ndcg_at_1000_diff1": 0.268714,
        "nauc_map_at_1_max": 0.056502,
        "nauc_map_at_1_std": -0.015954,
        "nauc_map_at_1_diff1": 0.360172,
        "nauc_map_at_3_max": 0.050772,
        "nauc_map_at_3_std": -0.001703,
        "nauc_map_at_3_diff1": 0.302085,
        "nauc_map_at_5_max": 0.049098,
        "nauc_map_at_5_std": -0.000428,
        "nauc_map_at_5_diff1": 0.295219,
        "nauc_map_at_10_max": 0.047277,
        "nauc_map_at_10_std": 0.001149,
        "nauc_map_at_10_diff1": 0.292214,
        "nauc_map_at_20_max": 0.046252,
        "nauc_map_at_20_std": 0.002254,
        "nauc_map_at_20_diff1": 0.291901,
        "nauc_map_at_100_max": 0.044999,
        "nauc_map_at_100_std": 0.002464,
        "nauc_map_at_100_diff1": 0.291549,
        "nauc_map_at_1000_max": 0.044691,
        "nauc_map_at_1000_std": 0.002224,
        "nauc_map_at_1000_diff1": 0.291563,
        "nauc_recall_at_1_max": 0.056502,
        "nauc_recall_at_1_std": -0.015954,
        "nauc_recall_at_1_diff1": 0.360172,
        "nauc_recall_at_3_max": 0.041389,
        "nauc_recall_at_3_std": 0.011288,
        "nauc_recall_at_3_diff1": 0.230025,
        "nauc_recall_at_5_max": 0.034668,
        "nauc_recall_at_5_std": 0.014397,
        "nauc_recall_at_5_diff1": 0.202198,
        "nauc_recall_at_10_max": 0.023008,
        "nauc_recall_at_10_std": 0.021062,
        "nauc_recall_at_10_diff1": 0.174556,
        "nauc_recall_at_20_max": 0.011556,
        "nauc_recall_at_20_std": 0.029839,
        "nauc_recall_at_20_diff1": 0.156171,
        "nauc_recall_at_100_max": -0.02541,
        "nauc_recall_at_100_std": 0.027497,
        "nauc_recall_at_100_diff1": 0.109259,
        "nauc_recall_at_1000_max": -0.079523,
        "nauc_recall_at_1000_std": -0.017758,
        "nauc_recall_at_1000_diff1": 0.069864,
        "nauc_precision_at_1_max": 0.18166,
        "nauc_precision_at_1_std": 0.047142,
        "nauc_precision_at_1_diff1": 0.419665,
        "nauc_precision_at_3_max": 0.209359,
        "nauc_precision_at_3_std": 0.114166,
        "nauc_precision_at_3_diff1": 0.309289,
        "nauc_precision_at_5_max": 0.222924,
        "nauc_precision_at_5_std": 0.141417,
        "nauc_precision_at_5_diff1": 0.290947,
        "nauc_precision_at_10_max": 0.240847,
        "nauc_precision_at_10_std": 0.188078,
        "nauc_precision_at_10_diff1": 0.266615,
        "nauc_precision_at_20_max": 0.259815,
        "nauc_precision_at_20_std": 0.244011,
        "nauc_precision_at_20_diff1": 0.26127,
        "nauc_precision_at_100_max": 0.296912,
        "nauc_precision_at_100_std": 0.385433,
        "nauc_precision_at_100_diff1": 0.229825,
        "nauc_precision_at_1000_max": 0.385762,
        "nauc_precision_at_1000_std": 0.573684,
        "nauc_precision_at_1000_diff1": 0.187912,
        "nauc_mrr_at_1_max": 0.18166,
        "nauc_mrr_at_1_std": 0.047142,
        "nauc_mrr_at_1_diff1": 0.419665,
        "nauc_mrr_at_3_max": 0.194101,
        "nauc_mrr_at_3_std": 0.078655,
        "nauc_mrr_at_3_diff1": 0.365771,
        "nauc_mrr_at_5_max": 0.197243,
        "nauc_mrr_at_5_std": 0.084955,
        "nauc_mrr_at_5_diff1": 0.361695,
        "nauc_mrr_at_10_max": 0.199379,
        "nauc_mrr_at_10_std": 0.090589,
        "nauc_mrr_at_10_diff1": 0.358899,
        "nauc_mrr_at_20_max": 0.200272,
        "nauc_mrr_at_20_std": 0.093482,
        "nauc_mrr_at_20_diff1": 0.359167,
        "nauc_mrr_at_100_max": 0.200491,
        "nauc_mrr_at_100_std": 0.094881,
        "nauc_mrr_at_100_diff1": 0.35928,
        "nauc_mrr_at_1000_max": 0.200498,
        "nauc_mrr_at_1000_std": 0.094815,
        "nauc_mrr_at_1000_diff1": 0.359401,
        "hit_rate_at_1": 0.2526,
        "hit_rate_at_3": 0.40385,
        "hit_rate_at_5": 0.47098,
        "hit_rate_at_10": 0.55618,
        "hit_rate_at_20": 0.63191,
        "hit_rate_at_100": 0.7739,
        "hit_rate_at_1000": 0.90893,
        "main_score": 0.19889,
        "hf_subset": "default",
        "languages": [
          "eng-Latn"
        ],
        "mteb_version": "2.12.32"
      }
    ]
  },
  "evaluation_time": 25513.60997724533,
  "kg_co2_emissions": null,
  "date": null
}