{
  "dataset_revision": "03b56e190634e7138c906d67cb356900ee50c98f",
  "task_name": "RP2kI2IRetrieval",
  "mteb_version": "2.12.32",
  "scores": {
    "test": [
      {
        "ndcg_at_1": 0.63586,
        "ndcg_at_3": 0.58238,
        "ndcg_at_5": 0.5528,
        "ndcg_at_10": 0.5065,
        "ndcg_at_20": 0.45908,
        "ndcg_at_100": 0.3824,
        "ndcg_at_1000": 0.44967,
        "map_at_1": 0.02463,
        "map_at_3": 0.05114,
        "map_at_5": 0.06835,
        "map_at_10": 0.09591,
        "map_at_20": 0.12594,
        "map_at_100": 0.19095,
        "map_at_1000": 0.22688,
        "recall_at_1": 0.02463,
        "recall_at_3": 0.05528,
        "recall_at_5": 0.07723,
        "recall_at_10": 0.11587,
        "recall_at_20": 0.16415,
        "recall_at_100": 0.30376,
        "recall_at_1000": 0.53072,
        "accuracy": 0.02463,
        "precision_at_1": 0.63586,
        "precision_at_3": 0.56518,
        "precision_at_5": 0.52423,
        "precision_at_10": 0.45814,
        "precision_at_20": 0.38377,
        "precision_at_100": 0.20363,
        "precision_at_1000": 0.04606,
        "mrr_at_1": 0.635861,
        "mrr_at_3": 0.688472,
        "mrr_at_5": 0.698823,
        "mrr_at_10": 0.705265,
        "mrr_at_20": 0.707962,
        "mrr_at_100": 0.709534,
        "mrr_at_1000": 0.709683,
        "nauc_ndcg_at_1_max": 0.45836,
        "nauc_ndcg_at_1_std": 0.369335,
        "nauc_ndcg_at_1_diff1": 0.302332,
        "nauc_ndcg_at_3_max": 0.459695,
        "nauc_ndcg_at_3_std": 0.417088,
        "nauc_ndcg_at_3_diff1": 0.165856,
        "nauc_ndcg_at_5_max": 0.463731,
        "nauc_ndcg_at_5_std": 0.44344,
        "nauc_ndcg_at_5_diff1": 0.125636,
        "nauc_ndcg_at_10_max": 0.472773,
        "nauc_ndcg_at_10_std": 0.482999,
        "nauc_ndcg_at_10_diff1": 0.089601,
        "nauc_ndcg_at_20_max": 0.477536,
        "nauc_ndcg_at_20_std": 0.517405,
        "nauc_ndcg_at_20_diff1": 0.071288,
        "nauc_ndcg_at_100_max": 0.474226,
        "nauc_ndcg_at_100_std": 0.521902,
        "nauc_ndcg_at_100_diff1": 0.098687,
        "nauc_ndcg_at_1000_max": 0.488495,
        "nauc_ndcg_at_1000_std": 0.524788,
        "nauc_ndcg_at_1000_diff1": 0.082064,
        "nauc_map_at_1_max": 0.071754,
        "nauc_map_at_1_std": -0.095988,
        "nauc_map_at_1_diff1": 0.399459,
        "nauc_map_at_3_max": 0.121745,
        "nauc_map_at_3_std": -0.055817,
        "nauc_map_at_3_diff1": 0.326556,
        "nauc_map_at_5_max": 0.158408,
        "nauc_map_at_5_std": -0.019191,
        "nauc_map_at_5_diff1": 0.295202,
        "nauc_map_at_10_max": 0.218283,
        "nauc_map_at_10_std": 0.051887,
        "nauc_map_at_10_diff1": 0.256119,
        "nauc_map_at_20_max": 0.283622,
        "nauc_map_at_20_std": 0.150252,
        "nauc_map_at_20_diff1": 0.215467,
        "nauc_map_at_100_max": 0.410479,
        "nauc_map_at_100_std": 0.389449,
        "nauc_map_at_100_diff1": 0.120669,
        "nauc_map_at_1000_max": 0.460898,
        "nauc_map_at_1000_std": 0.491847,
        "nauc_map_at_1000_diff1": 0.081474,
        "nauc_recall_at_1_max": 0.071754,
        "nauc_recall_at_1_std": -0.095988,
        "nauc_recall_at_1_diff1": 0.399459,
        "nauc_recall_at_3_max": 0.101309,
        "nauc_recall_at_3_std": -0.061171,
        "nauc_recall_at_3_diff1": 0.306717,
        "nauc_recall_at_5_max": 0.126681,
        "nauc_recall_at_5_std": -0.030346,
        "nauc_recall_at_5_diff1": 0.275701,
        "nauc_recall_at_10_max": 0.171817,
        "nauc_recall_at_10_std": 0.028019,
        "nauc_recall_at_10_diff1": 0.23928,
        "nauc_recall_at_20_max": 0.224271,
        "nauc_recall_at_20_std": 0.11033,
        "nauc_recall_at_20_diff1": 0.207252,
        "nauc_recall_at_100_max": 0.350625,
        "nauc_recall_at_100_std": 0.342507,
        "nauc_recall_at_100_diff1": 0.120612,
        "nauc_recall_at_1000_max": 0.415353,
        "nauc_recall_at_1000_std": 0.482315,
        "nauc_recall_at_1000_diff1": 0.036383,
        "nauc_precision_at_1_max": 0.45836,
        "nauc_precision_at_1_std": 0.369335,
        "nauc_precision_at_1_diff1": 0.302332,
        "nauc_precision_at_3_max": 0.457397,
        "nauc_precision_at_3_std": 0.429243,
        "nauc_precision_at_3_diff1": 0.124597,
        "nauc_precision_at_5_max": 0.456009,
        "nauc_precision_at_5_std": 0.458033,
        "nauc_precision_at_5_diff1": 0.068182,
        "nauc_precision_at_10_max": 0.45929,
        "nauc_precision_at_10_std": 0.503428,
        "nauc_precision_at_10_diff1": 0.013139,
        "nauc_precision_at_20_max": 0.454528,
        "nauc_precision_at_20_std": 0.548742,
        "nauc_precision_at_20_diff1": -0.032975,
        "nauc_precision_at_100_max": 0.42235,
        "nauc_precision_at_100_std": 0.613202,
        "nauc_precision_at_100_diff1": -0.09791,
        "nauc_precision_at_1000_max": 0.327301,
        "nauc_precision_at_1000_std": 0.537236,
        "nauc_precision_at_1000_diff1": -0.121241,
        "nauc_mrr_at_1_max": 0.45836,
        "nauc_mrr_at_1_std": 0.369335,
        "nauc_mrr_at_1_diff1": 0.302332,
        "nauc_mrr_at_3_max": 0.477329,
        "nauc_mrr_at_3_std": 0.394976,
        "nauc_mrr_at_3_diff1": 0.288777,
        "nauc_mrr_at_5_max": 0.478548,
        "nauc_mrr_at_5_std": 0.397021,
        "nauc_mrr_at_5_diff1": 0.285958,
        "nauc_mrr_at_10_max": 0.480346,
        "nauc_mrr_at_10_std": 0.39809,
        "nauc_mrr_at_10_diff1": 0.286171,
        "nauc_mrr_at_20_max": 0.480144,
        "nauc_mrr_at_20_std": 0.397447,
        "nauc_mrr_at_20_diff1": 0.286245,
        "nauc_mrr_at_100_max": 0.479957,
        "nauc_mrr_at_100_std": 0.396858,
        "nauc_mrr_at_100_diff1": 0.286184,
        "nauc_mrr_at_1000_max": 0.479889,
        "nauc_mrr_at_1000_std": 0.396758,
        "nauc_mrr_at_1000_diff1": 0.286218,
        "hit_rate_at_1": 0.63586,
        "hit_rate_at_3": 0.75405,
        "hit_rate_at_5": 0.79914,
        "hit_rate_at_10": 0.84665,
        "hit_rate_at_20": 0.88511,
        "hit_rate_at_100": 0.94443,
        "hit_rate_at_1000": 0.97546,
        "main_score": 0.63586,
        "hf_subset": "default",
        "languages": [
          "eng-Latn"
        ],
        "mteb_version": "2.12.32"
      }
    ]
  },
  "evaluation_time": 7208.509267091751,
  "kg_co2_emissions": null,
  "date": null
}