{
  "dataset_revision": "f8c2fcf00f625baaa80f62ec5bd9e1fff3b8ae88",
  "task_name": "SCIDOCS",
  "mteb_version": "2.12.32",
  "scores": {
    "test": [
      {
        "ndcg_at_1": 0.249,
        "ndcg_at_3": 0.20945,
        "ndcg_at_5": 0.18674,
        "ndcg_at_10": 0.22765,
        "ndcg_at_20": 0.26149,
        "ndcg_at_100": 0.31995,
        "ndcg_at_1000": 0.37442,
        "map_at_1": 0.05048,
        "map_at_3": 0.09415,
        "map_at_5": 0.11628,
        "map_at_10": 0.13744,
        "map_at_20": 0.1505,
        "map_at_100": 0.1629,
        "map_at_1000": 0.16632,
        "recall_at_1": 0.05048,
        "recall_at_3": 0.12098,
        "recall_at_5": 0.16997,
        "recall_at_10": 0.24543,
        "recall_at_20": 0.32503,
        "recall_at_100": 0.5144,
        "recall_at_1000": 0.77837,
        "accuracy": 0.05048,
        "precision_at_1": 0.249,
        "precision_at_3": 0.19867,
        "precision_at_5": 0.1676,
        "precision_at_10": 0.121,
        "precision_at_20": 0.08005,
        "precision_at_100": 0.02536,
        "precision_at_1000": 0.00383,
        "mrr_at_1": 0.249,
        "mrr_at_3": 0.332,
        "mrr_at_5": 0.3513,
        "mrr_at_10": 0.367585,
        "mrr_at_20": 0.37439,
        "mrr_at_100": 0.378556,
        "mrr_at_1000": 0.378958,
        "nauc_ndcg_at_1_max": 0.1509,
        "nauc_ndcg_at_1_std": 0.017016,
        "nauc_ndcg_at_1_diff1": 0.203168,
        "nauc_ndcg_at_3_max": 0.168496,
        "nauc_ndcg_at_3_std": 0.030737,
        "nauc_ndcg_at_3_diff1": 0.173406,
        "nauc_ndcg_at_5_max": 0.177594,
        "nauc_ndcg_at_5_std": 0.048854,
        "nauc_ndcg_at_5_diff1": 0.161081,
        "nauc_ndcg_at_10_max": 0.210887,
        "nauc_ndcg_at_10_std": 0.081385,
        "nauc_ndcg_at_10_diff1": 0.170916,
        "nauc_ndcg_at_20_max": 0.217092,
        "nauc_ndcg_at_20_std": 0.105585,
        "nauc_ndcg_at_20_diff1": 0.16416,
        "nauc_ndcg_at_100_max": 0.231833,
        "nauc_ndcg_at_100_std": 0.150284,
        "nauc_ndcg_at_100_diff1": 0.160665,
        "nauc_ndcg_at_1000_max": 0.238929,
        "nauc_ndcg_at_1000_std": 0.156236,
        "nauc_ndcg_at_1000_diff1": 0.162052,
        "nauc_map_at_1_max": 0.148001,
        "nauc_map_at_1_std": 0.015847,
        "nauc_map_at_1_diff1": 0.20121,
        "nauc_map_at_3_max": 0.167431,
        "nauc_map_at_3_std": 0.012489,
        "nauc_map_at_3_diff1": 0.177938,
        "nauc_map_at_5_max": 0.17403,
        "nauc_map_at_5_std": 0.03334,
        "nauc_map_at_5_diff1": 0.161769,
        "nauc_map_at_10_max": 0.2007,
        "nauc_map_at_10_std": 0.059952,
        "nauc_map_at_10_diff1": 0.165872,
        "nauc_map_at_20_max": 0.204476,
        "nauc_map_at_20_std": 0.07454,
        "nauc_map_at_20_diff1": 0.161108,
        "nauc_map_at_100_max": 0.210666,
        "nauc_map_at_100_std": 0.089858,
        "nauc_map_at_100_diff1": 0.160944,
        "nauc_map_at_1000_max": 0.211346,
        "nauc_map_at_1000_std": 0.091717,
        "nauc_map_at_1000_diff1": 0.161172,
        "nauc_recall_at_1_max": 0.148001,
        "nauc_recall_at_1_std": 0.015847,
        "nauc_recall_at_1_diff1": 0.20121,
        "nauc_recall_at_3_max": 0.174402,
        "nauc_recall_at_3_std": 0.041759,
        "nauc_recall_at_3_diff1": 0.157006,
        "nauc_recall_at_5_max": 0.181753,
        "nauc_recall_at_5_std": 0.06928,
        "nauc_recall_at_5_diff1": 0.131171,
        "nauc_recall_at_10_max": 0.234835,
        "nauc_recall_at_10_std": 0.124456,
        "nauc_recall_at_10_diff1": 0.146509,
        "nauc_recall_at_20_max": 0.230118,
        "nauc_recall_at_20_std": 0.166091,
        "nauc_recall_at_20_diff1": 0.122514,
        "nauc_recall_at_100_max": 0.239603,
        "nauc_recall_at_100_std": 0.268348,
        "nauc_recall_at_100_diff1": 0.090387,
        "nauc_recall_at_1000_max": 0.271909,
        "nauc_recall_at_1000_std": 0.337563,
        "nauc_recall_at_1000_diff1": 0.060822,
        "nauc_precision_at_1_max": 0.1509,
        "nauc_precision_at_1_std": 0.017016,
        "nauc_precision_at_1_diff1": 0.203168,
        "nauc_precision_at_3_max": 0.178442,
        "nauc_precision_at_3_std": 0.044373,
        "nauc_precision_at_3_diff1": 0.160124,
        "nauc_precision_at_5_max": 0.186292,
        "nauc_precision_at_5_std": 0.071941,
        "nauc_precision_at_5_diff1": 0.134286,
        "nauc_precision_at_10_max": 0.238953,
        "nauc_precision_at_10_std": 0.125138,
        "nauc_precision_at_10_diff1": 0.148841,
        "nauc_precision_at_20_max": 0.234571,
        "nauc_precision_at_20_std": 0.164908,
        "nauc_precision_at_20_diff1": 0.122345,
        "nauc_precision_at_100_max": 0.244993,
        "nauc_precision_at_100_std": 0.267,
        "nauc_precision_at_100_diff1": 0.09184,
        "nauc_precision_at_1000_max": 0.279215,
        "nauc_precision_at_1000_std": 0.326909,
        "nauc_precision_at_1000_diff1": 0.060463,
        "nauc_mrr_at_1_max": 0.1509,
        "nauc_mrr_at_1_std": 0.017016,
        "nauc_mrr_at_1_diff1": 0.203168,
        "nauc_mrr_at_3_max": 0.156159,
        "nauc_mrr_at_3_std": 0.038176,
        "nauc_mrr_at_3_diff1": 0.175421,
        "nauc_mrr_at_5_max": 0.165648,
        "nauc_mrr_at_5_std": 0.039043,
        "nauc_mrr_at_5_diff1": 0.180545,
        "nauc_mrr_at_10_max": 0.171684,
        "nauc_mrr_at_10_std": 0.04769,
        "nauc_mrr_at_10_diff1": 0.185262,
        "nauc_mrr_at_20_max": 0.170508,
        "nauc_mrr_at_20_std": 0.048125,
        "nauc_mrr_at_20_diff1": 0.18591,
        "nauc_mrr_at_100_max": 0.169476,
        "nauc_mrr_at_100_std": 0.04749,
        "nauc_mrr_at_100_diff1": 0.186071,
        "nauc_mrr_at_1000_max": 0.169374,
        "nauc_mrr_at_1000_std": 0.047258,
        "nauc_mrr_at_1000_diff1": 0.18597,
        "hit_rate_at_1": 0.249,
        "hit_rate_at_3": 0.443,
        "hit_rate_at_5": 0.528,
        "hit_rate_at_10": 0.651,
        "hit_rate_at_20": 0.751,
        "hit_rate_at_100": 0.909,
        "hit_rate_at_1000": 0.984,
        "main_score": 0.22765,
        "hf_subset": "default",
        "languages": [
          "eng-Latn"
        ],
        "mteb_version": "2.12.32"
      }
    ]
  },
  "evaluation_time": 975.996176481247,
  "kg_co2_emissions": null,
  "date": null
}