{
  "dataset_revision": "b311394fa5ab5e003012304799d0d724d64303b3",
  "task_name": "SpokenSQuADT2ARetrieval",
  "mteb_version": "2.12.32",
  "scores": {
    "test": [
      {
        "ndcg_at_1": 0.46667,
        "ndcg_at_3": 0.586,
        "ndcg_at_5": 0.62462,
        "ndcg_at_10": 0.6555,
        "ndcg_at_20": 0.67125,
        "ndcg_at_100": 0.68585,
        "ndcg_at_1000": 0.6873,
        "map_at_1": 0.46,
        "map_at_3": 0.55583,
        "map_at_5": 0.57742,
        "map_at_10": 0.59072,
        "map_at_20": 0.59517,
        "map_at_100": 0.5975,
        "map_at_1000": 0.59758,
        "recall_at_1": 0.46,
        "recall_at_3": 0.66667,
        "recall_at_5": 0.76,
        "recall_at_10": 0.85333,
        "recall_at_20": 0.915,
        "recall_at_100": 0.99,
        "recall_at_1000": 1.0,
        "accuracy": 0.46,
        "precision_at_1": 0.46667,
        "precision_at_3": 0.22556,
        "precision_at_5": 0.15467,
        "precision_at_10": 0.08733,
        "precision_at_20": 0.04683,
        "precision_at_100": 0.01013,
        "precision_at_1000": 0.00102,
        "mrr_at_1": 0.466667,
        "mrr_at_3": 0.562222,
        "mrr_at_5": 0.583389,
        "mrr_at_10": 0.595611,
        "mrr_at_20": 0.599842,
        "mrr_at_100": 0.602018,
        "mrr_at_1000": 0.602104,
        "nauc_ndcg_at_1_max": 0.352182,
        "nauc_ndcg_at_1_std": -0.133098,
        "nauc_ndcg_at_1_diff1": 0.458574,
        "nauc_ndcg_at_3_max": 0.382396,
        "nauc_ndcg_at_3_std": -0.195384,
        "nauc_ndcg_at_3_diff1": 0.39881,
        "nauc_ndcg_at_5_max": 0.382776,
        "nauc_ndcg_at_5_std": -0.148942,
        "nauc_ndcg_at_5_diff1": 0.39286,
        "nauc_ndcg_at_10_max": 0.383902,
        "nauc_ndcg_at_10_std": -0.125812,
        "nauc_ndcg_at_10_diff1": 0.416544,
        "nauc_ndcg_at_20_max": 0.393205,
        "nauc_ndcg_at_20_std": -0.133655,
        "nauc_ndcg_at_20_diff1": 0.423824,
        "nauc_ndcg_at_100_max": 0.38191,
        "nauc_ndcg_at_100_std": -0.146627,
        "nauc_ndcg_at_100_diff1": 0.424048,
        "nauc_ndcg_at_1000_max": 0.380194,
        "nauc_ndcg_at_1000_std": -0.149298,
        "nauc_ndcg_at_1000_diff1": 0.421597,
        "nauc_map_at_1_max": 0.348392,
        "nauc_map_at_1_std": -0.13324,
        "nauc_map_at_1_diff1": 0.466135,
        "nauc_map_at_3_max": 0.374612,
        "nauc_map_at_3_std": -0.18062,
        "nauc_map_at_3_diff1": 0.417931,
        "nauc_map_at_5_max": 0.374437,
        "nauc_map_at_5_std": -0.155647,
        "nauc_map_at_5_diff1": 0.416,
        "nauc_map_at_10_max": 0.374892,
        "nauc_map_at_10_std": -0.148871,
        "nauc_map_at_10_diff1": 0.42422,
        "nauc_map_at_20_max": 0.37697,
        "nauc_map_at_20_std": -0.151331,
        "nauc_map_at_20_diff1": 0.426183,
        "nauc_map_at_100_max": 0.375187,
        "nauc_map_at_100_std": -0.153235,
        "nauc_map_at_100_diff1": 0.426383,
        "nauc_map_at_1000_max": 0.375103,
        "nauc_map_at_1000_std": -0.153346,
        "nauc_map_at_1000_diff1": 0.426268,
        "nauc_recall_at_1_max": 0.348392,
        "nauc_recall_at_1_std": -0.13324,
        "nauc_recall_at_1_diff1": 0.466135,
        "nauc_recall_at_3_max": 0.400078,
        "nauc_recall_at_3_std": -0.247436,
        "nauc_recall_at_3_diff1": 0.3413,
        "nauc_recall_at_5_max": 0.409755,
        "nauc_recall_at_5_std": -0.112609,
        "nauc_recall_at_5_diff1": 0.306434,
        "nauc_recall_at_10_max": 0.43207,
        "nauc_recall_at_10_std": 0.052392,
        "nauc_recall_at_10_diff1": 0.400236,
        "nauc_recall_at_20_max": 0.566147,
        "nauc_recall_at_20_std": 0.08472,
        "nauc_recall_at_20_diff1": 0.468465,
        "nauc_recall_at_100_max": 0.64986,
        "nauc_recall_at_100_std": 0.286648,
        "nauc_recall_at_100_diff1": 0.807812,
        "nauc_recall_at_1000_max": NaN,
        "nauc_recall_at_1000_std": NaN,
        "nauc_recall_at_1000_diff1": NaN,
        "nauc_precision_at_1_max": 0.352182,
        "nauc_precision_at_1_std": -0.133098,
        "nauc_precision_at_1_diff1": 0.458574,
        "nauc_precision_at_3_max": 0.421584,
        "nauc_precision_at_3_std": -0.240274,
        "nauc_precision_at_3_diff1": 0.318303,
        "nauc_precision_at_5_max": 0.42187,
        "nauc_precision_at_5_std": -0.108722,
        "nauc_precision_at_5_diff1": 0.263017,
        "nauc_precision_at_10_max": 0.393582,
        "nauc_precision_at_10_std": 0.028926,
        "nauc_precision_at_10_diff1": 0.277757,
        "nauc_precision_at_20_max": 0.440708,
        "nauc_precision_at_20_std": 0.027163,
        "nauc_precision_at_20_diff1": 0.260657,
        "nauc_precision_at_100_max": 0.1825,
        "nauc_precision_at_100_std": 0.015685,
        "nauc_precision_at_100_diff1": -0.047394,
        "nauc_precision_at_1000_max": 0.067385,
        "nauc_precision_at_1000_std": -0.051056,
        "nauc_precision_at_1000_diff1": -0.25804,
        "nauc_mrr_at_1_max": 0.352182,
        "nauc_mrr_at_1_std": -0.133098,
        "nauc_mrr_at_1_diff1": 0.458574,
        "nauc_mrr_at_3_max": 0.377763,
        "nauc_mrr_at_3_std": -0.176505,
        "nauc_mrr_at_3_diff1": 0.410065,
        "nauc_mrr_at_5_max": 0.37614,
        "nauc_mrr_at_5_std": -0.153187,
        "nauc_mrr_at_5_diff1": 0.406998,
        "nauc_mrr_at_10_max": 0.375586,
        "nauc_mrr_at_10_std": -0.145536,
        "nauc_mrr_at_10_diff1": 0.417664,
        "nauc_mrr_at_20_max": 0.377852,
        "nauc_mrr_at_20_std": -0.147195,
        "nauc_mrr_at_20_diff1": 0.418833,
        "nauc_mrr_at_100_max": 0.376426,
        "nauc_mrr_at_100_std": -0.149668,
        "nauc_mrr_at_100_diff1": 0.419407,
        "nauc_mrr_at_1000_max": 0.376342,
        "nauc_mrr_at_1000_std": -0.149778,
        "nauc_mrr_at_1000_diff1": 0.41929,
        "hit_rate_at_1": 0.46667,
        "hit_rate_at_3": 0.67333,
        "hit_rate_at_5": 0.76667,
        "hit_rate_at_10": 0.85667,
        "hit_rate_at_20": 0.91667,
        "hit_rate_at_100": 0.99,
        "hit_rate_at_1000": 1.0,
        "main_score": 0.76667,
        "hf_subset": "default",
        "languages": [
          "eng-Latn"
        ],
        "mteb_version": "2.12.32"
      }
    ]
  },
  "evaluation_time": 97.27396035194397,
  "kg_co2_emissions": null,
  "date": null
}