{
  "dataset_revision": "431886eaecc48f067a3975b70d0949ea2862463c",
  "task_name": "Touche2020Retrieval.v3",
  "mteb_version": "2.12.32",
  "scores": {
    "test": [
      {
        "ndcg_at_1": 0.62245,
        "ndcg_at_3": 0.52562,
        "ndcg_at_5": 0.48513,
        "ndcg_at_10": 0.42842,
        "ndcg_at_20": 0.36785,
        "ndcg_at_100": 0.39185,
        "ndcg_at_1000": 0.43815,
        "map_at_1": 0.0254,
        "map_at_3": 0.05572,
        "map_at_5": 0.0795,
        "map_at_10": 0.12297,
        "map_at_20": 0.16094,
        "map_at_100": 0.20028,
        "map_at_1000": 0.20856,
        "recall_at_1": 0.0254,
        "recall_at_3": 0.0604,
        "recall_at_5": 0.0904,
        "recall_at_10": 0.15656,
        "recall_at_20": 0.23116,
        "recall_at_100": 0.38443,
        "recall_at_1000": 0.51498,
        "accuracy": 0.0254,
        "precision_at_1": 0.67347,
        "precision_at_3": 0.55102,
        "precision_at_5": 0.49388,
        "precision_at_10": 0.43061,
        "precision_at_20": 0.33265,
        "precision_at_100": 0.12122,
        "precision_at_1000": 0.01778,
        "mrr_at_1": 0.673469,
        "mrr_at_3": 0.751701,
        "mrr_at_5": 0.756803,
        "mrr_at_10": 0.768076,
        "mrr_at_20": 0.769776,
        "mrr_at_100": 0.769776,
        "mrr_at_1000": 0.769842,
        "nauc_ndcg_at_1_max": -0.147063,
        "nauc_ndcg_at_1_std": -0.196436,
        "nauc_ndcg_at_1_diff1": 0.08633,
        "nauc_ndcg_at_3_max": 0.00762,
        "nauc_ndcg_at_3_std": -0.06011,
        "nauc_ndcg_at_3_diff1": 0.143117,
        "nauc_ndcg_at_5_max": -0.0034,
        "nauc_ndcg_at_5_std": -0.106661,
        "nauc_ndcg_at_5_diff1": 0.110856,
        "nauc_ndcg_at_10_max": 0.00027,
        "nauc_ndcg_at_10_std": -0.038071,
        "nauc_ndcg_at_10_diff1": 0.096066,
        "nauc_ndcg_at_20_max": 0.083939,
        "nauc_ndcg_at_20_std": 0.011739,
        "nauc_ndcg_at_20_diff1": 0.109094,
        "nauc_ndcg_at_100_max": 0.067454,
        "nauc_ndcg_at_100_std": 0.083804,
        "nauc_ndcg_at_100_diff1": -0.019366,
        "nauc_ndcg_at_1000_max": 0.127878,
        "nauc_ndcg_at_1000_std": 0.161165,
        "nauc_ndcg_at_1000_diff1": 0.015216,
        "nauc_map_at_1_max": -0.094835,
        "nauc_map_at_1_std": -0.263953,
        "nauc_map_at_1_diff1": 0.018736,
        "nauc_map_at_3_max": 0.099479,
        "nauc_map_at_3_std": -0.138282,
        "nauc_map_at_3_diff1": 0.082556,
        "nauc_map_at_5_max": 0.105945,
        "nauc_map_at_5_std": -0.16051,
        "nauc_map_at_5_diff1": 0.063682,
        "nauc_map_at_10_max": 0.090632,
        "nauc_map_at_10_std": -0.099619,
        "nauc_map_at_10_diff1": 0.069835,
        "nauc_map_at_20_max": 0.118623,
        "nauc_map_at_20_std": -0.05411,
        "nauc_map_at_20_diff1": 0.075745,
        "nauc_map_at_100_max": 0.121781,
        "nauc_map_at_100_std": 0.013372,
        "nauc_map_at_100_diff1": 0.033211,
        "nauc_map_at_1000_max": 0.138358,
        "nauc_map_at_1000_std": 0.037684,
        "nauc_map_at_1000_diff1": 0.04137,
        "nauc_recall_at_1_max": -0.094835,
        "nauc_recall_at_1_std": -0.263953,
        "nauc_recall_at_1_diff1": 0.018736,
        "nauc_recall_at_3_max": 0.086504,
        "nauc_recall_at_3_std": -0.114826,
        "nauc_recall_at_3_diff1": 0.06425,
        "nauc_recall_at_5_max": 0.073735,
        "nauc_recall_at_5_std": -0.159062,
        "nauc_recall_at_5_diff1": 0.033093,
        "nauc_recall_at_10_max": 0.072844,
        "nauc_recall_at_10_std": -0.076176,
        "nauc_recall_at_10_diff1": 0.029502,
        "nauc_recall_at_20_max": 0.10705,
        "nauc_recall_at_20_std": -0.026841,
        "nauc_recall_at_20_diff1": 0.020669,
        "nauc_recall_at_100_max": 0.085173,
        "nauc_recall_at_100_std": 0.15312,
        "nauc_recall_at_100_diff1": -0.129576,
        "nauc_recall_at_1000_max": 0.228099,
        "nauc_recall_at_1000_std": 0.365577,
        "nauc_recall_at_1000_diff1": 0.001623,
        "nauc_precision_at_1_max": -0.20346,
        "nauc_precision_at_1_std": -0.338886,
        "nauc_precision_at_1_diff1": 0.03733,
        "nauc_precision_at_3_max": 0.043228,
        "nauc_precision_at_3_std": -0.061363,
        "nauc_precision_at_3_diff1": 0.1355,
        "nauc_precision_at_5_max": 0.015332,
        "nauc_precision_at_5_std": -0.135795,
        "nauc_precision_at_5_diff1": 0.081485,
        "nauc_precision_at_10_max": 0.003123,
        "nauc_precision_at_10_std": -0.024529,
        "nauc_precision_at_10_diff1": 0.050698,
        "nauc_precision_at_20_max": 0.088976,
        "nauc_precision_at_20_std": 0.10701,
        "nauc_precision_at_20_diff1": 0.012917,
        "nauc_precision_at_100_max": 0.196918,
        "nauc_precision_at_100_std": 0.488072,
        "nauc_precision_at_100_diff1": -0.153331,
        "nauc_precision_at_1000_max": 0.325855,
        "nauc_precision_at_1000_std": 0.540728,
        "nauc_precision_at_1000_diff1": 0.046707,
        "nauc_mrr_at_1_max": -0.20346,
        "nauc_mrr_at_1_std": -0.338886,
        "nauc_mrr_at_1_diff1": 0.03733,
        "nauc_mrr_at_3_max": -0.33925,
        "nauc_mrr_at_3_std": -0.333504,
        "nauc_mrr_at_3_diff1": -0.094782,
        "nauc_mrr_at_5_max": -0.34233,
        "nauc_mrr_at_5_std": -0.357672,
        "nauc_mrr_at_5_diff1": -0.083596,
        "nauc_mrr_at_10_max": -0.305156,
        "nauc_mrr_at_10_std": -0.34494,
        "nauc_mrr_at_10_diff1": -0.054904,
        "nauc_mrr_at_20_max": -0.298201,
        "nauc_mrr_at_20_std": -0.333441,
        "nauc_mrr_at_20_diff1": -0.062726,
        "nauc_mrr_at_100_max": -0.298201,
        "nauc_mrr_at_100_std": -0.333441,
        "nauc_mrr_at_100_diff1": -0.062726,
        "nauc_mrr_at_1000_max": -0.298622,
        "nauc_mrr_at_1000_std": -0.333874,
        "nauc_mrr_at_1000_diff1": -0.06238,
        "hit_rate_at_1": 0.67347,
        "hit_rate_at_3": 0.85714,
        "hit_rate_at_5": 0.87755,
        "hit_rate_at_10": 0.95918,
        "hit_rate_at_20": 0.97959,
        "hit_rate_at_100": 0.97959,
        "hit_rate_at_1000": 1.0,
        "main_score": 0.42842,
        "hf_subset": "default",
        "languages": [
          "eng-Latn"
        ],
        "mteb_version": "2.12.32"
      }
    ]
  },
  "evaluation_time": 21816.14214205742,
  "kg_co2_emissions": null,
  "date": null
}