{
  "dataset_revision": "bb9466bac8153a0349341eb1b22e06409e78ef4e",
  "task_name": "TRECCOVID",
  "mteb_version": "2.12.32",
  "scores": {
    "test": [
      {
        "ndcg_at_1": 0.79,
        "ndcg_at_3": 0.79776,
        "ndcg_at_5": 0.80262,
        "ndcg_at_10": 0.80033,
        "ndcg_at_20": 0.78339,
        "ndcg_at_100": 0.63931,
        "ndcg_at_1000": 0.55143,
        "map_at_1": 0.00216,
        "map_at_3": 0.00635,
        "map_at_5": 0.01045,
        "map_at_10": 0.02012,
        "map_at_20": 0.03815,
        "map_at_100": 0.13276,
        "map_at_1000": 0.30435,
        "recall_at_1": 0.00216,
        "recall_at_3": 0.0067,
        "recall_at_5": 0.01117,
        "recall_at_10": 0.02217,
        "recall_at_20": 0.04301,
        "recall_at_100": 0.16418,
        "recall_at_1000": 0.5174,
        "accuracy": 0.00216,
        "precision_at_1": 0.84,
        "precision_at_3": 0.86,
        "precision_at_5": 0.864,
        "precision_at_10": 0.862,
        "precision_at_20": 0.837,
        "precision_at_100": 0.6656,
        "precision_at_1000": 0.24192,
        "mrr_at_1": 0.84,
        "mrr_at_3": 0.913333,
        "mrr_at_5": 0.913333,
        "mrr_at_10": 0.913333,
        "mrr_at_20": 0.913333,
        "mrr_at_100": 0.913333,
        "mrr_at_1000": 0.913333,
        "nauc_ndcg_at_1_max": 0.592231,
        "nauc_ndcg_at_1_std": 0.46163,
        "nauc_ndcg_at_1_diff1": -0.022316,
        "nauc_ndcg_at_3_max": 0.482768,
        "nauc_ndcg_at_3_std": 0.438288,
        "nauc_ndcg_at_3_diff1": -0.275375,
        "nauc_ndcg_at_5_max": 0.461986,
        "nauc_ndcg_at_5_std": 0.435594,
        "nauc_ndcg_at_5_diff1": -0.226418,
        "nauc_ndcg_at_10_max": 0.481042,
        "nauc_ndcg_at_10_std": 0.464907,
        "nauc_ndcg_at_10_diff1": -0.28889,
        "nauc_ndcg_at_20_max": 0.449132,
        "nauc_ndcg_at_20_std": 0.495311,
        "nauc_ndcg_at_20_diff1": -0.297596,
        "nauc_ndcg_at_100_max": 0.435615,
        "nauc_ndcg_at_100_std": 0.696398,
        "nauc_ndcg_at_100_diff1": -0.320732,
        "nauc_ndcg_at_1000_max": 0.48575,
        "nauc_ndcg_at_1000_std": 0.696407,
        "nauc_ndcg_at_1000_diff1": -0.069419,
        "nauc_map_at_1_max": 0.269309,
        "nauc_map_at_1_std": 0.00738,
        "nauc_map_at_1_diff1": 0.341193,
        "nauc_map_at_3_max": 0.215881,
        "nauc_map_at_3_std": 0.020059,
        "nauc_map_at_3_diff1": 0.238398,
        "nauc_map_at_5_max": 0.187434,
        "nauc_map_at_5_std": 0.007872,
        "nauc_map_at_5_diff1": 0.266199,
        "nauc_map_at_10_max": 0.266161,
        "nauc_map_at_10_std": 0.032151,
        "nauc_map_at_10_diff1": 0.286723,
        "nauc_map_at_20_max": 0.299787,
        "nauc_map_at_20_std": 0.068925,
        "nauc_map_at_20_diff1": 0.300129,
        "nauc_map_at_100_max": 0.362479,
        "nauc_map_at_100_std": 0.356062,
        "nauc_map_at_100_diff1": 0.145344,
        "nauc_map_at_1000_max": 0.434286,
        "nauc_map_at_1000_std": 0.70077,
        "nauc_map_at_1000_diff1": -0.123619,
        "nauc_recall_at_1_max": 0.269309,
        "nauc_recall_at_1_std": 0.00738,
        "nauc_recall_at_1_diff1": 0.341193,
        "nauc_recall_at_3_max": 0.171974,
        "nauc_recall_at_3_std": -0.022215,
        "nauc_recall_at_3_diff1": 0.262326,
        "nauc_recall_at_5_max": 0.148929,
        "nauc_recall_at_5_std": -0.043421,
        "nauc_recall_at_5_diff1": 0.325092,
        "nauc_recall_at_10_max": 0.217055,
        "nauc_recall_at_10_std": -0.02054,
        "nauc_recall_at_10_diff1": 0.352248,
        "nauc_recall_at_20_max": 0.216781,
        "nauc_recall_at_20_std": -0.003873,
        "nauc_recall_at_20_diff1": 0.360333,
        "nauc_recall_at_100_max": 0.274039,
        "nauc_recall_at_100_std": 0.221623,
        "nauc_recall_at_100_diff1": 0.263216,
        "nauc_recall_at_1000_max": 0.418045,
        "nauc_recall_at_1000_std": 0.592112,
        "nauc_recall_at_1000_diff1": 0.073041,
        "nauc_precision_at_1_max": 0.664396,
        "nauc_precision_at_1_std": 0.473306,
        "nauc_precision_at_1_diff1": 0.002086,
        "nauc_precision_at_3_max": 0.568998,
        "nauc_precision_at_3_std": 0.544226,
        "nauc_precision_at_3_diff1": -0.384978,
        "nauc_precision_at_5_max": 0.415808,
        "nauc_precision_at_5_std": 0.430115,
        "nauc_precision_at_5_diff1": -0.184809,
        "nauc_precision_at_10_max": 0.509169,
        "nauc_precision_at_10_std": 0.484519,
        "nauc_precision_at_10_diff1": -0.220419,
        "nauc_precision_at_20_max": 0.462143,
        "nauc_precision_at_20_std": 0.48578,
        "nauc_precision_at_20_diff1": -0.177145,
        "nauc_precision_at_100_max": 0.41097,
        "nauc_precision_at_100_std": 0.690521,
        "nauc_precision_at_100_diff1": -0.317371,
        "nauc_precision_at_1000_max": 0.238957,
        "nauc_precision_at_1000_std": 0.465097,
        "nauc_precision_at_1000_diff1": -0.427684,
        "nauc_mrr_at_1_max": 0.664396,
        "nauc_mrr_at_1_std": 0.473306,
        "nauc_mrr_at_1_diff1": 0.002086,
        "nauc_mrr_at_3_max": 0.680245,
        "nauc_mrr_at_3_std": 0.497781,
        "nauc_mrr_at_3_diff1": -0.039081,
        "nauc_mrr_at_5_max": 0.680245,
        "nauc_mrr_at_5_std": 0.497781,
        "nauc_mrr_at_5_diff1": -0.039081,
        "nauc_mrr_at_10_max": 0.680245,
        "nauc_mrr_at_10_std": 0.497781,
        "nauc_mrr_at_10_diff1": -0.039081,
        "nauc_mrr_at_20_max": 0.680245,
        "nauc_mrr_at_20_std": 0.497781,
        "nauc_mrr_at_20_diff1": -0.039081,
        "nauc_mrr_at_100_max": 0.680245,
        "nauc_mrr_at_100_std": 0.497781,
        "nauc_mrr_at_100_diff1": -0.039081,
        "nauc_mrr_at_1000_max": 0.680245,
        "nauc_mrr_at_1000_std": 0.497781,
        "nauc_mrr_at_1000_diff1": -0.039081,
        "hit_rate_at_1": 0.84,
        "hit_rate_at_3": 1.0,
        "hit_rate_at_5": 1.0,
        "hit_rate_at_10": 1.0,
        "hit_rate_at_20": 1.0,
        "hit_rate_at_100": 1.0,
        "hit_rate_at_1000": 1.0,
        "main_score": 0.80033,
        "hf_subset": "default",
        "languages": [
          "eng-Latn"
        ],
        "mteb_version": "2.12.32"
      }
    ]
  },
  "evaluation_time": 10875.979261398315,
  "kg_co2_emissions": null,
  "date": null
}