{
  "dataset_revision": "d50fd1daded60cf136b82d845b9bda65b8b2376e",
  "task_name": "UrbanSound8KT2ARetrieval",
  "mteb_version": "2.12.32",
  "scores": {
    "test": [
      {
        "ndcg_at_1": 0.00177,
        "ndcg_at_3": 0.00399,
        "ndcg_at_5": 0.00551,
        "ndcg_at_10": 0.00853,
        "ndcg_at_20": 0.0132,
        "ndcg_at_100": 0.03785,
        "ndcg_at_1000": 0.1188,
        "map_at_1": 0.00177,
        "map_at_3": 0.00341,
        "map_at_5": 0.00424,
        "map_at_10": 0.00547,
        "map_at_20": 0.00673,
        "map_at_100": 0.00956,
        "map_at_1000": 0.01202,
        "recall_at_1": 0.00177,
        "recall_at_3": 0.0057,
        "recall_at_5": 0.00943,
        "recall_at_10": 0.01886,
        "recall_at_20": 0.03752,
        "recall_at_100": 0.17917,
        "recall_at_1000": 0.84656,
        "accuracy": 0.00177,
        "precision_at_1": 0.00177,
        "precision_at_3": 0.0019,
        "precision_at_5": 0.00189,
        "precision_at_10": 0.00189,
        "precision_at_20": 0.00188,
        "precision_at_100": 0.00179,
        "precision_at_1000": 0.00085,
        "mrr_at_1": 0.001768,
        "mrr_at_3": 0.003405,
        "mrr_at_5": 0.00424,
        "mrr_at_10": 0.005467,
        "mrr_at_20": 0.006725,
        "mrr_at_100": 0.009559,
        "mrr_at_1000": 0.01202,
        "nauc_ndcg_at_1_max": 0.031094,
        "nauc_ndcg_at_1_std": 0.060728,
        "nauc_ndcg_at_1_diff1": 0.001997,
        "nauc_ndcg_at_3_max": -0.009908,
        "nauc_ndcg_at_3_std": 0.054231,
        "nauc_ndcg_at_3_diff1": 0.003803,
        "nauc_ndcg_at_5_max": -0.023747,
        "nauc_ndcg_at_5_std": 0.048653,
        "nauc_ndcg_at_5_diff1": -0.01213,
        "nauc_ndcg_at_10_max": -0.029714,
        "nauc_ndcg_at_10_std": 0.030613,
        "nauc_ndcg_at_10_diff1": -0.023606,
        "nauc_ndcg_at_20_max": -0.024964,
        "nauc_ndcg_at_20_std": 0.041568,
        "nauc_ndcg_at_20_diff1": -0.008189,
        "nauc_ndcg_at_100_max": -0.023469,
        "nauc_ndcg_at_100_std": 0.067069,
        "nauc_ndcg_at_100_diff1": -0.004485,
        "nauc_ndcg_at_1000_max": -0.020035,
        "nauc_ndcg_at_1000_std": 0.226552,
        "nauc_ndcg_at_1000_diff1": 0.119479,
        "nauc_map_at_1_max": 0.031094,
        "nauc_map_at_1_std": 0.060728,
        "nauc_map_at_1_diff1": 0.001997,
        "nauc_map_at_3_max": -0.004009,
        "nauc_map_at_3_std": 0.055151,
        "nauc_map_at_3_diff1": 0.003746,
        "nauc_map_at_5_max": -0.014275,
        "nauc_map_at_5_std": 0.05005,
        "nauc_map_at_5_diff1": -0.006589,
        "nauc_map_at_10_max": -0.020237,
        "nauc_map_at_10_std": 0.039065,
        "nauc_map_at_10_diff1": -0.014655,
        "nauc_map_at_20_max": -0.0199,
        "nauc_map_at_20_std": 0.043507,
        "nauc_map_at_20_diff1": -0.008145,
        "nauc_map_at_100_max": -0.020572,
        "nauc_map_at_100_std": 0.052917,
        "nauc_map_at_100_diff1": -0.006015,
        "nauc_map_at_1000_max": -0.022764,
        "nauc_map_at_1000_std": 0.071091,
        "nauc_map_at_1000_diff1": 0.00189,
        "nauc_recall_at_1_max": 0.031094,
        "nauc_recall_at_1_std": 0.060728,
        "nauc_recall_at_1_diff1": 0.001997,
        "nauc_recall_at_3_max": -0.020271,
        "nauc_recall_at_3_std": 0.052617,
        "nauc_recall_at_3_diff1": 0.003858,
        "nauc_recall_at_5_max": -0.037441,
        "nauc_recall_at_5_std": 0.047011,
        "nauc_recall_at_5_diff1": -0.020906,
        "nauc_recall_at_10_max": -0.038964,
        "nauc_recall_at_10_std": 0.021118,
        "nauc_recall_at_10_diff1": -0.033466,
        "nauc_recall_at_20_max": -0.027118,
        "nauc_recall_at_20_std": 0.040959,
        "nauc_recall_at_20_diff1": -0.0069,
        "nauc_recall_at_100_max": -0.023537,
        "nauc_recall_at_100_std": 0.074569,
        "nauc_recall_at_100_diff1": -0.003628,
        "nauc_recall_at_1000_max": 0.00381,
        "nauc_recall_at_1000_std": 0.480127,
        "nauc_recall_at_1000_diff1": 0.347419,
        "nauc_precision_at_1_max": 0.031094,
        "nauc_precision_at_1_std": 0.060728,
        "nauc_precision_at_1_diff1": 0.001997,
        "nauc_precision_at_3_max": -0.020271,
        "nauc_precision_at_3_std": 0.052617,
        "nauc_precision_at_3_diff1": 0.003858,
        "nauc_precision_at_5_max": -0.037441,
        "nauc_precision_at_5_std": 0.047011,
        "nauc_precision_at_5_diff1": -0.020906,
        "nauc_precision_at_10_max": -0.038964,
        "nauc_precision_at_10_std": 0.021118,
        "nauc_precision_at_10_diff1": -0.033466,
        "nauc_precision_at_20_max": -0.027118,
        "nauc_precision_at_20_std": 0.040959,
        "nauc_precision_at_20_diff1": -0.0069,
        "nauc_precision_at_100_max": -0.023537,
        "nauc_precision_at_100_std": 0.074569,
        "nauc_precision_at_100_diff1": -0.003628,
        "nauc_precision_at_1000_max": 0.00381,
        "nauc_precision_at_1000_std": 0.480127,
        "nauc_precision_at_1000_diff1": 0.347419,
        "nauc_mrr_at_1_max": 0.031094,
        "nauc_mrr_at_1_std": 0.060728,
        "nauc_mrr_at_1_diff1": 0.001997,
        "nauc_mrr_at_3_max": -0.004009,
        "nauc_mrr_at_3_std": 0.055151,
        "nauc_mrr_at_3_diff1": 0.003746,
        "nauc_mrr_at_5_max": -0.014275,
        "nauc_mrr_at_5_std": 0.05005,
        "nauc_mrr_at_5_diff1": -0.006589,
        "nauc_mrr_at_10_max": -0.020237,
        "nauc_mrr_at_10_std": 0.039065,
        "nauc_mrr_at_10_diff1": -0.014655,
        "nauc_mrr_at_20_max": -0.0199,
        "nauc_mrr_at_20_std": 0.043507,
        "nauc_mrr_at_20_diff1": -0.008145,
        "nauc_mrr_at_100_max": -0.020572,
        "nauc_mrr_at_100_std": 0.052917,
        "nauc_mrr_at_100_diff1": -0.006015,
        "nauc_mrr_at_1000_max": -0.022764,
        "nauc_mrr_at_1000_std": 0.071092,
        "nauc_mrr_at_1000_diff1": 0.00189,
        "hit_rate_at_1": 0.00177,
        "hit_rate_at_3": 0.0057,
        "hit_rate_at_5": 0.00943,
        "hit_rate_at_10": 0.01886,
        "hit_rate_at_20": 0.03752,
        "hit_rate_at_100": 0.17917,
        "hit_rate_at_1000": 0.84656,
        "main_score": 0.00943,
        "hf_subset": "default",
        "languages": [
          "zxx-Zxxx"
        ],
        "mteb_version": "2.12.32"
      }
    ]
  },
  "evaluation_time": 1670.9221334457397,
  "kg_co2_emissions": null,
  "date": null
}