{
  "dataset_revision": "e78cd130055fcb8d69bb0ff4115c4712a157f3d3",
  "task_name": "VidoreDocVQARetrieval",
  "mteb_version": "2.12.32",
  "scores": {
    "test": [
      {
        "ndcg_at_1": 0.48115,
        "ndcg_at_3": 0.55793,
        "ndcg_at_5": 0.57503,
        "ndcg_at_10": 0.5939,
        "ndcg_at_20": 0.60945,
        "ndcg_at_100": 0.63498,
        "ndcg_at_1000": 0.6481,
        "map_at_1": 0.473,
        "map_at_3": 0.53612,
        "map_at_5": 0.54597,
        "map_at_10": 0.55426,
        "map_at_20": 0.55869,
        "map_at_100": 0.5621,
        "map_at_1000": 0.56275,
        "recall_at_1": 0.473,
        "recall_at_3": 0.61203,
        "recall_at_5": 0.6549,
        "recall_at_10": 0.7117,
        "recall_at_20": 0.77116,
        "recall_at_100": 0.90787,
        "recall_at_1000": 1.0,
        "accuracy": 0.473,
        "precision_at_1": 0.48115,
        "precision_at_3": 0.20843,
        "precision_at_5": 0.13437,
        "precision_at_10": 0.07361,
        "precision_at_20": 0.04024,
        "precision_at_100": 0.00976,
        "precision_at_1000": 0.00111,
        "mrr_at_1": 0.481153,
        "mrr_at_3": 0.542498,
        "mrr_at_5": 0.552476,
        "mrr_at_10": 0.560197,
        "mrr_at_20": 0.56463,
        "mrr_at_100": 0.567738,
        "mrr_at_1000": 0.568208,
        "nauc_ndcg_at_1_max": 0.727037,
        "nauc_ndcg_at_1_std": -0.096667,
        "nauc_ndcg_at_1_diff1": 0.844157,
        "nauc_ndcg_at_3_max": 0.759581,
        "nauc_ndcg_at_3_std": -0.054383,
        "nauc_ndcg_at_3_diff1": 0.808685,
        "nauc_ndcg_at_5_max": 0.778421,
        "nauc_ndcg_at_5_std": -0.025437,
        "nauc_ndcg_at_5_diff1": 0.810357,
        "nauc_ndcg_at_10_max": 0.771744,
        "nauc_ndcg_at_10_std": -0.027253,
        "nauc_ndcg_at_10_diff1": 0.802087,
        "nauc_ndcg_at_20_max": 0.777023,
        "nauc_ndcg_at_20_std": -0.010027,
        "nauc_ndcg_at_20_diff1": 0.805642,
        "nauc_ndcg_at_100_max": 0.773159,
        "nauc_ndcg_at_100_std": 0.008994,
        "nauc_ndcg_at_100_diff1": 0.803216,
        "nauc_ndcg_at_1000_max": 0.766631,
        "nauc_ndcg_at_1000_std": -0.025219,
        "nauc_ndcg_at_1000_diff1": 0.809032,
        "nauc_map_at_1_max": 0.735988,
        "nauc_map_at_1_std": -0.095435,
        "nauc_map_at_1_diff1": 0.858457,
        "nauc_map_at_3_max": 0.756775,
        "nauc_map_at_3_std": -0.060731,
        "nauc_map_at_3_diff1": 0.823755,
        "nauc_map_at_5_max": 0.766453,
        "nauc_map_at_5_std": -0.045909,
        "nauc_map_at_5_diff1": 0.824415,
        "nauc_map_at_10_max": 0.763149,
        "nauc_map_at_10_std": -0.046759,
        "nauc_map_at_10_diff1": 0.820503,
        "nauc_map_at_20_max": 0.764265,
        "nauc_map_at_20_std": -0.042554,
        "nauc_map_at_20_diff1": 0.821242,
        "nauc_map_at_100_max": 0.763656,
        "nauc_map_at_100_std": -0.040479,
        "nauc_map_at_100_diff1": 0.820938,
        "nauc_map_at_1000_max": 0.763351,
        "nauc_map_at_1000_std": -0.041813,
        "nauc_map_at_1000_diff1": 0.821105,
        "nauc_recall_at_1_max": 0.735988,
        "nauc_recall_at_1_std": -0.095435,
        "nauc_recall_at_1_diff1": 0.858457,
        "nauc_recall_at_3_max": 0.774741,
        "nauc_recall_at_3_std": -0.031593,
        "nauc_recall_at_3_diff1": 0.774662,
        "nauc_recall_at_5_max": 0.822598,
        "nauc_recall_at_5_std": 0.046895,
        "nauc_recall_at_5_diff1": 0.770527,
        "nauc_recall_at_10_max": 0.805059,
        "nauc_recall_at_10_std": 0.044609,
        "nauc_recall_at_10_diff1": 0.737785,
        "nauc_recall_at_20_max": 0.84569,
        "nauc_recall_at_20_std": 0.1565,
        "nauc_recall_at_20_diff1": 0.749751,
        "nauc_recall_at_100_max": 0.874958,
        "nauc_recall_at_100_std": 0.692548,
        "nauc_recall_at_100_diff1": 0.646622,
        "nauc_recall_at_1000_max": NaN,
        "nauc_recall_at_1000_std": NaN,
        "nauc_recall_at_1000_diff1": NaN,
        "nauc_precision_at_1_max": 0.727037,
        "nauc_precision_at_1_std": -0.096667,
        "nauc_precision_at_1_diff1": 0.844157,
        "nauc_precision_at_3_max": 0.741124,
        "nauc_precision_at_3_std": -0.018949,
        "nauc_precision_at_3_diff1": 0.726454,
        "nauc_precision_at_5_max": 0.77751,
        "nauc_precision_at_5_std": 0.063873,
        "nauc_precision_at_5_diff1": 0.707381,
        "nauc_precision_at_10_max": 0.698835,
        "nauc_precision_at_10_std": 0.064898,
        "nauc_precision_at_10_diff1": 0.611722,
        "nauc_precision_at_20_max": 0.661231,
        "nauc_precision_at_20_std": 0.166917,
        "nauc_precision_at_20_diff1": 0.543738,
        "nauc_precision_at_100_max": 0.20172,
        "nauc_precision_at_100_std": 0.3162,
        "nauc_precision_at_100_diff1": 0.050573,
        "nauc_precision_at_1000_max": -0.431185,
        "nauc_precision_at_1000_std": -0.207681,
        "nauc_precision_at_1000_diff1": -0.44917,
        "nauc_mrr_at_1_max": 0.727037,
        "nauc_mrr_at_1_std": -0.096667,
        "nauc_mrr_at_1_diff1": 0.844157,
        "nauc_mrr_at_3_max": 0.748664,
        "nauc_mrr_at_3_std": -0.064689,
        "nauc_mrr_at_3_diff1": 0.812021,
        "nauc_mrr_at_5_max": 0.758213,
        "nauc_mrr_at_5_std": -0.048119,
        "nauc_mrr_at_5_diff1": 0.812226,
        "nauc_mrr_at_10_max": 0.755162,
        "nauc_mrr_at_10_std": -0.049902,
        "nauc_mrr_at_10_diff1": 0.809241,
        "nauc_mrr_at_20_max": 0.756397,
        "nauc_mrr_at_20_std": -0.046053,
        "nauc_mrr_at_20_diff1": 0.81039,
        "nauc_mrr_at_100_max": 0.755831,
        "nauc_mrr_at_100_std": -0.044526,
        "nauc_mrr_at_100_diff1": 0.810124,
        "nauc_mrr_at_1000_max": 0.755635,
        "nauc_mrr_at_1000_std": -0.045593,
        "nauc_mrr_at_1000_diff1": 0.810403,
        "hit_rate_at_1": 0.48115,
        "hit_rate_at_3": 0.61863,
        "hit_rate_at_5": 0.66297,
        "hit_rate_at_10": 0.7184,
        "hit_rate_at_20": 0.78049,
        "hit_rate_at_100": 0.91796,
        "hit_rate_at_1000": 1.0,
        "main_score": 0.57503,
        "hf_subset": "default",
        "languages": [
          "eng-Latn"
        ],
        "mteb_version": "2.12.32"
      }
    ]
  },
  "evaluation_time": 448.4479823112488,
  "kg_co2_emissions": null,
  "date": null
}