{
  "dataset_revision": "74d396242cc281c021eeb38d0ee5f6f30afc1fad",
  "task_name": "VidoreInfoVQARetrieval",
  "mteb_version": "2.12.32",
  "scores": {
    "test": [
      {
        "ndcg_at_1": 0.87854,
        "ndcg_at_3": 0.91631,
        "ndcg_at_5": 0.9248,
        "ndcg_at_10": 0.92879,
        "ndcg_at_20": 0.92935,
        "ndcg_at_100": 0.93115,
        "ndcg_at_1000": 0.93292,
        "map_at_1": 0.87692,
        "map_at_3": 0.90628,
        "map_at_5": 0.91123,
        "map_at_10": 0.91292,
        "map_at_20": 0.9131,
        "map_at_100": 0.91332,
        "map_at_1000": 0.91341,
        "recall_at_1": 0.87692,
        "recall_at_3": 0.94271,
        "recall_at_5": 0.96397,
        "recall_at_10": 0.97611,
        "recall_at_20": 0.97814,
        "recall_at_100": 0.98765,
        "recall_at_1000": 1.0,
        "accuracy": 0.87692,
        "precision_at_1": 0.87854,
        "precision_at_3": 0.31511,
        "precision_at_5": 0.19352,
        "precision_at_10": 0.09798,
        "precision_at_20": 0.04909,
        "precision_at_100": 0.00994,
        "precision_at_1000": 0.00101,
        "mrr_at_1": 0.878543,
        "mrr_at_3": 0.908232,
        "mrr_at_5": 0.912787,
        "mrr_at_10": 0.914467,
        "mrr_at_20": 0.914651,
        "mrr_at_100": 0.914884,
        "mrr_at_1000": 0.914939,
        "nauc_ndcg_at_1_max": 0.567976,
        "nauc_ndcg_at_1_std": -0.097729,
        "nauc_ndcg_at_1_diff1": 0.950836,
        "nauc_ndcg_at_3_max": 0.589994,
        "nauc_ndcg_at_3_std": -0.081375,
        "nauc_ndcg_at_3_diff1": 0.937011,
        "nauc_ndcg_at_5_max": 0.615822,
        "nauc_ndcg_at_5_std": 0.018489,
        "nauc_ndcg_at_5_diff1": 0.937407,
        "nauc_ndcg_at_10_max": 0.637175,
        "nauc_ndcg_at_10_std": 0.045538,
        "nauc_ndcg_at_10_diff1": 0.938675,
        "nauc_ndcg_at_20_max": 0.634227,
        "nauc_ndcg_at_20_std": 0.038842,
        "nauc_ndcg_at_20_diff1": 0.938177,
        "nauc_ndcg_at_100_max": 0.626805,
        "nauc_ndcg_at_100_std": 0.019515,
        "nauc_ndcg_at_100_diff1": 0.939714,
        "nauc_ndcg_at_1000_max": 0.619135,
        "nauc_ndcg_at_1000_std": 0.000982,
        "nauc_ndcg_at_1000_diff1": 0.940846,
        "nauc_map_at_1_max": 0.57481,
        "nauc_map_at_1_std": -0.083082,
        "nauc_map_at_1_diff1": 0.951413,
        "nauc_map_at_3_max": 0.588046,
        "nauc_map_at_3_std": -0.072375,
        "nauc_map_at_3_diff1": 0.940732,
        "nauc_map_at_5_max": 0.602368,
        "nauc_map_at_5_std": -0.025041,
        "nauc_map_at_5_diff1": 0.941228,
        "nauc_map_at_10_max": 0.610706,
        "nauc_map_at_10_std": -0.015475,
        "nauc_map_at_10_diff1": 0.941682,
        "nauc_map_at_20_max": 0.609866,
        "nauc_map_at_20_std": -0.017384,
        "nauc_map_at_20_diff1": 0.941557,
        "nauc_map_at_100_max": 0.609068,
        "nauc_map_at_100_std": -0.019466,
        "nauc_map_at_100_diff1": 0.941683,
        "nauc_map_at_1000_max": 0.608814,
        "nauc_map_at_1000_std": -0.020104,
        "nauc_map_at_1000_diff1": 0.941769,
        "nauc_recall_at_1_max": 0.57481,
        "nauc_recall_at_1_std": -0.083082,
        "nauc_recall_at_1_diff1": 0.951413,
        "nauc_recall_at_3_max": 0.594006,
        "nauc_recall_at_3_std": -0.100237,
        "nauc_recall_at_3_diff1": 0.917089,
        "nauc_recall_at_5_max": 0.715556,
        "nauc_recall_at_5_std": 0.371123,
        "nauc_recall_at_5_diff1": 0.909465,
        "nauc_recall_at_10_max": 0.934521,
        "nauc_recall_at_10_std": 0.772983,
        "nauc_recall_at_10_diff1": 0.907701,
        "nauc_recall_at_20_max": 0.928458,
        "nauc_recall_at_20_std": 0.764056,
        "nauc_recall_at_20_diff1": 0.899155,
        "nauc_recall_at_100_max": 0.925963,
        "nauc_recall_at_100_std": 0.731833,
        "nauc_recall_at_100_diff1": 0.907801,
        "nauc_recall_at_1000_max": NaN,
        "nauc_recall_at_1000_std": NaN,
        "nauc_recall_at_1000_diff1": NaN,
        "nauc_precision_at_1_max": 0.567976,
        "nauc_precision_at_1_std": -0.097729,
        "nauc_precision_at_1_diff1": 0.950836,
        "nauc_precision_at_3_max": 0.625267,
        "nauc_precision_at_3_std": -0.102403,
        "nauc_precision_at_3_diff1": 0.919386,
        "nauc_precision_at_5_max": 0.729876,
        "nauc_precision_at_5_std": 0.402783,
        "nauc_precision_at_5_diff1": 0.780188,
        "nauc_precision_at_10_max": 0.93937,
        "nauc_precision_at_10_std": 0.789793,
        "nauc_precision_at_10_diff1": 0.717688,
        "nauc_precision_at_20_max": 0.934207,
        "nauc_precision_at_20_std": 0.783015,
        "nauc_precision_at_20_diff1": 0.693649,
        "nauc_precision_at_100_max": 0.661347,
        "nauc_precision_at_100_std": 0.576109,
        "nauc_precision_at_100_diff1": 0.35347,
        "nauc_precision_at_1000_max": -0.249891,
        "nauc_precision_at_1000_std": -0.161808,
        "nauc_precision_at_1000_diff1": -0.468493,
        "nauc_mrr_at_1_max": 0.567976,
        "nauc_mrr_at_1_std": -0.097729,
        "nauc_mrr_at_1_diff1": 0.950836,
        "nauc_mrr_at_3_max": 0.588509,
        "nauc_mrr_at_3_std": -0.085255,
        "nauc_mrr_at_3_diff1": 0.940901,
        "nauc_mrr_at_5_max": 0.592085,
        "nauc_mrr_at_5_std": -0.045711,
        "nauc_mrr_at_5_diff1": 0.941077,
        "nauc_mrr_at_10_max": 0.600358,
        "nauc_mrr_at_10_std": -0.036397,
        "nauc_mrr_at_10_diff1": 0.941536,
        "nauc_mrr_at_20_max": 0.599481,
        "nauc_mrr_at_20_std": -0.038384,
        "nauc_mrr_at_20_diff1": 0.941408,
        "nauc_mrr_at_100_max": 0.598838,
        "nauc_mrr_at_100_std": -0.040086,
        "nauc_mrr_at_100_diff1": 0.941659,
        "nauc_mrr_at_1000_max": 0.598595,
        "nauc_mrr_at_1000_std": -0.040668,
        "nauc_mrr_at_1000_diff1": 0.94165,
        "hit_rate_at_1": 0.87854,
        "hit_rate_at_3": 0.94534,
        "hit_rate_at_5": 0.96559,
        "hit_rate_at_10": 0.97773,
        "hit_rate_at_20": 0.97976,
        "hit_rate_at_100": 0.98988,
        "hit_rate_at_1000": 1.0,
        "main_score": 0.9248,
        "hf_subset": "default",
        "languages": [
          "eng-Latn"
        ],
        "mteb_version": "2.12.32"
      }
    ]
  },
  "evaluation_time": 467.1709358692169,
  "kg_co2_emissions": null,
  "date": null
}