{
  "dataset_revision": "24a4541c4c461f5ff4f4af4e97ec820715281a06",
  "task_name": "VidoreTabfquadRetrieval",
  "mteb_version": "2.12.32",
  "scores": {
    "test": [
      {
        "ndcg_at_1": 0.88214,
        "ndcg_at_3": 0.92619,
        "ndcg_at_5": 0.93357,
        "ndcg_at_10": 0.93826,
        "ndcg_at_20": 0.94007,
        "ndcg_at_100": 0.94073,
        "ndcg_at_1000": 0.94073,
        "map_at_1": 0.88214,
        "map_at_3": 0.91548,
        "map_at_5": 0.91958,
        "map_at_10": 0.92157,
        "map_at_20": 0.92207,
        "map_at_100": 0.92215,
        "map_at_1000": 0.92215,
        "recall_at_1": 0.88214,
        "recall_at_3": 0.95714,
        "recall_at_5": 0.975,
        "recall_at_10": 0.98929,
        "recall_at_20": 0.99643,
        "recall_at_100": 1.0,
        "recall_at_1000": 1.0,
        "accuracy": 0.88214,
        "precision_at_1": 0.88214,
        "precision_at_3": 0.31905,
        "precision_at_5": 0.195,
        "precision_at_10": 0.09893,
        "precision_at_20": 0.04982,
        "precision_at_100": 0.01,
        "precision_at_1000": 0.001,
        "mrr_at_1": 0.882143,
        "mrr_at_3": 0.915476,
        "mrr_at_5": 0.919583,
        "mrr_at_10": 0.921567,
        "mrr_at_20": 0.922071,
        "mrr_at_100": 0.922154,
        "mrr_at_1000": 0.922154,
        "nauc_ndcg_at_1_max": 0.818896,
        "nauc_ndcg_at_1_std": 0.224158,
        "nauc_ndcg_at_1_diff1": 0.895145,
        "nauc_ndcg_at_3_max": 0.869266,
        "nauc_ndcg_at_3_std": 0.268646,
        "nauc_ndcg_at_3_diff1": 0.895052,
        "nauc_ndcg_at_5_max": 0.863476,
        "nauc_ndcg_at_5_std": 0.28282,
        "nauc_ndcg_at_5_diff1": 0.895269,
        "nauc_ndcg_at_10_max": 0.855679,
        "nauc_ndcg_at_10_std": 0.297249,
        "nauc_ndcg_at_10_diff1": 0.894407,
        "nauc_ndcg_at_20_max": 0.851259,
        "nauc_ndcg_at_20_std": 0.280408,
        "nauc_ndcg_at_20_diff1": 0.892972,
        "nauc_ndcg_at_100_max": 0.849593,
        "nauc_ndcg_at_100_std": 0.272349,
        "nauc_ndcg_at_100_diff1": 0.893237,
        "nauc_ndcg_at_1000_max": 0.849593,
        "nauc_ndcg_at_1000_std": 0.272349,
        "nauc_ndcg_at_1000_diff1": 0.893237,
        "nauc_map_at_1_max": 0.818896,
        "nauc_map_at_1_std": 0.224158,
        "nauc_map_at_1_diff1": 0.895145,
        "nauc_map_at_3_max": 0.853786,
        "nauc_map_at_3_std": 0.261838,
        "nauc_map_at_3_diff1": 0.894404,
        "nauc_map_at_5_max": 0.850185,
        "nauc_map_at_5_std": 0.266735,
        "nauc_map_at_5_diff1": 0.894417,
        "nauc_map_at_10_max": 0.847344,
        "nauc_map_at_10_std": 0.270273,
        "nauc_map_at_10_diff1": 0.893804,
        "nauc_map_at_20_max": 0.846344,
        "nauc_map_at_20_std": 0.266664,
        "nauc_map_at_20_diff1": 0.893412,
        "nauc_map_at_100_max": 0.846177,
        "nauc_map_at_100_std": 0.26587,
        "nauc_map_at_100_diff1": 0.893438,
        "nauc_map_at_1000_max": 0.846177,
        "nauc_map_at_1000_std": 0.26587,
        "nauc_map_at_1000_diff1": 0.893438,
        "nauc_recall_at_1_max": 0.818896,
        "nauc_recall_at_1_std": 0.224158,
        "nauc_recall_at_1_diff1": 0.895145,
        "nauc_recall_at_3_max": 0.955065,
        "nauc_recall_at_3_std": 0.300381,
        "nauc_recall_at_3_diff1": 0.899237,
        "nauc_recall_at_5_max": 0.981326,
        "nauc_recall_at_5_std": 0.429839,
        "nauc_recall_at_5_diff1": 0.904295,
        "nauc_recall_at_10_max": 1.0,
        "nauc_recall_at_10_std": 0.907407,
        "nauc_recall_at_10_diff1": 0.912854,
        "nauc_recall_at_20_max": 1.0,
        "nauc_recall_at_20_std": 1.0,
        "nauc_recall_at_20_diff1": 0.869281,
        "nauc_recall_at_100_max": NaN,
        "nauc_recall_at_100_std": NaN,
        "nauc_recall_at_100_diff1": NaN,
        "nauc_recall_at_1000_max": NaN,
        "nauc_recall_at_1000_std": NaN,
        "nauc_recall_at_1000_diff1": NaN,
        "nauc_precision_at_1_max": 0.818896,
        "nauc_precision_at_1_std": 0.224158,
        "nauc_precision_at_1_diff1": 0.895145,
        "nauc_precision_at_3_max": 0.955065,
        "nauc_precision_at_3_std": 0.300381,
        "nauc_precision_at_3_diff1": 0.899237,
        "nauc_precision_at_5_max": 0.981326,
        "nauc_precision_at_5_std": 0.429839,
        "nauc_precision_at_5_diff1": 0.904295,
        "nauc_precision_at_10_max": 1.0,
        "nauc_precision_at_10_std": 0.907407,
        "nauc_precision_at_10_diff1": 0.912854,
        "nauc_precision_at_20_max": 1.0,
        "nauc_precision_at_20_std": 1.0,
        "nauc_precision_at_20_diff1": 0.869281,
        "nauc_precision_at_100_max": 1.0,
        "nauc_precision_at_100_std": 1.0,
        "nauc_precision_at_100_diff1": 1.0,
        "nauc_precision_at_1000_max": NaN,
        "nauc_precision_at_1000_std": NaN,
        "nauc_precision_at_1000_diff1": NaN,
        "nauc_mrr_at_1_max": 0.818896,
        "nauc_mrr_at_1_std": 0.224158,
        "nauc_mrr_at_1_diff1": 0.895145,
        "nauc_mrr_at_3_max": 0.853786,
        "nauc_mrr_at_3_std": 0.261838,
        "nauc_mrr_at_3_diff1": 0.894404,
        "nauc_mrr_at_5_max": 0.850185,
        "nauc_mrr_at_5_std": 0.266735,
        "nauc_mrr_at_5_diff1": 0.894417,
        "nauc_mrr_at_10_max": 0.847344,
        "nauc_mrr_at_10_std": 0.270273,
        "nauc_mrr_at_10_diff1": 0.893804,
        "nauc_mrr_at_20_max": 0.846344,
        "nauc_mrr_at_20_std": 0.266664,
        "nauc_mrr_at_20_diff1": 0.893412,
        "nauc_mrr_at_100_max": 0.846177,
        "nauc_mrr_at_100_std": 0.26587,
        "nauc_mrr_at_100_diff1": 0.893438,
        "nauc_mrr_at_1000_max": 0.846177,
        "nauc_mrr_at_1000_std": 0.26587,
        "nauc_mrr_at_1000_diff1": 0.893438,
        "hit_rate_at_1": 0.88214,
        "hit_rate_at_3": 0.95714,
        "hit_rate_at_5": 0.975,
        "hit_rate_at_10": 0.98929,
        "hit_rate_at_20": 0.99643,
        "hit_rate_at_100": 1.0,
        "hit_rate_at_1000": 1.0,
        "main_score": 0.93357,
        "hf_subset": "default",
        "languages": [
          "eng-Latn"
        ],
        "mteb_version": "2.12.32"
      }
    ]
  },
  "evaluation_time": 25.64681053161621,
  "kg_co2_emissions": null,
  "date": null
}