{
  "dataset_revision": "78e6f5ad3bbc1af50ae9c0f006f57462213269fb",
  "task_name": "VidoreShiftProjectRetrieval",
  "mteb_version": "2.12.32",
  "scores": {
    "test": [
      {
        "ndcg_at_1": 0.74,
        "ndcg_at_3": 0.84309,
        "ndcg_at_5": 0.85601,
        "ndcg_at_10": 0.86291,
        "ndcg_at_20": 0.86766,
        "ndcg_at_100": 0.86981,
        "ndcg_at_1000": 0.86981,
        "map_at_1": 0.74,
        "map_at_3": 0.81667,
        "map_at_5": 0.82417,
        "map_at_10": 0.82726,
        "map_at_20": 0.82841,
        "map_at_100": 0.82882,
        "map_at_1000": 0.82882,
        "recall_at_1": 0.74,
        "recall_at_3": 0.92,
        "recall_at_5": 0.95,
        "recall_at_10": 0.97,
        "recall_at_20": 0.99,
        "recall_at_100": 1.0,
        "recall_at_1000": 1.0,
        "accuracy": 0.74,
        "precision_at_1": 0.74,
        "precision_at_3": 0.30667,
        "precision_at_5": 0.19,
        "precision_at_10": 0.097,
        "precision_at_20": 0.0495,
        "precision_at_100": 0.01,
        "precision_at_1000": 0.001,
        "mrr_at_1": 0.74,
        "mrr_at_3": 0.816667,
        "mrr_at_5": 0.824167,
        "mrr_at_10": 0.827262,
        "mrr_at_20": 0.828406,
        "mrr_at_100": 0.828822,
        "mrr_at_1000": 0.828822,
        "nauc_ndcg_at_1_max": 0.122927,
        "nauc_ndcg_at_1_std": -0.553708,
        "nauc_ndcg_at_1_diff1": 0.740238,
        "nauc_ndcg_at_3_max": 0.143777,
        "nauc_ndcg_at_3_std": -0.477117,
        "nauc_ndcg_at_3_diff1": 0.748182,
        "nauc_ndcg_at_5_max": 0.089437,
        "nauc_ndcg_at_5_std": -0.547999,
        "nauc_ndcg_at_5_diff1": 0.742344,
        "nauc_ndcg_at_10_max": 0.104,
        "nauc_ndcg_at_10_std": -0.572058,
        "nauc_ndcg_at_10_diff1": 0.736052,
        "nauc_ndcg_at_20_max": 0.128653,
        "nauc_ndcg_at_20_std": -0.525936,
        "nauc_ndcg_at_20_diff1": 0.738421,
        "nauc_ndcg_at_100_max": 0.115158,
        "nauc_ndcg_at_100_std": -0.537756,
        "nauc_ndcg_at_100_diff1": 0.736036,
        "nauc_ndcg_at_1000_max": 0.115158,
        "nauc_ndcg_at_1000_std": -0.537756,
        "nauc_ndcg_at_1000_diff1": 0.736036,
        "nauc_map_at_1_max": 0.122927,
        "nauc_map_at_1_std": -0.553708,
        "nauc_map_at_1_diff1": 0.740238,
        "nauc_map_at_3_max": 0.133561,
        "nauc_map_at_3_std": -0.499325,
        "nauc_map_at_3_diff1": 0.740823,
        "nauc_map_at_5_max": 0.107005,
        "nauc_map_at_5_std": -0.534383,
        "nauc_map_at_5_diff1": 0.737676,
        "nauc_map_at_10_max": 0.113449,
        "nauc_map_at_10_std": -0.541811,
        "nauc_map_at_10_diff1": 0.735447,
        "nauc_map_at_20_max": 0.118288,
        "nauc_map_at_20_std": -0.532994,
        "nauc_map_at_20_diff1": 0.73593,
        "nauc_map_at_100_max": 0.116269,
        "nauc_map_at_100_std": -0.534756,
        "nauc_map_at_100_diff1": 0.735571,
        "nauc_map_at_1000_max": 0.116269,
        "nauc_map_at_1000_std": -0.534756,
        "nauc_map_at_1000_diff1": 0.735571,
        "nauc_recall_at_1_max": 0.122927,
        "nauc_recall_at_1_std": -0.553708,
        "nauc_recall_at_1_diff1": 0.740238,
        "nauc_recall_at_3_max": 0.208217,
        "nauc_recall_at_3_std": -0.345997,
        "nauc_recall_at_3_diff1": 0.796627,
        "nauc_recall_at_5_max": -0.086181,
        "nauc_recall_at_5_std": -0.701774,
        "nauc_recall_at_5_diff1": 0.789916,
        "nauc_recall_at_10_max": -0.049486,
        "nauc_recall_at_10_std": -1.119048,
        "nauc_recall_at_10_diff1": 0.742453,
        "nauc_recall_at_20_max": 0.869281,
        "nauc_recall_at_20_std": 0.122782,
        "nauc_recall_at_20_diff1": 0.869281,
        "nauc_recall_at_100_max": NaN,
        "nauc_recall_at_100_std": NaN,
        "nauc_recall_at_100_diff1": NaN,
        "nauc_recall_at_1000_max": NaN,
        "nauc_recall_at_1000_std": NaN,
        "nauc_recall_at_1000_diff1": NaN,
        "nauc_precision_at_1_max": 0.122927,
        "nauc_precision_at_1_std": -0.553708,
        "nauc_precision_at_1_diff1": 0.740238,
        "nauc_precision_at_3_max": 0.208217,
        "nauc_precision_at_3_std": -0.345997,
        "nauc_precision_at_3_diff1": 0.796627,
        "nauc_precision_at_5_max": -0.086181,
        "nauc_precision_at_5_std": -0.701774,
        "nauc_precision_at_5_diff1": 0.789916,
        "nauc_precision_at_10_max": -0.049486,
        "nauc_precision_at_10_std": -1.119048,
        "nauc_precision_at_10_diff1": 0.742453,
        "nauc_precision_at_20_max": 0.869281,
        "nauc_precision_at_20_std": 0.122782,
        "nauc_precision_at_20_diff1": 0.869281,
        "nauc_precision_at_100_max": NaN,
        "nauc_precision_at_100_std": NaN,
        "nauc_precision_at_100_diff1": NaN,
        "nauc_precision_at_1000_max": NaN,
        "nauc_precision_at_1000_std": NaN,
        "nauc_precision_at_1000_diff1": NaN,
        "nauc_mrr_at_1_max": 0.122927,
        "nauc_mrr_at_1_std": -0.553708,
        "nauc_mrr_at_1_diff1": 0.740238,
        "nauc_mrr_at_3_max": 0.133561,
        "nauc_mrr_at_3_std": -0.499325,
        "nauc_mrr_at_3_diff1": 0.740823,
        "nauc_mrr_at_5_max": 0.107005,
        "nauc_mrr_at_5_std": -0.534383,
        "nauc_mrr_at_5_diff1": 0.737676,
        "nauc_mrr_at_10_max": 0.113449,
        "nauc_mrr_at_10_std": -0.541811,
        "nauc_mrr_at_10_diff1": 0.735447,
        "nauc_mrr_at_20_max": 0.118288,
        "nauc_mrr_at_20_std": -0.532994,
        "nauc_mrr_at_20_diff1": 0.73593,
        "nauc_mrr_at_100_max": 0.116269,
        "nauc_mrr_at_100_std": -0.534756,
        "nauc_mrr_at_100_diff1": 0.735571,
        "nauc_mrr_at_1000_max": 0.116269,
        "nauc_mrr_at_1000_std": -0.534756,
        "nauc_mrr_at_1000_diff1": 0.735571,
        "hit_rate_at_1": 0.74,
        "hit_rate_at_3": 0.92,
        "hit_rate_at_5": 0.95,
        "hit_rate_at_10": 0.97,
        "hit_rate_at_20": 0.99,
        "hit_rate_at_100": 1.0,
        "hit_rate_at_1000": 1.0,
        "main_score": 0.85601,
        "hf_subset": "default",
        "languages": [
          "eng-Latn"
        ],
        "mteb_version": "2.12.32"
      }
    ]
  },
  "evaluation_time": 798.0525183677673,
  "kg_co2_emissions": null,
  "date": null
}