{
  "dataset_revision": "dc7924ec102addd7f85c1ccfdd8625848179f615",
  "task_name": "VidoreTatdqaRetrieval",
  "mteb_version": "2.12.32",
  "scores": {
    "test": [
      {
        "ndcg_at_1": 0.56987,
        "ndcg_at_3": 0.68364,
        "ndcg_at_5": 0.70953,
        "ndcg_at_10": 0.7342,
        "ndcg_at_20": 0.74522,
        "ndcg_at_100": 0.75439,
        "ndcg_at_1000": 0.75571,
        "map_at_1": 0.56865,
        "map_at_3": 0.65545,
        "map_at_5": 0.66988,
        "map_at_10": 0.68038,
        "map_at_20": 0.68354,
        "map_at_100": 0.68501,
        "map_at_1000": 0.6851,
        "recall_at_1": 0.56865,
        "recall_at_3": 0.76379,
        "recall_at_5": 0.82667,
        "recall_at_10": 0.90176,
        "recall_at_20": 0.94435,
        "recall_at_100": 0.99101,
        "recall_at_1000": 1.0,
        "accuracy": 0.56865,
        "precision_at_1": 0.56987,
        "precision_at_3": 0.25577,
        "precision_at_5": 0.16622,
        "precision_at_10": 0.0907,
        "precision_at_20": 0.04754,
        "precision_at_100": 0.00999,
        "precision_at_1000": 0.00101,
        "mrr_at_1": 0.569866,
        "mrr_at_3": 0.656136,
        "mrr_at_5": 0.670595,
        "mrr_at_10": 0.681008,
        "mrr_at_20": 0.684077,
        "mrr_at_100": 0.68552,
        "mrr_at_1000": 0.685587,
        "nauc_ndcg_at_1_max": 0.418899,
        "nauc_ndcg_at_1_std": -0.143497,
        "nauc_ndcg_at_1_diff1": 0.726267,
        "nauc_ndcg_at_3_max": 0.429501,
        "nauc_ndcg_at_3_std": -0.131714,
        "nauc_ndcg_at_3_diff1": 0.669479,
        "nauc_ndcg_at_5_max": 0.435648,
        "nauc_ndcg_at_5_std": -0.125036,
        "nauc_ndcg_at_5_diff1": 0.666367,
        "nauc_ndcg_at_10_max": 0.447298,
        "nauc_ndcg_at_10_std": -0.104843,
        "nauc_ndcg_at_10_diff1": 0.669348,
        "nauc_ndcg_at_20_max": 0.444936,
        "nauc_ndcg_at_20_std": -0.101104,
        "nauc_ndcg_at_20_diff1": 0.675426,
        "nauc_ndcg_at_100_max": 0.440125,
        "nauc_ndcg_at_100_std": -0.111207,
        "nauc_ndcg_at_100_diff1": 0.682751,
        "nauc_ndcg_at_1000_max": 0.437468,
        "nauc_ndcg_at_1000_std": -0.11695,
        "nauc_ndcg_at_1000_diff1": 0.682721,
        "nauc_map_at_1_max": 0.418742,
        "nauc_map_at_1_std": -0.143009,
        "nauc_map_at_1_diff1": 0.72506,
        "nauc_map_at_3_max": 0.428555,
        "nauc_map_at_3_std": -0.133244,
        "nauc_map_at_3_diff1": 0.685008,
        "nauc_map_at_5_max": 0.430978,
        "nauc_map_at_5_std": -0.130284,
        "nauc_map_at_5_diff1": 0.683902,
        "nauc_map_at_10_max": 0.435049,
        "nauc_map_at_10_std": -0.123584,
        "nauc_map_at_10_diff1": 0.68577,
        "nauc_map_at_20_max": 0.434335,
        "nauc_map_at_20_std": -0.122891,
        "nauc_map_at_20_diff1": 0.687454,
        "nauc_map_at_100_max": 0.433814,
        "nauc_map_at_100_std": -0.123912,
        "nauc_map_at_100_diff1": 0.688471,
        "nauc_map_at_1000_max": 0.433676,
        "nauc_map_at_1000_std": -0.124206,
        "nauc_map_at_1000_diff1": 0.688464,
        "nauc_recall_at_1_max": 0.418742,
        "nauc_recall_at_1_std": -0.143009,
        "nauc_recall_at_1_diff1": 0.72506,
        "nauc_recall_at_3_max": 0.435549,
        "nauc_recall_at_3_std": -0.121591,
        "nauc_recall_at_3_diff1": 0.613853,
        "nauc_recall_at_5_max": 0.460672,
        "nauc_recall_at_5_std": -0.09488,
        "nauc_recall_at_5_diff1": 0.585217,
        "nauc_recall_at_10_max": 0.553045,
        "nauc_recall_at_10_std": 0.062929,
        "nauc_recall_at_10_diff1": 0.546571,
        "nauc_recall_at_20_max": 0.602333,
        "nauc_recall_at_20_std": 0.243481,
        "nauc_recall_at_20_diff1": 0.541842,
        "nauc_recall_at_100_max": 0.823367,
        "nauc_recall_at_100_std": 0.74059,
        "nauc_recall_at_100_diff1": 0.669395,
        "nauc_recall_at_1000_max": NaN,
        "nauc_recall_at_1000_std": NaN,
        "nauc_recall_at_1000_diff1": NaN,
        "nauc_precision_at_1_max": 0.418899,
        "nauc_precision_at_1_std": -0.143497,
        "nauc_precision_at_1_diff1": 0.726267,
        "nauc_precision_at_3_max": 0.421144,
        "nauc_precision_at_3_std": -0.127796,
        "nauc_precision_at_3_diff1": 0.599499,
        "nauc_precision_at_5_max": 0.437537,
        "nauc_precision_at_5_std": -0.101683,
        "nauc_precision_at_5_diff1": 0.560462,
        "nauc_precision_at_10_max": 0.495468,
        "nauc_precision_at_10_std": 0.038228,
        "nauc_precision_at_10_diff1": 0.489524,
        "nauc_precision_at_20_max": 0.457526,
        "nauc_precision_at_20_std": 0.162293,
        "nauc_precision_at_20_diff1": 0.407593,
        "nauc_precision_at_100_max": 0.09296,
        "nauc_precision_at_100_std": 0.083283,
        "nauc_precision_at_100_diff1": 0.03802,
        "nauc_precision_at_1000_max": -0.405367,
        "nauc_precision_at_1000_std": -0.375905,
        "nauc_precision_at_1000_diff1": -0.391612,
        "nauc_mrr_at_1_max": 0.418899,
        "nauc_mrr_at_1_std": -0.143497,
        "nauc_mrr_at_1_diff1": 0.726267,
        "nauc_mrr_at_3_max": 0.427576,
        "nauc_mrr_at_3_std": -0.134185,
        "nauc_mrr_at_3_diff1": 0.684342,
        "nauc_mrr_at_5_max": 0.430207,
        "nauc_mrr_at_5_std": -0.131483,
        "nauc_mrr_at_5_diff1": 0.683336,
        "nauc_mrr_at_10_max": 0.43419,
        "nauc_mrr_at_10_std": -0.124592,
        "nauc_mrr_at_10_diff1": 0.685217,
        "nauc_mrr_at_20_max": 0.433591,
        "nauc_mrr_at_20_std": -0.12379,
        "nauc_mrr_at_20_diff1": 0.686945,
        "nauc_mrr_at_100_max": 0.433137,
        "nauc_mrr_at_100_std": -0.124692,
        "nauc_mrr_at_100_diff1": 0.688011,
        "nauc_mrr_at_1000_max": 0.433034,
        "nauc_mrr_at_1000_std": -0.12492,
        "nauc_mrr_at_1000_diff1": 0.688021,
        "hit_rate_at_1": 0.56987,
        "hit_rate_at_3": 0.76488,
        "hit_rate_at_5": 0.82807,
        "hit_rate_at_10": 0.90279,
        "hit_rate_at_20": 0.94471,
        "hit_rate_at_100": 0.99149,
        "hit_rate_at_1000": 1.0,
        "main_score": 0.70953,
        "hf_subset": "default",
        "languages": [
          "eng-Latn"
        ],
        "mteb_version": "2.12.32"
      }
    ]
  },
  "evaluation_time": 293.6738839149475,
  "kg_co2_emissions": null,
  "date": null
}