{
  "dataset_revision": "158d0c0ce9cdd4f292964393de7dd47dc3e87519",
  "task_name": "VisualNewsI2TRetrieval",
  "mteb_version": "2.12.32",
  "scores": {
    "test": [
      {
        "ndcg_at_1": 0.195,
        "ndcg_at_3": 0.25831,
        "ndcg_at_5": 0.28034,
        "ndcg_at_10": 0.30339,
        "ndcg_at_20": 0.32207,
        "ndcg_at_100": 0.35261,
        "ndcg_at_1000": 0.37478,
        "map_at_1": 0.195,
        "map_at_3": 0.24255,
        "map_at_5": 0.25474,
        "map_at_10": 0.26424,
        "map_at_20": 0.26936,
        "map_at_100": 0.27353,
        "map_at_1000": 0.2743,
        "recall_at_1": 0.195,
        "recall_at_3": 0.304,
        "recall_at_5": 0.3576,
        "recall_at_10": 0.429,
        "recall_at_20": 0.50285,
        "recall_at_100": 0.66845,
        "recall_at_1000": 0.84655,
        "accuracy": 0.195,
        "precision_at_1": 0.195,
        "precision_at_3": 0.10133,
        "precision_at_5": 0.07152,
        "precision_at_10": 0.0429,
        "precision_at_20": 0.02514,
        "precision_at_100": 0.00668,
        "precision_at_1000": 0.00085,
        "mrr_at_1": 0.195,
        "mrr_at_3": 0.24255,
        "mrr_at_5": 0.25474,
        "mrr_at_10": 0.264236,
        "mrr_at_20": 0.269365,
        "mrr_at_100": 0.273526,
        "mrr_at_1000": 0.274297,
        "nauc_ndcg_at_1_max": 0.112015,
        "nauc_ndcg_at_1_std": 0.073688,
        "nauc_ndcg_at_1_diff1": 0.457207,
        "nauc_ndcg_at_3_max": 0.124513,
        "nauc_ndcg_at_3_std": 0.102094,
        "nauc_ndcg_at_3_diff1": 0.386353,
        "nauc_ndcg_at_5_max": 0.132319,
        "nauc_ndcg_at_5_std": 0.115395,
        "nauc_ndcg_at_5_diff1": 0.372093,
        "nauc_ndcg_at_10_max": 0.139237,
        "nauc_ndcg_at_10_std": 0.128441,
        "nauc_ndcg_at_10_diff1": 0.360717,
        "nauc_ndcg_at_20_max": 0.144433,
        "nauc_ndcg_at_20_std": 0.140658,
        "nauc_ndcg_at_20_diff1": 0.355045,
        "nauc_ndcg_at_100_max": 0.153587,
        "nauc_ndcg_at_100_std": 0.156238,
        "nauc_ndcg_at_100_diff1": 0.352705,
        "nauc_ndcg_at_1000_max": 0.15573,
        "nauc_ndcg_at_1000_std": 0.155203,
        "nauc_ndcg_at_1000_diff1": 0.358225,
        "nauc_map_at_1_max": 0.112015,
        "nauc_map_at_1_std": 0.073688,
        "nauc_map_at_1_diff1": 0.457207,
        "nauc_map_at_3_max": 0.121679,
        "nauc_map_at_3_std": 0.095053,
        "nauc_map_at_3_diff1": 0.402107,
        "nauc_map_at_5_max": 0.126171,
        "nauc_map_at_5_std": 0.102728,
        "nauc_map_at_5_diff1": 0.393897,
        "nauc_map_at_10_max": 0.129246,
        "nauc_map_at_10_std": 0.108491,
        "nauc_map_at_10_diff1": 0.388884,
        "nauc_map_at_20_max": 0.130707,
        "nauc_map_at_20_std": 0.111891,
        "nauc_map_at_20_diff1": 0.387336,
        "nauc_map_at_100_max": 0.131942,
        "nauc_map_at_100_std": 0.114027,
        "nauc_map_at_100_diff1": 0.387102,
        "nauc_map_at_1000_max": 0.132031,
        "nauc_map_at_1000_std": 0.114045,
        "nauc_map_at_1000_diff1": 0.387299,
        "nauc_recall_at_1_max": 0.112015,
        "nauc_recall_at_1_std": 0.073688,
        "nauc_recall_at_1_diff1": 0.457207,
        "nauc_recall_at_3_max": 0.131895,
        "nauc_recall_at_3_std": 0.120652,
        "nauc_recall_at_3_diff1": 0.345423,
        "nauc_recall_at_5_max": 0.149002,
        "nauc_recall_at_5_std": 0.149627,
        "nauc_recall_at_5_diff1": 0.314636,
        "nauc_recall_at_10_max": 0.167741,
        "nauc_recall_at_10_std": 0.185112,
        "nauc_recall_at_10_diff1": 0.283834,
        "nauc_recall_at_20_max": 0.187449,
        "nauc_recall_at_20_std": 0.231461,
        "nauc_recall_at_20_diff1": 0.260987,
        "nauc_recall_at_100_max": 0.252813,
        "nauc_recall_at_100_std": 0.34689,
        "nauc_recall_at_100_diff1": 0.223804,
        "nauc_recall_at_1000_max": 0.368743,
        "nauc_recall_at_1000_std": 0.484072,
        "nauc_recall_at_1000_diff1": 0.202922,
        "nauc_precision_at_1_max": 0.112015,
        "nauc_precision_at_1_std": 0.073688,
        "nauc_precision_at_1_diff1": 0.457207,
        "nauc_precision_at_3_max": 0.131895,
        "nauc_precision_at_3_std": 0.120652,
        "nauc_precision_at_3_diff1": 0.345423,
        "nauc_precision_at_5_max": 0.149002,
        "nauc_precision_at_5_std": 0.149627,
        "nauc_precision_at_5_diff1": 0.314636,
        "nauc_precision_at_10_max": 0.167741,
        "nauc_precision_at_10_std": 0.185112,
        "nauc_precision_at_10_diff1": 0.283834,
        "nauc_precision_at_20_max": 0.187449,
        "nauc_precision_at_20_std": 0.231461,
        "nauc_precision_at_20_diff1": 0.260987,
        "nauc_precision_at_100_max": 0.252813,
        "nauc_precision_at_100_std": 0.34689,
        "nauc_precision_at_100_diff1": 0.223804,
        "nauc_precision_at_1000_max": 0.368743,
        "nauc_precision_at_1000_std": 0.484072,
        "nauc_precision_at_1000_diff1": 0.202922,
        "nauc_mrr_at_1_max": 0.112015,
        "nauc_mrr_at_1_std": 0.073688,
        "nauc_mrr_at_1_diff1": 0.457207,
        "nauc_mrr_at_3_max": 0.121679,
        "nauc_mrr_at_3_std": 0.095053,
        "nauc_mrr_at_3_diff1": 0.402107,
        "nauc_mrr_at_5_max": 0.126171,
        "nauc_mrr_at_5_std": 0.102728,
        "nauc_mrr_at_5_diff1": 0.393897,
        "nauc_mrr_at_10_max": 0.129246,
        "nauc_mrr_at_10_std": 0.108491,
        "nauc_mrr_at_10_diff1": 0.388884,
        "nauc_mrr_at_20_max": 0.130707,
        "nauc_mrr_at_20_std": 0.111891,
        "nauc_mrr_at_20_diff1": 0.387336,
        "nauc_mrr_at_100_max": 0.131942,
        "nauc_mrr_at_100_std": 0.114027,
        "nauc_mrr_at_100_diff1": 0.387102,
        "nauc_mrr_at_1000_max": 0.132031,
        "nauc_mrr_at_1000_std": 0.114045,
        "nauc_mrr_at_1000_diff1": 0.387299,
        "hit_rate_at_1": 0.195,
        "hit_rate_at_3": 0.304,
        "hit_rate_at_5": 0.3576,
        "hit_rate_at_10": 0.429,
        "hit_rate_at_20": 0.50285,
        "hit_rate_at_100": 0.66845,
        "hit_rate_at_1000": 0.84655,
        "main_score": 0.30339,
        "hf_subset": "default",
        "languages": [
          "eng-Latn"
        ],
        "mteb_version": "2.12.32"
      }
    ]
  },
  "evaluation_time": 15758.963215112686,
  "kg_co2_emissions": null,
  "date": null
}