{
  "dataset_revision": "cee84d52b243da575fa9ba71501a8433464a79a1",
  "task_name": "VQA2IT2TRetrieval",
  "mteb_version": "2.12.32",
  "scores": {
    "test": [
      {
        "ndcg_at_1": 0.10115,
        "ndcg_at_3": 0.15102,
        "ndcg_at_5": 0.16904,
        "ndcg_at_10": 0.19045,
        "ndcg_at_20": 0.21104,
        "ndcg_at_100": 0.26472,
        "ndcg_at_1000": 0.30185,
        "map_at_1": 0.10115,
        "map_at_3": 0.13854,
        "map_at_5": 0.14853,
        "map_at_10": 0.15733,
        "map_at_20": 0.16293,
        "map_at_100": 0.16977,
        "map_at_1000": 0.17121,
        "recall_at_1": 0.10115,
        "recall_at_3": 0.1872,
        "recall_at_5": 0.23099,
        "recall_at_10": 0.2974,
        "recall_at_20": 0.37921,
        "recall_at_100": 0.67722,
        "recall_at_1000": 0.96646,
        "accuracy": 0.10115,
        "precision_at_1": 0.10115,
        "precision_at_3": 0.0624,
        "precision_at_5": 0.0462,
        "precision_at_10": 0.02974,
        "precision_at_20": 0.01896,
        "precision_at_100": 0.00677,
        "precision_at_1000": 0.00097,
        "mrr_at_1": 0.10115,
        "mrr_at_3": 0.138545,
        "mrr_at_5": 0.148533,
        "mrr_at_10": 0.157333,
        "mrr_at_20": 0.162933,
        "mrr_at_100": 0.16977,
        "mrr_at_1000": 0.171206,
        "nauc_ndcg_at_1_max": 0.41567,
        "nauc_ndcg_at_1_std": 0.224392,
        "nauc_ndcg_at_1_diff1": 0.204391,
        "nauc_ndcg_at_3_max": 0.419187,
        "nauc_ndcg_at_3_std": 0.270717,
        "nauc_ndcg_at_3_diff1": 0.156554,
        "nauc_ndcg_at_5_max": 0.419447,
        "nauc_ndcg_at_5_std": 0.284071,
        "nauc_ndcg_at_5_diff1": 0.149016,
        "nauc_ndcg_at_10_max": 0.416906,
        "nauc_ndcg_at_10_std": 0.291291,
        "nauc_ndcg_at_10_diff1": 0.143239,
        "nauc_ndcg_at_20_max": 0.415008,
        "nauc_ndcg_at_20_std": 0.293054,
        "nauc_ndcg_at_20_diff1": 0.138507,
        "nauc_ndcg_at_100_max": 0.410668,
        "nauc_ndcg_at_100_std": 0.271097,
        "nauc_ndcg_at_100_diff1": 0.134703,
        "nauc_ndcg_at_1000_max": 0.409181,
        "nauc_ndcg_at_1000_std": 0.276562,
        "nauc_ndcg_at_1000_diff1": 0.142409,
        "nauc_map_at_1_max": 0.41567,
        "nauc_map_at_1_std": 0.224392,
        "nauc_map_at_1_diff1": 0.204391,
        "nauc_map_at_3_max": 0.419265,
        "nauc_map_at_3_std": 0.261701,
        "nauc_map_at_3_diff1": 0.166011,
        "nauc_map_at_5_max": 0.419377,
        "nauc_map_at_5_std": 0.270029,
        "nauc_map_at_5_diff1": 0.161099,
        "nauc_map_at_10_max": 0.41837,
        "nauc_map_at_10_std": 0.273852,
        "nauc_map_at_10_diff1": 0.158203,
        "nauc_map_at_20_max": 0.417882,
        "nauc_map_at_20_std": 0.27465,
        "nauc_map_at_20_diff1": 0.156693,
        "nauc_map_at_100_max": 0.417166,
        "nauc_map_at_100_std": 0.271685,
        "nauc_map_at_100_diff1": 0.156022,
        "nauc_map_at_1000_max": 0.417121,
        "nauc_map_at_1000_std": 0.271689,
        "nauc_map_at_1000_diff1": 0.156356,
        "nauc_recall_at_1_max": 0.41567,
        "nauc_recall_at_1_std": 0.224392,
        "nauc_recall_at_1_diff1": 0.204391,
        "nauc_recall_at_3_max": 0.41876,
        "nauc_recall_at_3_std": 0.291439,
        "nauc_recall_at_3_diff1": 0.134771,
        "nauc_recall_at_5_max": 0.41944,
        "nauc_recall_at_5_std": 0.315431,
        "nauc_recall_at_5_diff1": 0.122487,
        "nauc_recall_at_10_max": 0.412958,
        "nauc_recall_at_10_std": 0.328101,
        "nauc_recall_at_10_diff1": 0.111861,
        "nauc_recall_at_20_max": 0.40712,
        "nauc_recall_at_20_std": 0.330809,
        "nauc_recall_at_20_diff1": 0.099393,
        "nauc_recall_at_100_max": 0.38443,
        "nauc_recall_at_100_std": 0.230309,
        "nauc_recall_at_100_diff1": 0.071002,
        "nauc_recall_at_1000_max": 0.133384,
        "nauc_recall_at_1000_std": 0.282201,
        "nauc_recall_at_1000_diff1": 0.025507,
        "nauc_precision_at_1_max": 0.41567,
        "nauc_precision_at_1_std": 0.224392,
        "nauc_precision_at_1_diff1": 0.204391,
        "nauc_precision_at_3_max": 0.41876,
        "nauc_precision_at_3_std": 0.291439,
        "nauc_precision_at_3_diff1": 0.134771,
        "nauc_precision_at_5_max": 0.41944,
        "nauc_precision_at_5_std": 0.315431,
        "nauc_precision_at_5_diff1": 0.122487,
        "nauc_precision_at_10_max": 0.412958,
        "nauc_precision_at_10_std": 0.328101,
        "nauc_precision_at_10_diff1": 0.111861,
        "nauc_precision_at_20_max": 0.40712,
        "nauc_precision_at_20_std": 0.330809,
        "nauc_precision_at_20_diff1": 0.099393,
        "nauc_precision_at_100_max": 0.38443,
        "nauc_precision_at_100_std": 0.230309,
        "nauc_precision_at_100_diff1": 0.071002,
        "nauc_precision_at_1000_max": 0.133384,
        "nauc_precision_at_1000_std": 0.282201,
        "nauc_precision_at_1000_diff1": 0.025507,
        "nauc_mrr_at_1_max": 0.41567,
        "nauc_mrr_at_1_std": 0.224392,
        "nauc_mrr_at_1_diff1": 0.204391,
        "nauc_mrr_at_3_max": 0.419265,
        "nauc_mrr_at_3_std": 0.261701,
        "nauc_mrr_at_3_diff1": 0.166011,
        "nauc_mrr_at_5_max": 0.419377,
        "nauc_mrr_at_5_std": 0.270029,
        "nauc_mrr_at_5_diff1": 0.161099,
        "nauc_mrr_at_10_max": 0.41837,
        "nauc_mrr_at_10_std": 0.273852,
        "nauc_mrr_at_10_diff1": 0.158203,
        "nauc_mrr_at_20_max": 0.417882,
        "nauc_mrr_at_20_std": 0.27465,
        "nauc_mrr_at_20_diff1": 0.156693,
        "nauc_mrr_at_100_max": 0.417166,
        "nauc_mrr_at_100_std": 0.271685,
        "nauc_mrr_at_100_diff1": 0.156022,
        "nauc_mrr_at_1000_max": 0.417121,
        "nauc_mrr_at_1000_std": 0.271689,
        "nauc_mrr_at_1000_diff1": 0.156356,
        "hit_rate_at_1": 0.10115,
        "hit_rate_at_3": 0.1872,
        "hit_rate_at_5": 0.23099,
        "hit_rate_at_10": 0.2974,
        "hit_rate_at_20": 0.37921,
        "hit_rate_at_100": 0.67722,
        "hit_rate_at_1000": 0.96646,
        "main_score": 0.19045,
        "hf_subset": "default",
        "languages": [
          "eng-Latn"
        ],
        "mteb_version": "2.12.32"
      }
    ]
  },
  "evaluation_time": 22782.400789260864,
  "kg_co2_emissions": null,
  "date": null
}