{
  "dataset_revision": "8a9243d504a2039b3467abdef2208a127a5c0737",
  "task_name": "WebQAT2ITRetrieval",
  "mteb_version": "2.12.32",
  "scores": {
    "test": [
      {
        "ndcg_at_1": 0.51971,
        "ndcg_at_3": 0.57971,
        "ndcg_at_5": 0.61876,
        "ndcg_at_10": 0.65218,
        "ndcg_at_20": 0.67142,
        "ndcg_at_100": 0.68956,
        "ndcg_at_1000": 0.69494,
        "map_at_1": 0.41139,
        "map_at_3": 0.53524,
        "map_at_5": 0.56097,
        "map_at_10": 0.57725,
        "map_at_20": 0.58396,
        "map_at_100": 0.58755,
        "map_at_1000": 0.58784,
        "recall_at_1": 0.41139,
        "recall_at_3": 0.63182,
        "recall_at_5": 0.71585,
        "recall_at_10": 0.80785,
        "recall_at_20": 0.87435,
        "recall_at_100": 0.95699,
        "recall_at_1000": 0.99323,
        "accuracy": 0.41139,
        "precision_at_1": 0.51971,
        "precision_at_3": 0.28382,
        "precision_at_5": 0.19658,
        "precision_at_10": 0.11239,
        "precision_at_20": 0.06155,
        "precision_at_100": 0.01371,
        "precision_at_1000": 0.00143,
        "mrr_at_1": 0.522501,
        "mrr_at_3": 0.614629,
        "mrr_at_5": 0.631793,
        "mrr_at_10": 0.642766,
        "mrr_at_20": 0.646278,
        "mrr_at_100": 0.647567,
        "mrr_at_1000": 0.647648,
        "nauc_ndcg_at_1_max": 0.223261,
        "nauc_ndcg_at_1_std": -0.284728,
        "nauc_ndcg_at_1_diff1": 0.628915,
        "nauc_ndcg_at_3_max": 0.239222,
        "nauc_ndcg_at_3_std": -0.291836,
        "nauc_ndcg_at_3_diff1": 0.56369,
        "nauc_ndcg_at_5_max": 0.257688,
        "nauc_ndcg_at_5_std": -0.287567,
        "nauc_ndcg_at_5_diff1": 0.555345,
        "nauc_ndcg_at_10_max": 0.265641,
        "nauc_ndcg_at_10_std": -0.291963,
        "nauc_ndcg_at_10_diff1": 0.552933,
        "nauc_ndcg_at_20_max": 0.268814,
        "nauc_ndcg_at_20_std": -0.283637,
        "nauc_ndcg_at_20_diff1": 0.55642,
        "nauc_ndcg_at_100_max": 0.262518,
        "nauc_ndcg_at_100_std": -0.276117,
        "nauc_ndcg_at_100_diff1": 0.562454,
        "nauc_ndcg_at_1000_max": 0.257514,
        "nauc_ndcg_at_1000_std": -0.28055,
        "nauc_ndcg_at_1000_diff1": 0.566167,
        "nauc_map_at_1_max": 0.201441,
        "nauc_map_at_1_std": -0.223427,
        "nauc_map_at_1_diff1": 0.609578,
        "nauc_map_at_3_max": 0.231521,
        "nauc_map_at_3_std": -0.276979,
        "nauc_map_at_3_diff1": 0.574005,
        "nauc_map_at_5_max": 0.243641,
        "nauc_map_at_5_std": -0.274766,
        "nauc_map_at_5_diff1": 0.568858,
        "nauc_map_at_10_max": 0.246491,
        "nauc_map_at_10_std": -0.278055,
        "nauc_map_at_10_diff1": 0.568419,
        "nauc_map_at_20_max": 0.247119,
        "nauc_map_at_20_std": -0.276367,
        "nauc_map_at_20_diff1": 0.569447,
        "nauc_map_at_100_max": 0.24617,
        "nauc_map_at_100_std": -0.275392,
        "nauc_map_at_100_diff1": 0.570188,
        "nauc_map_at_1000_max": 0.246003,
        "nauc_map_at_1000_std": -0.275464,
        "nauc_map_at_1000_diff1": 0.570319,
        "nauc_recall_at_1_max": 0.201441,
        "nauc_recall_at_1_std": -0.223427,
        "nauc_recall_at_1_diff1": 0.609578,
        "nauc_recall_at_3_max": 0.241605,
        "nauc_recall_at_3_std": -0.286955,
        "nauc_recall_at_3_diff1": 0.496187,
        "nauc_recall_at_5_max": 0.281883,
        "nauc_recall_at_5_std": -0.269667,
        "nauc_recall_at_5_diff1": 0.455474,
        "nauc_recall_at_10_max": 0.328604,
        "nauc_recall_at_10_std": -0.271624,
        "nauc_recall_at_10_diff1": 0.407638,
        "nauc_recall_at_20_max": 0.384941,
        "nauc_recall_at_20_std": -0.20414,
        "nauc_recall_at_20_diff1": 0.378071,
        "nauc_recall_at_100_max": 0.480081,
        "nauc_recall_at_100_std": 0.067939,
        "nauc_recall_at_100_diff1": 0.320398,
        "nauc_recall_at_1000_max": 0.656368,
        "nauc_recall_at_1000_std": 0.511539,
        "nauc_recall_at_1000_diff1": 0.30662,
        "nauc_precision_at_1_max": 0.223261,
        "nauc_precision_at_1_std": -0.284728,
        "nauc_precision_at_1_diff1": 0.628915,
        "nauc_precision_at_3_max": 0.184838,
        "nauc_precision_at_3_std": -0.271745,
        "nauc_precision_at_3_diff1": 0.28816,
        "nauc_precision_at_5_max": 0.185261,
        "nauc_precision_at_5_std": -0.208944,
        "nauc_precision_at_5_diff1": 0.169534,
        "nauc_precision_at_10_max": 0.154035,
        "nauc_precision_at_10_std": -0.174342,
        "nauc_precision_at_10_diff1": 0.048678,
        "nauc_precision_at_20_max": 0.114352,
        "nauc_precision_at_20_std": -0.100899,
        "nauc_precision_at_20_diff1": -0.051099,
        "nauc_precision_at_100_max": 0.013256,
        "nauc_precision_at_100_std": 0.008749,
        "nauc_precision_at_100_diff1": -0.198936,
        "nauc_precision_at_1000_max": -0.054135,
        "nauc_precision_at_1000_std": 0.01869,
        "nauc_precision_at_1000_diff1": -0.263565,
        "nauc_mrr_at_1_max": 0.229798,
        "nauc_mrr_at_1_std": -0.283883,
        "nauc_mrr_at_1_diff1": 0.622605,
        "nauc_mrr_at_3_max": 0.24395,
        "nauc_mrr_at_3_std": -0.313103,
        "nauc_mrr_at_3_diff1": 0.584239,
        "nauc_mrr_at_5_max": 0.250815,
        "nauc_mrr_at_5_std": -0.310195,
        "nauc_mrr_at_5_diff1": 0.582875,
        "nauc_mrr_at_10_max": 0.251939,
        "nauc_mrr_at_10_std": -0.310878,
        "nauc_mrr_at_10_diff1": 0.58318,
        "nauc_mrr_at_20_max": 0.25229,
        "nauc_mrr_at_20_std": -0.308097,
        "nauc_mrr_at_20_diff1": 0.584447,
        "nauc_mrr_at_100_max": 0.251575,
        "nauc_mrr_at_100_std": -0.307148,
        "nauc_mrr_at_100_diff1": 0.585223,
        "nauc_mrr_at_1000_max": 0.251442,
        "nauc_mrr_at_1000_std": -0.307209,
        "nauc_mrr_at_1000_diff1": 0.58528,
        "hit_rate_at_1": 0.51971,
        "hit_rate_at_3": 0.72999,
        "hit_rate_at_5": 0.80406,
        "hit_rate_at_10": 0.8861,
        "hit_rate_at_20": 0.93509,
        "hit_rate_at_100": 0.98049,
        "hit_rate_at_1000": 0.99681,
        "main_score": 0.65218,
        "hf_subset": "default",
        "languages": [
          "eng-Latn"
        ],
        "mteb_version": "2.12.32"
      }
    ]
  },
  "evaluation_time": 49245.401181697845,
  "kg_co2_emissions": null,
  "date": null
}