{
  "dataset_revision": "bf110dabd08865a8aff2d40d03696984e76085e0",
  "task_name": "CovidQA",
  "mteb_version": "2.12.39",
  "scores": {
    "test": [
      {
        "ndcg_at_1": 0.59136,
        "ndcg_at_3": 0.69712,
        "ndcg_at_5": 0.72551,
        "ndcg_at_10": 0.75335,
        "ndcg_at_20": 0.76542,
        "ndcg_at_25": 0.76719,
        "ndcg_at_50": 0.77032,
        "ndcg_at_100": 0.77032,
        "ndcg_at_1000": 0.77032,
        "map_at_1": 0.59136,
        "map_at_3": 0.67087,
        "map_at_5": 0.68653,
        "map_at_10": 0.69813,
        "map_at_20": 0.70145,
        "map_at_25": 0.7018,
        "map_at_50": 0.70226,
        "map_at_100": 0.70226,
        "map_at_1000": 0.70226,
        "recall_at_1": 0.59136,
        "recall_at_3": 0.77318,
        "recall_at_5": 0.84248,
        "recall_at_10": 0.92799,
        "recall_at_20": 0.9757,
        "recall_at_25": 0.9838,
        "recall_at_50": 1.0,
        "recall_at_100": 1.0,
        "recall_at_1000": 1.0,
        "accuracy": 0.59136,
        "precision_at_1": 0.59136,
        "precision_at_3": 0.25773,
        "precision_at_5": 0.1685,
        "precision_at_10": 0.0928,
        "precision_at_20": 0.04878,
        "precision_at_25": 0.03935,
        "precision_at_50": 0.02,
        "precision_at_100": 0.01,
        "precision_at_1000": 0.001,
        "mrr_at_1": 0.592259,
        "mrr_at_3": 0.671917,
        "mrr_at_5": 0.687624,
        "mrr_at_10": 0.698764,
        "mrr_at_20": 0.702085,
        "mrr_at_25": 0.702436,
        "mrr_at_50": 0.702899,
        "mrr_at_100": 0.702899,
        "mrr_at_1000": 0.702899,
        "nauc_ndcg_at_1_max": 0.274012,
        "nauc_ndcg_at_1_std": 0.01837,
        "nauc_ndcg_at_1_diff1": 0.648369,
        "nauc_ndcg_at_3_max": 0.272127,
        "nauc_ndcg_at_3_std": 0.032232,
        "nauc_ndcg_at_3_diff1": 0.600189,
        "nauc_ndcg_at_5_max": 0.266253,
        "nauc_ndcg_at_5_std": 0.045601,
        "nauc_ndcg_at_5_diff1": 0.597765,
        "nauc_ndcg_at_10_max": 0.265217,
        "nauc_ndcg_at_10_std": 0.038595,
        "nauc_ndcg_at_10_diff1": 0.596279,
        "nauc_ndcg_at_20_max": 0.269688,
        "nauc_ndcg_at_20_std": 0.03649,
        "nauc_ndcg_at_20_diff1": 0.601106,
        "nauc_ndcg_at_25_max": 0.268489,
        "nauc_ndcg_at_25_std": 0.036701,
        "nauc_ndcg_at_25_diff1": 0.603736,
        "nauc_ndcg_at_50_max": 0.270152,
        "nauc_ndcg_at_50_std": 0.031774,
        "nauc_ndcg_at_50_diff1": 0.609573,
        "nauc_ndcg_at_100_max": 0.270152,
        "nauc_ndcg_at_100_std": 0.031774,
        "nauc_ndcg_at_100_diff1": 0.609573,
        "nauc_ndcg_at_1000_max": 0.270152,
        "nauc_ndcg_at_1000_std": 0.031774,
        "nauc_ndcg_at_1000_diff1": 0.609573,
        "nauc_map_at_1_max": 0.274012,
        "nauc_map_at_1_std": 0.01837,
        "nauc_map_at_1_diff1": 0.648369,
        "nauc_map_at_3_max": 0.273595,
        "nauc_map_at_3_std": 0.028044,
        "nauc_map_at_3_diff1": 0.612914,
        "nauc_map_at_5_max": 0.270866,
        "nauc_map_at_5_std": 0.034176,
        "nauc_map_at_5_diff1": 0.612415,
        "nauc_map_at_10_max": 0.270331,
        "nauc_map_at_10_std": 0.030753,
        "nauc_map_at_10_diff1": 0.612388,
        "nauc_map_at_20_max": 0.271439,
        "nauc_map_at_20_std": 0.030079,
        "nauc_map_at_20_diff1": 0.613617,
        "nauc_map_at_25_max": 0.271253,
        "nauc_map_at_25_std": 0.030088,
        "nauc_map_at_25_diff1": 0.614049,
        "nauc_map_at_50_max": 0.271403,
        "nauc_map_at_50_std": 0.029458,
        "nauc_map_at_50_diff1": 0.614762,
        "nauc_map_at_100_max": 0.271403,
        "nauc_map_at_100_std": 0.029458,
        "nauc_map_at_100_diff1": 0.614762,
        "nauc_map_at_1000_max": 0.271403,
        "nauc_map_at_1000_std": 0.029458,
        "nauc_map_at_1000_diff1": 0.614762,
        "nauc_recall_at_1_max": 0.274012,
        "nauc_recall_at_1_std": 0.01837,
        "nauc_recall_at_1_diff1": 0.648369,
        "nauc_recall_at_3_max": 0.266075,
        "nauc_recall_at_3_std": 0.048202,
        "nauc_recall_at_3_diff1": 0.552604,
        "nauc_recall_at_5_max": 0.241001,
        "nauc_recall_at_5_std": 0.106363,
        "nauc_recall_at_5_diff1": 0.525098,
        "nauc_recall_at_10_max": 0.211044,
        "nauc_recall_at_10_std": 0.119661,
        "nauc_recall_at_10_diff1": 0.435722,
        "nauc_recall_at_20_max": 0.239239,
        "nauc_recall_at_20_std": 0.21897,
        "nauc_recall_at_20_diff1": 0.275887,
        "nauc_recall_at_25_max": 0.158907,
        "nauc_recall_at_25_std": 0.323777,
        "nauc_recall_at_25_diff1": 0.255807,
        "nauc_recall_at_50_max": NaN,
        "nauc_recall_at_50_std": NaN,
        "nauc_recall_at_50_diff1": NaN,
        "nauc_recall_at_100_max": NaN,
        "nauc_recall_at_100_std": NaN,
        "nauc_recall_at_100_diff1": NaN,
        "nauc_recall_at_1000_max": NaN,
        "nauc_recall_at_1000_std": NaN,
        "nauc_recall_at_1000_diff1": NaN,
        "nauc_precision_at_1_max": 0.274012,
        "nauc_precision_at_1_std": 0.01837,
        "nauc_precision_at_1_diff1": 0.648369,
        "nauc_precision_at_3_max": 0.266075,
        "nauc_precision_at_3_std": 0.048202,
        "nauc_precision_at_3_diff1": 0.552604,
        "nauc_precision_at_5_max": 0.241001,
        "nauc_precision_at_5_std": 0.106363,
        "nauc_precision_at_5_diff1": 0.525098,
        "nauc_precision_at_10_max": 0.211044,
        "nauc_precision_at_10_std": 0.119661,
        "nauc_precision_at_10_diff1": 0.435722,
        "nauc_precision_at_20_max": 0.239239,
        "nauc_precision_at_20_std": 0.21897,
        "nauc_precision_at_20_diff1": 0.275887,
        "nauc_precision_at_25_max": 0.158907,
        "nauc_precision_at_25_std": 0.323777,
        "nauc_precision_at_25_diff1": 0.255807,
        "nauc_precision_at_50_max": 1.0,
        "nauc_precision_at_50_std": 1.0,
        "nauc_precision_at_50_diff1": 1.0,
        "nauc_precision_at_100_max": 1.0,
        "nauc_precision_at_100_std": 1.0,
        "nauc_precision_at_100_diff1": 1.0,
        "nauc_precision_at_1000_max": 1.0,
        "nauc_precision_at_1000_std": 1.0,
        "nauc_precision_at_1000_diff1": 1.0,
        "nauc_mrr_at_1_max": 0.271347,
        "nauc_mrr_at_1_std": 0.020766,
        "nauc_mrr_at_1_diff1": 0.64619,
        "nauc_mrr_at_3_max": 0.270459,
        "nauc_mrr_at_3_std": 0.029237,
        "nauc_mrr_at_3_diff1": 0.610119,
        "nauc_mrr_at_5_max": 0.266721,
        "nauc_mrr_at_5_std": 0.033737,
        "nauc_mrr_at_5_diff1": 0.609849,
        "nauc_mrr_at_10_max": 0.266883,
        "nauc_mrr_at_10_std": 0.031173,
        "nauc_mrr_at_10_diff1": 0.609954,
        "nauc_mrr_at_20_max": 0.267958,
        "nauc_mrr_at_20_std": 0.030521,
        "nauc_mrr_at_20_diff1": 0.611161,
        "nauc_mrr_at_25_max": 0.267772,
        "nauc_mrr_at_25_std": 0.030538,
        "nauc_mrr_at_25_diff1": 0.611593,
        "nauc_mrr_at_50_max": 0.267914,
        "nauc_mrr_at_50_std": 0.029906,
        "nauc_mrr_at_50_diff1": 0.612302,
        "nauc_mrr_at_100_max": 0.267914,
        "nauc_mrr_at_100_std": 0.029906,
        "nauc_mrr_at_100_diff1": 0.612302,
        "nauc_mrr_at_1000_max": 0.267914,
        "nauc_mrr_at_1000_std": 0.029906,
        "nauc_mrr_at_1000_diff1": 0.612302,
        "hit_rate_at_1": 0.59136,
        "hit_rate_at_3": 0.77318,
        "hit_rate_at_5": 0.84248,
        "hit_rate_at_10": 0.92799,
        "hit_rate_at_20": 0.9757,
        "hit_rate_at_25": 0.9838,
        "hit_rate_at_50": 1.0,
        "hit_rate_at_100": 1.0,
        "hit_rate_at_1000": 1.0,
        "R_cap_at_1": 0.592259,
        "R_cap_at_3": 0.774977,
        "R_cap_at_5": 0.845185,
        "R_cap_at_10": 0.927993,
        "R_cap_at_20": 0.975698,
        "R_cap_at_25": 0.983798,
        "R_cap_at_50": 1.0,
        "R_cap_at_100": 1.0,
        "R_cap_at_1000": 1.0,
        "main_score": 0.75335,
        "hf_subset": "Covid-QA",
        "languages": [
          "eng-Latn"
        ],