{
  "dataset_revision": "6757300d912abd580dda453bced37cb7f5b44c78",
  "task_name": "ESGReports",
  "mteb_version": "2.12.39",
  "scores": {
    "test": [
      {
        "ndcg_at_1": 0.30556,
        "ndcg_at_3": 0.38079,
        "ndcg_at_5": 0.38205,
        "ndcg_at_10": 0.43579,
        "ndcg_at_20": 0.48735,
        "ndcg_at_25": 0.50337,
        "ndcg_at_50": 0.53476,
        "ndcg_at_100": 0.54986,
        "ndcg_at_1000": 0.54986,
        "map_at_1": 0.23241,
        "map_at_3": 0.31821,
        "map_at_5": 0.32585,
        "map_at_10": 0.35917,
        "map_at_20": 0.37642,
        "map_at_25": 0.38036,
        "map_at_50": 0.38841,
        "map_at_100": 0.39083,
        "map_at_1000": 0.39083,
        "recall_at_1": 0.23241,
        "recall_at_3": 0.42639,
        "recall_at_5": 0.44583,
        "recall_at_10": 0.56528,
        "recall_at_20": 0.73287,
        "recall_at_25": 0.79769,
        "recall_at_50": 0.9213,
        "recall_at_100": 1.0,
        "recall_at_1000": 1.0,
        "accuracy": 0.23241,
        "precision_at_1": 0.30556,
        "precision_at_3": 0.21296,
        "precision_at_5": 0.13889,
        "precision_at_10": 0.10278,
        "precision_at_20": 0.06944,
        "precision_at_25": 0.06,
        "precision_at_50": 0.03667,
        "precision_at_100": 0.02,
        "precision_at_1000": 0.002,
        "mrr_at_1": 0.305556,
        "mrr_at_3": 0.407407,
        "mrr_at_5": 0.421296,
        "mrr_at_10": 0.434524,
        "mrr_at_20": 0.444031,
        "mrr_at_25": 0.4463,
        "mrr_at_50": 0.447958,
        "mrr_at_100": 0.448673,
        "mrr_at_1000": 0.448673,
        "nauc_ndcg_at_1_max": -0.117633,
        "nauc_ndcg_at_1_std": -0.179191,
        "nauc_ndcg_at_1_diff1": 0.106356,
        "nauc_ndcg_at_3_max": 0.084272,
        "nauc_ndcg_at_3_std": -0.142108,
        "nauc_ndcg_at_3_diff1": 0.155269,
        "nauc_ndcg_at_5_max": 0.121453,
        "nauc_ndcg_at_5_std": -0.109477,
        "nauc_ndcg_at_5_diff1": 0.167745,
        "nauc_ndcg_at_10_max": 0.167138,
        "nauc_ndcg_at_10_std": -0.040712,
        "nauc_ndcg_at_10_diff1": 0.144905,
        "nauc_ndcg_at_20_max": 0.08317,
        "nauc_ndcg_at_20_std": -0.090773,
        "nauc_ndcg_at_20_diff1": 0.074445,
        "nauc_ndcg_at_25_max": 0.049275,
        "nauc_ndcg_at_25_std": -0.059174,
        "nauc_ndcg_at_25_diff1": 0.057592,
        "nauc_ndcg_at_50_max": 0.038117,
        "nauc_ndcg_at_50_std": -0.108909,
        "nauc_ndcg_at_50_diff1": 0.021644,
        "nauc_ndcg_at_100_max": 0.048079,
        "nauc_ndcg_at_100_std": -0.110799,
        "nauc_ndcg_at_100_diff1": 0.05193,
        "nauc_ndcg_at_1000_max": 0.048079,
        "nauc_ndcg_at_1000_std": -0.110799,
        "nauc_ndcg_at_1000_diff1": 0.05193,
        "nauc_map_at_1_max": -0.067242,
        "nauc_map_at_1_std": -0.250024,
        "nauc_map_at_1_diff1": 0.132105,
        "nauc_map_at_3_max": 0.042039,
        "nauc_map_at_3_std": -0.196191,
        "nauc_map_at_3_diff1": 0.177107,
        "nauc_map_at_5_max": 0.068018,
        "nauc_map_at_5_std": -0.155653,
        "nauc_map_at_5_diff1": 0.171266,
        "nauc_map_at_10_max": 0.106679,
        "nauc_map_at_10_std": -0.097314,
        "nauc_map_at_10_diff1": 0.147255,
        "nauc_map_at_20_max": 0.081686,
        "nauc_map_at_20_std": -0.108067,
        "nauc_map_at_20_diff1": 0.121411,
        "nauc_map_at_25_max": 0.073162,
        "nauc_map_at_25_std": -0.104237,
        "nauc_map_at_25_diff1": 0.117517,
        "nauc_map_at_50_max": 0.07045,
        "nauc_map_at_50_std": -0.114076,
        "nauc_map_at_50_diff1": 0.108786,
        "nauc_map_at_100_max": 0.069423,
        "nauc_map_at_100_std": -0.116605,
        "nauc_map_at_100_diff1": 0.108631,
        "nauc_map_at_1000_max": 0.069423,
        "nauc_map_at_1000_std": -0.116605,
        "nauc_map_at_1000_diff1": 0.108631,
        "nauc_recall_at_1_max": -0.067242,
        "nauc_recall_at_1_std": -0.250024,
        "nauc_recall_at_1_diff1": 0.132105,
        "nauc_recall_at_3_max": 0.182878,
        "nauc_recall_at_3_std": -0.150962,
        "nauc_recall_at_3_diff1": 0.23349,
        "nauc_recall_at_5_max": 0.262525,
        "nauc_recall_at_5_std": -0.056637,
        "nauc_recall_at_5_diff1": 0.225208,
        "nauc_recall_at_10_max": 0.368022,
        "nauc_recall_at_10_std": 0.092146,
        "nauc_recall_at_10_diff1": 0.225619,
        "nauc_recall_at_20_max": 0.104619,
        "nauc_recall_at_20_std": -0.057552,
        "nauc_recall_at_20_diff1": -0.005744,
        "nauc_recall_at_25_max": -0.070825,
        "nauc_recall_at_25_std": 0.176697,
        "nauc_recall_at_25_diff1": -0.108005,
        "nauc_recall_at_50_max": -0.265066,
        "nauc_recall_at_50_std": -0.148654,
        "nauc_recall_at_50_diff1": -0.679649,
        "nauc_recall_at_100_max": NaN,
        "nauc_recall_at_100_std": NaN,
        "nauc_recall_at_100_diff1": NaN,
        "nauc_recall_at_1000_max": NaN,
        "nauc_recall_at_1000_std": NaN,
        "nauc_recall_at_1000_diff1": NaN,
        "nauc_precision_at_1_max": -0.117633,
        "nauc_precision_at_1_std": -0.179191,
        "nauc_precision_at_1_diff1": 0.106356,
        "nauc_precision_at_3_max": 0.174614,
        "nauc_precision_at_3_std": 0.038806,
        "nauc_precision_at_3_diff1": 0.038552,
        "nauc_precision_at_5_max": 0.299449,
        "nauc_precision_at_5_std": 0.244691,
        "nauc_precision_at_5_diff1": 0.005566,
        "nauc_precision_at_10_max": 0.242703,
        "nauc_precision_at_10_std": 0.28804,
        "nauc_precision_at_10_diff1": -0.191719,
        "nauc_precision_at_20_max": 0.001576,
        "nauc_precision_at_20_std": 0.169727,
        "nauc_precision_at_20_diff1": -0.395683,
        "nauc_precision_at_25_max": -0.093303,
        "nauc_precision_at_25_std": 0.216131,
        "nauc_precision_at_25_diff1": -0.454708,
        "nauc_precision_at_50_max": -0.137422,
        "nauc_precision_at_50_std": 0.059983,
        "nauc_precision_at_50_diff1": -0.488269,
        "nauc_precision_at_100_max": -0.144578,
        "nauc_precision_at_100_std": 0.020903,
        "nauc_precision_at_100_diff1": -0.445903,
        "nauc_precision_at_1000_max": -0.144578,
        "nauc_precision_at_1000_std": 0.020903,
        "nauc_precision_at_1000_diff1": -0.445903,
        "nauc_mrr_at_1_max": -0.117633,
        "nauc_mrr_at_1_std": -0.179191,
        "nauc_mrr_at_1_diff1": 0.106356,
        "nauc_mrr_at_3_max": -0.000967,
        "nauc_mrr_at_3_std": -0.144834,
        "nauc_mrr_at_3_diff1": 0.090505,
        "nauc_mrr_at_5_max": 0.037429,
        "nauc_mrr_at_5_std": -0.100673,
        "nauc_mrr_at_5_diff1": 0.092939,
        "nauc_mrr_at_10_max": 0.020184,
        "nauc_mrr_at_10_std": -0.110426,
        "nauc_mrr_at_10_diff1": 0.096188,
        "nauc_mrr_at_20_max": 0.002727,
        "nauc_mrr_at_20_std": -0.121779,
        "nauc_mrr_at_20_diff1": 0.090871,
        "nauc_mrr_at_25_max": -0.000796,
        "nauc_mrr_at_25_std": -0.116038,
        "nauc_mrr_at_25_diff1": 0.089451,
        "nauc_mrr_at_50_max": -0.000102,
        "nauc_mrr_at_50_std": -0.120175,
        "nauc_mrr_at_50_diff1": 0.086616,
        "nauc_mrr_at_100_max": 0.001154,
        "nauc_mrr_at_100_std": -0.119175,
        "nauc_mrr_at_100_diff1": 0.089603,
        "nauc_mrr_at_1000_max": 0.001154,
        "nauc_mrr_at_1000_std": -0.119175,
        "nauc_mrr_at_1000_diff1": 0.089603,
        "hit_rate_at_1": 0.30556,
        "hit_rate_at_3": 0.58333,
        "hit_rate_at_5": 0.61111,
        "hit_rate_at_10": 0.69444,
        "hit_rate_at_20": 0.83333,
        "hit_rate_at_25": 0.88889,
        "hit_rate_at_50": 0.94444,
        "hit_rate_at_100": 1.0,
        "hit_rate_at_1000": 1.0,
        "R_cap_at_1": 0.305556,
        "R_cap_at_3": 0.416667,
        "R_cap_at_5": 0.446759,
        "R_cap_at_10": 0.565278,
        "R_cap_at_20": 0.73287,
        "R_cap_at_25": 0.797685,
        "R_cap_at_50": 0.921296,
        "R_cap_at_100": 1.0,
        "R_cap_at_1000": 1.0,