{
  "dataset_revision": "ebc723b2474ef92d098a47e8f131aa7d3542b7b0",
  "task_name": "LMEBMLDR",
  "mteb_version": "2.12.39",
  "scores": {
    "test": [
      {
        "ndcg_at_1": 0.53,
        "ndcg_at_3": 0.6725,
        "ndcg_at_5": 0.72023,
        "ndcg_at_10": 0.7465,
        "ndcg_at_20": 0.7571,
        "ndcg_at_25": 0.7571,
        "ndcg_at_50": 0.7571,
        "ndcg_at_100": 0.7571,
        "ndcg_at_1000": 0.7571,
        "map_at_1": 0.53,
        "map_at_3": 0.64167,
        "map_at_5": 0.66717,
        "map_at_10": 0.67822,
        "map_at_20": 0.68138,
        "map_at_25": 0.68138,
        "map_at_50": 0.68138,
        "map_at_100": 0.68138,
        "map_at_1000": 0.68138,
        "recall_at_1": 0.53,
        "recall_at_3": 0.76,
        "recall_at_5": 0.88,
        "recall_at_10": 0.96,
        "recall_at_20": 1.0,
        "recall_at_25": 1.0,
        "recall_at_50": 1.0,
        "recall_at_100": 1.0,
        "recall_at_1000": 1.0,
        "accuracy": 0.53,
        "precision_at_1": 0.53,
        "precision_at_3": 0.25333,
        "precision_at_5": 0.176,
        "precision_at_10": 0.096,
        "precision_at_20": 0.05,
        "precision_at_25": 0.04,
        "precision_at_50": 0.02,
        "precision_at_100": 0.01,
        "precision_at_1000": 0.001,
        "mrr_at_1": 0.54,
        "mrr_at_3": 0.646667,
        "mrr_at_5": 0.670167,
        "mrr_at_10": 0.682885,
        "mrr_at_20": 0.686052,
        "mrr_at_25": 0.686052,
        "mrr_at_50": 0.686052,
        "mrr_at_100": 0.686052,
        "mrr_at_1000": 0.686052,
        "nauc_ndcg_at_1_max": 0.013677,
        "nauc_ndcg_at_1_std": -0.049526,
        "nauc_ndcg_at_1_diff1": 0.525341,
        "nauc_ndcg_at_3_max": 0.076859,
        "nauc_ndcg_at_3_std": -0.040489,
        "nauc_ndcg_at_3_diff1": 0.577983,
        "nauc_ndcg_at_5_max": 0.032956,
        "nauc_ndcg_at_5_std": -0.103902,
        "nauc_ndcg_at_5_diff1": 0.569199,
        "nauc_ndcg_at_10_max": 0.003527,
        "nauc_ndcg_at_10_std": -0.091258,
        "nauc_ndcg_at_10_diff1": 0.547228,
        "nauc_ndcg_at_20_max": 0.037489,
        "nauc_ndcg_at_20_std": -0.066171,
        "nauc_ndcg_at_20_diff1": 0.549723,
        "nauc_ndcg_at_25_max": 0.037489,
        "nauc_ndcg_at_25_std": -0.066171,
        "nauc_ndcg_at_25_diff1": 0.549723,
        "nauc_ndcg_at_50_max": 0.037489,
        "nauc_ndcg_at_50_std": -0.066171,
        "nauc_ndcg_at_50_diff1": 0.549723,
        "nauc_ndcg_at_100_max": 0.037489,
        "nauc_ndcg_at_100_std": -0.066171,
        "nauc_ndcg_at_100_diff1": 0.549723,
        "nauc_ndcg_at_1000_max": 0.037489,
        "nauc_ndcg_at_1000_std": -0.066171,
        "nauc_ndcg_at_1000_diff1": 0.549723,
        "nauc_map_at_1_max": 0.013677,
        "nauc_map_at_1_std": -0.049526,
        "nauc_map_at_1_diff1": 0.525341,
        "nauc_map_at_3_max": 0.059749,
        "nauc_map_at_3_std": -0.045294,
        "nauc_map_at_3_diff1": 0.561214,
        "nauc_map_at_5_max": 0.039252,
        "nauc_map_at_5_std": -0.07427,
        "nauc_map_at_5_diff1": 0.554914,
        "nauc_map_at_10_max": 0.029147,
        "nauc_map_at_10_std": -0.068288,
        "nauc_map_at_10_diff1": 0.546843,
        "nauc_map_at_20_max": 0.037747,
        "nauc_map_at_20_std": -0.062506,
        "nauc_map_at_20_diff1": 0.547502,
        "nauc_map_at_25_max": 0.037747,
        "nauc_map_at_25_std": -0.062506,
        "nauc_map_at_25_diff1": 0.547502,
        "nauc_map_at_50_max": 0.037747,
        "nauc_map_at_50_std": -0.062506,
        "nauc_map_at_50_diff1": 0.547502,
        "nauc_map_at_100_max": 0.037747,
        "nauc_map_at_100_std": -0.062506,
        "nauc_map_at_100_diff1": 0.547502,
        "nauc_map_at_1000_max": 0.037747,
        "nauc_map_at_1000_std": -0.062506,
        "nauc_map_at_1000_diff1": 0.547502,
        "nauc_recall_at_1_max": 0.013677,
        "nauc_recall_at_1_std": -0.049526,
        "nauc_recall_at_1_diff1": 0.525341,
        "nauc_recall_at_3_max": 0.140218,
        "nauc_recall_at_3_std": -0.021329,
        "nauc_recall_at_3_diff1": 0.641538,
        "nauc_recall_at_5_max": -0.028237,
        "nauc_recall_at_5_std": -0.316497,
        "nauc_recall_at_5_diff1": 0.660834,
        "nauc_recall_at_10_max": -0.578198,
        "nauc_recall_at_10_std": -0.548436,
        "nauc_recall_at_10_diff1": 0.507003,
        "nauc_recall_at_20_max": NaN,
        "nauc_recall_at_20_std": NaN,
        "nauc_recall_at_20_diff1": NaN,
        "nauc_recall_at_25_max": NaN,
        "nauc_recall_at_25_std": NaN,
        "nauc_recall_at_25_diff1": NaN,
        "nauc_recall_at_50_max": NaN,
        "nauc_recall_at_50_std": NaN,
        "nauc_recall_at_50_diff1": NaN,
        "nauc_recall_at_100_max": NaN,
        "nauc_recall_at_100_std": NaN,
        "nauc_recall_at_100_diff1": NaN,
        "nauc_recall_at_1000_max": NaN,
        "nauc_recall_at_1000_std": NaN,
        "nauc_recall_at_1000_diff1": NaN,
        "nauc_precision_at_1_max": 0.013677,
        "nauc_precision_at_1_std": -0.049526,
        "nauc_precision_at_1_diff1": 0.525341,
        "nauc_precision_at_3_max": 0.140218,
        "nauc_precision_at_3_std": -0.021329,
        "nauc_precision_at_3_diff1": 0.641538,
        "nauc_precision_at_5_max": -0.028237,
        "nauc_precision_at_5_std": -0.316497,
        "nauc_precision_at_5_diff1": 0.660834,
        "nauc_precision_at_10_max": -0.578198,
        "nauc_precision_at_10_std": -0.548436,
        "nauc_precision_at_10_diff1": 0.507003,
        "nauc_precision_at_20_max": 1.0,
        "nauc_precision_at_20_std": 1.0,
        "nauc_precision_at_20_diff1": 1.0,
        "nauc_precision_at_25_max": NaN,
        "nauc_precision_at_25_std": NaN,
        "nauc_precision_at_25_diff1": NaN,
        "nauc_precision_at_50_max": NaN,
        "nauc_precision_at_50_std": NaN,
        "nauc_precision_at_50_diff1": NaN,
        "nauc_precision_at_100_max": NaN,
        "nauc_precision_at_100_std": NaN,
        "nauc_precision_at_100_diff1": NaN,
        "nauc_precision_at_1000_max": NaN,
        "nauc_precision_at_1000_std": NaN,
        "nauc_precision_at_1000_diff1": NaN,
        "nauc_mrr_at_1_max": 0.048095,
        "nauc_mrr_at_1_std": -0.053708,
        "nauc_mrr_at_1_diff1": 0.501181,
        "nauc_mrr_at_3_max": 0.080822,
        "nauc_mrr_at_3_std": -0.047791,
        "nauc_mrr_at_3_diff1": 0.54686,
        "nauc_mrr_at_5_max": 0.068172,
        "nauc_mrr_at_5_std": -0.072378,
        "nauc_mrr_at_5_diff1": 0.543456,
        "nauc_mrr_at_10_max": 0.053787,
        "nauc_mrr_at_10_std": -0.070438,
        "nauc_mrr_at_10_diff1": 0.531287,
        "nauc_mrr_at_20_max": 0.06276,
        "nauc_mrr_at_20_std": -0.064648,
        "nauc_mrr_at_20_diff1": 0.531749,
        "nauc_mrr_at_25_max": 0.06276,
        "nauc_mrr_at_25_std": -0.064648,
        "nauc_mrr_at_25_diff1": 0.531749,
        "nauc_mrr_at_50_max": 0.06276,
        "nauc_mrr_at_50_std": -0.064648,
        "nauc_mrr_at_50_diff1": 0.531749,
        "nauc_mrr_at_100_max": 0.06276,
        "nauc_mrr_at_100_std": -0.064648,
        "nauc_mrr_at_100_diff1": 0.531749,
        "nauc_mrr_at_1000_max": 0.06276,
        "nauc_mrr_at_1000_std": -0.064648,
        "nauc_mrr_at_1000_diff1": 0.531749,
        "hit_rate_at_1": 0.53,
        "hit_rate_at_3": 0.76,
        "hit_rate_at_5": 0.88,
        "hit_rate_at_10": 0.96,
        "hit_rate_at_20": 1.0,
        "hit_rate_at_25": 1.0,
        "hit_rate_at_50": 1.0,
        "hit_rate_at_100": 1.0,
        "hit_rate_at_1000": 1.0,
        "R_cap_at_1": 0.54,
        "R_cap_at_3": 0.76,
        "R_cap_at_5": 0.87,
        "R_cap_at_10": 0.96,
        "R_cap_at_20": 1.0,
        "R_cap_at_25": 1.0,
        "R_cap_at_50": 1.0,
        "R_cap_at_100": 1.0,
        "R_cap_at_1000": 1.0,
        "main_score": 0.7465,
        "hf_subset": "MLDR",
        "languages": [
          "eng-Latn"
        ],
        "mteb_version": "2.12.39"
      }
    ]
  },
  "evaluation_time": 5.851216077804565,
  "kg_co2_emissions": null,