{
  "dataset_revision": "432cf48c879c2de792720d5c0af6900312ebe7b6",
  "task_name": "LMEB_SciFact",
  "mteb_version": "2.12.39",
  "scores": {
    "test": [
      {
        "ndcg_at_1": 0.61702,
        "ndcg_at_3": 0.67577,
        "ndcg_at_5": 0.71657,
        "ndcg_at_10": 0.76735,
        "ndcg_at_20": 0.78388,
        "ndcg_at_25": 0.78513,
        "ndcg_at_50": 0.78753,
        "ndcg_at_100": 0.78753,
        "ndcg_at_1000": 0.78753,
        "map_at_1": 0.4258,
        "map_at_3": 0.59213,
        "map_at_5": 0.63476,
        "map_at_10": 0.67362,
        "map_at_20": 0.68372,
        "map_at_25": 0.68433,
        "map_at_50": 0.68508,
        "map_at_100": 0.68508,
        "map_at_1000": 0.68508,
        "recall_at_1": 0.4258,
        "recall_at_3": 0.70723,
        "recall_at_5": 0.81362,
        "recall_at_10": 0.94022,
        "recall_at_20": 0.98686,
        "recall_at_25": 0.99072,
        "recall_at_50": 1.0,
        "recall_at_100": 1.0,
        "recall_at_1000": 1.0,
        "accuracy": 0.4258,
        "precision_at_1": 0.61702,
        "precision_at_3": 0.3883,
        "precision_at_5": 0.28298,
        "precision_at_10": 0.17447,
        "precision_at_20": 0.09521,
        "precision_at_25": 0.07681,
        "precision_at_50": 0.03894,
        "precision_at_100": 0.01947,
        "precision_at_1000": 0.00195,
        "mrr_at_1": 0.617021,
        "mrr_at_3": 0.72961,
        "mrr_at_5": 0.745567,
        "mrr_at_10": 0.753609,
        "mrr_at_20": 0.753875,
        "mrr_at_25": 0.753875,
        "mrr_at_50": 0.754072,
        "mrr_at_100": 0.754072,
        "mrr_at_1000": 0.754072,
        "nauc_ndcg_at_1_max": 0.198749,
        "nauc_ndcg_at_1_std": 0.069985,
        "nauc_ndcg_at_1_diff1": 0.573722,
        "nauc_ndcg_at_3_max": 0.044417,
        "nauc_ndcg_at_3_std": -0.001385,
        "nauc_ndcg_at_3_diff1": 0.464442,
        "nauc_ndcg_at_5_max": 0.13325,
        "nauc_ndcg_at_5_std": 0.030819,
        "nauc_ndcg_at_5_diff1": 0.436997,
        "nauc_ndcg_at_10_max": 0.168746,
        "nauc_ndcg_at_10_std": 0.012815,
        "nauc_ndcg_at_10_diff1": 0.491482,
        "nauc_ndcg_at_20_max": 0.168811,
        "nauc_ndcg_at_20_std": 0.038183,
        "nauc_ndcg_at_20_diff1": 0.495694,
        "nauc_ndcg_at_25_max": 0.168601,
        "nauc_ndcg_at_25_std": 0.037097,
        "nauc_ndcg_at_25_diff1": 0.496119,
        "nauc_ndcg_at_50_max": 0.172236,
        "nauc_ndcg_at_50_std": 0.043821,
        "nauc_ndcg_at_50_diff1": 0.497946,
        "nauc_ndcg_at_100_max": 0.172236,
        "nauc_ndcg_at_100_std": 0.043821,
        "nauc_ndcg_at_100_diff1": 0.497946,
        "nauc_ndcg_at_1000_max": 0.172236,
        "nauc_ndcg_at_1000_std": 0.043821,
        "nauc_ndcg_at_1000_diff1": 0.497946,
        "nauc_map_at_1_max": 0.06135,
        "nauc_map_at_1_std": 0.017096,
        "nauc_map_at_1_diff1": 0.500833,
        "nauc_map_at_3_max": 0.030563,
        "nauc_map_at_3_std": -0.011714,
        "nauc_map_at_3_diff1": 0.466932,
        "nauc_map_at_5_max": 0.09516,
        "nauc_map_at_5_std": 0.010674,
        "nauc_map_at_5_diff1": 0.449195,
        "nauc_map_at_10_max": 0.12513,
        "nauc_map_at_10_std": 0.001419,
        "nauc_map_at_10_diff1": 0.476168,
        "nauc_map_at_20_max": 0.123798,
        "nauc_map_at_20_std": 0.013866,
        "nauc_map_at_20_diff1": 0.480203,
        "nauc_map_at_25_max": 0.123902,
        "nauc_map_at_25_std": 0.013962,
        "nauc_map_at_25_diff1": 0.480993,
        "nauc_map_at_50_max": 0.126035,
        "nauc_map_at_50_std": 0.017139,
        "nauc_map_at_50_diff1": 0.481402,
        "nauc_map_at_100_max": 0.126035,
        "nauc_map_at_100_std": 0.017139,
        "nauc_map_at_100_diff1": 0.481402,
        "nauc_map_at_1000_max": 0.126035,
        "nauc_map_at_1000_std": 0.017139,
        "nauc_map_at_1000_diff1": 0.481402,
        "nauc_recall_at_1_max": 0.06135,
        "nauc_recall_at_1_std": 0.017096,
        "nauc_recall_at_1_diff1": 0.500833,
        "nauc_recall_at_3_max": -0.074334,
        "nauc_recall_at_3_std": -0.077674,
        "nauc_recall_at_3_diff1": 0.331498,
        "nauc_recall_at_5_max": 0.063815,
        "nauc_recall_at_5_std": -0.021934,
        "nauc_recall_at_5_diff1": 0.202188,
        "nauc_recall_at_10_max": 0.176659,
        "nauc_recall_at_10_std": -0.139959,
        "nauc_recall_at_10_diff1": 0.331156,
        "nauc_recall_at_20_max": 0.199632,
        "nauc_recall_at_20_std": 0.02344,
        "nauc_recall_at_20_diff1": 0.339286,
        "nauc_recall_at_25_max": 0.14088,
        "nauc_recall_at_25_std": -0.128837,
        "nauc_recall_at_25_diff1": 0.272543,
        "nauc_recall_at_50_max": NaN,
        "nauc_recall_at_50_std": NaN,
        "nauc_recall_at_50_diff1": NaN,
        "nauc_recall_at_100_max": NaN,
        "nauc_recall_at_100_std": NaN,
        "nauc_recall_at_100_diff1": NaN,
        "nauc_recall_at_1000_max": NaN,
        "nauc_recall_at_1000_std": NaN,
        "nauc_recall_at_1000_diff1": NaN,
        "nauc_precision_at_1_max": 0.198749,
        "nauc_precision_at_1_std": 0.069985,
        "nauc_precision_at_1_diff1": 0.573722,
        "nauc_precision_at_3_max": 0.081932,
        "nauc_precision_at_3_std": -6.5e-05,
        "nauc_precision_at_3_diff1": 0.096008,
        "nauc_precision_at_5_max": 0.203237,
        "nauc_precision_at_5_std": 0.079854,
        "nauc_precision_at_5_diff1": -0.056611,
        "nauc_precision_at_10_max": 0.172073,
        "nauc_precision_at_10_std": 0.05283,
        "nauc_precision_at_10_diff1": -0.070002,
        "nauc_precision_at_20_max": 0.130232,
        "nauc_precision_at_20_std": 0.099924,
        "nauc_precision_at_20_diff1": -0.099358,
        "nauc_precision_at_25_max": 0.128674,
        "nauc_precision_at_25_std": 0.10013,
        "nauc_precision_at_25_diff1": -0.098295,
        "nauc_precision_at_50_max": 0.144051,
        "nauc_precision_at_50_std": 0.125882,
        "nauc_precision_at_50_diff1": -0.101749,
        "nauc_precision_at_100_max": 0.144051,
        "nauc_precision_at_100_std": 0.125882,
        "nauc_precision_at_100_diff1": -0.101749,
        "nauc_precision_at_1000_max": 0.144051,
        "nauc_precision_at_1000_std": 0.125882,
        "nauc_precision_at_1000_diff1": -0.101749,
        "nauc_mrr_at_1_max": 0.198749,
        "nauc_mrr_at_1_std": 0.069985,
        "nauc_mrr_at_1_diff1": 0.573722,
        "nauc_mrr_at_3_max": 0.213718,
        "nauc_mrr_at_3_std": 0.062928,
        "nauc_mrr_at_3_diff1": 0.523268,
        "nauc_mrr_at_5_max": 0.229907,
        "nauc_mrr_at_5_std": 0.076096,
        "nauc_mrr_at_5_diff1": 0.524734,
        "nauc_mrr_at_10_max": 0.226527,
        "nauc_mrr_at_10_std": 0.080667,
        "nauc_mrr_at_10_diff1": 0.53625,
        "nauc_mrr_at_20_max": 0.225692,
        "nauc_mrr_at_20_std": 0.079473,
        "nauc_mrr_at_20_diff1": 0.535817,
        "nauc_mrr_at_25_max": 0.225692,
        "nauc_mrr_at_25_std": 0.079473,
        "nauc_mrr_at_25_diff1": 0.535817,
        "nauc_mrr_at_50_max": 0.224946,
        "nauc_mrr_at_50_std": 0.078712,
        "nauc_mrr_at_50_diff1": 0.535988,
        "nauc_mrr_at_100_max": 0.224946,
        "nauc_mrr_at_100_std": 0.078712,
        "nauc_mrr_at_100_diff1": 0.535988,
        "nauc_mrr_at_1000_max": 0.224946,
        "nauc_mrr_at_1000_std": 0.078712,
        "nauc_mrr_at_1000_diff1": 0.535988,
        "hit_rate_at_1": 0.61702,
        "hit_rate_at_3": 0.8617,
        "hit_rate_at_5": 0.93085,
        "hit_rate_at_10": 0.98936,
        "hit_rate_at_20": 0.99468,
        "hit_rate_at_25": 0.99468,
        "hit_rate_at_50": 1.0,
        "hit_rate_at_100": 1.0,
        "hit_rate_at_1000": 1.0,
        "R_cap_at_1": 0.617021,
        "R_cap_at_3": 0.73227,
        "R_cap_at_5": 0.818706,
        "R_cap_at_10": 0.940755,
        "R_cap_at_20": 0.98686,
        "R_cap_at_25": 0.990723,
        "R_cap_at_50": 1.0,
        "R_cap_at_100": 1.0,
        "R_cap_at_1000": 1.0,
        "main_score": 0.76735,
        "hf_subset": "LMEB_SciFact",