{
  "dataset_revision": "df52bb043564336892a1eb9127559130fcb0e62c",
  "task_name": "LooGLE",
  "mteb_version": "2.12.39",
  "scores": {
    "test": [
      {
        "ndcg_at_1": 0.34877,
        "ndcg_at_3": 0.32873,
        "ndcg_at_5": 0.36164,
        "ndcg_at_10": 0.41351,
        "ndcg_at_20": 0.46142,
        "ndcg_at_25": 0.47624,
        "ndcg_at_50": 0.51298,
        "ndcg_at_100": 0.53904,
        "ndcg_at_1000": 0.54836,
        "map_at_1": 0.14301,
        "map_at_3": 0.2439,
        "map_at_5": 0.28062,
        "map_at_10": 0.31054,
        "map_at_20": 0.33033,
        "map_at_25": 0.33513,
        "map_at_50": 0.34473,
        "map_at_100": 0.34931,
        "map_at_1000": 0.35035,
        "recall_at_1": 0.14301,
        "recall_at_3": 0.3053,
        "recall_at_5": 0.39668,
        "recall_at_10": 0.51523,
        "recall_at_20": 0.6506,
        "recall_at_25": 0.69857,
        "recall_at_50": 0.83411,
        "recall_at_100": 0.94578,
        "recall_at_1000": 0.99286,
        "accuracy": 0.14301,
        "precision_at_1": 0.34877,
        "precision_at_3": 0.25795,
        "precision_at_5": 0.20727,
        "precision_at_10": 0.14015,
        "precision_at_20": 0.09128,
        "precision_at_25": 0.07913,
        "precision_at_50": 0.04812,
        "precision_at_100": 0.02768,
        "precision_at_1000": 0.00291,
        "mrr_at_1": 0.349682,
        "mrr_at_3": 0.447472,
        "mrr_at_5": 0.469043,
        "mrr_at_10": 0.484605,
        "mrr_at_20": 0.491193,
        "mrr_at_25": 0.492377,
        "mrr_at_50": 0.494111,
        "mrr_at_100": 0.494543,
        "mrr_at_1000": 0.494609,
        "nauc_ndcg_at_1_max": 0.065881,
        "nauc_ndcg_at_1_std": -0.072248,
        "nauc_ndcg_at_1_diff1": 0.347695,
        "nauc_ndcg_at_3_max": 0.05475,
        "nauc_ndcg_at_3_std": -0.036336,
        "nauc_ndcg_at_3_diff1": 0.320013,
        "nauc_ndcg_at_5_max": 0.042938,
        "nauc_ndcg_at_5_std": -0.019526,
        "nauc_ndcg_at_5_diff1": 0.338166,
        "nauc_ndcg_at_10_max": 0.054208,
        "nauc_ndcg_at_10_std": -0.013921,
        "nauc_ndcg_at_10_diff1": 0.332281,
        "nauc_ndcg_at_20_max": 0.079328,
        "nauc_ndcg_at_20_std": -0.008327,
        "nauc_ndcg_at_20_diff1": 0.332675,
        "nauc_ndcg_at_25_max": 0.081953,
        "nauc_ndcg_at_25_std": -0.006044,
        "nauc_ndcg_at_25_diff1": 0.333057,
        "nauc_ndcg_at_50_max": 0.091313,
        "nauc_ndcg_at_50_std": -0.015959,
        "nauc_ndcg_at_50_diff1": 0.330805,
        "nauc_ndcg_at_100_max": 0.088138,
        "nauc_ndcg_at_100_std": -0.03111,
        "nauc_ndcg_at_100_diff1": 0.330337,
        "nauc_ndcg_at_1000_max": 0.082759,
        "nauc_ndcg_at_1000_std": -0.038639,
        "nauc_ndcg_at_1000_diff1": 0.325447,
        "nauc_map_at_1_max": 0.003207,
        "nauc_map_at_1_std": -0.027007,
        "nauc_map_at_1_diff1": 0.383176,
        "nauc_map_at_3_max": 0.025905,
        "nauc_map_at_3_std": -0.013247,
        "nauc_map_at_3_diff1": 0.341116,
        "nauc_map_at_5_max": 0.028296,
        "nauc_map_at_5_std": -0.013773,
        "nauc_map_at_5_diff1": 0.343864,
        "nauc_map_at_10_max": 0.036132,
        "nauc_map_at_10_std": -0.013573,
        "nauc_map_at_10_diff1": 0.338275,
        "nauc_map_at_20_max": 0.04727,
        "nauc_map_at_20_std": -0.013274,
        "nauc_map_at_20_diff1": 0.338697,
        "nauc_map_at_25_max": 0.048552,
        "nauc_map_at_25_std": -0.013758,
        "nauc_map_at_25_diff1": 0.33839,
        "nauc_map_at_50_max": 0.052449,
        "nauc_map_at_50_std": -0.017642,
        "nauc_map_at_50_diff1": 0.337072,
        "nauc_map_at_100_max": 0.052387,
        "nauc_map_at_100_std": -0.020437,
        "nauc_map_at_100_diff1": 0.33685,
        "nauc_map_at_1000_max": 0.051905,
        "nauc_map_at_1000_std": -0.021115,
        "nauc_map_at_1000_diff1": 0.336396,
        "nauc_recall_at_1_max": 0.003207,
        "nauc_recall_at_1_std": -0.027007,
        "nauc_recall_at_1_diff1": 0.383176,
        "nauc_recall_at_3_max": 0.026984,
        "nauc_recall_at_3_std": 0.012355,
        "nauc_recall_at_3_diff1": 0.304273,
        "nauc_recall_at_5_max": 0.021594,
        "nauc_recall_at_5_std": 0.018685,
        "nauc_recall_at_5_diff1": 0.307946,
        "nauc_recall_at_10_max": 0.036899,
        "nauc_recall_at_10_std": 0.044309,
        "nauc_recall_at_10_diff1": 0.283833,
        "nauc_recall_at_20_max": 0.097134,
        "nauc_recall_at_20_std": 0.079625,
        "nauc_recall_at_20_diff1": 0.281351,
        "nauc_recall_at_25_max": 0.105122,
        "nauc_recall_at_25_std": 0.103165,
        "nauc_recall_at_25_diff1": 0.281443,
        "nauc_recall_at_50_max": 0.150099,
        "nauc_recall_at_50_std": 0.12884,
        "nauc_recall_at_50_diff1": 0.275123,
        "nauc_recall_at_100_max": 0.187466,
        "nauc_recall_at_100_std": 0.167075,
        "nauc_recall_at_100_diff1": 0.322719,
        "nauc_recall_at_1000_max": 0.052427,
        "nauc_recall_at_1000_std": 0.425173,
        "nauc_recall_at_1000_diff1": 0.003258,
        "nauc_precision_at_1_max": 0.065881,
        "nauc_precision_at_1_std": -0.072248,
        "nauc_precision_at_1_diff1": 0.347695,
        "nauc_precision_at_3_max": 0.074948,
        "nauc_precision_at_3_std": -0.054967,
        "nauc_precision_at_3_diff1": 0.238337,
        "nauc_precision_at_5_max": 0.085967,
        "nauc_precision_at_5_std": -0.063018,
        "nauc_precision_at_5_diff1": 0.219343,
        "nauc_precision_at_10_max": 0.105672,
        "nauc_precision_at_10_std": -0.078186,
        "nauc_precision_at_10_diff1": 0.154907,
        "nauc_precision_at_20_max": 0.165473,
        "nauc_precision_at_20_std": -0.081388,
        "nauc_precision_at_20_diff1": 0.086385,
        "nauc_precision_at_25_max": 0.168034,
        "nauc_precision_at_25_std": -0.083067,
        "nauc_precision_at_25_diff1": 0.057204,
        "nauc_precision_at_50_max": 0.184004,
        "nauc_precision_at_50_std": -0.122064,
        "nauc_precision_at_50_diff1": -0.029791,
        "nauc_precision_at_100_max": 0.160434,
        "nauc_precision_at_100_std": -0.172779,
        "nauc_precision_at_100_diff1": -0.113509,
        "nauc_precision_at_1000_max": 0.140281,
        "nauc_precision_at_1000_std": -0.199957,
        "nauc_precision_at_1000_diff1": -0.16585,
        "nauc_mrr_at_1_max": 0.066238,
        "nauc_mrr_at_1_std": -0.0793,
        "nauc_mrr_at_1_diff1": 0.344977,
        "nauc_mrr_at_3_max": 0.077191,
        "nauc_mrr_at_3_std": -0.057765,
        "nauc_mrr_at_3_diff1": 0.326405,
        "nauc_mrr_at_5_max": 0.086894,
        "nauc_mrr_at_5_std": -0.059853,
        "nauc_mrr_at_5_diff1": 0.331761,
        "nauc_mrr_at_10_max": 0.086732,
        "nauc_mrr_at_10_std": -0.063276,
        "nauc_mrr_at_10_diff1": 0.331735,
        "nauc_mrr_at_20_max": 0.089384,
        "nauc_mrr_at_20_std": -0.061286,
        "nauc_mrr_at_20_diff1": 0.333054,
        "nauc_mrr_at_25_max": 0.088808,
        "nauc_mrr_at_25_std": -0.060615,
        "nauc_mrr_at_25_diff1": 0.33366,
        "nauc_mrr_at_50_max": 0.087956,
        "nauc_mrr_at_50_std": -0.061109,
        "nauc_mrr_at_50_diff1": 0.333736,
        "nauc_mrr_at_100_max": 0.087561,
        "nauc_mrr_at_100_std": -0.061331,
        "nauc_mrr_at_100_diff1": 0.333529,
        "nauc_mrr_at_1000_max": 0.087468,
        "nauc_mrr_at_1000_std": -0.061407,
        "nauc_mrr_at_1000_diff1": 0.33347,
        "hit_rate_at_1": 0.34877,
        "hit_rate_at_3": 0.5713,
        "hit_rate_at_5": 0.66667,
        "hit_rate_at_10": 0.78111,
        "hit_rate_at_20": 0.8792,
        "hit_rate_at_25": 0.90554,
        "hit_rate_at_50": 0.96549,
        "hit_rate_at_100": 0.99092,
        "hit_rate_at_1000": 0.99818,
        "R_cap_at_1": 0.349682,
        "R_cap_at_3": 0.332576,
        "R_cap_at_5": 0.399546,
        "R_cap_at_10": 0.51795,
        "R_cap_at_20": 0.650976,
        "R_cap_at_25": 0.698422,
        "R_cap_at_50": 0.8335,
        "R_cap_at_100": 0.945783,