{
  "dataset_revision": "6b2010c691a435a7a920088d32e55c898afa97f5",
  "task_name": "PeerQA",
  "mteb_version": "2.12.39",
  "scores": {
    "test": [
      {
        "ndcg_at_1": 0.25,
        "ndcg_at_3": 0.26814,
        "ndcg_at_5": 0.28835,
        "ndcg_at_10": 0.32218,
        "ndcg_at_20": 0.36011,
        "ndcg_at_25": 0.37098,
        "ndcg_at_50": 0.40614,
        "ndcg_at_100": 0.4335,
        "ndcg_at_1000": 0.472,
        "map_at_1": 0.1649,
        "map_at_3": 0.21532,
        "map_at_5": 0.23392,
        "map_at_10": 0.25127,
        "map_at_20": 0.26432,
        "map_at_25": 0.26746,
        "map_at_50": 0.27482,
        "map_at_100": 0.27893,
        "map_at_1000": 0.28274,
        "recall_at_1": 0.1649,
        "recall_at_3": 0.26884,
        "recall_at_5": 0.32729,
        "recall_at_10": 0.41138,
        "recall_at_20": 0.5247,
        "recall_at_25": 0.55996,
        "recall_at_50": 0.69914,
        "recall_at_100": 0.8112,
        "recall_at_1000": 1.0,
        "accuracy": 0.1649,
        "precision_at_1": 0.25,
        "precision_at_3": 0.16176,
        "precision_at_5": 0.12647,
        "precision_at_10": 0.08676,
        "precision_at_20": 0.05882,
        "precision_at_25": 0.05176,
        "precision_at_50": 0.03324,
        "precision_at_100": 0.02118,
        "precision_at_1000": 0.00286,
        "mrr_at_1": 0.25,
        "mrr_at_3": 0.322304,
        "mrr_at_5": 0.339583,
        "mrr_at_10": 0.357511,
        "mrr_at_20": 0.366971,
        "mrr_at_25": 0.368285,
        "mrr_at_50": 0.371393,
        "mrr_at_100": 0.372216,
        "mrr_at_1000": 0.37263,
        "nauc_ndcg_at_1_max": -0.157444,
        "nauc_ndcg_at_1_std": -0.349806,
        "nauc_ndcg_at_1_diff1": 0.131896,
        "nauc_ndcg_at_3_max": -0.103925,
        "nauc_ndcg_at_3_std": -0.324078,
        "nauc_ndcg_at_3_diff1": 0.16213,
        "nauc_ndcg_at_5_max": -0.067046,
        "nauc_ndcg_at_5_std": -0.30626,
        "nauc_ndcg_at_5_diff1": 0.174897,
        "nauc_ndcg_at_10_max": -0.027833,
        "nauc_ndcg_at_10_std": -0.278643,
        "nauc_ndcg_at_10_diff1": 0.167017,
        "nauc_ndcg_at_20_max": -0.0096,
        "nauc_ndcg_at_20_std": -0.249433,
        "nauc_ndcg_at_20_diff1": 0.151911,
        "nauc_ndcg_at_25_max": -0.009762,
        "nauc_ndcg_at_25_std": -0.229743,
        "nauc_ndcg_at_25_diff1": 0.155178,
        "nauc_ndcg_at_50_max": -0.02239,
        "nauc_ndcg_at_50_std": -0.236896,
        "nauc_ndcg_at_50_diff1": 0.148069,
        "nauc_ndcg_at_100_max": -0.042988,
        "nauc_ndcg_at_100_std": -0.233478,
        "nauc_ndcg_at_100_diff1": 0.145121,
        "nauc_ndcg_at_1000_max": -0.04973,
        "nauc_ndcg_at_1000_std": -0.240407,
        "nauc_ndcg_at_1000_diff1": 0.153371,
        "nauc_map_at_1_max": -0.070641,
        "nauc_map_at_1_std": -0.332232,
        "nauc_map_at_1_diff1": 0.228503,
        "nauc_map_at_3_max": -0.086618,
        "nauc_map_at_3_std": -0.336181,
        "nauc_map_at_3_diff1": 0.201383,
        "nauc_map_at_5_max": -0.072382,
        "nauc_map_at_5_std": -0.321606,
        "nauc_map_at_5_diff1": 0.196385,
        "nauc_map_at_10_max": -0.050477,
        "nauc_map_at_10_std": -0.307464,
        "nauc_map_at_10_diff1": 0.186183,
        "nauc_map_at_20_max": -0.043926,
        "nauc_map_at_20_std": -0.293523,
        "nauc_map_at_20_diff1": 0.17939,
        "nauc_map_at_25_max": -0.043575,
        "nauc_map_at_25_std": -0.2861,
        "nauc_map_at_25_diff1": 0.18163,
        "nauc_map_at_50_max": -0.045233,
        "nauc_map_at_50_std": -0.286628,
        "nauc_map_at_50_diff1": 0.182469,
        "nauc_map_at_100_max": -0.048394,
        "nauc_map_at_100_std": -0.284614,
        "nauc_map_at_100_diff1": 0.180806,
        "nauc_map_at_1000_max": -0.048695,
        "nauc_map_at_1000_std": -0.284263,
        "nauc_map_at_1000_diff1": 0.180873,
        "nauc_recall_at_1_max": -0.070641,
        "nauc_recall_at_1_std": -0.332232,
        "nauc_recall_at_1_diff1": 0.228503,
        "nauc_recall_at_3_max": -0.056743,
        "nauc_recall_at_3_std": -0.303539,
        "nauc_recall_at_3_diff1": 0.182743,
        "nauc_recall_at_5_max": -0.010154,
        "nauc_recall_at_5_std": -0.244929,
        "nauc_recall_at_5_diff1": 0.160665,
        "nauc_recall_at_10_max": 0.057787,
        "nauc_recall_at_10_std": -0.189307,
        "nauc_recall_at_10_diff1": 0.156128,
        "nauc_recall_at_20_max": 0.11972,
        "nauc_recall_at_20_std": -0.10561,
        "nauc_recall_at_20_diff1": 0.089969,
        "nauc_recall_at_25_max": 0.123909,
        "nauc_recall_at_25_std": -0.041165,
        "nauc_recall_at_25_diff1": 0.091757,
        "nauc_recall_at_50_max": 0.095343,
        "nauc_recall_at_50_std": -0.064998,
        "nauc_recall_at_50_diff1": 0.043652,
        "nauc_recall_at_100_max": -0.00103,
        "nauc_recall_at_100_std": -0.043286,
        "nauc_recall_at_100_diff1": 0.009417,
        "nauc_recall_at_1000_max": NaN,
        "nauc_recall_at_1000_std": NaN,
        "nauc_recall_at_1000_diff1": NaN,
        "nauc_precision_at_1_max": -0.157444,
        "nauc_precision_at_1_std": -0.349806,
        "nauc_precision_at_1_diff1": 0.131896,
        "nauc_precision_at_3_max": -0.119945,
        "nauc_precision_at_3_std": -0.27199,
        "nauc_precision_at_3_diff1": 0.064551,
        "nauc_precision_at_5_max": -0.045722,
        "nauc_precision_at_5_std": -0.16343,
        "nauc_precision_at_5_diff1": 0.049104,
        "nauc_precision_at_10_max": 0.058042,
        "nauc_precision_at_10_std": -0.042871,
        "nauc_precision_at_10_diff1": -0.014993,
        "nauc_precision_at_20_max": 0.094558,
        "nauc_precision_at_20_std": 0.110536,
        "nauc_precision_at_20_diff1": -0.043969,
        "nauc_precision_at_25_max": 0.08832,
        "nauc_precision_at_25_std": 0.195131,
        "nauc_precision_at_25_diff1": -0.036879,
        "nauc_precision_at_50_max": 0.067298,
        "nauc_precision_at_50_std": 0.267659,
        "nauc_precision_at_50_diff1": -0.072673,
        "nauc_precision_at_100_max": 0.013312,
        "nauc_precision_at_100_std": 0.325811,
        "nauc_precision_at_100_diff1": -0.107916,
        "nauc_precision_at_1000_max": -0.018423,
        "nauc_precision_at_1000_std": 0.297962,
        "nauc_precision_at_1000_diff1": -0.098282,
        "nauc_mrr_at_1_max": -0.157444,
        "nauc_mrr_at_1_std": -0.349806,
        "nauc_mrr_at_1_diff1": 0.131896,
        "nauc_mrr_at_3_max": -0.118463,
        "nauc_mrr_at_3_std": -0.329025,
        "nauc_mrr_at_3_diff1": 0.135706,
        "nauc_mrr_at_5_max": -0.107471,
        "nauc_mrr_at_5_std": -0.318593,
        "nauc_mrr_at_5_diff1": 0.138345,
        "nauc_mrr_at_10_max": -0.103453,
        "nauc_mrr_at_10_std": -0.307208,
        "nauc_mrr_at_10_diff1": 0.136585,
        "nauc_mrr_at_20_max": -0.101556,
        "nauc_mrr_at_20_std": -0.308886,
        "nauc_mrr_at_20_diff1": 0.135374,
        "nauc_mrr_at_25_max": -0.10226,
        "nauc_mrr_at_25_std": -0.30973,
        "nauc_mrr_at_25_diff1": 0.133478,
        "nauc_mrr_at_50_max": -0.104505,
        "nauc_mrr_at_50_std": -0.310398,
        "nauc_mrr_at_50_diff1": 0.131955,
        "nauc_mrr_at_100_max": -0.104837,
        "nauc_mrr_at_100_std": -0.310675,
        "nauc_mrr_at_100_diff1": 0.133124,
        "nauc_mrr_at_1000_max": -0.105192,
        "nauc_mrr_at_1000_std": -0.311414,
        "nauc_mrr_at_1000_diff1": 0.13305,
        "hit_rate_at_1": 0.25,
        "hit_rate_at_3": 0.42647,
        "hit_rate_at_5": 0.5,
        "hit_rate_at_10": 0.625,
        "hit_rate_at_20": 0.75,
        "hit_rate_at_25": 0.77941,
        "hit_rate_at_50": 0.88971,
        "hit_rate_at_100": 0.94118,
        "hit_rate_at_1000": 1.0,
        "R_cap_at_1": 0.25,
        "R_cap_at_3": 0.28799,
        "R_cap_at_5": 0.331127,
        "R_cap_at_10": 0.411555,
        "R_cap_at_20": 0.524704,
        "R_cap_at_25": 0.559394,
        "R_cap_at_50": 0.699137,
        "R_cap_at_100": 0.811204,