{
  "dataset_revision": "898f2eced48890f19b6a88f1b616e9ca6c5dda1c",
  "task_name": "QASPER",
  "mteb_version": "2.12.39",
  "scores": {
    "test": [
      {
        "ndcg_at_1": 0.33184,
        "ndcg_at_3": 0.42106,
        "ndcg_at_5": 0.46321,
        "ndcg_at_10": 0.51756,
        "ndcg_at_20": 0.55856,
        "ndcg_at_25": 0.56993,
        "ndcg_at_50": 0.58757,
        "ndcg_at_100": 0.59088,
        "ndcg_at_1000": 0.59097,
        "map_at_1": 0.26105,
        "map_at_3": 0.36618,
        "map_at_5": 0.39786,
        "map_at_10": 0.42631,
        "map_at_20": 0.44188,
        "map_at_25": 0.44528,
        "map_at_50": 0.45004,
        "map_at_100": 0.45084,
        "map_at_1000": 0.45085,
        "recall_at_1": 0.26105,
        "recall_at_3": 0.47233,
        "recall_at_5": 0.58153,
        "recall_at_10": 0.73488,
        "recall_at_20": 0.87266,
        "recall_at_25": 0.91635,
        "recall_at_50": 0.98682,
        "recall_at_100": 0.99963,
        "recall_at_1000": 1.0,
        "accuracy": 0.26105,
        "precision_at_1": 0.33184,
        "precision_at_3": 0.21798,
        "precision_at_5": 0.16569,
        "precision_at_10": 0.11079,
        "precision_at_20": 0.06955,
        "precision_at_25": 0.05936,
        "precision_at_50": 0.03359,
        "precision_at_100": 0.01736,
        "precision_at_1000": 0.00174,
        "mrr_at_1": 0.332584,
        "mrr_at_3": 0.435081,
        "mrr_at_5": 0.458452,
        "mrr_at_10": 0.477915,
        "mrr_at_20": 0.485437,
        "mrr_at_25": 0.486658,
        "mrr_at_50": 0.487974,
        "mrr_at_100": 0.48805,
        "mrr_at_1000": 0.48805,
        "nauc_ndcg_at_1_max": 0.058101,
        "nauc_ndcg_at_1_std": -0.023069,
        "nauc_ndcg_at_1_diff1": 0.30658,
        "nauc_ndcg_at_3_max": 0.02485,
        "nauc_ndcg_at_3_std": -0.046954,
        "nauc_ndcg_at_3_diff1": 0.271364,
        "nauc_ndcg_at_5_max": 0.017974,
        "nauc_ndcg_at_5_std": -0.058474,
        "nauc_ndcg_at_5_diff1": 0.272544,
        "nauc_ndcg_at_10_max": 0.022242,
        "nauc_ndcg_at_10_std": -0.043067,
        "nauc_ndcg_at_10_diff1": 0.269296,
        "nauc_ndcg_at_20_max": 0.037727,
        "nauc_ndcg_at_20_std": -0.030785,
        "nauc_ndcg_at_20_diff1": 0.278755,
        "nauc_ndcg_at_25_max": 0.038798,
        "nauc_ndcg_at_25_std": -0.030111,
        "nauc_ndcg_at_25_diff1": 0.281963,
        "nauc_ndcg_at_50_max": 0.044731,
        "nauc_ndcg_at_50_std": -0.031918,
        "nauc_ndcg_at_50_diff1": 0.281134,
        "nauc_ndcg_at_100_max": 0.043044,
        "nauc_ndcg_at_100_std": -0.032693,
        "nauc_ndcg_at_100_diff1": 0.282315,
        "nauc_ndcg_at_1000_max": 0.043184,
        "nauc_ndcg_at_1000_std": -0.03262,
        "nauc_ndcg_at_1000_diff1": 0.282368,
        "nauc_map_at_1_max": 0.039638,
        "nauc_map_at_1_std": -0.030968,
        "nauc_map_at_1_diff1": 0.305732,
        "nauc_map_at_3_max": 0.024519,
        "nauc_map_at_3_std": -0.040808,
        "nauc_map_at_3_diff1": 0.274337,
        "nauc_map_at_5_max": 0.021233,
        "nauc_map_at_5_std": -0.047571,
        "nauc_map_at_5_diff1": 0.275067,
        "nauc_map_at_10_max": 0.027,
        "nauc_map_at_10_std": -0.038223,
        "nauc_map_at_10_diff1": 0.276896,
        "nauc_map_at_20_max": 0.032722,
        "nauc_map_at_20_std": -0.034541,
        "nauc_map_at_20_diff1": 0.280767,
        "nauc_map_at_25_max": 0.033805,
        "nauc_map_at_25_std": -0.033952,
        "nauc_map_at_25_diff1": 0.282498,
        "nauc_map_at_50_max": 0.035945,
        "nauc_map_at_50_std": -0.033462,
        "nauc_map_at_50_diff1": 0.282007,
        "nauc_map_at_100_max": 0.03589,
        "nauc_map_at_100_std": -0.03353,
        "nauc_map_at_100_diff1": 0.282398,
        "nauc_map_at_1000_max": 0.03592,
        "nauc_map_at_1000_std": -0.033513,
        "nauc_map_at_1000_diff1": 0.282406,
        "nauc_recall_at_1_max": 0.039638,
        "nauc_recall_at_1_std": -0.030968,
        "nauc_recall_at_1_diff1": 0.305732,
        "nauc_recall_at_3_max": -0.010796,
        "nauc_recall_at_3_std": -0.067135,
        "nauc_recall_at_3_diff1": 0.227494,
        "nauc_recall_at_5_max": -0.028447,
        "nauc_recall_at_5_std": -0.09769,
        "nauc_recall_at_5_diff1": 0.228646,
        "nauc_recall_at_10_max": -0.034297,
        "nauc_recall_at_10_std": -0.059602,
        "nauc_recall_at_10_diff1": 0.200661,
        "nauc_recall_at_20_max": 0.026664,
        "nauc_recall_at_20_std": 0.024962,
        "nauc_recall_at_20_diff1": 0.216031,
        "nauc_recall_at_25_max": 0.012494,
        "nauc_recall_at_25_std": 0.037022,
        "nauc_recall_at_25_diff1": 0.21742,
        "nauc_recall_at_50_max": 0.202248,
        "nauc_recall_at_50_std": 0.042928,
        "nauc_recall_at_50_diff1": 0.133351,
        "nauc_recall_at_100_max": -0.211655,
        "nauc_recall_at_100_std": -0.145558,
        "nauc_recall_at_100_diff1": 0.122462,
        "nauc_recall_at_1000_max": NaN,
        "nauc_recall_at_1000_std": NaN,
        "nauc_recall_at_1000_diff1": NaN,
        "nauc_precision_at_1_max": 0.058101,
        "nauc_precision_at_1_std": -0.023069,
        "nauc_precision_at_1_diff1": 0.30658,
        "nauc_precision_at_3_max": 0.020504,
        "nauc_precision_at_3_std": -0.03825,
        "nauc_precision_at_3_diff1": 0.186935,
        "nauc_precision_at_5_max": 0.015115,
        "nauc_precision_at_5_std": -0.039212,
        "nauc_precision_at_5_diff1": 0.151594,
        "nauc_precision_at_10_max": 0.031635,
        "nauc_precision_at_10_std": 0.012018,
        "nauc_precision_at_10_diff1": 0.08778,
        "nauc_precision_at_20_max": 0.069186,
        "nauc_precision_at_20_std": 0.050127,
        "nauc_precision_at_20_diff1": 0.039541,
        "nauc_precision_at_25_max": 0.079835,
        "nauc_precision_at_25_std": 0.064122,
        "nauc_precision_at_25_diff1": 0.032883,
        "nauc_precision_at_50_max": 0.092893,
        "nauc_precision_at_50_std": 0.067008,
        "nauc_precision_at_50_diff1": -0.010664,
        "nauc_precision_at_100_max": 0.084378,
        "nauc_precision_at_100_std": 0.06245,
        "nauc_precision_at_100_diff1": -0.011458,
        "nauc_precision_at_1000_max": 0.085049,
        "nauc_precision_at_1000_std": 0.062886,
        "nauc_precision_at_1000_diff1": -0.011608,
        "nauc_mrr_at_1_max": 0.054967,
        "nauc_mrr_at_1_std": -0.023934,
        "nauc_mrr_at_1_diff1": 0.304335,
        "nauc_mrr_at_3_max": 0.049401,
        "nauc_mrr_at_3_std": -0.036523,
        "nauc_mrr_at_3_diff1": 0.282121,
        "nauc_mrr_at_5_max": 0.04423,
        "nauc_mrr_at_5_std": -0.045131,
        "nauc_mrr_at_5_diff1": 0.285575,
        "nauc_mrr_at_10_max": 0.047369,
        "nauc_mrr_at_10_std": -0.039622,
        "nauc_mrr_at_10_diff1": 0.285599,
        "nauc_mrr_at_20_max": 0.050159,
        "nauc_mrr_at_20_std": -0.036566,
        "nauc_mrr_at_20_diff1": 0.287722,
        "nauc_mrr_at_25_max": 0.049771,
        "nauc_mrr_at_25_std": -0.036845,
        "nauc_mrr_at_25_diff1": 0.287509,
        "nauc_mrr_at_50_max": 0.050049,
        "nauc_mrr_at_50_std": -0.037094,
        "nauc_mrr_at_50_diff1": 0.28718,
        "nauc_mrr_at_100_max": 0.049901,
        "nauc_mrr_at_100_std": -0.037108,
        "nauc_mrr_at_100_diff1": 0.287167,
        "nauc_mrr_at_1000_max": 0.049901,
        "nauc_mrr_at_1000_std": -0.037108,
        "nauc_mrr_at_1000_diff1": 0.287167,
        "hit_rate_at_1": 0.33184,
        "hit_rate_at_3": 0.56629,
        "hit_rate_at_5": 0.67116,
        "hit_rate_at_10": 0.81723,
        "hit_rate_at_20": 0.9236,
        "hit_rate_at_25": 0.95431,
        "hit_rate_at_50": 0.99551,
        "hit_rate_at_100": 1.0,
        "hit_rate_at_1000": 1.0,
        "R_cap_at_1": 0.332584,
        "R_cap_at_3": 0.489139,
        "R_cap_at_5": 0.586592,
        "R_cap_at_10": 0.735218,
        "R_cap_at_20": 0.874485,
        "R_cap_at_25": 0.914863,
        "R_cap_at_50": 0.986746,
        "R_cap_at_100": 0.999625,
        "R_cap_at_1000": 1.0,