{
  "dataset_revision": "6f868e5b4c46a9f04c89f7179ddc7c8f162c1068",
  "task_name": "ToolBench",
  "mteb_version": "2.12.39",
  "scores": {
    "test": [
      {
        "ndcg_at_1": 0.57545,
        "ndcg_at_3": 0.49587,
        "ndcg_at_5": 0.53612,
        "ndcg_at_10": 0.57537,
        "ndcg_at_20": 0.5986,
        "ndcg_at_25": 0.60542,
        "ndcg_at_50": 0.62377,
        "ndcg_at_100": 0.6371,
        "ndcg_at_1000": 0.65157,
        "map_at_1": 0.27152,
        "map_at_3": 0.42912,
        "map_at_5": 0.46514,
        "map_at_10": 0.48978,
        "map_at_20": 0.4993,
        "map_at_25": 0.5015,
        "map_at_50": 0.50558,
        "map_at_100": 0.50742,
        "map_at_1000": 0.50834,
        "recall_at_1": 0.27152,
        "recall_at_3": 0.47348,
        "recall_at_5": 0.55912,
        "recall_at_10": 0.65179,
        "recall_at_20": 0.72153,
        "recall_at_25": 0.74488,
        "recall_at_50": 0.81726,
        "recall_at_100": 0.87956,
        "recall_at_1000": 0.96476,
        "accuracy": 0.27152,
        "precision_at_1": 0.57545,
        "precision_at_3": 0.34818,
        "precision_at_5": 0.25127,
        "precision_at_10": 0.14864,
        "precision_at_20": 0.08305,
        "precision_at_25": 0.06887,
        "precision_at_50": 0.03802,
        "precision_at_100": 0.02059,
        "precision_at_1000": 0.00228,
        "mrr_at_1": 0.575455,
        "mrr_at_3": 0.633788,
        "mrr_at_5": 0.647424,
        "mrr_at_10": 0.655406,
        "mrr_at_20": 0.658469,
        "mrr_at_25": 0.659023,
        "mrr_at_50": 0.66028,
        "mrr_at_100": 0.660739,
        "mrr_at_1000": 0.660879,
        "nauc_ndcg_at_1_max": 0.419225,
        "nauc_ndcg_at_1_std": -0.228678,
        "nauc_ndcg_at_1_diff1": 0.55483,
        "nauc_ndcg_at_3_max": 0.431251,
        "nauc_ndcg_at_3_std": -0.223693,
        "nauc_ndcg_at_3_diff1": 0.424246,
        "nauc_ndcg_at_5_max": 0.456445,
        "nauc_ndcg_at_5_std": -0.233765,
        "nauc_ndcg_at_5_diff1": 0.420397,
        "nauc_ndcg_at_10_max": 0.473735,
        "nauc_ndcg_at_10_std": -0.222279,
        "nauc_ndcg_at_10_diff1": 0.428819,
        "nauc_ndcg_at_20_max": 0.47999,
        "nauc_ndcg_at_20_std": -0.207057,
        "nauc_ndcg_at_20_diff1": 0.422426,
        "nauc_ndcg_at_25_max": 0.47947,
        "nauc_ndcg_at_25_std": -0.203545,
        "nauc_ndcg_at_25_diff1": 0.422642,
        "nauc_ndcg_at_50_max": 0.48601,
        "nauc_ndcg_at_50_std": -0.182123,
        "nauc_ndcg_at_50_diff1": 0.424458,
        "nauc_ndcg_at_100_max": 0.486797,
        "nauc_ndcg_at_100_std": -0.171194,
        "nauc_ndcg_at_100_diff1": 0.424996,
        "nauc_ndcg_at_1000_max": 0.475861,
        "nauc_ndcg_at_1000_std": -0.186052,
        "nauc_ndcg_at_1000_diff1": 0.431962,
        "nauc_map_at_1_max": 0.389058,
        "nauc_map_at_1_std": -0.217409,
        "nauc_map_at_1_diff1": 0.550015,
        "nauc_map_at_3_max": 0.415472,
        "nauc_map_at_3_std": -0.22303,
        "nauc_map_at_3_diff1": 0.408174,
        "nauc_map_at_5_max": 0.436251,
        "nauc_map_at_5_std": -0.232031,
        "nauc_map_at_5_diff1": 0.403876,
        "nauc_map_at_10_max": 0.448262,
        "nauc_map_at_10_std": -0.227588,
        "nauc_map_at_10_diff1": 0.408496,
        "nauc_map_at_20_max": 0.450785,
        "nauc_map_at_20_std": -0.221963,
        "nauc_map_at_20_diff1": 0.40654,
        "nauc_map_at_25_max": 0.4508,
        "nauc_map_at_25_std": -0.22133,
        "nauc_map_at_25_diff1": 0.406703,
        "nauc_map_at_50_max": 0.451631,
        "nauc_map_at_50_std": -0.216889,
        "nauc_map_at_50_diff1": 0.407066,
        "nauc_map_at_100_max": 0.451561,
        "nauc_map_at_100_std": -0.215532,
        "nauc_map_at_100_diff1": 0.407001,
        "nauc_map_at_1000_max": 0.450945,
        "nauc_map_at_1000_std": -0.215778,
        "nauc_map_at_1000_diff1": 0.407288,
        "nauc_recall_at_1_max": 0.389058,
        "nauc_recall_at_1_std": -0.217409,
        "nauc_recall_at_1_diff1": 0.550015,
        "nauc_recall_at_3_max": 0.426008,
        "nauc_recall_at_3_std": -0.222657,
        "nauc_recall_at_3_diff1": 0.376639,
        "nauc_recall_at_5_max": 0.462558,
        "nauc_recall_at_5_std": -0.229814,
        "nauc_recall_at_5_diff1": 0.354819,
        "nauc_recall_at_10_max": 0.496609,
        "nauc_recall_at_10_std": -0.196262,
        "nauc_recall_at_10_diff1": 0.361655,
        "nauc_recall_at_20_max": 0.522026,
        "nauc_recall_at_20_std": -0.141477,
        "nauc_recall_at_20_diff1": 0.327786,
        "nauc_recall_at_25_max": 0.523208,
        "nauc_recall_at_25_std": -0.124733,
        "nauc_recall_at_25_diff1": 0.324703,
        "nauc_recall_at_50_max": 0.586021,
        "nauc_recall_at_50_std": 0.026378,
        "nauc_recall_at_50_diff1": 0.307343,
        "nauc_recall_at_100_max": 0.655768,
        "nauc_recall_at_100_std": 0.216521,
        "nauc_recall_at_100_diff1": 0.267017,
        "nauc_recall_at_1000_max": 0.752299,
        "nauc_recall_at_1000_std": 0.377171,
        "nauc_recall_at_1000_diff1": 0.291873,
        "nauc_precision_at_1_max": 0.419225,
        "nauc_precision_at_1_std": -0.228678,
        "nauc_precision_at_1_diff1": 0.55483,
        "nauc_precision_at_3_max": 0.392379,
        "nauc_precision_at_3_std": -0.198644,
        "nauc_precision_at_3_diff1": 0.301921,
        "nauc_precision_at_5_max": 0.38399,
        "nauc_precision_at_5_std": -0.180222,
        "nauc_precision_at_5_diff1": 0.234985,
        "nauc_precision_at_10_max": 0.358764,
        "nauc_precision_at_10_std": -0.120025,
        "nauc_precision_at_10_diff1": 0.195737,
        "nauc_precision_at_20_max": 0.316759,
        "nauc_precision_at_20_std": -0.046109,
        "nauc_precision_at_20_diff1": 0.121281,
        "nauc_precision_at_25_max": 0.289799,
        "nauc_precision_at_25_std": -0.021107,
        "nauc_precision_at_25_diff1": 0.099368,
        "nauc_precision_at_50_max": 0.236334,
        "nauc_precision_at_50_std": 0.094818,
        "nauc_precision_at_50_diff1": 0.032159,
        "nauc_precision_at_100_max": 0.159709,
        "nauc_precision_at_100_std": 0.189361,
        "nauc_precision_at_100_diff1": -0.04083,
        "nauc_precision_at_1000_max": -0.051747,
        "nauc_precision_at_1000_std": 0.167603,
        "nauc_precision_at_1000_diff1": -0.136726,
        "nauc_mrr_at_1_max": 0.419225,
        "nauc_mrr_at_1_std": -0.228678,
        "nauc_mrr_at_1_diff1": 0.55483,
        "nauc_mrr_at_3_max": 0.458076,
        "nauc_mrr_at_3_std": -0.231161,
        "nauc_mrr_at_3_diff1": 0.535638,
        "nauc_mrr_at_5_max": 0.46418,
        "nauc_mrr_at_5_std": -0.22789,
        "nauc_mrr_at_5_diff1": 0.531369,
        "nauc_mrr_at_10_max": 0.462646,
        "nauc_mrr_at_10_std": -0.224213,
        "nauc_mrr_at_10_diff1": 0.531524,
        "nauc_mrr_at_20_max": 0.462696,
        "nauc_mrr_at_20_std": -0.222427,
        "nauc_mrr_at_20_diff1": 0.530789,
        "nauc_mrr_at_25_max": 0.462342,
        "nauc_mrr_at_25_std": -0.221241,
        "nauc_mrr_at_25_diff1": 0.530549,
        "nauc_mrr_at_50_max": 0.462724,
        "nauc_mrr_at_50_std": -0.220606,
        "nauc_mrr_at_50_diff1": 0.530653,
        "nauc_mrr_at_100_max": 0.462547,
        "nauc_mrr_at_100_std": -0.220753,
        "nauc_mrr_at_100_diff1": 0.531109,
        "nauc_mrr_at_1000_max": 0.462421,
        "nauc_mrr_at_1000_std": -0.22105,
        "nauc_mrr_at_1000_diff1": 0.531185,
        "hit_rate_at_1": 0.57545,
        "hit_rate_at_3": 0.70636,
        "hit_rate_at_5": 0.76727,
        "hit_rate_at_10": 0.82182,
        "hit_rate_at_20": 0.86545,
        "hit_rate_at_25": 0.87818,
        "hit_rate_at_50": 0.92,
        "hit_rate_at_100": 0.95273,
        "hit_rate_at_1000": 0.98364,
        "R_cap_at_1": 0.575455,
        "R_cap_at_3": 0.481061,
        "R_cap_at_5": 0.557939,
        "R_cap_at_10": 0.652242,
        "R_cap_at_20": 0.720318,
        "R_cap_at_25": 0.744879,
        "R_cap_at_50": 0.815894,
        "R_cap_at_100": 0.879561,