{
  "dataset_revision": "bf110dabd08865a8aff2d40d03696984e76085e0",
  "task_name": "CovidQA",
  "mteb_version": "2.12.39",
  "scores": {
    "test": [
      {
        "ndcg_at_1": 0.42574,
        "ndcg_at_3": 0.52727,
        "ndcg_at_5": 0.56801,
        "ndcg_at_10": 0.6108,
        "ndcg_at_20": 0.63864,
        "ndcg_at_25": 0.64375,
        "ndcg_at_50": 0.65037,
        "ndcg_at_100": 0.65037,
        "ndcg_at_1000": 0.65037,
        "map_at_1": 0.42574,
        "map_at_3": 0.5015,
        "map_at_5": 0.52387,
        "map_at_10": 0.54153,
        "map_at_20": 0.54932,
        "map_at_25": 0.55034,
        "map_at_50": 0.5514,
        "map_at_100": 0.5514,
        "map_at_1000": 0.5514,
        "recall_at_1": 0.42574,
        "recall_at_3": 0.60216,
        "recall_at_5": 0.70207,
        "recall_at_10": 0.83438,
        "recall_at_20": 0.94329,
        "recall_at_25": 0.9667,
        "recall_at_50": 1.0,
        "recall_at_100": 1.0,
        "recall_at_1000": 1.0,
        "accuracy": 0.42574,
        "precision_at_1": 0.42574,
        "precision_at_3": 0.20072,
        "precision_at_5": 0.14041,
        "precision_at_10": 0.08344,
        "precision_at_20": 0.04716,
        "precision_at_25": 0.03867,
        "precision_at_50": 0.02,
        "precision_at_100": 0.01,
        "precision_at_1000": 0.001,
        "mrr_at_1": 0.424842,
        "mrr_at_3": 0.50135,
        "mrr_at_5": 0.523087,
        "mrr_at_10": 0.540859,
        "mrr_at_20": 0.548688,
        "mrr_at_25": 0.549665,
        "mrr_at_50": 0.550723,
        "mrr_at_100": 0.550723,
        "mrr_at_1000": 0.550723,
        "nauc_ndcg_at_1_max": 0.190991,
        "nauc_ndcg_at_1_std": 0.112856,
        "nauc_ndcg_at_1_diff1": 0.535854,
        "nauc_ndcg_at_3_max": 0.169018,
        "nauc_ndcg_at_3_std": 0.105462,
        "nauc_ndcg_at_3_diff1": 0.46834,
        "nauc_ndcg_at_5_max": 0.159846,
        "nauc_ndcg_at_5_std": 0.097343,
        "nauc_ndcg_at_5_diff1": 0.459236,
        "nauc_ndcg_at_10_max": 0.164398,
        "nauc_ndcg_at_10_std": 0.111075,
        "nauc_ndcg_at_10_diff1": 0.470459,
        "nauc_ndcg_at_20_max": 0.162177,
        "nauc_ndcg_at_20_std": 0.11831,
        "nauc_ndcg_at_20_diff1": 0.46921,
        "nauc_ndcg_at_25_max": 0.164939,
        "nauc_ndcg_at_25_std": 0.11396,
        "nauc_ndcg_at_25_diff1": 0.475083,
        "nauc_ndcg_at_50_max": 0.167333,
        "nauc_ndcg_at_50_std": 0.108636,
        "nauc_ndcg_at_50_diff1": 0.480273,
        "nauc_ndcg_at_100_max": 0.167333,
        "nauc_ndcg_at_100_std": 0.108636,
        "nauc_ndcg_at_100_diff1": 0.480273,
        "nauc_ndcg_at_1000_max": 0.167333,
        "nauc_ndcg_at_1000_std": 0.108636,
        "nauc_ndcg_at_1000_diff1": 0.480273,
        "nauc_map_at_1_max": 0.190991,
        "nauc_map_at_1_std": 0.112856,
        "nauc_map_at_1_diff1": 0.535854,
        "nauc_map_at_3_max": 0.173129,
        "nauc_map_at_3_std": 0.106166,
        "nauc_map_at_3_diff1": 0.483936,
        "nauc_map_at_5_max": 0.168266,
        "nauc_map_at_5_std": 0.101884,
        "nauc_map_at_5_diff1": 0.480147,
        "nauc_map_at_10_max": 0.170049,
        "nauc_map_at_10_std": 0.107306,
        "nauc_map_at_10_diff1": 0.484849,
        "nauc_map_at_20_max": 0.169441,
        "nauc_map_at_20_std": 0.108985,
        "nauc_map_at_20_diff1": 0.484783,
        "nauc_map_at_25_max": 0.169916,
        "nauc_map_at_25_std": 0.108213,
        "nauc_map_at_25_diff1": 0.485772,
        "nauc_map_at_50_max": 0.170186,
        "nauc_map_at_50_std": 0.107554,
        "nauc_map_at_50_diff1": 0.486479,
        "nauc_map_at_100_max": 0.170186,
        "nauc_map_at_100_std": 0.107554,
        "nauc_map_at_100_diff1": 0.486479,
        "nauc_map_at_1000_max": 0.170186,
        "nauc_map_at_1000_std": 0.107554,
        "nauc_map_at_1000_diff1": 0.486479,
        "nauc_recall_at_1_max": 0.190991,
        "nauc_recall_at_1_std": 0.112856,
        "nauc_recall_at_1_diff1": 0.535854,
        "nauc_recall_at_3_max": 0.156769,
        "nauc_recall_at_3_std": 0.103777,
        "nauc_recall_at_3_diff1": 0.420072,
        "nauc_recall_at_5_max": 0.128266,
        "nauc_recall_at_5_std": 0.07982,
        "nauc_recall_at_5_diff1": 0.380794,
        "nauc_recall_at_10_max": 0.135318,
        "nauc_recall_at_10_std": 0.141576,
        "nauc_recall_at_10_diff1": 0.395079,
        "nauc_recall_at_20_max": 0.05446,
        "nauc_recall_at_20_std": 0.317366,
        "nauc_recall_at_20_diff1": 0.244245,
        "nauc_recall_at_25_max": 0.072499,
        "nauc_recall_at_25_std": 0.31222,
        "nauc_recall_at_25_diff1": 0.287737,
        "nauc_recall_at_50_max": NaN,
        "nauc_recall_at_50_std": NaN,
        "nauc_recall_at_50_diff1": NaN,
        "nauc_recall_at_100_max": NaN,
        "nauc_recall_at_100_std": NaN,
        "nauc_recall_at_100_diff1": NaN,
        "nauc_recall_at_1000_max": NaN,
        "nauc_recall_at_1000_std": NaN,
        "nauc_recall_at_1000_diff1": NaN,
        "nauc_precision_at_1_max": 0.190991,
        "nauc_precision_at_1_std": 0.112856,
        "nauc_precision_at_1_diff1": 0.535854,
        "nauc_precision_at_3_max": 0.156769,
        "nauc_precision_at_3_std": 0.103777,
        "nauc_precision_at_3_diff1": 0.420072,
        "nauc_precision_at_5_max": 0.128266,
        "nauc_precision_at_5_std": 0.07982,
        "nauc_precision_at_5_diff1": 0.380794,
        "nauc_precision_at_10_max": 0.135318,
        "nauc_precision_at_10_std": 0.141576,
        "nauc_precision_at_10_diff1": 0.395079,
        "nauc_precision_at_20_max": 0.05446,
        "nauc_precision_at_20_std": 0.317366,
        "nauc_precision_at_20_diff1": 0.244245,
        "nauc_precision_at_25_max": 0.072499,
        "nauc_precision_at_25_std": 0.31222,
        "nauc_precision_at_25_diff1": 0.287737,
        "nauc_precision_at_50_max": 1.0,
        "nauc_precision_at_50_std": 1.0,
        "nauc_precision_at_50_diff1": 1.0,
        "nauc_precision_at_100_max": 1.0,
        "nauc_precision_at_100_std": 1.0,
        "nauc_precision_at_100_diff1": 1.0,
        "nauc_precision_at_1000_max": 1.0,
        "nauc_precision_at_1000_std": 1.0,
        "nauc_precision_at_1000_diff1": 1.0,
        "nauc_mrr_at_1_max": 0.192319,
        "nauc_mrr_at_1_std": 0.112391,
        "nauc_mrr_at_1_diff1": 0.538192,
        "nauc_mrr_at_3_max": 0.173768,
        "nauc_mrr_at_3_std": 0.103229,
        "nauc_mrr_at_3_diff1": 0.484823,
        "nauc_mrr_at_5_max": 0.168592,
        "nauc_mrr_at_5_std": 0.100629,
        "nauc_mrr_at_5_diff1": 0.481593,
        "nauc_mrr_at_10_max": 0.170591,
        "nauc_mrr_at_10_std": 0.10557,
        "nauc_mrr_at_10_diff1": 0.486405,
        "nauc_mrr_at_20_max": 0.169498,
        "nauc_mrr_at_20_std": 0.10688,
        "nauc_mrr_at_20_diff1": 0.485988,
        "nauc_mrr_at_25_max": 0.170078,
        "nauc_mrr_at_25_std": 0.106235,
        "nauc_mrr_at_25_diff1": 0.487051,
        "nauc_mrr_at_50_max": 0.170349,
        "nauc_mrr_at_50_std": 0.105574,
        "nauc_mrr_at_50_diff1": 0.487771,
        "nauc_mrr_at_100_max": 0.170349,
        "nauc_mrr_at_100_std": 0.105574,
        "nauc_mrr_at_100_diff1": 0.487771,
        "nauc_mrr_at_1000_max": 0.170349,
        "nauc_mrr_at_1000_std": 0.105574,
        "nauc_mrr_at_1000_diff1": 0.487771,
        "hit_rate_at_1": 0.42574,
        "hit_rate_at_3": 0.60216,
        "hit_rate_at_5": 0.70207,
        "hit_rate_at_10": 0.83438,
        "hit_rate_at_20": 0.94329,
        "hit_rate_at_25": 0.9667,
        "hit_rate_at_50": 1.0,
        "hit_rate_at_100": 1.0,
        "hit_rate_at_1000": 1.0,
        "R_cap_at_1": 0.424842,
        "R_cap_at_3": 0.60396,
        "R_cap_at_5": 0.70117,
        "R_cap_at_10": 0.834383,
        "R_cap_at_20": 0.944194,
        "R_cap_at_25": 0.966697,
        "R_cap_at_50": 1.0,
        "R_cap_at_100": 1.0,
        "R_cap_at_1000": 1.0,
        "main_score": 0.6108,
        "hf_subset": "Covid-QA",
        "languages": [
          "eng-Latn"
        ],