{
  "dataset_revision": "6757300d912abd580dda453bced37cb7f5b44c78",
  "task_name": "ESGReports",
  "mteb_version": "2.12.39",
  "scores": {
    "test": [
      {
        "ndcg_at_1": 0.41667,
        "ndcg_at_3": 0.43969,
        "ndcg_at_5": 0.44812,
        "ndcg_at_10": 0.48379,
        "ndcg_at_20": 0.52328,
        "ndcg_at_25": 0.53524,
        "ndcg_at_50": 0.56729,
        "ndcg_at_100": 0.59403,
        "ndcg_at_1000": 0.59403,
        "map_at_1": 0.33426,
        "map_at_3": 0.3885,
        "map_at_5": 0.40119,
        "map_at_10": 0.41569,
        "map_at_20": 0.43174,
        "map_at_25": 0.43511,
        "map_at_50": 0.44353,
        "map_at_100": 0.44775,
        "map_at_1000": 0.44775,
        "recall_at_1": 0.33426,
        "recall_at_3": 0.45324,
        "recall_at_5": 0.48056,
        "recall_at_10": 0.5787,
        "recall_at_20": 0.69861,
        "recall_at_25": 0.74491,
        "recall_at_50": 0.87407,
        "recall_at_100": 1.0,
        "recall_at_1000": 1.0,
        "accuracy": 0.33426,
        "precision_at_1": 0.41667,
        "precision_at_3": 0.22222,
        "precision_at_5": 0.15556,
        "precision_at_10": 0.09722,
        "precision_at_20": 0.06389,
        "precision_at_25": 0.05444,
        "precision_at_50": 0.03389,
        "precision_at_100": 0.02,
        "precision_at_1000": 0.002,
        "mrr_at_1": 0.416667,
        "mrr_at_3": 0.49537,
        "mrr_at_5": 0.49537,
        "mrr_at_10": 0.518904,
        "mrr_at_20": 0.522608,
        "mrr_at_25": 0.523931,
        "mrr_at_50": 0.525419,
        "mrr_at_100": 0.526826,
        "mrr_at_1000": 0.526826,
        "nauc_ndcg_at_1_max": -0.135327,
        "nauc_ndcg_at_1_std": -0.026854,
        "nauc_ndcg_at_1_diff1": 0.255179,
        "nauc_ndcg_at_3_max": -0.033651,
        "nauc_ndcg_at_3_std": 0.077456,
        "nauc_ndcg_at_3_diff1": 0.239181,
        "nauc_ndcg_at_5_max": -0.046512,
        "nauc_ndcg_at_5_std": 0.069455,
        "nauc_ndcg_at_5_diff1": 0.269644,
        "nauc_ndcg_at_10_max": -0.063489,
        "nauc_ndcg_at_10_std": 0.021888,
        "nauc_ndcg_at_10_diff1": 0.254844,
        "nauc_ndcg_at_20_max": -0.021749,
        "nauc_ndcg_at_20_std": 0.100162,
        "nauc_ndcg_at_20_diff1": 0.228667,
        "nauc_ndcg_at_25_max": -0.026572,
        "nauc_ndcg_at_25_std": 0.118184,
        "nauc_ndcg_at_25_diff1": 0.228533,
        "nauc_ndcg_at_50_max": 0.007787,
        "nauc_ndcg_at_50_std": 0.119605,
        "nauc_ndcg_at_50_diff1": 0.259472,
        "nauc_ndcg_at_100_max": -0.062219,
        "nauc_ndcg_at_100_std": 0.059002,
        "nauc_ndcg_at_100_diff1": 0.254576,
        "nauc_ndcg_at_1000_max": -0.062219,
        "nauc_ndcg_at_1000_std": 0.059002,
        "nauc_ndcg_at_1000_diff1": 0.254576,
        "nauc_map_at_1_max": -0.097955,
        "nauc_map_at_1_std": 0.001322,
        "nauc_map_at_1_diff1": 0.21912,
        "nauc_map_at_3_max": -0.074961,
        "nauc_map_at_3_std": 0.030661,
        "nauc_map_at_3_diff1": 0.221237,
        "nauc_map_at_5_max": -0.073367,
        "nauc_map_at_5_std": 0.038301,
        "nauc_map_at_5_diff1": 0.228782,
        "nauc_map_at_10_max": -0.076704,
        "nauc_map_at_10_std": 0.024885,
        "nauc_map_at_10_diff1": 0.219458,
        "nauc_map_at_20_max": -0.061303,
        "nauc_map_at_20_std": 0.055216,
        "nauc_map_at_20_diff1": 0.207877,
        "nauc_map_at_25_max": -0.059749,
        "nauc_map_at_25_std": 0.061669,
        "nauc_map_at_25_diff1": 0.210937,
        "nauc_map_at_50_max": -0.055891,
        "nauc_map_at_50_std": 0.059747,
        "nauc_map_at_50_diff1": 0.215648,
        "nauc_map_at_100_max": -0.065777,
        "nauc_map_at_100_std": 0.05109,
        "nauc_map_at_100_diff1": 0.216405,
        "nauc_map_at_1000_max": -0.065777,
        "nauc_map_at_1000_std": 0.05109,
        "nauc_map_at_1000_diff1": 0.216405,
        "nauc_recall_at_1_max": -0.097955,
        "nauc_recall_at_1_std": 0.001322,
        "nauc_recall_at_1_diff1": 0.21912,
        "nauc_recall_at_3_max": -0.004823,
        "nauc_recall_at_3_std": 0.073736,
        "nauc_recall_at_3_diff1": 0.274144,
        "nauc_recall_at_5_max": -0.010247,
        "nauc_recall_at_5_std": 0.082931,
        "nauc_recall_at_5_diff1": 0.306147,
        "nauc_recall_at_10_max": -0.039876,
        "nauc_recall_at_10_std": -0.051337,
        "nauc_recall_at_10_diff1": 0.26062,
        "nauc_recall_at_20_max": 0.14737,
        "nauc_recall_at_20_std": 0.25082,
        "nauc_recall_at_20_diff1": 0.13131,
        "nauc_recall_at_25_max": 0.122678,
        "nauc_recall_at_25_std": 0.345124,
        "nauc_recall_at_25_diff1": 0.087477,
        "nauc_recall_at_50_max": 0.688745,
        "nauc_recall_at_50_std": 0.670167,
        "nauc_recall_at_50_diff1": 0.302816,
        "nauc_recall_at_100_max": NaN,
        "nauc_recall_at_100_std": NaN,
        "nauc_recall_at_100_diff1": NaN,
        "nauc_recall_at_1000_max": NaN,
        "nauc_recall_at_1000_std": NaN,
        "nauc_recall_at_1000_diff1": NaN,
        "nauc_precision_at_1_max": -0.135327,
        "nauc_precision_at_1_std": -0.026854,
        "nauc_precision_at_1_diff1": 0.255179,
        "nauc_precision_at_3_max": 0.129003,
        "nauc_precision_at_3_std": 0.275776,
        "nauc_precision_at_3_diff1": 0.245564,
        "nauc_precision_at_5_max": 0.07823,
        "nauc_precision_at_5_std": 0.238409,
        "nauc_precision_at_5_diff1": 0.242818,
        "nauc_precision_at_10_max": 0.030939,
        "nauc_precision_at_10_std": 0.081592,
        "nauc_precision_at_10_diff1": 0.151964,
        "nauc_precision_at_20_max": 0.094068,
        "nauc_precision_at_20_std": 0.230758,
        "nauc_precision_at_20_diff1": 0.042305,
        "nauc_precision_at_25_max": 0.105911,
        "nauc_precision_at_25_std": 0.28543,
        "nauc_precision_at_25_diff1": 0.061405,
        "nauc_precision_at_50_max": 0.108862,
        "nauc_precision_at_50_std": 0.139624,
        "nauc_precision_at_50_diff1": 0.10042,
        "nauc_precision_at_100_max": -0.081517,
        "nauc_precision_at_100_std": -0.068065,
        "nauc_precision_at_100_diff1": 0.058686,
        "nauc_precision_at_1000_max": -0.081517,
        "nauc_precision_at_1000_std": -0.068065,
        "nauc_precision_at_1000_diff1": 0.058686,
        "nauc_mrr_at_1_max": -0.135327,
        "nauc_mrr_at_1_std": -0.026854,
        "nauc_mrr_at_1_diff1": 0.255179,
        "nauc_mrr_at_3_max": -0.031529,
        "nauc_mrr_at_3_std": 0.098534,
        "nauc_mrr_at_3_diff1": 0.287745,
        "nauc_mrr_at_5_max": -0.031529,
        "nauc_mrr_at_5_std": 0.098534,
        "nauc_mrr_at_5_diff1": 0.287745,
        "nauc_mrr_at_10_max": -0.068457,
        "nauc_mrr_at_10_std": 0.048189,
        "nauc_mrr_at_10_diff1": 0.30321,
        "nauc_mrr_at_20_max": -0.060027,
        "nauc_mrr_at_20_std": 0.05938,
        "nauc_mrr_at_20_diff1": 0.294468,
        "nauc_mrr_at_25_max": -0.063198,
        "nauc_mrr_at_25_std": 0.059081,
        "nauc_mrr_at_25_diff1": 0.291417,
        "nauc_mrr_at_50_max": -0.058061,
        "nauc_mrr_at_50_std": 0.061804,
        "nauc_mrr_at_50_diff1": 0.292351,
        "nauc_mrr_at_100_max": -0.061069,
        "nauc_mrr_at_100_std": 0.05863,
        "nauc_mrr_at_100_diff1": 0.291095,
        "nauc_mrr_at_1000_max": -0.061069,
        "nauc_mrr_at_1000_std": 0.05863,
        "nauc_mrr_at_1000_diff1": 0.291095,
        "hit_rate_at_1": 0.41667,
        "hit_rate_at_3": 0.61111,
        "hit_rate_at_5": 0.63889,
        "hit_rate_at_10": 0.77778,
        "hit_rate_at_20": 0.83333,
        "hit_rate_at_25": 0.86111,
        "hit_rate_at_50": 0.91667,
        "hit_rate_at_100": 1.0,
        "hit_rate_at_1000": 1.0,
        "R_cap_at_1": 0.416667,
        "R_cap_at_3": 0.467593,
        "R_cap_at_5": 0.475926,
        "R_cap_at_10": 0.578704,
        "R_cap_at_20": 0.698611,
        "R_cap_at_25": 0.744907,
        "R_cap_at_50": 0.874074,
        "R_cap_at_100": 1.0,
        "R_cap_at_1000": 1.0,