{
  "dataset_revision": "432cf48c879c2de792720d5c0af6900312ebe7b6",
  "task_name": "LMEB_SciFact",
  "mteb_version": "2.12.39",
  "scores": {
    "test": [
      {
        "ndcg_at_1": 0.71277,
        "ndcg_at_3": 0.72362,
        "ndcg_at_5": 0.77266,
        "ndcg_at_10": 0.81759,
        "ndcg_at_20": 0.8294,
        "ndcg_at_25": 0.82985,
        "ndcg_at_50": 0.83059,
        "ndcg_at_100": 0.8323,
        "ndcg_at_1000": 0.8323,
        "map_at_1": 0.50497,
        "map_at_3": 0.64652,
        "map_at_5": 0.69668,
        "map_at_10": 0.73517,
        "map_at_20": 0.74324,
        "map_at_25": 0.74364,
        "map_at_50": 0.74408,
        "map_at_100": 0.74435,
        "map_at_1000": 0.74435,
        "recall_at_1": 0.50497,
        "recall_at_3": 0.72909,
        "recall_at_5": 0.84723,
        "recall_at_10": 0.95704,
        "recall_at_20": 0.98851,
        "recall_at_25": 0.98939,
        "recall_at_50": 0.99126,
        "recall_at_100": 1.0,
        "recall_at_1000": 1.0,
        "accuracy": 0.50497,
        "precision_at_1": 0.71277,
        "precision_at_3": 0.39716,
        "precision_at_5": 0.29574,
        "precision_at_10": 0.17872,
        "precision_at_20": 0.09521,
        "precision_at_25": 0.0766,
        "precision_at_50": 0.03862,
        "precision_at_100": 0.01947,
        "precision_at_1000": 0.00195,
        "mrr_at_1": 0.712766,
        "mrr_at_3": 0.799645,
        "mrr_at_5": 0.811879,
        "mrr_at_10": 0.815637,
        "mrr_at_20": 0.815969,
        "mrr_at_25": 0.815969,
        "mrr_at_50": 0.815969,
        "mrr_at_100": 0.816071,
        "mrr_at_1000": 0.816071,
        "nauc_ndcg_at_1_max": 0.216852,
        "nauc_ndcg_at_1_std": -0.152143,
        "nauc_ndcg_at_1_diff1": 0.521014,
        "nauc_ndcg_at_3_max": 0.108063,
        "nauc_ndcg_at_3_std": -0.213753,
        "nauc_ndcg_at_3_diff1": 0.406851,
        "nauc_ndcg_at_5_max": 0.135615,
        "nauc_ndcg_at_5_std": -0.231439,
        "nauc_ndcg_at_5_diff1": 0.438188,
        "nauc_ndcg_at_10_max": 0.186518,
        "nauc_ndcg_at_10_std": -0.266315,
        "nauc_ndcg_at_10_diff1": 0.474506,
        "nauc_ndcg_at_20_max": 0.186849,
        "nauc_ndcg_at_20_std": -0.192554,
        "nauc_ndcg_at_20_diff1": 0.464974,
        "nauc_ndcg_at_25_max": 0.184815,
        "nauc_ndcg_at_25_std": -0.189125,
        "nauc_ndcg_at_25_diff1": 0.466387,
        "nauc_ndcg_at_50_max": 0.186565,
        "nauc_ndcg_at_50_std": -0.181289,
        "nauc_ndcg_at_50_diff1": 0.465598,
        "nauc_ndcg_at_100_max": 0.177845,
        "nauc_ndcg_at_100_std": -0.18031,
        "nauc_ndcg_at_100_diff1": 0.462075,
        "nauc_ndcg_at_1000_max": 0.177845,
        "nauc_ndcg_at_1000_std": -0.18031,
        "nauc_ndcg_at_1000_diff1": 0.462075,
        "nauc_map_at_1_max": 0.02235,
        "nauc_map_at_1_std": -0.246721,
        "nauc_map_at_1_diff1": 0.444137,
        "nauc_map_at_3_max": 0.084224,
        "nauc_map_at_3_std": -0.262731,
        "nauc_map_at_3_diff1": 0.414622,
        "nauc_map_at_5_max": 0.108193,
        "nauc_map_at_5_std": -0.255267,
        "nauc_map_at_5_diff1": 0.426736,
        "nauc_map_at_10_max": 0.13925,
        "nauc_map_at_10_std": -0.2579,
        "nauc_map_at_10_diff1": 0.445005,
        "nauc_map_at_20_max": 0.139088,
        "nauc_map_at_20_std": -0.223966,
        "nauc_map_at_20_diff1": 0.441669,
        "nauc_map_at_25_max": 0.13782,
        "nauc_map_at_25_std": -0.22195,
        "nauc_map_at_25_diff1": 0.442586,
        "nauc_map_at_50_max": 0.138069,
        "nauc_map_at_50_std": -0.21897,
        "nauc_map_at_50_diff1": 0.442535,
        "nauc_map_at_100_max": 0.137214,
        "nauc_map_at_100_std": -0.218278,
        "nauc_map_at_100_diff1": 0.442204,
        "nauc_map_at_1000_max": 0.137214,
        "nauc_map_at_1000_std": -0.218278,
        "nauc_map_at_1000_diff1": 0.442204,
        "nauc_recall_at_1_max": 0.02235,
        "nauc_recall_at_1_std": -0.246721,
        "nauc_recall_at_1_diff1": 0.444137,
        "nauc_recall_at_3_max": 0.02214,
        "nauc_recall_at_3_std": -0.320212,
        "nauc_recall_at_3_diff1": 0.323064,
        "nauc_recall_at_5_max": 0.033171,
        "nauc_recall_at_5_std": -0.379453,
        "nauc_recall_at_5_diff1": 0.328081,
        "nauc_recall_at_10_max": 0.324233,
        "nauc_recall_at_10_std": -0.891946,
        "nauc_recall_at_10_diff1": 0.508074,
        "nauc_recall_at_20_max": 0.694687,
        "nauc_recall_at_20_std": -0.399644,
        "nauc_recall_at_20_diff1": 0.620481,
        "nauc_recall_at_25_max": 0.692432,
        "nauc_recall_at_25_std": -0.337027,
        "nauc_recall_at_25_diff1": 0.686702,
        "nauc_recall_at_50_max": 0.904376,
        "nauc_recall_at_50_std": -0.068595,
        "nauc_recall_at_50_diff1": 0.734961,
        "nauc_recall_at_100_max": NaN,
        "nauc_recall_at_100_std": NaN,
        "nauc_recall_at_100_diff1": NaN,
        "nauc_recall_at_1000_max": NaN,
        "nauc_recall_at_1000_std": NaN,
        "nauc_recall_at_1000_diff1": NaN,
        "nauc_precision_at_1_max": 0.216852,
        "nauc_precision_at_1_std": -0.152143,
        "nauc_precision_at_1_diff1": 0.521014,
        "nauc_precision_at_3_max": 0.223182,
        "nauc_precision_at_3_std": 0.112977,
        "nauc_precision_at_3_diff1": 0.001475,
        "nauc_precision_at_5_max": 0.178554,
        "nauc_precision_at_5_std": 0.200812,
        "nauc_precision_at_5_diff1": -0.09386,
        "nauc_precision_at_10_max": 0.145499,
        "nauc_precision_at_10_std": 0.242259,
        "nauc_precision_at_10_diff1": -0.143019,
        "nauc_precision_at_20_max": 0.117535,
        "nauc_precision_at_20_std": 0.343326,
        "nauc_precision_at_20_diff1": -0.173763,
        "nauc_precision_at_25_max": 0.107703,
        "nauc_precision_at_25_std": 0.34922,
        "nauc_precision_at_25_diff1": -0.16874,
        "nauc_precision_at_50_max": 0.108176,
        "nauc_precision_at_50_std": 0.363685,
        "nauc_precision_at_50_diff1": -0.170345,
        "nauc_precision_at_100_max": 0.096355,
        "nauc_precision_at_100_std": 0.375235,
        "nauc_precision_at_100_diff1": -0.17986,
        "nauc_precision_at_1000_max": 0.096355,
        "nauc_precision_at_1000_std": 0.375235,
        "nauc_precision_at_1000_diff1": -0.17986,
        "nauc_mrr_at_1_max": 0.216852,
        "nauc_mrr_at_1_std": -0.152143,
        "nauc_mrr_at_1_diff1": 0.521014,
        "nauc_mrr_at_3_max": 0.240577,
        "nauc_mrr_at_3_std": -0.122299,
        "nauc_mrr_at_3_diff1": 0.489681,
        "nauc_mrr_at_5_max": 0.227964,
        "nauc_mrr_at_5_std": -0.140011,
        "nauc_mrr_at_5_diff1": 0.50104,
        "nauc_mrr_at_10_max": 0.242011,
        "nauc_mrr_at_10_std": -0.140453,
        "nauc_mrr_at_10_diff1": 0.50777,
        "nauc_mrr_at_20_max": 0.240742,
        "nauc_mrr_at_20_std": -0.137235,
        "nauc_mrr_at_20_diff1": 0.507039,
        "nauc_mrr_at_25_max": 0.240742,
        "nauc_mrr_at_25_std": -0.137235,
        "nauc_mrr_at_25_diff1": 0.507039,
        "nauc_mrr_at_50_max": 0.240742,
        "nauc_mrr_at_50_std": -0.137235,
        "nauc_mrr_at_50_diff1": 0.507039,
        "nauc_mrr_at_100_max": 0.240269,
        "nauc_mrr_at_100_std": -0.137943,
        "nauc_mrr_at_100_diff1": 0.506905,
        "nauc_mrr_at_1000_max": 0.240269,
        "nauc_mrr_at_1000_std": -0.137943,
        "nauc_mrr_at_1000_diff1": 0.506905,
        "hit_rate_at_1": 0.71277,
        "hit_rate_at_3": 0.90957,
        "hit_rate_at_5": 0.96809,
        "hit_rate_at_10": 0.98936,
        "hit_rate_at_20": 0.99468,
        "hit_rate_at_25": 0.99468,
        "hit_rate_at_50": 0.99468,
        "hit_rate_at_100": 1.0,
        "hit_rate_at_1000": 1.0,
        "R_cap_at_1": 0.712766,
        "R_cap_at_3": 0.750887,
        "R_cap_at_5": 0.847252,
        "R_cap_at_10": 0.957567,
        "R_cap_at_20": 0.988507,
        "R_cap_at_25": 0.989393,
        "R_cap_at_50": 0.991261,
        "R_cap_at_100": 1.0,
        "R_cap_at_1000": 1.0,