{
  "dataset_revision": "ebc723b2474ef92d098a47e8f131aa7d3542b7b0",
  "task_name": "LMEBMLDR",
  "mteb_version": "2.12.39",
  "scores": {
    "test": [
      {
        "ndcg_at_1": 0.44,
        "ndcg_at_3": 0.62619,
        "ndcg_at_5": 0.67611,
        "ndcg_at_10": 0.71111,
        "ndcg_at_20": 0.71374,
        "ndcg_at_25": 0.71374,
        "ndcg_at_50": 0.71374,
        "ndcg_at_100": 0.71374,
        "ndcg_at_1000": 0.71374,
        "map_at_1": 0.44,
        "map_at_3": 0.58,
        "map_at_5": 0.608,
        "map_at_10": 0.62212,
        "map_at_20": 0.62289,
        "map_at_25": 0.62289,
        "map_at_50": 0.62289,
        "map_at_100": 0.62289,
        "map_at_1000": 0.62289,
        "recall_at_1": 0.44,
        "recall_at_3": 0.76,
        "recall_at_5": 0.88,
        "recall_at_10": 0.99,
        "recall_at_20": 1.0,
        "recall_at_25": 1.0,
        "recall_at_50": 1.0,
        "recall_at_100": 1.0,
        "recall_at_1000": 1.0,
        "accuracy": 0.44,
        "precision_at_1": 0.44,
        "precision_at_3": 0.25333,
        "precision_at_5": 0.176,
        "precision_at_10": 0.099,
        "precision_at_20": 0.05,
        "precision_at_25": 0.04,
        "precision_at_50": 0.02,
        "precision_at_100": 0.01,
        "precision_at_1000": 0.001,
        "mrr_at_1": 0.44,
        "mrr_at_3": 0.58,
        "mrr_at_5": 0.608,
        "mrr_at_10": 0.622012,
        "mrr_at_20": 0.622781,
        "mrr_at_25": 0.622781,
        "mrr_at_50": 0.622781,
        "mrr_at_100": 0.622781,
        "mrr_at_1000": 0.622781,
        "nauc_ndcg_at_1_max": 0.273608,
        "nauc_ndcg_at_1_std": 0.137169,
        "nauc_ndcg_at_1_diff1": 0.344117,
        "nauc_ndcg_at_3_max": 0.310164,
        "nauc_ndcg_at_3_std": 0.172644,
        "nauc_ndcg_at_3_diff1": 0.339301,
        "nauc_ndcg_at_5_max": 0.296313,
        "nauc_ndcg_at_5_std": 0.212611,
        "nauc_ndcg_at_5_diff1": 0.321082,
        "nauc_ndcg_at_10_max": 0.295595,
        "nauc_ndcg_at_10_std": 0.168326,
        "nauc_ndcg_at_10_diff1": 0.326604,
        "nauc_ndcg_at_20_max": 0.288086,
        "nauc_ndcg_at_20_std": 0.177905,
        "nauc_ndcg_at_20_diff1": 0.326192,
        "nauc_ndcg_at_25_max": 0.288086,
        "nauc_ndcg_at_25_std": 0.177905,
        "nauc_ndcg_at_25_diff1": 0.326192,
        "nauc_ndcg_at_50_max": 0.288086,
        "nauc_ndcg_at_50_std": 0.177905,
        "nauc_ndcg_at_50_diff1": 0.326192,
        "nauc_ndcg_at_100_max": 0.288086,
        "nauc_ndcg_at_100_std": 0.177905,
        "nauc_ndcg_at_100_diff1": 0.326192,
        "nauc_ndcg_at_1000_max": 0.288086,
        "nauc_ndcg_at_1000_std": 0.177905,
        "nauc_ndcg_at_1000_diff1": 0.326192,
        "nauc_map_at_1_max": 0.273608,
        "nauc_map_at_1_std": 0.137169,
        "nauc_map_at_1_diff1": 0.344117,
        "nauc_map_at_3_max": 0.297772,
        "nauc_map_at_3_std": 0.16869,
        "nauc_map_at_3_diff1": 0.330211,
        "nauc_map_at_5_max": 0.290317,
        "nauc_map_at_5_std": 0.187257,
        "nauc_map_at_5_diff1": 0.321618,
        "nauc_map_at_10_max": 0.288449,
        "nauc_map_at_10_std": 0.172562,
        "nauc_map_at_10_diff1": 0.325497,
        "nauc_map_at_20_max": 0.286745,
        "nauc_map_at_20_std": 0.174721,
        "nauc_map_at_20_diff1": 0.325402,
        "nauc_map_at_25_max": 0.286745,
        "nauc_map_at_25_std": 0.174721,
        "nauc_map_at_25_diff1": 0.325402,
        "nauc_map_at_50_max": 0.286745,
        "nauc_map_at_50_std": 0.174721,
        "nauc_map_at_50_diff1": 0.325402,
        "nauc_map_at_100_max": 0.286745,
        "nauc_map_at_100_std": 0.174721,
        "nauc_map_at_100_diff1": 0.325402,
        "nauc_map_at_1000_max": 0.286745,
        "nauc_map_at_1000_std": 0.174721,
        "nauc_map_at_1000_diff1": 0.325402,
        "nauc_recall_at_1_max": 0.273608,
        "nauc_recall_at_1_std": 0.137169,
        "nauc_recall_at_1_diff1": 0.344117,
        "nauc_recall_at_3_max": 0.360864,
        "nauc_recall_at_3_std": 0.184888,
        "nauc_recall_at_3_diff1": 0.381717,
        "nauc_recall_at_5_max": 0.333797,
        "nauc_recall_at_5_std": 0.392658,
        "nauc_recall_at_5_diff1": 0.319718,
        "nauc_recall_at_10_max": 0.869281,
        "nauc_recall_at_10_std": -0.563492,
        "nauc_recall_at_10_diff1": 0.358077,
        "nauc_recall_at_20_max": NaN,
        "nauc_recall_at_20_std": NaN,
        "nauc_recall_at_20_diff1": NaN,
        "nauc_recall_at_25_max": NaN,
        "nauc_recall_at_25_std": NaN,
        "nauc_recall_at_25_diff1": NaN,
        "nauc_recall_at_50_max": NaN,
        "nauc_recall_at_50_std": NaN,
        "nauc_recall_at_50_diff1": NaN,
        "nauc_recall_at_100_max": NaN,
        "nauc_recall_at_100_std": NaN,
        "nauc_recall_at_100_diff1": NaN,
        "nauc_recall_at_1000_max": NaN,
        "nauc_recall_at_1000_std": NaN,
        "nauc_recall_at_1000_diff1": NaN,
        "nauc_precision_at_1_max": 0.273608,
        "nauc_precision_at_1_std": 0.137169,
        "nauc_precision_at_1_diff1": 0.344117,
        "nauc_precision_at_3_max": 0.360864,
        "nauc_precision_at_3_std": 0.184888,
        "nauc_precision_at_3_diff1": 0.381717,
        "nauc_precision_at_5_max": 0.333797,
        "nauc_precision_at_5_std": 0.392658,
        "nauc_precision_at_5_diff1": 0.319718,
        "nauc_precision_at_10_max": 0.869281,
        "nauc_precision_at_10_std": -0.563492,
        "nauc_precision_at_10_diff1": 0.358077,
        "nauc_precision_at_20_max": 1.0,
        "nauc_precision_at_20_std": 1.0,
        "nauc_precision_at_20_diff1": 1.0,
        "nauc_precision_at_25_max": NaN,
        "nauc_precision_at_25_std": NaN,
        "nauc_precision_at_25_diff1": NaN,
        "nauc_precision_at_50_max": NaN,
        "nauc_precision_at_50_std": NaN,
        "nauc_precision_at_50_diff1": NaN,
        "nauc_precision_at_100_max": NaN,
        "nauc_precision_at_100_std": NaN,
        "nauc_precision_at_100_diff1": NaN,
        "nauc_precision_at_1000_max": NaN,
        "nauc_precision_at_1000_std": NaN,
        "nauc_precision_at_1000_diff1": NaN,
        "nauc_mrr_at_1_max": 0.273608,
        "nauc_mrr_at_1_std": 0.137169,
        "nauc_mrr_at_1_diff1": 0.344117,
        "nauc_mrr_at_3_max": 0.297772,
        "nauc_mrr_at_3_std": 0.16869,
        "nauc_mrr_at_3_diff1": 0.330211,
        "nauc_mrr_at_5_max": 0.290317,
        "nauc_mrr_at_5_std": 0.187257,
        "nauc_mrr_at_5_diff1": 0.321618,
        "nauc_mrr_at_10_max": 0.288561,
        "nauc_mrr_at_10_std": 0.172856,
        "nauc_mrr_at_10_diff1": 0.325727,
        "nauc_mrr_at_20_max": 0.286859,
        "nauc_mrr_at_20_std": 0.175015,
        "nauc_mrr_at_20_diff1": 0.325632,
        "nauc_mrr_at_25_max": 0.286859,
        "nauc_mrr_at_25_std": 0.175015,
        "nauc_mrr_at_25_diff1": 0.325632,
        "nauc_mrr_at_50_max": 0.286859,
        "nauc_mrr_at_50_std": 0.175015,
        "nauc_mrr_at_50_diff1": 0.325632,
        "nauc_mrr_at_100_max": 0.286859,
        "nauc_mrr_at_100_std": 0.175015,
        "nauc_mrr_at_100_diff1": 0.325632,
        "nauc_mrr_at_1000_max": 0.286859,
        "nauc_mrr_at_1000_std": 0.175015,
        "nauc_mrr_at_1000_diff1": 0.325632,
        "hit_rate_at_1": 0.44,
        "hit_rate_at_3": 0.76,
        "hit_rate_at_5": 0.88,
        "hit_rate_at_10": 0.99,
        "hit_rate_at_20": 1.0,
        "hit_rate_at_25": 1.0,
        "hit_rate_at_50": 1.0,
        "hit_rate_at_100": 1.0,
        "hit_rate_at_1000": 1.0,
        "R_cap_at_1": 0.44,
        "R_cap_at_3": 0.76,
        "R_cap_at_5": 0.88,
        "R_cap_at_10": 0.99,
        "R_cap_at_20": 1.0,
        "R_cap_at_25": 1.0,
        "R_cap_at_50": 1.0,
        "R_cap_at_100": 1.0,
        "R_cap_at_1000": 1.0,
        "main_score": 0.71111,
        "hf_subset": "MLDR",
        "languages": [
          "eng-Latn"
        ],
        "mteb_version": "2.12.39"
      }
    ]
  },
  "evaluation_time": 35.4544792175293,
  "kg_co2_emissions": null,
  "date": 1781486980.229016
}