{
  "dataset_revision": "df52bb043564336892a1eb9127559130fcb0e62c",
  "task_name": "LooGLE",
  "mteb_version": "2.12.39",
  "scores": {
    "test": [
      {
        "ndcg_at_1": 0.36876,
        "ndcg_at_3": 0.33508,
        "ndcg_at_5": 0.36159,
        "ndcg_at_10": 0.41975,
        "ndcg_at_20": 0.46574,
        "ndcg_at_25": 0.48058,
        "ndcg_at_50": 0.51947,
        "ndcg_at_100": 0.54426,
        "ndcg_at_1000": 0.55307,
        "map_at_1": 0.15209,
        "map_at_3": 0.25075,
        "map_at_5": 0.28166,
        "map_at_10": 0.31459,
        "map_at_20": 0.33427,
        "map_at_25": 0.33901,
        "map_at_50": 0.34905,
        "map_at_100": 0.35346,
        "map_at_1000": 0.35442,
        "recall_at_1": 0.15209,
        "recall_at_3": 0.30858,
        "recall_at_5": 0.38846,
        "recall_at_10": 0.52259,
        "recall_at_20": 0.65046,
        "recall_at_25": 0.698,
        "recall_at_50": 0.8411,
        "recall_at_100": 0.94795,
        "recall_at_1000": 0.99286,
        "accuracy": 0.15209,
        "precision_at_1": 0.36876,
        "precision_at_3": 0.26067,
        "precision_at_5": 0.20291,
        "precision_at_10": 0.14078,
        "precision_at_20": 0.0911,
        "precision_at_25": 0.07916,
        "precision_at_50": 0.04863,
        "precision_at_100": 0.02777,
        "precision_at_1000": 0.00291,
        "mrr_at_1": 0.373297,
        "mrr_at_3": 0.460339,
        "mrr_at_5": 0.484862,
        "mrr_at_10": 0.500771,
        "mrr_at_20": 0.50634,
        "mrr_at_25": 0.507657,
        "mrr_at_50": 0.509526,
        "mrr_at_100": 0.509916,
        "mrr_at_1000": 0.509979,
        "nauc_ndcg_at_1_max": 0.077856,
        "nauc_ndcg_at_1_std": 0.149346,
        "nauc_ndcg_at_1_diff1": 0.277699,
        "nauc_ndcg_at_3_max": 0.041943,
        "nauc_ndcg_at_3_std": 0.188993,
        "nauc_ndcg_at_3_diff1": 0.235566,
        "nauc_ndcg_at_5_max": 0.049488,
        "nauc_ndcg_at_5_std": 0.211404,
        "nauc_ndcg_at_5_diff1": 0.250372,
        "nauc_ndcg_at_10_max": 0.06947,
        "nauc_ndcg_at_10_std": 0.242932,
        "nauc_ndcg_at_10_diff1": 0.252174,
        "nauc_ndcg_at_20_max": 0.079427,
        "nauc_ndcg_at_20_std": 0.262364,
        "nauc_ndcg_at_20_diff1": 0.269207,
        "nauc_ndcg_at_25_max": 0.083769,
        "nauc_ndcg_at_25_std": 0.265979,
        "nauc_ndcg_at_25_diff1": 0.269794,
        "nauc_ndcg_at_50_max": 0.087829,
        "nauc_ndcg_at_50_std": 0.27067,
        "nauc_ndcg_at_50_diff1": 0.277033,
        "nauc_ndcg_at_100_max": 0.088295,
        "nauc_ndcg_at_100_std": 0.250645,
        "nauc_ndcg_at_100_diff1": 0.259775,
        "nauc_ndcg_at_1000_max": 0.081735,
        "nauc_ndcg_at_1000_std": 0.233459,
        "nauc_ndcg_at_1000_diff1": 0.255899,
        "nauc_map_at_1_max": 0.034995,
        "nauc_map_at_1_std": 0.149703,
        "nauc_map_at_1_diff1": 0.296854,
        "nauc_map_at_3_max": 0.032748,
        "nauc_map_at_3_std": 0.191585,
        "nauc_map_at_3_diff1": 0.255588,
        "nauc_map_at_5_max": 0.046975,
        "nauc_map_at_5_std": 0.206675,
        "nauc_map_at_5_diff1": 0.25972,
        "nauc_map_at_10_max": 0.054503,
        "nauc_map_at_10_std": 0.223392,
        "nauc_map_at_10_diff1": 0.257566,
        "nauc_map_at_20_max": 0.058676,
        "nauc_map_at_20_std": 0.233515,
        "nauc_map_at_20_diff1": 0.265132,
        "nauc_map_at_25_max": 0.059169,
        "nauc_map_at_25_std": 0.234814,
        "nauc_map_at_25_diff1": 0.265054,
        "nauc_map_at_50_max": 0.061385,
        "nauc_map_at_50_std": 0.237282,
        "nauc_map_at_50_diff1": 0.267129,
        "nauc_map_at_100_max": 0.061267,
        "nauc_map_at_100_std": 0.234483,
        "nauc_map_at_100_diff1": 0.264153,
        "nauc_map_at_1000_max": 0.060807,
        "nauc_map_at_1000_std": 0.232829,
        "nauc_map_at_1000_diff1": 0.263716,
        "nauc_recall_at_1_max": 0.034995,
        "nauc_recall_at_1_std": 0.149703,
        "nauc_recall_at_1_diff1": 0.296854,
        "nauc_recall_at_3_max": 0.008655,
        "nauc_recall_at_3_std": 0.200799,
        "nauc_recall_at_3_diff1": 0.213607,
        "nauc_recall_at_5_max": 0.029525,
        "nauc_recall_at_5_std": 0.224897,
        "nauc_recall_at_5_diff1": 0.220338,
        "nauc_recall_at_10_max": 0.068093,
        "nauc_recall_at_10_std": 0.28102,
        "nauc_recall_at_10_diff1": 0.213902,
        "nauc_recall_at_20_max": 0.096232,
        "nauc_recall_at_20_std": 0.347504,
        "nauc_recall_at_20_diff1": 0.261886,
        "nauc_recall_at_25_max": 0.111958,
        "nauc_recall_at_25_std": 0.372265,
        "nauc_recall_at_25_diff1": 0.267669,
        "nauc_recall_at_50_max": 0.140382,
        "nauc_recall_at_50_std": 0.476767,
        "nauc_recall_at_50_diff1": 0.325511,
        "nauc_recall_at_100_max": 0.249381,
        "nauc_recall_at_100_std": 0.579514,
        "nauc_recall_at_100_diff1": 0.213669,
        "nauc_recall_at_1000_max": 0.246867,
        "nauc_recall_at_1000_std": 0.466006,
        "nauc_recall_at_1000_diff1": -0.209079,
        "nauc_precision_at_1_max": 0.077856,
        "nauc_precision_at_1_std": 0.149346,
        "nauc_precision_at_1_diff1": 0.277699,
        "nauc_precision_at_3_max": 0.058007,
        "nauc_precision_at_3_std": 0.178592,
        "nauc_precision_at_3_diff1": 0.174619,
        "nauc_precision_at_5_max": 0.084526,
        "nauc_precision_at_5_std": 0.192104,
        "nauc_precision_at_5_diff1": 0.171646,
        "nauc_precision_at_10_max": 0.10844,
        "nauc_precision_at_10_std": 0.21815,
        "nauc_precision_at_10_diff1": 0.124952,
        "nauc_precision_at_20_max": 0.111937,
        "nauc_precision_at_20_std": 0.203814,
        "nauc_precision_at_20_diff1": 0.106969,
        "nauc_precision_at_25_max": 0.117532,
        "nauc_precision_at_25_std": 0.192768,
        "nauc_precision_at_25_diff1": 0.083432,
        "nauc_precision_at_50_max": 0.108444,
        "nauc_precision_at_50_std": 0.135449,
        "nauc_precision_at_50_diff1": 0.02678,
        "nauc_precision_at_100_max": 0.089464,
        "nauc_precision_at_100_std": 0.019361,
        "nauc_precision_at_100_diff1": -0.082996,
        "nauc_precision_at_1000_max": 0.068422,
        "nauc_precision_at_1000_std": -0.05548,
        "nauc_precision_at_1000_diff1": -0.122088,
        "nauc_mrr_at_1_max": 0.081643,
        "nauc_mrr_at_1_std": 0.144269,
        "nauc_mrr_at_1_diff1": 0.264411,
        "nauc_mrr_at_3_max": 0.079011,
        "nauc_mrr_at_3_std": 0.172953,
        "nauc_mrr_at_3_diff1": 0.242327,
        "nauc_mrr_at_5_max": 0.077514,
        "nauc_mrr_at_5_std": 0.176071,
        "nauc_mrr_at_5_diff1": 0.245487,
        "nauc_mrr_at_10_max": 0.086451,
        "nauc_mrr_at_10_std": 0.181951,
        "nauc_mrr_at_10_diff1": 0.248272,
        "nauc_mrr_at_20_max": 0.086975,
        "nauc_mrr_at_20_std": 0.182739,
        "nauc_mrr_at_20_diff1": 0.250306,
        "nauc_mrr_at_25_max": 0.087522,
        "nauc_mrr_at_25_std": 0.182494,
        "nauc_mrr_at_25_diff1": 0.250443,
        "nauc_mrr_at_50_max": 0.086264,
        "nauc_mrr_at_50_std": 0.181062,
        "nauc_mrr_at_50_diff1": 0.249796,
        "nauc_mrr_at_100_max": 0.08602,
        "nauc_mrr_at_100_std": 0.180621,
        "nauc_mrr_at_100_diff1": 0.249584,
        "nauc_mrr_at_1000_max": 0.085918,
        "nauc_mrr_at_1000_std": 0.180543,
        "nauc_mrr_at_1000_diff1": 0.249558,
        "hit_rate_at_1": 0.36876,
        "hit_rate_at_3": 0.56948,
        "hit_rate_at_5": 0.66939,
        "hit_rate_at_10": 0.79382,
        "hit_rate_at_20": 0.87466,
        "hit_rate_at_25": 0.90372,
        "hit_rate_at_50": 0.96549,
        "hit_rate_at_100": 0.99092,
        "hit_rate_at_1000": 0.99818,
        "R_cap_at_1": 0.373297,
        "R_cap_at_3": 0.33515,
        "R_cap_at_5": 0.39452,
        "R_cap_at_10": 0.523933,
        "R_cap_at_20": 0.64934,
        "R_cap_at_25": 0.697845,
        "R_cap_at_50": 0.840573,
        "R_cap_at_100": 0.948129,
        "R_cap_at_1000": 0.992861,