{
  "dataset_revision": "6b2010c691a435a7a920088d32e55c898afa97f5",
  "task_name": "PeerQA",
  "mteb_version": "2.12.39",
  "scores": {
    "test": [
      {
        "ndcg_at_1": 0.23529,
        "ndcg_at_3": 0.24406,
        "ndcg_at_5": 0.28323,
        "ndcg_at_10": 0.31823,
        "ndcg_at_20": 0.35658,
        "ndcg_at_25": 0.36235,
        "ndcg_at_50": 0.40244,
        "ndcg_at_100": 0.43561,
        "ndcg_at_1000": 0.46536,
        "map_at_1": 0.1448,
        "map_at_3": 0.19572,
        "map_at_5": 0.22428,
        "map_at_10": 0.24182,
        "map_at_20": 0.2544,
        "map_at_25": 0.25618,
        "map_at_50": 0.26452,
        "map_at_100": 0.26942,
        "map_at_1000": 0.27265,
        "recall_at_1": 0.1448,
        "recall_at_3": 0.24438,
        "recall_at_5": 0.34218,
        "recall_at_10": 0.42816,
        "recall_at_20": 0.54743,
        "recall_at_25": 0.56496,
        "recall_at_50": 0.71548,
        "recall_at_100": 0.85902,
        "recall_at_1000": 1.0,
        "accuracy": 0.1448,
        "precision_at_1": 0.23529,
        "precision_at_3": 0.14216,
        "precision_at_5": 0.12647,
        "precision_at_10": 0.08824,
        "precision_at_20": 0.05993,
        "precision_at_25": 0.05059,
        "precision_at_50": 0.035,
        "precision_at_100": 0.02243,
        "precision_at_1000": 0.00286,
        "mrr_at_1": 0.235294,
        "mrr_at_3": 0.302696,
        "mrr_at_5": 0.329534,
        "mrr_at_10": 0.344389,
        "mrr_at_20": 0.354187,
        "mrr_at_25": 0.355516,
        "mrr_at_50": 0.358915,
        "mrr_at_100": 0.359877,
        "mrr_at_1000": 0.360031,
        "nauc_ndcg_at_1_max": -0.025117,
        "nauc_ndcg_at_1_std": -0.250969,
        "nauc_ndcg_at_1_diff1": 0.269185,
        "nauc_ndcg_at_3_max": -0.042427,
        "nauc_ndcg_at_3_std": -0.298313,
        "nauc_ndcg_at_3_diff1": 0.222859,
        "nauc_ndcg_at_5_max": -0.026074,
        "nauc_ndcg_at_5_std": -0.255563,
        "nauc_ndcg_at_5_diff1": 0.224083,
        "nauc_ndcg_at_10_max": -0.015127,
        "nauc_ndcg_at_10_std": -0.225542,
        "nauc_ndcg_at_10_diff1": 0.231988,
        "nauc_ndcg_at_20_max": -0.015646,
        "nauc_ndcg_at_20_std": -0.213598,
        "nauc_ndcg_at_20_diff1": 0.218956,
        "nauc_ndcg_at_25_max": -0.00297,
        "nauc_ndcg_at_25_std": -0.20354,
        "nauc_ndcg_at_25_diff1": 0.219962,
        "nauc_ndcg_at_50_max": 0.028488,
        "nauc_ndcg_at_50_std": -0.175383,
        "nauc_ndcg_at_50_diff1": 0.221758,
        "nauc_ndcg_at_100_max": 0.004668,
        "nauc_ndcg_at_100_std": -0.202318,
        "nauc_ndcg_at_100_diff1": 0.206198,
        "nauc_ndcg_at_1000_max": -0.000955,
        "nauc_ndcg_at_1000_std": -0.208067,
        "nauc_ndcg_at_1000_diff1": 0.205578,
        "nauc_map_at_1_max": 0.003735,
        "nauc_map_at_1_std": -0.278952,
        "nauc_map_at_1_diff1": 0.38064,
        "nauc_map_at_3_max": -0.035121,
        "nauc_map_at_3_std": -0.309709,
        "nauc_map_at_3_diff1": 0.285907,
        "nauc_map_at_5_max": -0.023165,
        "nauc_map_at_5_std": -0.278941,
        "nauc_map_at_5_diff1": 0.27503,
        "nauc_map_at_10_max": -0.015766,
        "nauc_map_at_10_std": -0.261847,
        "nauc_map_at_10_diff1": 0.279082,
        "nauc_map_at_20_max": -0.011552,
        "nauc_map_at_20_std": -0.253217,
        "nauc_map_at_20_diff1": 0.274346,
        "nauc_map_at_25_max": -0.006384,
        "nauc_map_at_25_std": -0.249179,
        "nauc_map_at_25_diff1": 0.273013,
        "nauc_map_at_50_max": 0.001723,
        "nauc_map_at_50_std": -0.24181,
        "nauc_map_at_50_diff1": 0.271661,
        "nauc_map_at_100_max": -0.001555,
        "nauc_map_at_100_std": -0.245499,
        "nauc_map_at_100_diff1": 0.269617,
        "nauc_map_at_1000_max": -0.00192,
        "nauc_map_at_1000_std": -0.245316,
        "nauc_map_at_1000_diff1": 0.268935,
        "nauc_recall_at_1_max": 0.003735,
        "nauc_recall_at_1_std": -0.278952,
        "nauc_recall_at_1_diff1": 0.38064,
        "nauc_recall_at_3_max": -0.067914,
        "nauc_recall_at_3_std": -0.31026,
        "nauc_recall_at_3_diff1": 0.185715,
        "nauc_recall_at_5_max": -0.032872,
        "nauc_recall_at_5_std": -0.212937,
        "nauc_recall_at_5_diff1": 0.156834,
        "nauc_recall_at_10_max": -0.002279,
        "nauc_recall_at_10_std": -0.143025,
        "nauc_recall_at_10_diff1": 0.1864,
        "nauc_recall_at_20_max": -0.027816,
        "nauc_recall_at_20_std": -0.112079,
        "nauc_recall_at_20_diff1": 0.135884,
        "nauc_recall_at_25_max": 0.004574,
        "nauc_recall_at_25_std": -0.088261,
        "nauc_recall_at_25_diff1": 0.144285,
        "nauc_recall_at_50_max": 0.145936,
        "nauc_recall_at_50_std": 0.046654,
        "nauc_recall_at_50_diff1": 0.181078,
        "nauc_recall_at_100_max": 0.039351,
        "nauc_recall_at_100_std": -0.033445,
        "nauc_recall_at_100_diff1": 0.079153,
        "nauc_recall_at_1000_max": NaN,
        "nauc_recall_at_1000_std": NaN,
        "nauc_recall_at_1000_diff1": NaN,
        "nauc_precision_at_1_max": -0.025117,
        "nauc_precision_at_1_std": -0.250969,
        "nauc_precision_at_1_diff1": 0.269185,
        "nauc_precision_at_3_max": -0.061672,
        "nauc_precision_at_3_std": -0.259631,
        "nauc_precision_at_3_diff1": 0.070846,
        "nauc_precision_at_5_max": 0.015203,
        "nauc_precision_at_5_std": -0.102315,
        "nauc_precision_at_5_diff1": 0.035199,
        "nauc_precision_at_10_max": 0.010869,
        "nauc_precision_at_10_std": -0.007522,
        "nauc_precision_at_10_diff1": -0.013637,
        "nauc_precision_at_20_max": 0.059918,
        "nauc_precision_at_20_std": 0.107107,
        "nauc_precision_at_20_diff1": -0.080728,
        "nauc_precision_at_25_max": 0.102336,
        "nauc_precision_at_25_std": 0.137462,
        "nauc_precision_at_25_diff1": -0.075789,
        "nauc_precision_at_50_max": 0.178295,
        "nauc_precision_at_50_std": 0.273527,
        "nauc_precision_at_50_diff1": -0.172639,
        "nauc_precision_at_100_max": 0.089383,
        "nauc_precision_at_100_std": 0.217778,
        "nauc_precision_at_100_diff1": -0.271514,
        "nauc_precision_at_1000_max": 0.038929,
        "nauc_precision_at_1000_std": 0.198473,
        "nauc_precision_at_1000_diff1": -0.257158,
        "nauc_mrr_at_1_max": -0.025117,
        "nauc_mrr_at_1_std": -0.250969,
        "nauc_mrr_at_1_diff1": 0.269185,
        "nauc_mrr_at_3_max": -0.064888,
        "nauc_mrr_at_3_std": -0.279916,
        "nauc_mrr_at_3_diff1": 0.181193,
        "nauc_mrr_at_5_max": -0.050544,
        "nauc_mrr_at_5_std": -0.263368,
        "nauc_mrr_at_5_diff1": 0.189633,
        "nauc_mrr_at_10_max": -0.046396,
        "nauc_mrr_at_10_std": -0.252648,
        "nauc_mrr_at_10_diff1": 0.187474,
        "nauc_mrr_at_20_max": -0.048767,
        "nauc_mrr_at_20_std": -0.254745,
        "nauc_mrr_at_20_diff1": 0.184423,
        "nauc_mrr_at_25_max": -0.049499,
        "nauc_mrr_at_25_std": -0.255149,
        "nauc_mrr_at_25_diff1": 0.185482,
        "nauc_mrr_at_50_max": -0.049523,
        "nauc_mrr_at_50_std": -0.256048,
        "nauc_mrr_at_50_diff1": 0.186803,
        "nauc_mrr_at_100_max": -0.050042,
        "nauc_mrr_at_100_std": -0.257058,
        "nauc_mrr_at_100_diff1": 0.187055,
        "nauc_mrr_at_1000_max": -0.04975,
        "nauc_mrr_at_1000_std": -0.256977,
        "nauc_mrr_at_1000_diff1": 0.187447,
        "hit_rate_at_1": 0.23529,
        "hit_rate_at_3": 0.38971,
        "hit_rate_at_5": 0.51471,
        "hit_rate_at_10": 0.61765,
        "hit_rate_at_20": 0.76471,
        "hit_rate_at_25": 0.78676,
        "hit_rate_at_50": 0.91176,
        "hit_rate_at_100": 0.97794,
        "hit_rate_at_1000": 1.0,
        "R_cap_at_1": 0.235294,
        "R_cap_at_3": 0.254902,
        "R_cap_at_5": 0.343015,
        "R_cap_at_10": 0.430068,
        "R_cap_at_20": 0.537622,
        "R_cap_at_25": 0.56643,
        "R_cap_at_50": 0.720627,