{
  "dataset_revision": "898f2eced48890f19b6a88f1b616e9ca6c5dda1c",
  "task_name": "QASPER",
  "mteb_version": "2.12.39",
  "scores": {
    "test": [
      {
        "ndcg_at_1": 0.31161,
        "ndcg_at_3": 0.40866,
        "ndcg_at_5": 0.45775,
        "ndcg_at_10": 0.50878,
        "ndcg_at_20": 0.55141,
        "ndcg_at_25": 0.56266,
        "ndcg_at_50": 0.57983,
        "ndcg_at_100": 0.58262,
        "ndcg_at_1000": 0.58274,
        "map_at_1": 0.2473,
        "map_at_3": 0.3529,
        "map_at_5": 0.38839,
        "map_at_10": 0.41608,
        "map_at_20": 0.432,
        "map_at_25": 0.43549,
        "map_at_50": 0.44015,
        "map_at_100": 0.44072,
        "map_at_1000": 0.44074,
        "recall_at_1": 0.2473,
        "recall_at_3": 0.46315,
        "recall_at_5": 0.58641,
        "recall_at_10": 0.73289,
        "recall_at_20": 0.87699,
        "recall_at_25": 0.91911,
        "recall_at_50": 0.98809,
        "recall_at_100": 0.99954,
        "recall_at_1000": 1.0,
        "accuracy": 0.2473,
        "precision_at_1": 0.31161,
        "precision_at_3": 0.21348,
        "precision_at_5": 0.16749,
        "precision_at_10": 0.11086,
        "precision_at_20": 0.07022,
        "precision_at_25": 0.06007,
        "precision_at_50": 0.03384,
        "precision_at_100": 0.01735,
        "precision_at_1000": 0.00174,
        "mrr_at_1": 0.310861,
        "mrr_at_3": 0.418851,
        "mrr_at_5": 0.44608,
        "mrr_at_10": 0.463706,
        "mrr_at_20": 0.471591,
        "mrr_at_25": 0.472867,
        "mrr_at_50": 0.474147,
        "mrr_at_100": 0.474212,
        "mrr_at_1000": 0.474212,
        "nauc_ndcg_at_1_max": -0.054375,
        "nauc_ndcg_at_1_std": -0.046365,
        "nauc_ndcg_at_1_diff1": 0.239519,
        "nauc_ndcg_at_3_max": -0.037636,
        "nauc_ndcg_at_3_std": -0.017467,
        "nauc_ndcg_at_3_diff1": 0.187607,
        "nauc_ndcg_at_5_max": -0.035341,
        "nauc_ndcg_at_5_std": -0.015639,
        "nauc_ndcg_at_5_diff1": 0.193893,
        "nauc_ndcg_at_10_max": -0.037447,
        "nauc_ndcg_at_10_std": -0.010332,
        "nauc_ndcg_at_10_diff1": 0.192941,
        "nauc_ndcg_at_20_max": -0.030853,
        "nauc_ndcg_at_20_std": -0.008042,
        "nauc_ndcg_at_20_diff1": 0.190461,
        "nauc_ndcg_at_25_max": -0.032569,
        "nauc_ndcg_at_25_std": -0.010406,
        "nauc_ndcg_at_25_diff1": 0.197905,
        "nauc_ndcg_at_50_max": -0.029331,
        "nauc_ndcg_at_50_std": -0.010357,
        "nauc_ndcg_at_50_diff1": 0.202091,
        "nauc_ndcg_at_100_max": -0.030439,
        "nauc_ndcg_at_100_std": -0.012895,
        "nauc_ndcg_at_100_diff1": 0.201829,
        "nauc_ndcg_at_1000_max": -0.02978,
        "nauc_ndcg_at_1000_std": -0.012689,
        "nauc_ndcg_at_1000_diff1": 0.201956,
        "nauc_map_at_1_max": -0.057546,
        "nauc_map_at_1_std": -0.043369,
        "nauc_map_at_1_diff1": 0.251177,
        "nauc_map_at_3_max": -0.044128,
        "nauc_map_at_3_std": -0.025731,
        "nauc_map_at_3_diff1": 0.200435,
        "nauc_map_at_5_max": -0.041327,
        "nauc_map_at_5_std": -0.024212,
        "nauc_map_at_5_diff1": 0.205255,
        "nauc_map_at_10_max": -0.041118,
        "nauc_map_at_10_std": -0.018732,
        "nauc_map_at_10_diff1": 0.203929,
        "nauc_map_at_20_max": -0.037834,
        "nauc_map_at_20_std": -0.01607,
        "nauc_map_at_20_diff1": 0.203393,
        "nauc_map_at_25_max": -0.038161,
        "nauc_map_at_25_std": -0.016714,
        "nauc_map_at_25_diff1": 0.204999,
        "nauc_map_at_50_max": -0.035741,
        "nauc_map_at_50_std": -0.015398,
        "nauc_map_at_50_diff1": 0.206188,
        "nauc_map_at_100_max": -0.03591,
        "nauc_map_at_100_std": -0.015767,
        "nauc_map_at_100_diff1": 0.206304,
        "nauc_map_at_1000_max": -0.035813,
        "nauc_map_at_1000_std": -0.015728,
        "nauc_map_at_1000_diff1": 0.206317,
        "nauc_recall_at_1_max": -0.057546,
        "nauc_recall_at_1_std": -0.043369,
        "nauc_recall_at_1_diff1": 0.251177,
        "nauc_recall_at_3_max": -0.033584,
        "nauc_recall_at_3_std": -0.005095,
        "nauc_recall_at_3_diff1": 0.140755,
        "nauc_recall_at_5_max": -0.030147,
        "nauc_recall_at_5_std": -0.003877,
        "nauc_recall_at_5_diff1": 0.153106,
        "nauc_recall_at_10_max": -0.032567,
        "nauc_recall_at_10_std": 0.020717,
        "nauc_recall_at_10_diff1": 0.145838,
        "nauc_recall_at_20_max": 0.004582,
        "nauc_recall_at_20_std": 0.057087,
        "nauc_recall_at_20_diff1": 0.09088,
        "nauc_recall_at_25_max": -0.013826,
        "nauc_recall_at_25_std": 0.049942,
        "nauc_recall_at_25_diff1": 0.14021,
        "nauc_recall_at_50_max": 0.033225,
        "nauc_recall_at_50_std": 0.194388,
        "nauc_recall_at_50_diff1": 0.17961,
        "nauc_recall_at_100_max": -1.36071,
        "nauc_recall_at_100_std": -0.361324,
        "nauc_recall_at_100_diff1": -0.232559,
        "nauc_recall_at_1000_max": NaN,
        "nauc_recall_at_1000_std": NaN,
        "nauc_recall_at_1000_diff1": NaN,
        "nauc_precision_at_1_max": -0.054375,
        "nauc_precision_at_1_std": -0.046365,
        "nauc_precision_at_1_diff1": 0.239519,
        "nauc_precision_at_3_max": -0.020473,
        "nauc_precision_at_3_std": -0.003213,
        "nauc_precision_at_3_diff1": 0.104839,
        "nauc_precision_at_5_max": 0.008671,
        "nauc_precision_at_5_std": 0.01764,
        "nauc_precision_at_5_diff1": 0.087817,
        "nauc_precision_at_10_max": 0.031535,
        "nauc_precision_at_10_std": 0.056973,
        "nauc_precision_at_10_diff1": 0.042176,
        "nauc_precision_at_20_max": 0.066907,
        "nauc_precision_at_20_std": 0.072269,
        "nauc_precision_at_20_diff1": -0.012026,
        "nauc_precision_at_25_max": 0.068658,
        "nauc_precision_at_25_std": 0.068745,
        "nauc_precision_at_25_diff1": -0.011286,
        "nauc_precision_at_50_max": 0.091376,
        "nauc_precision_at_50_std": 0.075447,
        "nauc_precision_at_50_diff1": -0.020788,
        "nauc_precision_at_100_max": 0.086033,
        "nauc_precision_at_100_std": 0.06512,
        "nauc_precision_at_100_diff1": -0.024634,
        "nauc_precision_at_1000_max": 0.088589,
        "nauc_precision_at_1000_std": 0.066004,
        "nauc_precision_at_1000_diff1": -0.024408,
        "nauc_mrr_at_1_max": -0.054448,
        "nauc_mrr_at_1_std": -0.040971,
        "nauc_mrr_at_1_diff1": 0.241763,
        "nauc_mrr_at_3_max": -0.037243,
        "nauc_mrr_at_3_std": -0.023243,
        "nauc_mrr_at_3_diff1": 0.195272,
        "nauc_mrr_at_5_max": -0.036075,
        "nauc_mrr_at_5_std": -0.023716,
        "nauc_mrr_at_5_diff1": 0.202233,
        "nauc_mrr_at_10_max": -0.03746,
        "nauc_mrr_at_10_std": -0.023542,
        "nauc_mrr_at_10_diff1": 0.20414,
        "nauc_mrr_at_20_max": -0.036143,
        "nauc_mrr_at_20_std": -0.023563,
        "nauc_mrr_at_20_diff1": 0.20404,
        "nauc_mrr_at_25_max": -0.036603,
        "nauc_mrr_at_25_std": -0.023687,
        "nauc_mrr_at_25_diff1": 0.204656,
        "nauc_mrr_at_50_max": -0.037291,
        "nauc_mrr_at_50_std": -0.024288,
        "nauc_mrr_at_50_diff1": 0.204761,
        "nauc_mrr_at_100_max": -0.037292,
        "nauc_mrr_at_100_std": -0.024302,
        "nauc_mrr_at_100_diff1": 0.204738,
        "nauc_mrr_at_1000_max": -0.037292,
        "nauc_mrr_at_1000_std": -0.024302,
        "nauc_mrr_at_1000_diff1": 0.204738,
        "hit_rate_at_1": 0.31161,
        "hit_rate_at_3": 0.55431,
        "hit_rate_at_5": 0.6764,
        "hit_rate_at_10": 0.80824,
        "hit_rate_at_20": 0.92285,
        "hit_rate_at_25": 0.95356,
        "hit_rate_at_50": 0.99625,
        "hit_rate_at_100": 1.0,
        "hit_rate_at_1000": 1.0,
        "R_cap_at_1": 0.310861,
        "R_cap_at_3": 0.481648,
        "R_cap_at_5": 0.592472,
        "R_cap_at_10": 0.734335,
        "R_cap_at_20": 0.878075,
        "R_cap_at_25": 0.919258,
        "R_cap_at_50": 0.988212,
        "R_cap_at_100": 0.999538,