{
  "dataset_revision": "6f868e5b4c46a9f04c89f7179ddc7c8f162c1068",
  "task_name": "ToolBench",
  "mteb_version": "2.12.39",
  "scores": {
    "test": [
      {
        "ndcg_at_1": 0.52182,
        "ndcg_at_3": 0.47206,
        "ndcg_at_5": 0.5114,
        "ndcg_at_10": 0.55041,
        "ndcg_at_20": 0.58016,
        "ndcg_at_25": 0.58778,
        "ndcg_at_50": 0.60343,
        "ndcg_at_100": 0.61682,
        "ndcg_at_1000": 0.63131,
        "map_at_1": 0.24565,
        "map_at_3": 0.40404,
        "map_at_5": 0.44051,
        "map_at_10": 0.46463,
        "map_at_20": 0.47672,
        "map_at_25": 0.47899,
        "map_at_50": 0.48236,
        "map_at_100": 0.48428,
        "map_at_1000": 0.48522,
        "recall_at_1": 0.24565,
        "recall_at_3": 0.46055,
        "recall_at_5": 0.544,
        "recall_at_10": 0.63652,
        "recall_at_20": 0.72617,
        "recall_at_25": 0.75288,
        "recall_at_50": 0.81503,
        "recall_at_100": 0.8777,
        "recall_at_1000": 0.96185,
        "accuracy": 0.24565,
        "precision_at_1": 0.52182,
        "precision_at_3": 0.33909,
        "precision_at_5": 0.24564,
        "precision_at_10": 0.14527,
        "precision_at_20": 0.08373,
        "precision_at_25": 0.0696,
        "precision_at_50": 0.03795,
        "precision_at_100": 0.02053,
        "precision_at_1000": 0.00228,
        "mrr_at_1": 0.522727,
        "mrr_at_3": 0.597424,
        "mrr_at_5": 0.610288,
        "mrr_at_10": 0.618549,
        "mrr_at_20": 0.622698,
        "mrr_at_25": 0.623281,
        "mrr_at_50": 0.624269,
        "mrr_at_100": 0.624599,
        "mrr_at_1000": 0.624779,
        "nauc_ndcg_at_1_max": 0.388748,
        "nauc_ndcg_at_1_std": -0.198976,
        "nauc_ndcg_at_1_diff1": 0.551011,
        "nauc_ndcg_at_3_max": 0.406803,
        "nauc_ndcg_at_3_std": -0.192742,
        "nauc_ndcg_at_3_diff1": 0.445195,
        "nauc_ndcg_at_5_max": 0.428718,
        "nauc_ndcg_at_5_std": -0.188548,
        "nauc_ndcg_at_5_diff1": 0.43869,
        "nauc_ndcg_at_10_max": 0.434742,
        "nauc_ndcg_at_10_std": -0.194056,
        "nauc_ndcg_at_10_diff1": 0.443796,
        "nauc_ndcg_at_20_max": 0.449069,
        "nauc_ndcg_at_20_std": -0.17985,
        "nauc_ndcg_at_20_diff1": 0.441745,
        "nauc_ndcg_at_25_max": 0.450074,
        "nauc_ndcg_at_25_std": -0.171951,
        "nauc_ndcg_at_25_diff1": 0.43655,
        "nauc_ndcg_at_50_max": 0.449546,
        "nauc_ndcg_at_50_std": -0.167128,
        "nauc_ndcg_at_50_diff1": 0.438262,
        "nauc_ndcg_at_100_max": 0.453107,
        "nauc_ndcg_at_100_std": -0.157065,
        "nauc_ndcg_at_100_diff1": 0.437304,
        "nauc_ndcg_at_1000_max": 0.444972,
        "nauc_ndcg_at_1000_std": -0.164996,
        "nauc_ndcg_at_1000_diff1": 0.443877,
        "nauc_map_at_1_max": 0.3874,
        "nauc_map_at_1_std": -0.178567,
        "nauc_map_at_1_diff1": 0.543027,
        "nauc_map_at_3_max": 0.394885,
        "nauc_map_at_3_std": -0.192078,
        "nauc_map_at_3_diff1": 0.435684,
        "nauc_map_at_5_max": 0.412394,
        "nauc_map_at_5_std": -0.194005,
        "nauc_map_at_5_diff1": 0.427217,
        "nauc_map_at_10_max": 0.417357,
        "nauc_map_at_10_std": -0.197228,
        "nauc_map_at_10_diff1": 0.430534,
        "nauc_map_at_20_max": 0.422921,
        "nauc_map_at_20_std": -0.194148,
        "nauc_map_at_20_diff1": 0.430592,
        "nauc_map_at_25_max": 0.422941,
        "nauc_map_at_25_std": -0.191914,
        "nauc_map_at_25_diff1": 0.429039,
        "nauc_map_at_50_max": 0.422464,
        "nauc_map_at_50_std": -0.190909,
        "nauc_map_at_50_diff1": 0.429382,
        "nauc_map_at_100_max": 0.422632,
        "nauc_map_at_100_std": -0.189652,
        "nauc_map_at_100_diff1": 0.429328,
        "nauc_map_at_1000_max": 0.422188,
        "nauc_map_at_1000_std": -0.189769,
        "nauc_map_at_1000_diff1": 0.429671,
        "nauc_recall_at_1_max": 0.3874,
        "nauc_recall_at_1_std": -0.178567,
        "nauc_recall_at_1_diff1": 0.543027,
        "nauc_recall_at_3_max": 0.401287,
        "nauc_recall_at_3_std": -0.182566,
        "nauc_recall_at_3_diff1": 0.402297,
        "nauc_recall_at_5_max": 0.432835,
        "nauc_recall_at_5_std": -0.167179,
        "nauc_recall_at_5_diff1": 0.3679,
        "nauc_recall_at_10_max": 0.444285,
        "nauc_recall_at_10_std": -0.175642,
        "nauc_recall_at_10_diff1": 0.370245,
        "nauc_recall_at_20_max": 0.502152,
        "nauc_recall_at_20_std": -0.118393,
        "nauc_recall_at_20_diff1": 0.346899,
        "nauc_recall_at_25_max": 0.514479,
        "nauc_recall_at_25_std": -0.078642,
        "nauc_recall_at_25_diff1": 0.317497,
        "nauc_recall_at_50_max": 0.539207,
        "nauc_recall_at_50_std": -0.025316,
        "nauc_recall_at_50_diff1": 0.3025,
        "nauc_recall_at_100_max": 0.635031,
        "nauc_recall_at_100_std": 0.129375,
        "nauc_recall_at_100_diff1": 0.248757,
        "nauc_recall_at_1000_max": 0.840869,
        "nauc_recall_at_1000_std": 0.349848,
        "nauc_recall_at_1000_diff1": 0.194334,
        "nauc_precision_at_1_max": 0.388748,
        "nauc_precision_at_1_std": -0.198976,
        "nauc_precision_at_1_diff1": 0.551011,
        "nauc_precision_at_3_max": 0.358971,
        "nauc_precision_at_3_std": -0.173282,
        "nauc_precision_at_3_diff1": 0.337656,
        "nauc_precision_at_5_max": 0.340225,
        "nauc_precision_at_5_std": -0.145643,
        "nauc_precision_at_5_diff1": 0.263875,
        "nauc_precision_at_10_max": 0.306817,
        "nauc_precision_at_10_std": -0.135457,
        "nauc_precision_at_10_diff1": 0.22448,
        "nauc_precision_at_20_max": 0.270444,
        "nauc_precision_at_20_std": -0.067437,
        "nauc_precision_at_20_diff1": 0.150521,
        "nauc_precision_at_25_max": 0.249162,
        "nauc_precision_at_25_std": -0.033094,
        "nauc_precision_at_25_diff1": 0.110372,
        "nauc_precision_at_50_max": 0.187005,
        "nauc_precision_at_50_std": 0.008462,
        "nauc_precision_at_50_diff1": 0.052858,
        "nauc_precision_at_100_max": 0.125801,
        "nauc_precision_at_100_std": 0.084472,
        "nauc_precision_at_100_diff1": -0.03008,
        "nauc_precision_at_1000_max": -0.067687,
        "nauc_precision_at_1000_std": 0.085277,
        "nauc_precision_at_1000_diff1": -0.133403,
        "nauc_mrr_at_1_max": 0.388792,
        "nauc_mrr_at_1_std": -0.200117,
        "nauc_mrr_at_1_diff1": 0.548879,
        "nauc_mrr_at_3_max": 0.419218,
        "nauc_mrr_at_3_std": -0.20222,
        "nauc_mrr_at_3_diff1": 0.533178,
        "nauc_mrr_at_5_max": 0.42392,
        "nauc_mrr_at_5_std": -0.192014,
        "nauc_mrr_at_5_diff1": 0.529908,
        "nauc_mrr_at_10_max": 0.422251,
        "nauc_mrr_at_10_std": -0.193559,
        "nauc_mrr_at_10_diff1": 0.530303,
        "nauc_mrr_at_20_max": 0.423261,
        "nauc_mrr_at_20_std": -0.19071,
        "nauc_mrr_at_20_diff1": 0.529735,
        "nauc_mrr_at_25_max": 0.423994,
        "nauc_mrr_at_25_std": -0.190274,
        "nauc_mrr_at_25_diff1": 0.529722,
        "nauc_mrr_at_50_max": 0.423959,
        "nauc_mrr_at_50_std": -0.190503,
        "nauc_mrr_at_50_diff1": 0.529841,
        "nauc_mrr_at_100_max": 0.424039,
        "nauc_mrr_at_100_std": -0.190412,
        "nauc_mrr_at_100_diff1": 0.529741,
        "nauc_mrr_at_1000_max": 0.423871,
        "nauc_mrr_at_1000_std": -0.19058,
        "nauc_mrr_at_1000_diff1": 0.529741,
        "hit_rate_at_1": 0.52182,
        "hit_rate_at_3": 0.69091,
        "hit_rate_at_5": 0.74909,
        "hit_rate_at_10": 0.80818,
        "hit_rate_at_20": 0.86909,
        "hit_rate_at_25": 0.88273,
        "hit_rate_at_50": 0.91727,
        "hit_rate_at_100": 0.94091,
        "hit_rate_at_1000": 0.97727,
        "R_cap_at_1": 0.522727,
        "R_cap_at_3": 0.469394,
        "R_cap_at_5": 0.544076,
        "R_cap_at_10": 0.63697,
        "R_cap_at_20": 0.726742,
        "R_cap_at_25": 0.752879,
        "R_cap_at_50": 0.814652,
        "R_cap_at_100": 0.877697,